roll,pitch,yaw,timestamp
0.11,0.25,0.01,1759343146.9116533
0.11,0.25,0.01,1759343146.9144833
0.11,0.25,0.01,1759343146.9174032
0.11,0.25,0.01,1759343146.9202435
0.11,0.25,0.01,1759343146.9233007
0.11,0.25,0.01,1759343146.926232
0.11,0.25,0.01,1759343146.9321144
0.11,0.25,0.01,1759343146.9378695
0.11,0.25,0.01,1759343146.9420063
0.11,0.25,0.01,1759343146.9446175
0.11,0.25,0.01,1759343146.9467208
0.11,0.25,0.01,1759343146.9502115
0.11,0.25,0.01,1759343146.9522035
0.11,0.25,0.01,1759343146.9550295
0.11,0.25,0.01,1759343146.957432
0.11,0.25,0.01,1759343146.9608166
0.11,0.25,0.01,1759343146.9633362
0.11,0.25,0.01,1759343146.9666226
0.11,0.25,0.01,1759343146.9704757
0.11,0.25,0.01,1759343146.9725375
0.11,0.25,0.01,1759343146.9752517
0.11,0.25,0.01,1759343146.9781685
0.11,0.25,0.01,1759343146.9821537
0.11,0.25,0.01,1759343146.9856255
0.11,0.25,0.01,1759343146.9892766
0.11,0.25,0.01,1759343146.9920263
0.11,0.25,0.01,1759343146.993955
0.11,0.25,0.01,1759343146.9960325
0.11,0.25,0.01,1759343146.9980712
0.11,0.25,0.01,1759343147.000123
0.11,0.25,0.01,1759343147.0025733
0.11,0.25,0.01,1759343147.004587
0.11,0.25,0.01,1759343147.007129
0.11,0.25,0.01,1759343147.0090144
0.11,0.25,0.01,1759343147.0108726
0.11,0.25,0.01,1759343147.013147
0.11,0.25,0.01,1759343147.0153522
0.11,0.25,0.01,1759343147.018124
0.11,0.25,0.01,1759343147.0201232
0.11,0.25,0.01,1759343147.0224247
0.11,0.25,0.01,1759343147.0246658
0.11,0.25,0.01,1759343147.0266654
0.11,0.25,0.01,1759343147.0287402
0.11,0.25,0.01,1759343147.0330672
0.11,0.25,0.01,1759343147.0350266
0.11,0.25,0.01,1759343147.0373394
0.11,0.25,0.01,1759343147.0394769
0.11,0.25,0.01,1759343147.0418615
0.11,0.25,0.01,1759343147.0440874
0.11,0.25,0.01,1759343147.0459523
0.11,0.25,0.01,1759343147.0537996
0.11,0.25,0.01,1759343147.0557816
0.11,0.25,0.01,1759343147.0581768
0.11,0.25,0.01,1759343147.0600834
0.11,0.25,0.01,1759343147.06198
0.11,0.25,0.01,1759343147.0648975
0.11,0.25,0.01,1759343147.0668354
0.11,0.25,0.01,1759343147.070008
0.11,0.25,0.01,1759343147.0735626
0.11,0.25,0.01,1759343147.076876
0.11,0.25,0.01,1759343147.078558
0.11,0.25,0.01,1759343147.0820112
0.11,0.25,0.01,1759343147.0845416
0.11,0.25,0.01,1759343147.086795
0.11,0.25,0.01,1759343147.0885923
0.11,0.25,0.01,1759343147.091247
0.11,0.25,0.01,1759343147.0939972
0.11,0.25,0.01,1759343147.0959504
0.11,0.25,0.01,1759343147.098266
0.11,0.25,0.01,1759343147.1006246
0.11,0.25,0.01,1759343147.1034546
0.11,0.25,0.01,1759343147.1054854
0.11,0.25,0.01,1759343147.1098263
0.11,0.25,0.01,1759343147.111818
0.11,0.25,0.01,1759343147.1139834
0.11,0.25,0.01,1759343147.1162176
0.11,0.25,0.01,1759343147.1183689
0.11,0.25,0.01,1759343147.120375
0.11,0.25,0.01,1759343147.1223342
0.11,0.25,0.01,1759343147.12579
0.11,0.25,0.01,1759343147.128614
0.11,0.25,0.01,1759343147.132087
0.11,0.25,0.01,1759343147.1357374
0.11,0.25,0.01,1759343147.1388433
0.11,0.25,0.01,1759343147.1417744
0.11,0.25,0.01,1759343147.1450355
0.11,0.25,0.01,1759343147.1481476
0.11,0.25,0.01,1759343147.1507895
0.11,0.25,0.01,1759343147.154379
0.11,0.25,0.01,1759343147.15777
0.11,0.25,0.01,1759343147.1599758
0.11,0.25,0.01,1759343147.162094
0.11,0.25,0.01,1759343147.1676292
0.11,0.25,0.01,1759343147.1702948
0.11,0.25,0.01,1759343147.1740365
0.11,0.25,0.01,1759343147.1758986
0.11,0.25,0.01,1759343147.1831644
0.11,0.25,0.01,1759343147.185848
0.11,0.25,0.01,1759343147.1905954
0.11,0.25,0.01,1759343147.1934783
0.11,0.25,0.01,1759343147.195543
0.11,0.25,0.01,1759343147.19776
0.11,0.25,0.01,1759343147.200512
0.11,0.25,0.01,1759343147.2034447
0.11,0.25,0.01,1759343147.210384
0.11,0.25,0.01,1759343147.212791
0.11,0.25,0.01,1759343147.2145836
0.11,0.25,0.01,1759343147.216349
0.11,0.25,0.01,1759343147.2181456
0.11,0.25,0.01,1759343147.2205882
0.11,0.25,0.01,1759343147.222524
0.11,0.25,0.01,1759343147.2254045
0.11,0.25,0.01,1759343147.228115
0.11,0.25,0.01,1759343147.2350364
0.11,0.25,0.01,1759343147.2379768
0.11,0.25,0.01,1759343147.2409267
0.11,0.25,0.01,1759343147.244363
0.11,0.25,0.01,1759343147.2522953
0.11,0.25,0.01,1759343147.2551143
0.11,0.25,0.01,1759343147.2579606
0.11,0.25,0.01,1759343147.2607908
0.11,0.25,0.01,1759343147.2631488
0.11,0.25,0.01,1759343147.2695515
0.11,0.25,0.01,1759343147.2721224
0.11,0.25,0.01,1759343147.2755413
0.11,0.25,0.01,1759343147.27819
0.11,0.25,0.01,1759343147.280372
0.11,0.25,0.01,1759343147.2880993
0.11,0.25,0.01,1759343147.2904613
0.11,0.25,0.01,1759343147.292796
0.11,0.25,0.01,1759343147.2956307
0.11,0.25,0.01,1759343147.2980082
0.11,0.25,0.01,1759343147.3025231
0.11,0.25,0.01,1759343147.306515
0.11,0.25,0.01,1759343147.3092928
0.11,0.25,0.01,1759343147.3132846
0.11,0.25,0.01,1759343147.3175814
0.11,0.25,0.01,1759343147.322677
0.11,0.25,0.01,1759343147.3272998
0.11,0.25,0.01,1759343147.3304334
0.11,0.25,0.01,1759343147.334524
0.11,0.25,0.01,1759343147.338239
0.11,0.25,0.01,1759343147.3426068
0.11,0.25,0.01,1759343147.346012
0.11,0.25,0.01,1759343147.350337
0.11,0.25,0.01,1759343147.3544216
0.11,0.25,0.01,1759343147.35902
0.11,0.25,0.01,1759343147.362852
0.11,0.25,0.01,1759343147.3668451
0.11,0.25,0.01,1759343147.370051
0.11,0.25,0.01,1759343147.3737783
0.11,0.25,0.01,1759343147.3774614
0.11,0.25,0.01,1759343147.3819382
0.11,0.25,0.01,1759343147.3842738
0.11,0.25,0.01,1759343147.3891563
0.11,0.25,0.01,1759343147.3926785
0.11,0.25,0.01,1759343147.396153
0.11,0.25,0.01,1759343147.3996098
0.11,0.25,0.01,1759343147.4021854
0.11,0.25,0.01,1759343147.4046402
0.11,0.25,0.01,1759343147.4067428
0.11,0.25,0.01,1759343147.4096224
0.11,0.25,0.01,1759343147.4128635
0.11,0.25,0.01,1759343147.4166112
0.11,0.25,0.01,1759343147.419964
0.11,0.25,0.01,1759343147.4229712
0.11,0.25,0.01,1759343147.4272084
0.11,0.25,0.01,1759343147.4316914
0.11,0.25,0.01,1759343147.43514
0.11,0.25,0.01,1759343147.4382086
0.11,0.25,0.01,1759343147.4417806
0.11,0.25,0.01,1759343147.4442964
0.11,0.25,0.01,1759343147.4475613
0.11,0.25,0.01,1759343147.4501204
0.11,0.25,0.01,1759343147.453336
0.11,0.25,0.01,1759343147.4559984
0.11,0.25,0.01,1759343147.4591806
0.11,0.25,0.01,1759343147.462948
0.11,0.25,0.01,1759343147.465616
0.11,0.25,0.01,1759343147.4682512
0.11,0.25,0.01,1759343147.4716694
0.11,0.25,0.01,1759343147.474363
0.11,0.25,0.01,1759343147.4770527
0.11,0.25,0.01,1759343147.4800396
0.11,0.25,0.01,1759343147.48279
0.11,0.25,0.01,1759343147.485496
0.11,0.25,0.01,1759343147.488796
0.11,0.25,0.01,1759343147.4924228
0.11,0.25,0.01,1759343147.4955945
0.11,0.25,0.01,1759343147.4985805
0.11,0.25,0.01,1759343147.501718
0.11,0.25,0.01,1759343147.504516
0.11,0.25,0.01,1759343147.5069537
0.11,0.25,0.01,1759343147.5112572
0.11,0.25,0.01,1759343147.5139086
0.11,0.25,0.01,1759343147.5162568
0.11,0.25,0.01,1759343147.519544
0.11,0.25,0.01,1759343147.5222423
0.11,0.25,0.01,1759343147.525115
0.11,0.25,0.01,1759343147.5282469
0.11,0.25,0.01,1759343147.5308363
0.11,0.25,0.01,1759343147.5338376
0.11,0.25,0.01,1759343147.5371883
0.11,0.25,0.01,1759343147.540543
0.11,0.25,0.01,1759343147.544366
0.11,0.25,0.01,1759343147.5473197
0.11,0.25,0.01,1759343147.551123
0.11,0.25,0.01,1759343147.5540884
0.11,0.25,0.01,1759343147.5582654
0.11,0.25,0.01,1759343147.5621457
0.11,0.25,0.01,1759343147.5657983
0.11,0.25,0.01,1759343147.5704422
0.11,0.25,0.01,1759343147.5734897
0.11,0.25,0.01,1759343147.5765336
0.11,0.25,0.01,1759343147.5806556
0.11,0.25,0.01,1759343147.584326
0.11,0.25,0.01,1759343147.588796
0.11,0.25,0.01,1759343147.5916405
0.11,0.25,0.01,1759343147.5950196
0.11,0.25,0.01,1759343147.597578
0.11,0.25,0.01,1759343147.5998375
0.11,0.25,0.01,1759343147.602858
0.11,0.25,0.01,1759343147.6063595
0.11,0.25,0.01,1759343147.6092052
0.11,0.25,0.01,1759343147.6128082
0.11,0.25,0.01,1759343147.6149971
0.11,0.25,0.01,1759343147.618422
0.11,0.25,0.01,1759343147.6210742
0.11,0.25,0.01,1759343147.6242988
0.11,0.25,0.01,1759343147.6284852
0.11,0.25,0.01,1759343147.6342242
0.11,0.25,0.01,1759343147.6377776
0.11,0.25,0.01,1759343147.6444535
0.11,0.25,0.01,1759343147.6481023
0.11,0.25,0.01,1759343147.6508574
0.11,0.25,0.01,1759343147.6543353
0.11,0.25,0.01,1759343147.6571398
0.11,0.25,0.01,1759343147.66254
0.11,0.25,0.01,1759343147.665804
0.11,0.25,0.01,1759343147.6687665
0.11,0.25,0.01,1759343147.6719823
0.11,0.25,0.01,1759343147.6768718
0.11,0.25,0.01,1759343147.6821322
0.11,0.25,0.01,1759343147.6849234
0.11,0.25,0.01,1759343147.6887605
0.11,0.25,0.01,1759343147.6918695
0.11,0.25,0.01,1759343147.6947534
0.11,0.25,0.01,1759343147.698284
0.11,0.25,0.01,1759343147.703089
0.11,0.25,0.01,1759343147.7076366
0.11,0.25,0.01,1759343147.710345
0.11,0.25,0.01,1759343147.713114
0.11,0.25,0.01,1759343147.7175047
0.11,0.25,0.01,1759343147.720883
0.11,0.25,0.01,1759343147.724557
0.11,0.25,0.01,1759343147.7278056
0.11,0.25,0.01,1759343147.7305844
0.11,0.25,0.01,1759343147.7334816
0.11,0.25,0.01,1759343147.7365816
0.11,0.25,0.01,1759343147.7394538
0.11,0.25,0.01,1759343147.7424104
0.11,0.25,0.01,1759343147.747251
0.11,0.25,0.01,1759343147.7514455
0.11,0.25,0.01,1759343147.7546403
0.11,0.25,0.01,1759343147.7570443
0.11,0.25,0.01,1759343147.7599514
0.11,0.25,0.01,1759343147.7632318
0.11,0.25,0.01,1759343147.7661085
0.11,0.25,0.01,1759343147.768746
0.11,0.25,0.01,1759343147.7721517
0.11,0.25,0.01,1759343147.7750478
0.11,0.25,0.01,1759343147.7774563
0.11,0.25,0.01,1759343147.7811272
0.11,0.25,0.01,1759343147.7841294
0.11,0.25,0.01,1759343147.7867749
0.11,0.25,0.01,1759343147.7890997
0.11,0.25,0.01,1759343147.7935696
0.11,0.25,0.01,1759343147.7973547
0.11,0.25,0.01,1759343147.8006337
0.11,0.25,0.01,1759343147.8049145
0.11,0.25,0.01,1759343147.8083389
0.11,0.25,0.01,1759343147.8133204
0.11,0.25,0.01,1759343147.818251
0.11,0.25,0.01,1759343147.822045
0.11,0.25,0.01,1759343147.8258944
0.11,0.25,0.01,1759343147.8313358
0.11,0.25,0.01,1759343147.837476
0.11,0.25,0.01,1759343147.8414383
0.11,0.25,0.01,1759343147.848343
0.11,0.25,0.01,1759343147.8506703
0.11,0.25,0.01,1759343147.8532355
0.11,0.25,0.01,1759343147.856177
0.11,0.25,0.01,1759343147.8588872
0.11,0.25,0.01,1759343147.862672
0.11,0.25,0.01,1759343147.8666265
0.11,0.25,0.01,1759343147.8700762
0.11,0.25,0.01,1759343147.8740122
0.11,0.25,0.01,1759343147.87914
0.11,0.25,0.01,1759343147.8832085
0.11,0.25,0.01,1759343147.887293
0.11,0.25,0.01,1759343147.8916416
0.11,0.25,0.01,1759343147.895846
0.11,0.25,0.01,1759343147.8990328
0.11,0.25,0.01,1759343147.9020357
0.11,0.25,0.01,1759343147.905534
0.11,0.25,0.01,1759343147.9099672
0.11,0.25,0.01,1759343147.91653
0.11,0.25,0.01,1759343147.9200077
0.11,0.25,0.01,1759343147.924456
0.11,0.25,0.01,1759343147.9291406
0.11,0.25,0.01,1759343147.932201
0.11,0.25,0.01,1759343147.9346611
0.11,0.25,0.01,1759343147.941181
0.11,0.25,0.01,1759343147.9459448
0.11,0.25,0.01,1759343147.95178
0.11,0.25,0.01,1759343147.9545734
0.11,0.25,0.01,1759343147.9572525
0.11,0.25,0.01,1759343147.9589937
0.11,0.25,0.01,1759343147.9606814
0.11,0.25,0.01,1759343147.9632754
0.11,0.25,0.01,1759343147.965325
0.11,0.25,0.01,1759343147.9679515
0.11,0.25,0.01,1759343147.9701762
0.11,0.25,0.01,1759343147.9732676
0.11,0.25,0.01,1759343147.975019
0.11,0.25,0.01,1759343147.9773376
0.11,0.25,0.01,1759343147.98281
0.11,0.25,0.01,1759343147.9849074
0.11,0.25,0.01,1759343147.9873576
0.11,0.25,0.01,1759343147.989072
0.11,0.25,0.01,1759343147.9908028
0.11,0.25,0.01,1759343147.9931629
0.11,0.25,0.01,1759343147.9962158
0.11,0.25,0.01,1759343148.0038188
0.11,0.25,0.01,1759343148.0073855
0.11,0.25,0.01,1759343148.01152
0.11,0.25,0.01,1759343148.0160575
0.11,0.25,0.01,1759343148.0203516
0.11,0.25,0.01,1759343148.0232103
0.11,0.25,0.01,1759343148.0262046
0.11,0.25,0.01,1759343148.0300336
0.11,0.25,0.01,1759343148.033647
0.11,0.25,0.01,1759343148.0412166
0.11,0.25,0.01,1759343148.0444694
0.11,0.25,0.01,1759343148.0482998
0.11,0.25,0.01,1759343148.0514402
0.11,0.25,0.01,1759343148.0534296
0.11,0.25,0.01,1759343148.0561626
0.11,0.25,0.01,1759343148.058957
0.11,0.25,0.01,1759343148.0609653
0.11,0.25,0.01,1759343148.0663924
0.11,0.25,0.01,1759343148.0684154
0.11,0.25,0.01,1759343148.070181
0.11,0.25,0.01,1759343148.0736248
0.11,0.25,0.01,1759343148.076817
0.11,0.25,0.01,1759343148.0802443
0.11,0.25,0.01,1759343148.0832944
0.11,0.25,0.01,1759343148.086156
0.11,0.25,0.01,1759343148.0888
0.11,0.25,0.01,1759343148.0924923
0.11,0.25,0.01,1759343148.0953314
0.11,0.25,0.01,1759343148.1000564
0.11,0.25,0.01,1759343148.103334
0.11,0.25,0.01,1759343148.1069927
0.11,0.25,0.01,1759343148.111035
0.11,0.25,0.01,1759343148.116021
0.11,0.25,0.01,1759343148.120412
0.11,0.25,0.01,1759343148.1243887
0.11,0.25,0.01,1759343148.1269405
0.11,0.25,0.01,1759343148.1287932
0.11,0.25,0.01,1759343148.1352842
0.11,0.25,0.01,1759343148.1386228
0.11,0.25,0.01,1759343148.1418252
0.11,0.25,0.01,1759343148.145542
0.11,0.25,0.01,1759343148.1502244
0.11,0.25,0.01,1759343148.153287
0.11,0.25,0.01,1759343148.155929
0.11,0.25,0.01,1759343148.1588626
0.11,0.25,0.01,1759343148.1616523
0.11,0.25,0.01,1759343148.1641686
0.11,0.25,0.01,1759343148.1664848
0.11,0.25,0.01,1759343148.1685772
0.11,0.25,0.01,1759343148.17107
0.11,0.25,0.01,1759343148.1736145
0.11,0.25,0.01,1759343148.1765542
0.11,0.25,0.01,1759343148.1802323
0.11,0.25,0.01,1759343148.1846273
0.11,0.25,0.01,1759343148.1865792
0.11,0.25,0.01,1759343148.1886322
0.11,0.25,0.01,1759343148.1908822
0.11,0.25,0.01,1759343148.1927605
0.11,0.25,0.01,1759343148.1954088
0.11,0.25,0.01,1759343148.1976085
0.11,0.25,0.01,1759343148.200734
0.11,0.25,0.01,1759343148.204171
0.11,0.25,0.01,1759343148.210327
0.11,0.25,0.01,1759343148.213466
0.11,0.25,0.01,1759343148.2155902
0.11,0.25,0.01,1759343148.2180104
0.11,0.25,0.01,1759343148.220911
0.11,0.25,0.01,1759343148.2232492
0.11,0.25,0.01,1759343148.2253375
0.11,0.25,0.01,1759343148.228696
0.11,0.25,0.01,1759343148.2304327
0.11,0.25,0.01,1759343148.233148
0.11,0.25,0.01,1759343148.2360525
0.11,0.25,0.01,1759343148.2383564
0.11,0.25,0.01,1759343148.2403102
0.11,0.25,0.01,1759343148.2447927
0.11,0.25,0.01,1759343148.2470305
0.11,0.25,0.01,1759343148.2492847
0.11,0.25,0.01,1759343148.2516704
0.11,0.25,0.01,1759343148.2541077
0.11,0.25,0.01,1759343148.2564435
0.11,0.25,0.01,1759343148.25871
0.11,0.25,0.01,1759343148.2607625
0.11,0.25,0.01,1759343148.2634718
0.11,0.25,0.01,1759343148.265735
0.11,0.25,0.01,1759343148.2688105
0.11,0.25,0.01,1759343148.2714057
0.11,0.25,0.01,1759343148.2750747
0.11,0.25,0.01,1759343148.277369
0.11,0.25,0.01,1759343148.27956
0.11,0.25,0.01,1759343148.2833643
0.11,0.25,0.01,1759343148.28543
0.11,0.25,0.01,1759343148.288108
0.11,0.25,0.01,1759343148.290652
0.11,0.25,0.01,1759343148.293934
0.11,0.25,0.01,1759343148.2974873
0.11,0.25,0.01,1759343148.301289
0.11,0.25,0.01,1759343148.3045273
0.11,0.25,0.01,1759343148.306544
0.11,0.25,0.01,1759343148.3090358
0.11,0.25,0.01,1759343148.3113072
0.11,0.25,0.01,1759343148.313433
0.11,0.25,0.01,1759343148.3163135
0.11,0.25,0.01,1759343148.319033
0.11,0.25,0.01,1759343148.32106
0.11,0.25,0.01,1759343148.327861
0.11,0.25,0.01,1759343148.3316724
0.11,0.25,0.01,1759343148.3349264
0.11,0.25,0.01,1759343148.3370943
0.11,0.25,0.01,1759343148.342469
0.11,0.25,0.01,1759343148.3450928
0.11,0.25,0.01,1759343148.347401
0.11,0.25,0.01,1759343148.3501985
0.11,0.25,0.01,1759343148.35387
0.11,0.25,0.01,1759343148.3583417
0.11,0.25,0.01,1759343148.3613603
0.11,0.25,0.01,1759343148.3645136
0.11,0.25,0.01,1759343148.3674247
0.11,0.25,0.01,1759343148.36949
0.11,0.25,0.01,1759343148.372137
0.11,0.25,0.01,1759343148.3744586
0.11,0.25,0.01,1759343148.3767502
0.11,0.25,0.01,1759343148.3797257
0.11,0.25,0.01,1759343148.382355
0.11,0.25,0.01,1759343148.384633
0.11,0.25,0.01,1759343148.386952
0.11,0.25,0.01,1759343148.389805
0.11,0.25,0.01,1759343148.3921442
0.11,0.25,0.01,1759343148.394437
0.11,0.25,0.01,1759343148.39676
0.11,0.25,0.01,1759343148.399166
0.11,0.25,0.01,1759343148.4019852
0.11,0.25,0.01,1759343148.407708
0.11,0.25,0.01,1759343148.410926
0.11,0.25,0.01,1759343148.414292
0.11,0.25,0.01,1759343148.418922
0.11,0.25,0.01,1759343148.422567
0.11,0.25,0.01,1759343148.4263053
0.11,0.25,0.01,1759343148.4290197
0.11,0.25,0.01,1759343148.4317918
0.11,0.25,0.01,1759343148.4342625
0.11,0.25,0.01,1759343148.43689
0.11,0.25,0.01,1759343148.4392
0.11,0.25,0.01,1759343148.4419308
0.11,0.25,0.01,1759343148.4443548
0.11,0.25,0.01,1759343148.446755
0.11,0.25,0.01,1759343148.449395
0.11,0.25,0.01,1759343148.45228
0.11,0.25,0.01,1759343148.454805
0.11,0.25,0.01,1759343148.4572616
0.11,0.25,0.01,1759343148.4600174
0.11,0.25,0.01,1759343148.4637926
0.11,0.25,0.01,1759343148.4661658
0.11,0.25,0.01,1759343148.4684446
0.11,0.25,0.01,1759343148.4707856
0.11,0.25,0.01,1759343148.4733124
0.11,0.25,0.01,1759343148.4763775
0.11,0.25,0.01,1759343148.478809
0.11,0.25,0.01,1759343148.4811747
0.11,0.25,0.01,1759343148.4838862
0.11,0.25,0.01,1759343148.4919193
0.11,0.25,0.01,1759343148.4950695
0.11,0.25,0.01,1759343148.498475
0.11,0.25,0.01,1759343148.5032873
0.11,0.25,0.01,1759343148.5091014
0.11,0.25,0.01,1759343148.5111818
0.11,0.25,0.01,1759343148.512912
0.11,0.25,0.01,1759343148.5161264
0.11,0.25,0.01,1759343148.5185635
0.11,0.25,0.01,1759343148.5202398
0.11,0.25,0.01,1759343148.5243118
0.11,0.25,0.01,1759343148.5271714
0.11,0.25,0.01,1759343148.530094
0.11,0.25,0.01,1759343148.532778
0.11,0.25,0.01,1759343148.5355384
0.11,0.25,0.01,1759343148.53882
0.11,0.25,0.01,1759343148.5420294
0.11,0.25,0.01,1759343148.5453277
0.11,0.25,0.01,1759343148.5480912
0.11,0.25,0.01,1759343148.5523052
0.11,0.25,0.01,1759343148.5554328
0.11,0.25,0.01,1759343148.558668
0.11,0.25,0.01,1759343148.5610936
0.11,0.25,0.01,1759343148.5652475
0.11,0.25,0.01,1759343148.5680938
0.11,0.25,0.01,1759343148.570605
0.11,0.25,0.01,1759343148.573136
0.11,0.25,0.01,1759343148.5760446
0.11,0.25,0.01,1759343148.5780723
0.11,0.25,0.01,1759343148.5799522
0.11,0.25,0.01,1759343148.5824654
0.11,0.25,0.01,1759343148.584348
0.11,0.25,0.01,1759343148.5863626
0.11,0.25,0.01,1759343148.5882626
0.11,0.25,0.01,1759343148.5902922
0.11,0.25,0.01,1759343148.5923514
0.11,0.25,0.01,1759343148.5950377
0.11,0.25,0.01,1759343148.6016488
0.11,0.25,0.01,1759343148.605099
0.11,0.25,0.01,1759343148.6096387
0.11,0.25,0.01,1759343148.6138449
0.11,0.25,0.01,1759343148.618162
0.11,0.25,0.01,1759343148.6214328
0.11,0.25,0.01,1759343148.625614
0.11,0.25,0.01,1759343148.6283507
0.11,0.25,0.01,1759343148.6311333
0.11,0.25,0.01,1759343148.6337574
0.11,0.25,0.01,1759343148.636165
0.11,0.25,0.01,1759343148.6384664
0.11,0.25,0.01,1759343148.640613
0.11,0.25,0.01,1759343148.642972
0.11,0.25,0.01,1759343148.6449554
0.11,0.25,0.01,1759343148.6471734
0.11,0.25,0.01,1759343148.6495345
0.11,0.25,0.01,1759343148.653278
0.11,0.25,0.01,1759343148.6565936
0.11,0.25,0.01,1759343148.659786
0.11,0.25,0.01,1759343148.6626816
0.11,0.25,0.01,1759343148.6654255
0.11,0.25,0.01,1759343148.669166
0.11,0.25,0.01,1759343148.6731095
0.11,0.25,0.01,1759343148.6771023
0.11,0.25,0.01,1759343148.6797855
0.11,0.25,0.01,1759343148.682291
0.11,0.25,0.01,1759343148.684835
0.11,0.25,0.01,1759343148.6868515
0.11,0.25,0.01,1759343148.689513
0.11,0.25,0.01,1759343148.6918364
0.11,0.25,0.01,1759343148.6941097
0.11,0.25,0.01,1759343148.6967769
0.11,0.25,0.01,1759343148.6984534
0.11,0.25,0.01,1759343148.7004492
0.11,0.25,0.01,1759343148.7030125
0.11,0.25,0.01,1759343148.704716
0.11,0.25,0.01,1759343148.7070827
0.11,0.25,0.01,1759343148.7111018
0.11,0.25,0.01,1759343148.7136278
0.11,0.25,0.01,1759343148.716181
0.11,0.25,0.01,1759343148.718656
0.11,0.25,0.01,1759343148.7211316
0.11,0.25,0.01,1759343148.7237804
0.11,0.25,0.01,1759343148.7264323
0.11,0.25,0.01,1759343148.729301
0.11,0.25,0.01,1759343148.7323298
0.11,0.25,0.01,1759343148.735739
0.11,0.25,0.01,1759343148.7374938
0.11,0.25,0.01,1759343148.7413447
0.11,0.25,0.01,1759343148.7434242
0.11,0.25,0.01,1759343148.7459266
0.11,0.25,0.01,1759343148.7501276
0.11,0.25,0.01,1759343148.7533023
0.11,0.25,0.01,1759343148.756426
0.11,0.25,0.01,1759343148.7600143
0.11,0.25,0.01,1759343148.7626266
0.11,0.25,0.01,1759343148.764314
0.11,0.25,0.01,1759343148.7662957
0.11,0.25,0.01,1759343148.7695415
0.11,0.25,0.01,1759343148.771956
0.11,0.25,0.01,1759343148.7757685
0.11,0.25,0.01,1759343148.7789526
0.11,0.25,0.01,1759343148.7820618
0.11,0.25,0.01,1759343148.7854795
0.11,0.25,0.01,1759343148.7872117
0.11,0.25,0.01,1759343148.7899642
0.11,0.25,0.01,1759343148.793656
0.11,0.25,0.01,1759343148.7970953
0.11,0.25,0.01,1759343148.799559
0.11,0.25,0.01,1759343148.8017
0.11,0.25,0.01,1759343148.8035116
0.11,0.25,0.01,1759343148.8054547
0.11,0.25,0.01,1759343148.8072505
0.11,0.25,0.01,1759343148.809806
0.11,0.25,0.01,1759343148.811944
0.11,0.25,0.01,1759343148.814325
0.11,0.25,0.01,1759343148.817343
0.11,0.25,0.01,1759343148.8198302
0.11,0.25,0.01,1759343148.821955
0.11,0.25,0.01,1759343148.823957
0.11,0.25,0.01,1759343148.8268564
0.11,0.25,0.01,1759343148.8285804
0.11,0.25,0.01,1759343148.8310878
0.11,0.25,0.01,1759343148.832832
0.11,0.25,0.01,1759343148.834762
0.11,0.25,0.01,1759343148.8374803
0.11,0.25,0.01,1759343148.8398952
0.11,0.25,0.01,1759343148.8426228
0.11,0.25,0.01,1759343148.8462043
0.11,0.25,0.01,1759343148.848385
0.11,0.25,0.01,1759343148.8503926
0.11,0.25,0.01,1759343148.8527305
0.11,0.25,0.01,1759343148.8551874
0.11,0.25,0.01,1759343148.8573687
0.11,0.25,0.01,1759343148.8593554
0.11,0.25,0.01,1759343148.8610709
0.11,0.25,0.01,1759343148.86403
0.11,0.25,0.01,1759343148.865752
0.11,0.25,0.01,1759343148.8674445
0.11,0.25,0.01,1759343148.869438
0.11,0.25,0.01,1759343148.871139
0.11,0.25,0.01,1759343148.8734365
0.11,0.25,0.01,1759343148.8763263
0.11,0.25,0.01,1759343148.8780591
0.11,0.25,0.01,1759343148.8798993
0.11,0.25,0.01,1759343148.88187
0.11,0.25,0.01,1759343148.8835597
0.11,0.25,0.01,1759343148.8852482
0.11,0.25,0.01,1759343148.8878205
0.11,0.25,0.01,1759343148.8910668
0.11,0.25,0.01,1759343148.8941717
0.11,0.25,0.01,1759343148.8960986
0.11,0.25,0.01,1759343148.8983884
0.11,0.25,0.01,1759343148.900399
0.11,0.25,0.01,1759343148.902761
0.11,0.25,0.01,1759343148.9051564
0.11,0.25,0.01,1759343148.9069006
0.11,0.25,0.01,1759343148.9091375
0.11,0.25,0.01,1759343148.910934
0.11,0.25,0.01,1759343148.9128876
0.11,0.25,0.01,1759343148.9147563
0.11,0.25,0.01,1759343148.9179454
0.11,0.25,0.01,1759343148.920255
0.11,0.25,0.01,1759343148.9233234
0.11,0.25,0.01,1759343148.9253025
0.11,0.25,0.01,1759343148.927003
0.11,0.25,0.01,1759343148.9316509
0.11,0.25,0.01,1759343148.934188
0.11,0.25,0.01,1759343148.9366057
0.11,0.25,0.01,1759343148.9383202
0.11,0.25,0.01,1759343148.941851
0.11,0.25,0.01,1759343148.9445944
0.11,0.25,0.01,1759343148.9479177
0.11,0.25,0.01,1759343148.951553
0.11,0.25,0.01,1759343148.954105
0.11,0.25,0.01,1759343148.9566195
0.11,0.25,0.01,1759343148.9597125
0.11,0.25,0.01,1759343148.962974
0.11,0.25,0.01,1759343148.9658043
0.11,0.25,0.01,1759343148.9701486
0.11,0.25,0.01,1759343148.974427
0.11,0.25,0.01,1759343148.9773
0.11,0.25,0.01,1759343148.9805138
0.11,0.25,0.01,1759343148.9832172
0.11,0.25,0.01,1759343148.9883726
0.11,0.25,0.01,1759343148.993606
0.11,0.25,0.01,1759343148.9971297
0.11,0.25,0.01,1759343149.0023034
0.11,0.25,0.01,1759343149.0053816
0.11,0.25,0.01,1759343149.0094707
0.11,0.25,0.01,1759343149.0135002
0.11,0.25,0.01,1759343149.0160985
0.11,0.25,0.01,1759343149.0191925
0.11,0.25,0.01,1759343149.022722
0.11,0.25,0.01,1759343149.0271933
0.11,0.25,0.01,1759343149.0309055
0.11,0.25,0.01,1759343149.0357726
0.11,0.25,0.01,1759343149.0397182
0.11,0.25,0.01,1759343149.0442488
0.11,0.25,0.01,1759343149.04871
0.11,0.25,0.01,1759343149.0544174
0.11,0.25,0.01,1759343149.057708
0.11,0.25,0.01,1759343149.061984
0.11,0.25,0.01,1759343149.066683
0.11,0.25,0.01,1759343149.0702024
0.11,0.25,0.01,1759343149.075928
0.11,0.25,0.01,1759343149.0790668
0.11,0.25,0.01,1759343149.0837164
0.11,0.25,0.01,1759343149.0904653
0.11,0.25,0.01,1759343149.094214
0.11,0.25,0.01,1759343149.097261
0.11,0.25,0.01,1759343149.1018934
0.11,0.25,0.01,1759343149.1046066
0.11,0.25,0.01,1759343149.1073608
0.11,0.25,0.01,1759343149.11098
0.11,0.25,0.01,1759343149.1187348
0.11,0.25,0.01,1759343149.122969
0.11,0.25,0.01,1759343149.1253026
0.11,0.25,0.01,1759343149.1276326
0.11,0.25,0.01,1759343149.1292734
0.11,0.25,0.01,1759343149.130866
0.11,0.25,0.01,1759343149.1325223
0.11,0.25,0.01,1759343149.1345255
0.11,0.25,0.01,1759343149.1364534
0.11,0.25,0.01,1759343149.1384337
0.11,0.25,0.01,1759343149.1404116
0.11,0.25,0.01,1759343149.1427658
0.11,0.25,0.01,1759343149.1444292
0.11,0.25,0.01,1759343149.1463025
0.11,0.25,0.01,1759343149.148229
0.11,0.25,0.01,1759343149.1502178
0.11,0.25,0.01,1759343149.1521842
0.11,0.25,0.01,1759343149.154847
0.11,0.25,0.01,1759343149.157761
0.11,0.25,0.01,1759343149.160118
0.11,0.25,0.01,1759343149.1620955
0.11,0.25,0.01,1759343149.164005
0.11,0.25,0.01,1759343149.1662638
0.11,0.25,0.01,1759343149.1679382
0.11,0.25,0.01,1759343149.1743538
0.11,0.25,0.01,1759343149.1771526
0.11,0.25,0.01,1759343149.178829
0.11,0.25,0.01,1759343149.180463
0.11,0.25,0.01,1759343149.182273
0.11,0.25,0.01,1759343149.1839037
0.11,0.25,0.01,1759343149.185882
0.11,0.25,0.01,1759343149.1878471
0.11,0.25,0.01,1759343149.189814
0.11,0.25,0.01,1759343149.1920712
0.11,0.25,0.01,1759343149.1938505
0.11,0.25,0.01,1759343149.195706
0.11,0.25,0.01,1759343149.197716
0.11,0.25,0.01,1759343149.1996958
0.11,0.25,0.01,1759343149.20602
0.11,0.25,0.01,1759343149.2095444
0.11,0.25,0.01,1759343149.2116468
0.11,0.25,0.01,1759343149.213483
0.11,0.25,0.01,1759343149.2154253
0.11,0.25,0.01,1759343149.2174168
0.11,0.25,0.01,1759343149.2193868
0.11,0.25,0.01,1759343149.221609
0.11,0.25,0.01,1759343149.2301822
0.11,0.25,0.01,1759343149.231902
0.11,0.25,0.01,1759343149.233916
0.11,0.25,0.01,1759343149.2358625
0.11,0.25,0.01,1759343149.2378154
0.11,0.25,0.01,1759343149.2398078
0.11,0.25,0.01,1759343149.2419865
0.11,0.25,0.01,1759343149.249687
0.11,0.25,0.01,1759343149.252845
0.11,0.25,0.01,1759343149.2550251
0.11,0.25,0.01,1759343149.2566986
0.11,0.25,0.01,1759343149.2584023
0.11,0.25,0.01,1759343149.260026
0.11,0.25,0.01,1759343149.2617223
0.11,0.25,0.01,1759343149.2633564
0.11,0.25,0.01,1759343149.2651772
0.11,0.25,0.01,1759343149.267104
0.11,0.25,0.01,1759343149.2690816
0.11,0.25,0.01,1759343149.2712505
0.11,0.25,0.01,1759343149.2732062
0.11,0.25,0.01,1759343149.2749517
0.11,0.25,0.01,1759343149.2772896
0.11,0.25,0.01,1759343149.2822657
0.11,0.25,0.01,1759343149.2863774
0.11,0.25,0.01,1759343149.2902718
0.11,0.25,0.01,1759343149.293967
0.11,0.25,0.01,1759343149.300761
0.11,0.25,0.01,1759343149.3069797
0.11,0.25,0.01,1759343149.3110535
0.11,0.25,0.01,1759343149.316454
0.11,0.25,0.01,1759343149.3204648
0.11,0.25,0.01,1759343149.3241658
0.11,0.25,0.01,1759343149.3282883
0.11,0.25,0.01,1759343149.3314369
0.11,0.25,0.01,1759343149.336168
0.11,0.25,0.01,1759343149.3390336
0.11,0.25,0.01,1759343149.3435836
0.11,0.25,0.01,1759343149.3466842
0.11,0.25,0.01,1759343149.3508196
0.11,0.25,0.01,1759343149.3550065
0.11,0.25,0.01,1759343149.3593514
0.11,0.25,0.01,1759343149.3631198
0.11,0.25,0.01,1759343149.3667295
0.11,0.25,0.01,1759343149.3694255
0.11,0.25,0.01,1759343149.373341
0.11,0.25,0.01,1759343149.3763225
0.11,0.25,0.01,1759343149.3797336
0.11,0.25,0.01,1759343149.384204
0.11,0.25,0.01,1759343149.3893802
0.11,0.25,0.01,1759343149.392579
0.11,0.25,0.01,1759343149.3959494
0.11,0.25,0.01,1759343149.4001777
0.11,0.25,0.01,1759343149.4059768
0.11,0.25,0.01,1759343149.4091587
0.11,0.25,0.01,1759343149.4135106
0.11,0.25,0.01,1759343149.416744
0.11,0.25,0.01,1759343149.420899
0.11,0.25,0.01,1759343149.4246252
0.11,0.25,0.01,1759343149.4278166
0.11,0.25,0.01,1759343149.4307165
0.11,0.25,0.01,1759343149.433841
0.11,0.25,0.01,1759343149.436608
0.11,0.25,0.01,1759343149.4398923
0.11,0.25,0.01,1759343149.442578
0.11,0.25,0.01,1759343149.4456203
0.11,0.25,0.01,1759343149.4483252
0.11,0.25,0.01,1759343149.4513056
0.11,0.25,0.01,1759343149.4543557
0.11,0.25,0.01,1759343149.4577224
0.11,0.25,0.01,1759343149.4604542
0.11,0.25,0.01,1759343149.463635
0.11,0.25,0.01,1759343149.466148
0.11,0.25,0.01,1759343149.4698331
0.11,0.25,0.01,1759343149.472427
0.11,0.25,0.01,1759343149.4755754
0.11,0.25,0.01,1759343149.4782183
0.11,0.25,0.01,1759343149.4814153
0.11,0.25,0.01,1759343149.484343
0.11,0.25,0.01,1759343149.4880064
0.11,0.25,0.01,1759343149.4912243
0.11,0.25,0.01,1759343149.495712
0.11,0.25,0.01,1759343149.4988716
0.11,0.25,0.01,1759343149.502013
0.11,0.25,0.01,1759343149.5046723
0.11,0.25,0.01,1759343149.5078406
0.11,0.25,0.01,1759343149.510497
0.11,0.25,0.01,1759343149.5137675
0.11,0.25,0.01,1759343149.5165243
0.11,0.25,0.01,1759343149.519864
0.11,0.25,0.01,1759343149.5228217
0.11,0.25,0.01,1759343149.526436
0.11,0.25,0.01,1759343149.52933
0.11,0.25,0.01,1759343149.5325189
0.11,0.25,0.01,1759343149.5352144
0.11,0.25,0.01,1759343149.5385356
0.11,0.25,0.01,1759343149.5410967
0.11,0.25,0.01,1759343149.5444229
0.11,0.25,0.01,1759343149.5485506
0.11,0.25,0.01,1759343149.5526
0.11,0.25,0.01,1759343149.5556514
0.11,0.25,0.01,1759343149.5595603
0.11,0.25,0.01,1759343149.5621896
0.11,0.25,0.01,1759343149.5651402
0.11,0.25,0.01,1759343149.5684536
0.11,0.25,0.01,1759343149.5709972
0.11,0.25,0.01,1759343149.5743947
0.11,0.25,0.01,1759343149.5778794
0.11,0.25,0.01,1759343149.580737
0.11,0.25,0.01,1759343149.5842452
0.11,0.25,0.01,1759343149.587028
0.11,0.25,0.01,1759343149.5903554
0.11,0.25,0.01,1759343149.5932512
0.11,0.25,0.01,1759343149.597058
0.11,0.25,0.01,1759343149.5999832
0.11,0.25,0.01,1759343149.603438
0.11,0.25,0.01,1759343149.6063788
0.11,0.25,0.01,1759343149.6095133
0.11,0.25,0.01,1759343149.61315
0.11,0.25,0.01,1759343149.617105
0.11,0.25,0.01,1759343149.6198246
0.11,0.25,0.01,1759343149.6223643
0.11,0.25,0.01,1759343149.6256845
0.11,0.25,0.01,1759343149.6290176
0.11,0.25,0.01,1759343149.633091
0.11,0.25,0.01,1759343149.6363132
0.11,0.25,0.01,1759343149.6400237
0.11,0.25,0.01,1759343149.6448402
0.11,0.25,0.01,1759343149.6479833
0.11,0.25,0.01,1759343149.6517026
0.11,0.25,0.01,1759343149.655079
0.11,0.25,0.01,1759343149.6601057
0.11,0.25,0.01,1759343149.6626594
0.11,0.25,0.01,1759343149.665526
0.11,0.25,0.01,1759343149.669186
0.11,0.25,0.01,1759343149.6729827
0.11,0.25,0.01,1759343149.6757562
0.11,0.25,0.01,1759343149.6790617
0.11,0.25,0.01,1759343149.682346
0.11,0.25,0.01,1759343149.6855469
0.11,0.25,0.01,1759343149.6882768
0.11,0.25,0.01,1759343149.691676
0.11,0.25,0.01,1759343149.6945825
0.11,0.25,0.01,1759343149.6971304
0.11,0.25,0.01,1759343149.6998372
0.11,0.25,0.01,1759343149.703961
0.11,0.25,0.01,1759343149.7066593
0.11,0.25,0.01,1759343149.7102814
0.11,0.25,0.01,1759343149.7141576
0.11,0.25,0.01,1759343149.7169037
0.11,0.25,0.01,1759343149.7196798
0.11,0.25,0.01,1759343149.723162
0.11,0.25,0.01,1759343149.7257595
0.11,0.25,0.01,1759343149.7288764
0.11,0.25,0.01,1759343149.7322292
0.11,0.25,0.01,1759343149.735223
0.11,0.25,0.01,1759343149.7383604
0.11,0.25,0.01,1759343149.742159
0.11,0.25,0.01,1759343149.7451243
0.11,0.25,0.01,1759343149.7480764
0.11,0.25,0.01,1759343149.7506678
0.11,0.25,0.01,1759343149.754272
0.11,0.25,0.01,1759343149.7569523
0.11,0.25,0.01,1759343149.7603753
0.11,0.25,0.01,1759343149.763048
0.11,0.25,0.01,1759343149.7660844
0.11,0.25,0.01,1759343149.7689452
0.11,0.25,0.01,1759343149.7716985
0.11,0.25,0.01,1759343149.775289
0.11,0.25,0.01,1759343149.7784176
0.11,0.25,0.01,1759343149.7818148
0.11,0.25,0.01,1759343149.784515
0.11,0.25,0.01,1759343149.788101
0.11,0.25,0.01,1759343149.7923098
0.11,0.25,0.01,1759343149.7957022
0.11,0.25,0.01,1759343149.799677
0.11,0.25,0.01,1759343149.8029237
0.11,0.25,0.01,1759343149.8067777
0.11,0.25,0.01,1759343149.809884
0.11,0.25,0.01,1759343149.8143935
0.11,0.25,0.01,1759343149.817264
0.11,0.25,0.01,1759343149.820087
0.11,0.25,0.01,1759343149.823195
0.11,0.25,0.01,1759343149.8274882
0.11,0.25,0.01,1759343149.830726
0.11,0.25,0.01,1759343149.8344867
0.11,0.25,0.01,1759343149.837791
0.11,0.25,0.01,1759343149.840562
0.11,0.25,0.01,1759343149.843531
0.11,0.25,0.01,1759343149.8465798
0.11,0.25,0.01,1759343149.849308
0.11,0.25,0.01,1759343149.852152
0.11,0.25,0.01,1759343149.8545043
0.11,0.25,0.01,1759343149.8569424
0.11,0.25,0.01,1759343149.8598986
0.11,0.25,0.01,1759343149.862549
0.11,0.25,0.01,1759343149.8652823
0.11,0.25,0.01,1759343149.8679638
0.11,0.25,0.01,1759343149.8716311
0.11,0.25,0.01,1759343149.8757076
0.11,0.25,0.01,1759343149.878362
0.11,0.25,0.01,1759343149.881352
0.11,0.25,0.01,1759343149.8842163
0.11,0.25,0.01,1759343149.8872056
0.11,0.25,0.01,1759343149.8897696
0.11,0.25,0.01,1759343149.8927507
0.11,0.25,0.01,1759343149.8953943
0.11,0.25,0.01,1759343149.8979793
0.11,0.25,0.01,1759343149.900865
0.11,0.25,0.01,1759343149.9046714
0.11,0.25,0.01,1759343149.907864
0.11,0.25,0.01,1759343149.9109533
0.11,0.25,0.01,1759343149.913831
0.11,0.25,0.01,1759343149.9167666
0.11,0.25,0.01,1759343149.9201715
0.11,0.25,0.01,1759343149.923307
0.11,0.25,0.01,1759343149.9261477
0.11,0.25,0.01,1759343149.9292543
0.11,0.25,0.01,1759343149.9319246
0.11,0.25,0.01,1759343149.9352968
0.11,0.25,0.01,1759343149.9385474
0.11,0.25,0.01,1759343149.9424298
0.11,0.25,0.01,1759343149.9452384
0.11,0.25,0.01,1759343149.9485955
0.11,0.25,0.01,1759343149.951166
0.11,0.25,0.01,1759343149.954137
0.11,0.25,0.01,1759343149.9584906
0.11,0.25,0.01,1759343149.962216
0.11,0.25,0.01,1759343149.965588
0.11,0.25,0.01,1759343149.969647
0.11,0.25,0.01,1759343149.9728692
0.11,0.25,0.01,1759343149.9766462
0.11,0.25,0.01,1759343149.9804995
0.11,0.25,0.01,1759343149.9839473
0.11,0.25,0.01,1759343149.9868798
0.11,0.25,0.01,1759343149.9902396
0.11,0.25,0.01,1759343149.992267
0.11,0.25,0.01,1759343149.9940922
0.11,0.25,0.01,1759343149.996477
0.11,0.25,0.01,1759343149.9983363
0.11,0.25,0.01,1759343150.001073
0.11,0.25,0.01,1759343150.0031912
0.11,0.25,0.01,1759343150.0056994
0.11,0.25,0.01,1759343150.0075254
0.11,0.25,0.01,1759343150.0098138
0.11,0.25,0.01,1759343150.0132003
0.11,0.25,0.01,1759343150.015278
0.11,0.25,0.01,1759343150.0182598
0.11,0.25,0.01,1759343150.0206091
0.11,0.25,0.01,1759343150.0231454
0.11,0.25,0.01,1759343150.02555
0.11,0.25,0.01,1759343150.0281048
0.11,0.25,0.01,1759343150.0300007
0.11,0.25,0.01,1759343150.03202
0.11,0.25,0.01,1759343150.0340855
0.11,0.25,0.01,1759343150.036101
0.11,0.25,0.01,1759343150.038376
0.11,0.25,0.01,1759343150.040708
0.11,0.25,0.01,1759343150.044247
0.11,0.25,0.01,1759343150.0477138
0.11,0.25,0.01,1759343150.0502708
0.11,0.25,0.01,1759343150.053236
0.11,0.25,0.01,1759343150.0561397
0.11,0.25,0.01,1759343150.0587063
0.11,0.25,0.01,1759343150.062186
0.11,0.25,0.01,1759343150.0642805
0.11,0.25,0.01,1759343150.066226
0.11,0.25,0.01,1759343150.0697591
0.11,0.25,0.01,1759343150.073073
0.11,0.25,0.01,1759343150.0765548
0.11,0.25,0.01,1759343150.079477
0.11,0.25,0.01,1759343150.0827937
0.11,0.25,0.01,1759343150.085236
0.11,0.25,0.01,1759343150.088381
0.11,0.25,0.01,1759343150.0909505
0.11,0.25,0.01,1759343150.0934277
0.11,0.25,0.01,1759343150.0969975
0.11,0.25,0.01,1759343150.0996656
0.11,0.25,0.01,1759343150.1031604
0.11,0.25,0.01,1759343150.1065626
0.11,0.25,0.01,1759343150.109395
0.11,0.25,0.01,1759343150.112864
0.11,0.25,0.01,1759343150.1157386
0.11,0.25,0.01,1759343150.1191096
0.11,0.25,0.01,1759343150.1236253
0.11,0.25,0.01,1759343150.1272848
0.11,0.25,0.01,1759343150.1320786
0.11,0.25,0.01,1759343150.1348622
0.11,0.25,0.01,1759343150.137762
0.11,0.25,0.01,1759343150.1406243
0.11,0.25,0.01,1759343150.145851
0.11,0.25,0.01,1759343150.149367
0.11,0.25,0.01,1759343150.1523917
0.11,0.25,0.01,1759343150.1572642
0.11,0.25,0.01,1759343150.161161
0.11,0.25,0.01,1759343150.1656554
0.11,0.25,0.01,1759343150.169305
0.11,0.25,0.01,1759343150.173391
0.11,0.25,0.01,1759343150.178272
0.11,0.25,0.01,1759343150.1826923
0.11,0.25,0.01,1759343150.1894631
0.11,0.25,0.01,1759343150.192649
0.11,0.25,0.01,1759343150.1957448
0.11,0.25,0.01,1759343150.198152
0.11,0.25,0.01,1759343150.2009351
0.11,0.25,0.01,1759343150.2061062
0.11,0.25,0.01,1759343150.209671
0.11,0.25,0.01,1759343150.2134547
0.11,0.25,0.01,1759343150.2168424
0.11,0.25,0.01,1759343150.2196555
0.11,0.25,0.01,1759343150.2256048
0.11,0.25,0.01,1759343150.2275145
0.11,0.25,0.01,1759343150.2317698
0.11,0.25,0.01,1759343150.2345955
0.11,0.25,0.01,1759343150.237735
0.11,0.25,0.01,1759343150.2404716
0.11,0.25,0.01,1759343150.2435174
0.11,0.25,0.01,1759343150.2462118
0.11,0.25,0.01,1759343150.2500591
0.11,0.25,0.01,1759343150.2529025
0.11,0.25,0.01,1759343150.256198
0.11,0.25,0.01,1759343150.260569
0.11,0.25,0.01,1759343150.2634146
0.11,0.25,0.01,1759343150.2655575
0.11,0.25,0.01,1759343150.2694438
0.11,0.25,0.01,1759343150.273559
0.11,0.25,0.01,1759343150.2767787
0.11,0.25,0.01,1759343150.2793894
0.11,0.25,0.01,1759343150.284538
0.11,0.25,0.01,1759343150.288094
0.11,0.25,0.01,1759343150.2932732
0.11,0.25,0.01,1759343150.2971308
0.11,0.25,0.01,1759343150.3014145
0.11,0.25,0.01,1759343150.3057182
0.11,0.25,0.01,1759343150.3098805
0.11,0.25,0.01,1759343150.3141575
0.11,0.25,0.01,1759343150.3163269
0.11,0.25,0.01,1759343150.3190217
0.11,0.25,0.01,1759343150.320989
0.11,0.25,0.01,1759343150.3240778
0.11,0.25,0.01,1759343150.3272498
0.11,0.25,0.01,1759343150.3292098
0.11,0.25,0.01,1759343150.3315666
0.11,0.25,0.01,1759343150.333803
0.11,0.25,0.01,1759343150.3368125
0.11,0.25,0.01,1759343150.3400118
0.11,0.25,0.01,1759343150.3421352
0.11,0.25,0.01,1759343150.3447976
0.11,0.25,0.01,1759343150.346871
0.11,0.25,0.01,1759343150.3488758
0.11,0.25,0.01,1759343150.351809
0.11,0.25,0.01,1759343150.3542712
0.11,0.25,0.01,1759343150.3567867
0.11,0.25,0.01,1759343150.3590949
0.11,0.25,0.01,1759343150.361344
0.11,0.25,0.01,1759343150.3634458
0.11,0.25,0.01,1759343150.365863
0.11,0.25,0.01,1759343150.3680382
0.11,0.25,0.01,1759343150.3699827
0.11,0.25,0.01,1759343150.3721397
0.11,0.25,0.01,1759343150.3752675
0.11,0.25,0.01,1759343150.3773246
0.11,0.25,0.01,1759343150.3796902
0.11,0.25,0.01,1759343150.3823054
0.11,0.25,0.01,1759343150.3849523
0.11,0.25,0.01,1759343150.3868322
0.11,0.25,0.01,1759343150.388777
0.11,0.25,0.01,1759343150.3922477
0.11,0.25,0.01,1759343150.396519
0.11,0.25,0.01,1759343150.3998346
0.11,0.25,0.01,1759343150.4048436
0.11,0.25,0.01,1759343150.408059
0.11,0.25,0.01,1759343150.4117754
0.11,0.25,0.01,1759343150.4139533
0.11,0.25,0.01,1759343150.4165916
0.11,0.25,0.01,1759343150.419319
0.11,0.25,0.01,1759343150.422
0.11,0.25,0.01,1759343150.4239814
0.11,0.25,0.01,1759343150.426725
0.11,0.25,0.01,1759343150.4285705
0.11,0.25,0.01,1759343150.4304528
0.11,0.25,0.01,1759343150.4327211
0.11,0.25,0.01,1759343150.4346197
0.11,0.25,0.01,1759343150.4369967
0.11,0.25,0.01,1759343150.4398196
0.11,0.25,0.01,1759343150.442307
0.11,0.25,0.01,1759343150.44426
0.11,0.25,0.01,1759343150.4464457
0.11,0.25,0.01,1759343150.449842
0.11,0.25,0.01,1759343150.452235
0.11,0.25,0.01,1759343150.4545195
0.11,0.25,0.01,1759343150.4565
0.11,0.25,0.01,1759343150.458946
0.11,0.25,0.01,1759343150.461297
0.11,0.25,0.01,1759343150.4646358
0.11,0.25,0.01,1759343150.4666052
0.11,0.25,0.01,1759343150.4688387
0.11,0.25,0.01,1759343150.47123
0.11,0.25,0.01,1759343150.4744432
0.11,0.25,0.01,1759343150.4764247
0.11,0.25,0.01,1759343150.4785345
0.11,0.25,0.01,1759343150.4809518
0.11,0.25,0.01,1759343150.4839022
0.11,0.25,0.01,1759343150.4860191
0.11,0.25,0.01,1759343150.4878595
0.11,0.25,0.01,1759343150.490246
0.11,0.25,0.01,1759343150.4930146
0.11,0.25,0.01,1759343150.495027
0.11,0.25,0.01,1759343150.4975984
0.11,0.25,0.01,1759343150.5002642
0.11,0.25,0.01,1759343150.502473
0.11,0.25,0.01,1759343150.5043366
0.11,0.25,0.01,1759343150.5066602
0.11,0.25,0.01,1759343150.5094388
0.11,0.25,0.01,1759343150.5118537
0.11,0.25,0.01,1759343150.514742
0.11,0.25,0.01,1759343150.5172105
0.11,0.25,0.01,1759343150.5194285
0.11,0.25,0.01,1759343150.5213935
0.11,0.25,0.01,1759343150.5241437
0.11,0.25,0.01,1759343150.5260634
0.11,0.25,0.01,1759343150.5282507
0.11,0.25,0.01,1759343150.5308063
0.11,0.25,0.01,1759343150.532848
0.11,0.25,0.01,1759343150.5351143
0.11,0.25,0.01,1759343150.53745
0.11,0.25,0.01,1759343150.5396895
0.11,0.25,0.01,1759343150.542759
0.11,0.25,0.01,1759343150.5450623
0.11,0.25,0.01,1759343150.54783
0.11,0.25,0.01,1759343150.5504956
0.11,0.25,0.01,1759343150.5525503
0.11,0.25,0.01,1759343150.5549605
0.11,0.25,0.01,1759343150.5573523
0.11,0.25,0.01,1759343150.5600946
0.11,0.25,0.01,1759343150.5625255
0.11,0.25,0.01,1759343150.565032
0.11,0.25,0.01,1759343150.5676632
0.11,0.25,0.01,1759343150.5696242
0.11,0.25,0.01,1759343150.5719037
0.11,0.25,0.01,1759343150.573886
0.11,0.25,0.01,1759343150.57681
0.11,0.25,0.01,1759343150.5789013
0.11,0.25,0.01,1759343150.5811117
0.11,0.25,0.01,1759343150.583834
0.11,0.25,0.01,1759343150.5861323
0.11,0.25,0.01,1759343150.5881095
0.11,0.25,0.01,1759343150.5903194
0.11,0.25,0.01,1759343150.5930033
0.11,0.25,0.01,1759343150.595892
0.11,0.25,0.01,1759343150.5981271
0.11,0.25,0.01,1759343150.6004794
0.11,0.25,0.01,1759343150.6033025
0.11,0.25,0.01,1759343150.6055524
0.11,0.25,0.01,1759343150.6081028
0.11,0.25,0.01,1759343150.6103525
0.11,0.25,0.01,1759343150.6127987
0.11,0.25,0.01,1759343150.615597
0.11,0.25,0.01,1759343150.6177394
0.11,0.25,0.01,1759343150.6197472
0.11,0.25,0.01,1759343150.6217778
0.11,0.25,0.01,1759343150.6243973
0.11,0.25,0.01,1759343150.6267345
0.11,0.25,0.01,1759343150.6290965
0.11,0.25,0.01,1759343150.6310782
0.11,0.25,0.01,1759343150.6340775
0.11,0.25,0.01,1759343150.6367214
0.11,0.25,0.01,1759343150.639274
0.11,0.25,0.01,1759343150.6416056
0.11,0.25,0.01,1759343150.6438684
0.11,0.25,0.01,1759343150.6457498
0.11,0.25,0.01,1759343150.6477585
0.11,0.25,0.01,1759343150.651615
0.11,0.25,0.01,1759343150.6536472
0.11,0.25,0.01,1759343150.6556454
0.11,0.25,0.01,1759343150.659582
0.11,0.25,0.01,1759343150.661871
0.11,0.25,0.01,1759343150.6644907
0.11,0.25,0.01,1759343150.666849
0.11,0.25,0.01,1759343150.6698449
0.11,0.25,0.01,1759343150.6724384
0.11,0.25,0.01,1759343150.6744998
0.11,0.25,0.01,1759343150.6771402
0.11,0.25,0.01,1759343150.679307
0.11,0.25,0.01,1759343150.6819844
0.11,0.25,0.01,1759343150.685005
0.11,0.25,0.01,1759343150.6877546
0.11,0.25,0.01,1759343150.6899636
0.11,0.25,0.01,1759343150.6924438
0.11,0.25,0.01,1759343150.694468
0.11,0.25,0.01,1759343150.6970656
0.11,0.25,0.01,1759343150.6993916
0.11,0.25,0.01,1759343150.7020442
0.11,0.25,0.01,1759343150.704384
0.11,0.25,0.01,1759343150.706703
0.11,0.25,0.01,1759343150.709237
0.11,0.25,0.01,1759343150.711797
0.11,0.25,0.01,1759343150.7142334
0.11,0.25,0.01,1759343150.7172046
0.11,0.25,0.01,1759343150.7194276
0.11,0.25,0.01,1759343150.7219024
0.11,0.25,0.01,1759343150.7241504
0.11,0.25,0.01,1759343150.7263987
0.11,0.25,0.01,1759343150.7287278
0.11,0.25,0.01,1759343150.7316236
0.11,0.25,0.01,1759343150.7336864
0.11,0.25,0.01,1759343150.7359953
0.11,0.25,0.01,1759343150.7383504
0.11,0.25,0.01,1759343150.742038
0.11,0.25,0.01,1759343150.7445335
0.11,0.25,0.01,1759343150.746441
0.11,0.25,0.02,1759343150.7497418
0.11,0.25,0.02,1759343150.7524452
0.11,0.25,0.02,1759343150.7547708
0.11,0.25,0.02,1759343150.7570124
0.11,0.25,0.02,1759343150.7596445
0.11,0.25,0.02,1759343150.7625194
0.11,0.25,0.02,1759343150.7648077
0.11,0.25,0.02,1759343150.7679176
0.11,0.25,0.02,1759343150.7698257
0.11,0.25,0.02,1759343150.7723043
0.11,0.25,0.02,1759343150.7750406
0.11,0.25,0.02,1759343150.7780411
0.11,0.25,0.02,1759343150.780243
0.11,0.25,0.02,1759343150.7827337
0.11,0.25,0.02,1759343150.7846737
0.11,0.25,0.02,1759343150.788762
0.11,0.25,0.02,1759343150.791314
0.11,0.25,0.02,1759343150.794135
0.11,0.25,0.02,1759343150.7964723
0.11,0.25,0.02,1759343150.798921
0.11,0.25,0.02,1759343150.8010263
0.11,0.25,0.02,1759343150.8041737
0.11,0.25,0.02,1759343150.8061502
0.11,0.25,0.02,1759343150.808723
0.11,0.25,0.02,1759343150.8111749
0.11,0.25,0.02,1759343150.813589
0.11,0.25,0.02,1759343150.815908
0.11,0.25,0.02,1759343150.81793
0.11,0.25,0.02,1759343150.8218756
0.11,0.25,0.02,1759343150.823943
0.11,0.25,0.02,1759343150.826004
0.11,0.25,0.02,1759343150.829043
0.11,0.25,0.02,1759343150.8317127
0.11,0.25,0.02,1759343150.8344638
0.11,0.25,0.02,1759343150.8368368
0.11,0.25,0.02,1759343150.8390305
0.11,0.25,0.02,1759343150.8420808
0.11,0.25,0.02,1759343150.8467717
0.11,0.25,0.02,1759343150.849401
0.11,0.25,0.02,1759343150.8526828
0.11,0.25,0.02,1759343150.857863
0.11,0.25,0.02,1759343150.8600118
0.11,0.25,0.02,1759343150.8624754
0.11,0.25,0.02,1759343150.8646183
0.11,0.25,0.02,1759343150.8685262
0.11,0.25,0.02,1759343150.87112
0.11,0.25,0.02,1759343150.8750503
0.11,0.25,0.02,1759343150.8782413
0.11,0.25,0.02,1759343150.8806217
0.11,0.25,0.02,1759343150.8833346
0.11,0.25,0.02,1759343150.8854337
0.11,0.25,0.02,1759343150.888189
0.11,0.25,0.02,1759343150.8910065
0.1,0.25,0.02,1759343150.895478
0.1,0.25,0.02,1759343150.8976562
0.1,0.25,0.02,1759343150.9001324
0.1,0.25,0.02,1759343150.9027257
0.1,0.25,0.02,1759343150.9050753
0.1,0.25,0.02,1759343150.908229
0.1,0.25,0.02,1759343150.911321
0.1,0.25,0.02,1759343150.914168
0.1,0.25,0.02,1759343150.9174314
0.1,0.25,0.02,1759343150.9203246
0.1,0.25,0.02,1759343150.9248717
0.1,0.25,0.02,1759343150.9276583
0.1,0.25,0.02,1759343150.9304063
0.1,0.25,0.02,1759343150.9340708
0.1,0.25,0.02,1759343150.9372349
0.1,0.25,0.02,1759343150.939354
0.09,0.25,0.02,1759343150.9416952
0.09,0.25,0.03,1759343150.9444249
0.09,0.25,0.03,1759343150.9476807
0.09,0.25,0.03,1759343150.950133
0.09,0.24,0.03,1759343150.9523804
0.09,0.24,0.03,1759343150.954455
0.09,0.24,0.03,1759343150.9564066
0.09,0.24,0.03,1759343150.9589448
0.09,0.24,0.03,1759343150.9616828
0.09,0.24,0.03,1759343150.9649355
0.09,0.24,0.03,1759343150.9688442
0.09,0.24,0.03,1759343150.9726894
0.09,0.24,0.03,1759343150.9751587
0.09,0.24,0.03,1759343150.9787304
0.09,0.24,0.03,1759343150.981675
0.09,0.24,0.03,1759343150.983734
0.08,0.24,0.03,1759343150.9863882
0.08,0.24,0.03,1759343150.9893663
0.08,0.24,0.03,1759343150.9919713
0.08,0.24,0.03,1759343150.994275
0.08,0.24,0.03,1759343150.996919
0.08,0.24,0.04,1759343150.999437
0.08,0.24,0.04,1759343151.002416
0.08,0.24,0.04,1759343151.004916
0.08,0.24,0.04,1759343151.0091996
0.08,0.23,0.04,1759343151.012326
0.08,0.23,0.04,1759343151.016069
0.08,0.23,0.04,1759343151.0182695
0.08,0.23,0.04,1759343151.0208127
0.09,0.23,0.04,1759343151.0244584
0.09,0.23,0.04,1759343151.0263853
0.09,0.23,0.04,1759343151.029379
0.09,0.23,0.04,1759343151.0327885
0.09,0.23,0.04,1759343151.0356264
0.09,0.23,0.04,1759343151.0384328
0.09,0.23,0.04,1759343151.0416455
0.09,0.23,0.04,1759343151.0441856
0.09,0.22,0.04,1759343151.046194
0.09,0.22,0.04,1759343151.048977
0.09,0.22,0.04,1759343151.0530765
0.09,0.22,0.05,1759343151.0550408
0.09,0.22,0.05,1759343151.0573514
0.09,0.22,0.05,1759343151.0599756
0.09,0.22,0.05,1759343151.062363
0.09,0.22,0.05,1759343151.0654402
0.09,0.22,0.05,1759343151.067768
0.1,0.21,0.05,1759343151.0698614
0.1,0.21,0.05,1759343151.0746868
0.1,0.21,0.05,1759343151.0770376
0.1,0.21,0.05,1759343151.079239
0.1,0.21,0.05,1759343151.0818892
0.11,0.21,0.05,1759343151.0845013
0.11,0.21,0.05,1759343151.0875003
0.11,0.21,0.05,1759343151.089689
0.11,0.21,0.05,1759343151.0945864
0.11,0.2,0.05,1759343151.097427
0.12,0.2,0.05,1759343151.1004777
0.12,0.2,0.05,1759343151.1047597
0.12,0.2,0.05,1759343151.1077485
0.12,0.2,0.05,1759343151.1108792
0.13,0.2,0.05,1759343151.115039
0.13,0.2,0.05,1759343151.1186416
0.13,0.19,0.05,1759343151.121656
0.14,0.19,0.05,1759343151.1240933
0.14,0.19,0.05,1759343151.1271367
0.14,0.19,0.05,1759343151.129549
0.15,0.19,0.05,1759343151.133427
0.15,0.19,0.05,1759343151.1354682
0.15,0.19,0.05,1759343151.138039
0.16,0.18,0.04,1759343151.1403046
0.16,0.18,0.04,1759343151.1437652
0.17,0.18,0.04,1759343151.1461606
0.17,0.18,0.04,1759343151.149259
0.17,0.18,0.04,1759343151.151304
0.18,0.18,0.04,1759343151.1555662
0.18,0.18,0.04,1759343151.1578794
0.19,0.17,0.04,1759343151.1598122
0.19,0.17,0.04,1759343151.162892
0.19,0.17,0.04,1759343151.16515
0.2,0.17,0.03,1759343151.1677516
0.2,0.17,0.03,1759343151.1705513
0.21,0.17,0.03,1759343151.1735344
0.21,0.16,0.03,1759343151.1769974
0.22,0.16,0.03,1759343151.1808414
0.22,0.16,0.03,1759343151.185176
0.23,0.16,0.02,1759343151.1878924
0.23,0.16,0.02,1759343151.189956
0.24,0.16,0.02,1759343151.1927762
0.24,0.16,0.02,1759343151.1962488
0.25,0.15,0.02,1759343151.198567
0.25,0.15,0.02,1759343151.2011774
0.26,0.15,0.01,1759343151.204167
0.26,0.15,0.01,1759343151.2070453
0.27,0.15,0.01,1759343151.2107809
0.27,0.15,0.01,1759343151.2150872
0.28,0.15,0.0,1759343151.2179208
0.28,0.15,0.0,1759343151.222325
0.29,0.15,-0.0,1759343151.224959
0.29,0.14,-0.0,1759343151.2281942
0.3,0.14,-0.01,1759343151.2302244
0.3,0.14,-0.01,1759343151.232461
0.31,0.14,-0.01,1759343151.2347448
0.31,0.14,-0.01,1759343151.2376473
0.32,0.14,-0.02,1759343151.2398186
0.33,0.14,-0.02,1759343151.2427027
0.33,0.14,-0.02,1759343151.2454553
0.34,0.14,-0.02,1759343151.247789
0.34,0.13,-0.03,1759343151.250794
0.35,0.13,-0.03,1759343151.2542562
0.35,0.13,-0.03,1759343151.2564938
0.36,0.13,-0.04,1759343151.2586732
0.36,0.13,-0.04,1759343151.260981
0.37,0.13,-0.04,1759343151.2633967
0.37,0.13,-0.04,1759343151.265882
0.38,0.12,-0.05,1759343151.2677808
0.38,0.12,-0.05,1759343151.2703185
0.39,0.12,-0.05,1759343151.273528
0.39,0.12,-0.06,1759343151.275612
0.4,0.12,-0.06,1759343151.2791758
0.4,0.12,-0.06,1759343151.2816455
0.41,0.11,-0.06,1759343151.2840912
0.41,0.11,-0.07,1759343151.286193
0.42,0.11,-0.07,1759343151.2881746
0.42,0.11,-0.07,1759343151.29046
0.43,0.11,-0.08,1759343151.2926614
0.43,0.11,-0.08,1759343151.2954698
0.43,0.1,-0.08,1759343151.298638
0.44,0.1,-0.08,1759343151.3009226
0.44,0.1,-0.09,1759343151.303069
0.45,0.1,-0.09,1759343151.3057528
0.45,0.1,-0.09,1759343151.3079128
0.45,0.1,-0.09,1759343151.311012
0.46,0.09,-0.1,1759343151.3137336
0.46,0.09,-0.1,1759343151.316108
0.46,0.09,-0.1,1759343151.3184164
0.47,0.09,-0.1,1759343151.3212235
0.47,0.09,-0.11,1759343151.323985
0.47,0.09,-0.11,1759343151.326317
0.48,0.08,-0.11,1759343151.3296273
0.48,0.08,-0.11,1759343151.3319533
0.48,0.08,-0.11,1759343151.335303
0.49,0.08,-0.12,1759343151.3380003
0.49,0.08,-0.12,1759343151.33999
0.49,0.08,-0.12,1759343151.343094
0.5,0.08,-0.12,1759343151.3459425
0.5,0.08,-0.12,1759343151.3480854
0.5,0.08,-0.13,1759343151.3500092
0.5,0.07,-0.13,1759343151.3529265
0.51,0.07,-0.13,1759343151.3556712
0.51,0.07,-0.13,1759343151.3580482
0.51,0.07,-0.13,1759343151.3600552
0.51,0.07,-0.14,1759343151.3625298
0.51,0.07,-0.14,1759343151.3658435
0.51,0.07,-0.14,1759343151.3703177
0.52,0.07,-0.14,1759343151.3737054
0.52,0.07,-0.14,1759343151.3771317
0.52,0.07,-0.14,1759343151.3792298
0.52,0.07,-0.15,1759343151.3816977
0.52,0.06,-0.15,1759343151.3841937
0.52,0.06,-0.15,1759343151.3865037
0.52,0.06,-0.15,1759343151.3890147
0.52,0.06,-0.15,1759343151.3910766
0.52,0.06,-0.15,1759343151.3941202
0.52,0.06,-0.15,1759343151.3967772
0.52,0.06,-0.16,1759343151.3987277
0.52,0.06,-0.16,1759343151.401295
0.52,0.06,-0.16,1759343151.4038904
0.52,0.06,-0.16,1759343151.406544
0.52,0.06,-0.16,1759343151.4097774
0.52,0.06,-0.16,1759343151.4134102
0.52,0.05,-0.16,1759343151.4166572
0.52,0.05,-0.17,1759343151.4223633
0.52,0.05,-0.17,1759343151.4248447
0.52,0.05,-0.17,1759343151.4271502
0.52,0.05,-0.17,1759343151.429525
0.52,0.05,-0.17,1759343151.4332669
0.52,0.05,-0.17,1759343151.4352942
0.52,0.05,-0.17,1759343151.4382038
0.51,0.05,-0.17,1759343151.4405918
0.51,0.05,-0.17,1759343151.4433906
0.51,0.05,-0.17,1759343151.4455092
0.51,0.04,-0.18,1759343151.4477408
0.51,0.04,-0.18,1759343151.4502976
0.51,0.04,-0.18,1759343151.4533608
0.5,0.04,-0.18,1759343151.4564033
0.5,0.04,-0.18,1759343151.460949
0.5,0.04,-0.18,1759343151.465304
0.5,0.04,-0.18,1759343151.468476
0.49,0.04,-0.18,1759343151.4714284
0.49,0.04,-0.18,1759343151.473868
0.49,0.04,-0.18,1759343151.4770098
0.49,0.04,-0.18,1759343151.4789946
0.48,0.04,-0.18,1759343151.4813468
0.48,0.04,-0.18,1759343151.486536
0.48,0.04,-0.18,1759343151.4893875
0.47,0.04,-0.18,1759343151.4921165
0.47,0.04,-0.18,1759343151.4941463
0.47,0.04,-0.18,1759343151.496564
0.46,0.04,-0.18,1759343151.4986093
0.46,0.04,-0.18,1759343151.5013442
0.46,0.03,-0.19,1759343151.504352
0.45,0.03,-0.19,1759343151.5087788
0.45,0.03,-0.19,1759343151.5120378
0.44,0.03,-0.19,1759343151.516381
0.44,0.03,-0.19,1759343151.5194883
0.43,0.03,-0.19,1759343151.5228217
0.43,0.03,-0.19,1759343151.5262113
0.42,0.03,-0.19,1759343151.5296547
0.42,0.03,-0.19,1759343151.532333
0.41,0.03,-0.19,1759343151.5352104
0.41,0.03,-0.19,1759343151.5381107
0.4,0.03,-0.19,1759343151.540864
0.4,0.03,-0.19,1759343151.5455143
0.39,0.03,-0.19,1759343151.5484858
0.39,0.03,-0.19,1759343151.5522618
0.38,0.03,-0.19,1759343151.5552027
0.38,0.03,-0.19,1759343151.5580518
0.37,0.03,-0.19,1759343151.5611506
0.36,0.03,-0.19,1759343151.5645792
0.36,0.03,-0.19,1759343151.5670412
0.35,0.03,-0.19,1759343151.569873
0.34,0.03,-0.19,1759343151.573514
0.34,0.03,-0.19,1759343151.5769677
0.33,0.03,-0.19,1759343151.58062
0.32,0.03,-0.19,1759343151.5846453
0.32,0.03,-0.19,1759343151.5882928
0.31,0.03,-0.19,1759343151.5908148
0.3,0.03,-0.19,1759343151.5933473
0.29,0.03,-0.19,1759343151.5958788
0.29,0.03,-0.19,1759343151.598264
0.28,0.03,-0.2,1759343151.6006546
0.27,0.03,-0.2,1759343151.6036232
0.27,0.03,-0.2,1759343151.6062458
0.26,0.03,-0.2,1759343151.6090984
0.25,0.03,-0.2,1759343151.6110928
0.24,0.03,-0.2,1759343151.6151354
0.23,0.03,-0.2,1759343151.6176074
0.23,0.03,-0.2,1759343151.6202624
0.22,0.03,-0.2,1759343151.623331
0.21,0.03,-0.2,1759343151.6254065
0.2,0.03,-0.2,1759343151.6273923
0.19,0.03,-0.2,1759343151.630298
0.19,0.03,-0.2,1759343151.6322622
0.18,0.03,-0.2,1759343151.6352763
0.17,0.03,-0.21,1759343151.639047
0.16,0.03,-0.21,1759343151.6423924
0.15,0.03,-0.21,1759343151.644792
0.14,0.03,-0.21,1759343151.6477776
0.14,0.03,-0.21,1759343151.6503232
0.13,0.03,-0.21,1759343151.6530254
0.12,0.03,-0.21,1759343151.656577
0.11,0.03,-0.21,1759343151.659788
0.1,0.03,-0.21,1759343151.6642
0.09,0.04,-0.21,1759343151.667098
0.09,0.04,-0.21,1759343151.6697924
0.08,0.04,-0.21,1759343151.6725433
0.07,0.04,-0.21,1759343151.675352
0.06,0.04,-0.22,1759343151.6784942
0.05,0.04,-0.22,1759343151.6813564
0.05,0.04,-0.22,1759343151.6840973
0.04,0.04,-0.22,1759343151.6868515
0.03,0.04,-0.22,1759343151.6900728
0.02,0.04,-0.22,1759343151.6933312
0.01,0.04,-0.22,1759343151.696797
0.01,0.04,-0.22,1759343151.701341
-0.0,0.04,-0.22,1759343151.7036862
-0.01,0.05,-0.22,1759343151.7078
-0.02,0.05,-0.22,1759343151.711121
-0.02,0.05,-0.22,1759343151.715237
-0.03,0.05,-0.22,1759343151.7182326
-0.04,0.05,-0.22,1759343151.722577
-0.04,0.05,-0.22,1759343151.7257037
-0.05,0.05,-0.22,1759343151.7290068
-0.05,0.05,-0.22,1759343151.732272
-0.06,0.05,-0.22,1759343151.7354383
-0.07,0.06,-0.22,1759343151.7376325
-0.07,0.06,-0.22,1759343151.7413492
-0.08,0.06,-0.22,1759343151.74463
-0.08,0.06,-0.22,1759343151.746914
-0.09,0.06,-0.22,1759343151.7495706
-0.1,0.06,-0.22,1759343151.753047
-0.1,0.06,-0.22,1759343151.7550955
-0.11,0.06,-0.22,1759343151.7577617
-0.11,0.06,-0.22,1759343151.7606854
-0.12,0.06,-0.22,1759343151.7630403
-0.12,0.06,-0.22,1759343151.765717
-0.13,0.06,-0.22,1759343151.7679503
-0.13,0.06,-0.22,1759343151.7707338
-0.14,0.07,-0.22,1759343151.7733674
-0.14,0.07,-0.22,1759343151.7761903
-0.15,0.07,-0.22,1759343151.77906
-0.15,0.07,-0.22,1759343151.7816284
-0.15,0.07,-0.22,1759343151.7844138
-0.16,0.07,-0.22,1759343151.7869198
-0.16,0.07,-0.22,1759343151.7892656
-0.16,0.07,-0.22,1759343151.7913048
-0.17,0.08,-0.22,1759343151.793838
-0.17,0.08,-0.22,1759343151.7961898
-0.17,0.08,-0.22,1759343151.7991035
-0.17,0.08,-0.22,1759343151.8016646
-0.17,0.08,-0.22,1759343151.8044903
-0.17,0.08,-0.22,1759343151.8064678
-0.18,0.08,-0.22,1759343151.809289
-0.18,0.08,-0.22,1759343151.8143687
-0.18,0.08,-0.22,1759343151.8176646
-0.18,0.08,-0.22,1759343151.8199716
-0.18,0.08,-0.22,1759343151.822506
-0.18,0.08,-0.22,1759343151.8269265
-0.18,0.08,-0.22,1759343151.8303769
-0.18,0.09,-0.22,1759343151.8340657
-0.18,0.09,-0.22,1759343151.8376536
-0.18,0.09,-0.22,1759343151.842192
-0.18,0.09,-0.22,1759343151.8455029
-0.18,0.09,-0.22,1759343151.848805
-0.18,0.09,-0.22,1759343151.8524127
-0.17,0.09,-0.22,1759343151.8555813
-0.17,0.09,-0.22,1759343151.8593917
-0.17,0.09,-0.22,1759343151.8628871
-0.17,0.09,-0.21,1759343151.8669484
-0.17,0.09,-0.21,1759343151.8704207
-0.16,0.09,-0.21,1759343151.8745534
-0.16,0.09,-0.21,1759343151.878972
-0.16,0.09,-0.21,1759343151.883113
-0.15,0.09,-0.21,1759343151.8868947
-0.15,0.09,-0.21,1759343151.8902788
-0.14,0.1,-0.21,1759343151.8935435
-0.14,0.1,-0.21,1759343151.897391
-0.14,0.1,-0.21,1759343151.9005847
-0.13,0.1,-0.21,1759343151.904086
-0.13,0.1,-0.21,1759343151.907336
-0.12,0.1,-0.21,1759343151.910628
-0.12,0.1,-0.2,1759343151.9143257
-0.11,0.1,-0.2,1759343151.9177454
-0.11,0.1,-0.2,1759343151.9215567
-0.1,0.1,-0.2,1759343151.9248211
-0.1,0.1,-0.2,1759343151.9284894
-0.09,0.1,-0.2,1759343151.9333937
-0.08,0.1,-0.2,1759343151.937516
-0.08,0.1,-0.2,1759343151.9418614
-0.07,0.1,-0.2,1759343151.9456625
-0.06,0.1,-0.19,1759343151.950333
-0.05,0.1,-0.19,1759343151.9535298
-0.05,0.1,-0.19,1759343151.9574835
-0.04,0.11,-0.19,1759343151.9606009
-0.03,0.11,-0.19,1759343151.96512
-0.02,0.11,-0.19,1759343151.9672873
-0.02,0.11,-0.18,1759343151.9693484
-0.01,0.11,-0.18,1759343151.9725616
0.0,0.11,-0.18,1759343151.9757416
0.01,0.11,-0.18,1759343151.979226
0.02,0.11,-0.18,1759343151.982819
0.03,0.11,-0.18,1759343151.9860826
0.04,0.11,-0.17,1759343151.988778
0.04,0.11,-0.17,1759343151.9918742
0.05,0.11,-0.17,1759343151.994117
0.06,0.11,-0.17,1759343151.996571
0.07,0.11,-0.17,1759343152.0011797
0.08,0.11,-0.17,1759343152.0044096
0.09,0.11,-0.16,1759343152.0075278
0.1,0.11,-0.16,1759343152.0105956
0.1,0.11,-0.16,1759343152.012781
0.11,0.11,-0.16,1759343152.0164173
0.12,0.11,-0.16,1759343152.019671
0.13,0.11,-0.16,1759343152.02248
0.14,0.11,-0.16,1759343152.0244527
0.15,0.11,-0.15,1759343152.0264382
0.16,0.11,-0.15,1759343152.02888
0.16,0.11,-0.15,1759343152.031808
0.17,0.11,-0.15,1759343152.0339477
0.18,0.11,-0.15,1759343152.0360863
0.19,0.11,-0.15,1759343152.0405288
0.2,0.11,-0.14,1759343152.0443025
0.21,0.11,-0.14,1759343152.0484154
0.21,0.11,-0.14,1759343152.0513172
0.22,0.11,-0.14,1759343152.05557
0.23,0.11,-0.14,1759343152.0579646
0.24,0.11,-0.14,1759343152.0610745
0.25,0.11,-0.14,1759343152.0633676
0.26,0.11,-0.14,1759343152.0659797
0.27,0.11,-0.14,1759343152.070505
0.27,0.1,-0.13,1759343152.0732954
0.28,0.1,-0.13,1759343152.0757236
0.29,0.1,-0.13,1759343152.0784469
0.3,0.1,-0.13,1759343152.0818925
0.3,0.1,-0.13,1759343152.0857866
0.31,0.1,-0.13,1759343152.08917
0.32,0.1,-0.13,1759343152.0932355
0.32,0.1,-0.13,1759343152.099371
0.33,0.1,-0.13,1759343152.1041074
0.34,0.1,-0.13,1759343152.107609
0.34,0.1,-0.13,1759343152.1103027
0.35,0.1,-0.13,1759343152.1131697
0.36,0.1,-0.13,1759343152.1205812
0.36,0.09,-0.13,1759343152.125069
0.37,0.09,-0.13,1759343152.1277282
0.37,0.09,-0.13,1759343152.1311548
0.38,0.09,-0.13,1759343152.1349432
0.38,0.09,-0.14,1759343152.138759
0.39,0.09,-0.14,1759343152.142441
0.39,0.09,-0.14,1759343152.1467416
0.4,0.08,-0.14,1759343152.1499226
0.4,0.08,-0.14,1759343152.154237
0.41,0.08,-0.14,1759343152.160099
0.41,0.08,-0.14,1759343152.1636777
0.41,0.08,-0.14,1759343152.1672676
0.42,0.07,-0.15,1759343152.172171
0.42,0.07,-0.15,1759343152.1753747
0.42,0.07,-0.15,1759343152.1796265
0.43,0.06,-0.15,1759343152.1835992
0.43,0.06,-0.15,1759343152.187358
0.43,0.06,-0.15,1759343152.1910932
0.43,0.05,-0.16,1759343152.1946764
0.43,0.05,-0.16,1759343152.1985738
0.43,0.05,-0.16,1759343152.2027478
0.44,0.05,-0.16,1759343152.2072294
0.44,0.04,-0.16,1759343152.211687
0.44,0.04,-0.17,1759343152.2173374
0.44,0.04,-0.17,1759343152.2207203
0.44,0.03,-0.17,1759343152.22484
0.43,0.03,-0.17,1759343152.2284362
0.43,0.03,-0.17,1759343152.2323608
0.43,0.03,-0.17,1759343152.2360852
0.43,0.02,-0.18,1759343152.239323
0.43,0.02,-0.18,1759343152.242395
0.43,0.02,-0.18,1759343152.2462263
0.43,0.02,-0.18,1759343152.2498543
0.42,0.01,-0.18,1759343152.2531912
0.42,0.01,-0.18,1759343152.2566006
0.42,0.01,-0.19,1759343152.2606754
0.41,0.01,-0.19,1759343152.265579
0.41,0.0,-0.19,1759343152.2691505
0.4,0.0,-0.19,1759343152.272508
0.4,0.0,-0.19,1759343152.2765317
0.4,-0.0,-0.2,1759343152.2819374
0.39,-0.0,-0.2,1759343152.2871995
0.39,-0.0,-0.2,1759343152.2925255
0.38,-0.01,-0.2,1759343152.2962508
0.37,-0.01,-0.2,1759343152.3002636
0.37,-0.01,-0.21,1759343152.3050475
0.36,-0.01,-0.21,1759343152.3102045
0.36,-0.01,-0.21,1759343152.3155134
0.35,-0.01,-0.21,1759343152.3190827
0.34,-0.01,-0.21,1759343152.324169
0.33,-0.02,-0.21,1759343152.3303227
0.33,-0.02,-0.22,1759343152.3350885
0.32,-0.02,-0.22,1759343152.3393705
0.31,-0.02,-0.22,1759343152.343006
0.3,-0.02,-0.22,1759343152.3474927
0.29,-0.02,-0.22,1759343152.3518553
0.28,-0.02,-0.23,1759343152.3579235
0.28,-0.02,-0.23,1759343152.3619308
0.27,-0.02,-0.23,1759343152.3671367
0.26,-0.02,-0.23,1759343152.371135
0.25,-0.02,-0.23,1759343152.376199
0.24,-0.02,-0.23,1759343152.379336
0.23,-0.02,-0.24,1759343152.3830516
0.22,-0.02,-0.24,1759343152.3867266
0.21,-0.02,-0.24,1759343152.3904607
0.2,-0.02,-0.24,1759343152.3967822
0.19,-0.02,-0.24,1759343152.3992743
0.17,-0.02,-0.24,1759343152.402054
0.16,-0.02,-0.24,1759343152.406669
0.15,-0.02,-0.24,1759343152.4098494
0.14,-0.02,-0.25,1759343152.4136157
0.13,-0.02,-0.25,1759343152.419716
0.12,-0.02,-0.25,1759343152.4241066
0.11,-0.02,-0.25,1759343152.4280236
0.1,-0.01,-0.25,1759343152.4318838
0.09,-0.01,-0.25,1759343152.4369564
0.07,-0.01,-0.25,1759343152.4411836
0.06,-0.01,-0.25,1759343152.4445322
0.05,-0.01,-0.25,1759343152.447664
0.04,-0.01,-0.25,1759343152.4533603
0.03,-0.0,-0.25,1759343152.458645
0.02,-0.0,-0.25,1759343152.46517
0.01,0.0,-0.25,1759343152.4703145
0.0,0.0,-0.25,1759343152.475619
-0.01,0.01,-0.25,1759343152.4788675
-0.02,0.01,-0.26,1759343152.480904
-0.03,0.01,-0.26,1759343152.4828334
-0.04,0.01,-0.26,1759343152.4846249
-0.05,0.02,-0.26,1759343152.4864948
-0.05,0.02,-0.26,1759343152.4884057
-0.06,0.02,-0.26,1759343152.4910147
-0.07,0.03,-0.26,1759343152.494026
-0.08,0.03,-0.26,1759343152.497363
-0.09,0.03,-0.26,1759343152.5038855
-0.1,0.03,-0.26,1759343152.5060472
-0.1,0.04,-0.26,1759343152.5079966
-0.11,0.04,-0.26,1759343152.5100095
-0.12,0.04,-0.26,1759343152.5120113
-0.12,0.04,-0.26,1759343152.5137787
-0.13,0.05,-0.26,1759343152.515522
-0.14,0.05,-0.26,1759343152.5179803
-0.14,0.05,-0.26,1759343152.5204697
-0.15,0.05,-0.26,1759343152.5231438
-0.15,0.06,-0.26,1759343152.5249918
-0.16,0.06,-0.26,1759343152.526771
-0.16,0.06,-0.26,1759343152.533487
-0.17,0.06,-0.26,1759343152.535501
-0.18,0.07,-0.26,1759343152.5376089
-0.18,0.07,-0.26,1759343152.539601
-0.19,0.07,-0.26,1759343152.543157
-0.19,0.07,-0.26,1759343152.5459242
-0.2,0.08,-0.26,1759343152.547935
-0.2,0.08,-0.26,1759343152.5511236
-0.21,0.08,-0.26,1759343152.5571785
-0.21,0.08,-0.26,1759343152.559386
-0.21,0.09,-0.26,1759343152.561237
-0.22,0.09,-0.26,1759343152.565381
-0.22,0.09,-0.26,1759343152.56807
-0.22,0.09,-0.26,1759343152.5744429
-0.23,0.1,-0.26,1759343152.576832
-0.23,0.1,-0.26,1759343152.5802088
-0.23,0.1,-0.26,1759343152.5884037
-0.23,0.1,-0.26,1759343152.5935647
-0.24,0.11,-0.27,1759343152.596455
-0.24,0.11,-0.27,1759343152.5989816
-0.24,0.11,-0.27,1759343152.6006963
-0.24,0.11,-0.27,1759343152.6024823
-0.24,0.11,-0.27,1759343152.6071146
-0.24,0.12,-0.27,1759343152.610115
-0.24,0.12,-0.27,1759343152.6133134
-0.24,0.12,-0.27,1759343152.6153
-0.24,0.12,-0.27,1759343152.617277
-0.24,0.12,-0.27,1759343152.618888
-0.24,0.12,-0.27,1759343152.6211872
-0.24,0.13,-0.28,1759343152.6233046
-0.24,0.13,-0.28,1759343152.625129
-0.24,0.13,-0.28,1759343152.6312206
-0.24,0.13,-0.28,1759343152.6352377
-0.24,0.13,-0.28,1759343152.6369524
-0.24,0.13,-0.28,1759343152.6389663
-0.24,0.13,-0.28,1759343152.6417935
-0.23,0.13,-0.28,1759343152.6489744
-0.23,0.13,-0.28,1759343152.65225
-0.23,0.13,-0.28,1759343152.6554606
-0.22,0.13,-0.28,1759343152.6589916
-0.22,0.13,-0.28,1759343152.6627443
-0.22,0.13,-0.28,1759343152.6658318
-0.21,0.13,-0.28,1759343152.669214
-0.21,0.13,-0.28,1759343152.671636
-0.2,0.13,-0.28,1759343152.673702
-0.2,0.13,-0.28,1759343152.675717
-0.2,0.13,-0.28,1759343152.677772
-0.19,0.13,-0.28,1759343152.6797917
-0.19,0.13,-0.28,1759343152.6877997
-0.18,0.13,-0.28,1759343152.689871
-0.18,0.13,-0.28,1759343152.6922026
-0.17,0.13,-0.28,1759343152.694111
-0.16,0.13,-0.28,1759343152.6961184
-0.16,0.13,-0.28,1759343152.6982205
-0.15,0.13,-0.28,1759343152.7000687
-0.15,0.13,-0.28,1759343152.7080278
-0.14,0.12,-0.28,1759343152.710112
-0.13,0.12,-0.28,1759343152.712141
-0.13,0.12,-0.28,1759343152.714748
-0.12,0.12,-0.28,1759343152.7164516
-0.11,0.12,-0.27,1759343152.7184963
-0.11,0.12,-0.27,1759343152.727258
-0.1,0.12,-0.27,1759343152.7292929
-0.09,0.12,-0.27,1759343152.732442
-0.08,0.11,-0.27,1759343152.7343116
-0.08,0.11,-0.27,1759343152.7438312
-0.07,0.11,-0.27,1759343152.7479932
-0.06,0.11,-0.27,1759343152.7513418
-0.05,0.11,-0.26,1759343152.7551312
-0.04,0.11,-0.26,1759343152.758505
-0.03,0.11,-0.26,1759343152.76312
-0.02,0.1,-0.26,1759343152.767093
-0.02,0.1,-0.26,1759343152.7700531
-0.01,0.1,-0.26,1759343152.7740576
0.0,0.1,-0.26,1759343152.7793837
0.01,0.1,-0.25,1759343152.7820494
0.02,0.1,-0.25,1759343152.784429
0.03,0.1,-0.25,1759343152.7878978
0.04,0.1,-0.25,1759343152.7898006
0.05,0.1,-0.25,1759343152.793956
0.06,0.1,-0.25,1759343152.7970595
0.07,0.1,-0.24,1759343152.799373
0.08,0.09,-0.24,1759343152.801452
0.09,0.09,-0.24,1759343152.8065238
0.1,0.09,-0.24,1759343152.811108
0.11,0.09,-0.24,1759343152.8147686
0.12,0.09,-0.24,1759343152.8176184
0.13,0.09,-0.23,1759343152.821999
0.15,0.09,-0.23,1759343152.8257377
0.16,0.09,-0.23,1759343152.8283503
0.17,0.09,-0.23,1759343152.8342571
0.18,0.09,-0.23,1759343152.837389
0.19,0.09,-0.23,1759343152.8408363
0.2,0.09,-0.22,1759343152.8467607
0.21,0.09,-0.22,1759343152.8502471
0.22,0.09,-0.22,1759343152.8569412
0.23,0.08,-0.22,1759343152.8621018
0.24,0.08,-0.22,1759343152.8663888
0.25,0.08,-0.22,1759343152.8709722
0.26,0.08,-0.21,1759343152.8752732
0.27,0.08,-0.21,1759343152.878473
0.28,0.08,-0.21,1759343152.881934
0.29,0.08,-0.21,1759343152.886403
0.3,0.08,-0.21,1759343152.889721
0.31,0.08,-0.21,1759343152.8942862
0.32,0.08,-0.21,1759343152.8981714
0.32,0.08,-0.21,1759343152.9029157
0.33,0.07,-0.2,1759343152.9086294
0.34,0.07,-0.2,1759343152.911299
0.35,0.07,-0.2,1759343152.9144216
0.36,0.07,-0.2,1759343152.9205902
0.36,0.07,-0.2,1759343152.9239488
0.37,0.07,-0.2,1759343152.9306054
0.38,0.07,-0.2,1759343152.932903
0.38,0.06,-0.2,1759343152.9363668
0.39,0.06,-0.2,1759343152.9402423
0.39,0.06,-0.2,1759343152.9425128
0.4,0.06,-0.2,1759343152.9444835
0.41,0.06,-0.2,1759343152.9467518
0.41,0.06,-0.2,1759343152.948419
0.42,0.05,-0.2,1759343152.950349
0.42,0.05,-0.2,1759343152.9532068
0.43,0.05,-0.2,1759343152.9554918
0.43,0.05,-0.2,1759343152.9584963
0.44,0.04,-0.2,1759343152.961737
0.44,0.04,-0.2,1759343152.9650395
0.45,0.04,-0.2,1759343152.9677684
0.45,0.04,-0.2,1759343152.9708023
0.45,0.03,-0.2,1759343152.9736874
0.46,0.03,-0.2,1759343152.977179
0.46,0.03,-0.2,1759343152.9798217
0.46,0.03,-0.2,1759343152.982905
0.47,0.02,-0.2,1759343152.9851594
0.47,0.02,-0.2,1759343152.9879742
0.47,0.02,-0.2,1759343152.991047
0.48,0.01,-0.2,1759343152.9941163
0.48,0.01,-0.2,1759343152.9968064
0.48,0.01,-0.2,1759343152.999656
0.48,0.0,-0.21,1759343153.002707
0.48,-0.0,-0.21,1759343153.0065155
0.48,-0.0,-0.21,1759343153.0098646
0.48,-0.01,-0.21,1759343153.0129778
0.48,-0.01,-0.21,1759343153.016582
0.48,-0.01,-0.21,1759343153.019284
0.48,-0.02,-0.21,1759343153.0226274
0.48,-0.02,-0.21,1759343153.0244677
0.48,-0.03,-0.21,1759343153.0263984
0.48,-0.03,-0.22,1759343153.0284574
0.48,-0.03,-0.22,1759343153.0306814
0.48,-0.03,-0.22,1759343153.0328624
0.48,-0.04,-0.22,1759343153.0354197
0.48,-0.04,-0.22,1759343153.0380635
0.48,-0.04,-0.22,1759343153.0408125
0.48,-0.04,-0.22,1759343153.0433824
0.48,-0.05,-0.23,1759343153.0459442
0.48,-0.05,-0.23,1759343153.0490546
0.47,-0.05,-0.23,1759343153.051689
0.47,-0.05,-0.23,1759343153.0540164
0.47,-0.06,-0.23,1759343153.055837
0.47,-0.06,-0.23,1759343153.0576253
0.46,-0.06,-0.24,1759343153.0593455
0.46,-0.06,-0.24,1759343153.062997
0.46,-0.06,-0.24,1759343153.0678985
0.46,-0.07,-0.24,1759343153.0697925
0.45,-0.07,-0.24,1759343153.0727637
0.45,-0.07,-0.24,1759343153.0746822
0.45,-0.07,-0.25,1759343153.0767584
0.44,-0.07,-0.25,1759343153.0791502
0.44,-0.07,-0.25,1759343153.0867026
0.43,-0.08,-0.25,1759343153.0893388
0.43,-0.08,-0.25,1759343153.0920672
0.43,-0.08,-0.26,1759343153.0996192
0.42,-0.08,-0.26,1759343153.1020937
0.42,-0.08,-0.26,1759343153.1041296
0.41,-0.08,-0.26,1759343153.106974
0.41,-0.08,-0.27,1759343153.1107092
0.4,-0.08,-0.27,1759343153.1136389
0.39,-0.08,-0.27,1759343153.1205933
0.39,-0.09,-0.27,1759343153.1235168
0.38,-0.09,-0.27,1759343153.1260283
0.38,-0.09,-0.28,1759343153.1286488
0.37,-0.09,-0.28,1759343153.130538
0.36,-0.09,-0.28,1759343153.136766
0.36,-0.09,-0.28,1759343153.1386726
0.35,-0.09,-0.28,1759343153.1407535
0.34,-0.09,-0.29,1759343153.1426504
0.34,-0.09,-0.29,1759343153.1447785
0.33,-0.09,-0.29,1759343153.1466131
0.32,-0.09,-0.29,1759343153.1485531
0.31,-0.09,-0.29,1759343153.1504896
0.31,-0.09,-0.29,1759343153.1524937
0.3,-0.09,-0.3,1759343153.15434
0.29,-0.09,-0.3,1759343153.156362
0.28,-0.09,-0.3,1759343153.1583605
0.27,-0.09,-0.3,1759343153.160214
0.27,-0.09,-0.3,1759343153.162307
0.26,-0.09,-0.3,1759343153.1642756
0.25,-0.09,-0.31,1759343153.1664996
0.24,-0.09,-0.31,1759343153.169214
0.23,-0.09,-0.31,1759343153.175265
0.22,-0.09,-0.31,1759343153.1772912
0.21,-0.09,-0.31,1759343153.1795216
0.2,-0.09,-0.31,1759343153.1824834
0.2,-0.08,-0.31,1759343153.1847436
0.19,-0.08,-0.32,1759343153.1871016
0.18,-0.08,-0.32,1759343153.1895318
0.17,-0.08,-0.32,1759343153.1926007
0.16,-0.08,-0.32,1759343153.1946158
0.15,-0.08,-0.32,1759343153.200878
0.14,-0.08,-0.32,1759343153.2032616
0.13,-0.07,-0.32,1759343153.2051885
0.12,-0.07,-0.32,1759343153.2070816
0.11,-0.07,-0.33,1759343153.20893
0.1,-0.07,-0.33,1759343153.210863
0.09,-0.07,-0.33,1759343153.212813
0.07,-0.06,-0.33,1759343153.2187662
0.06,-0.06,-0.33,1759343153.2206848
0.05,-0.06,-0.33,1759343153.2228806
0.04,-0.05,-0.33,1759343153.2264676
0.03,-0.05,-0.33,1759343153.2285016
0.02,-0.05,-0.33,1759343153.236214
0.01,-0.05,-0.34,1759343153.2386951
-0.01,-0.04,-0.34,1759343153.2421718
-0.02,-0.04,-0.34,1759343153.2448757
-0.03,-0.04,-0.34,1759343153.251862
-0.04,-0.03,-0.34,1759343153.2540567
-0.05,-0.03,-0.34,1759343153.2568934
-0.06,-0.03,-0.34,1759343153.259414
-0.07,-0.02,-0.34,1759343153.2615829
-0.09,-0.02,-0.34,1759343153.263694
-0.1,-0.02,-0.34,1759343153.270162
-0.11,-0.01,-0.34,1759343153.2722769
-0.12,-0.01,-0.34,1759343153.2750676
-0.13,-0.01,-0.34,1759343153.277377
-0.14,-0.0,-0.34,1759343153.280241
-0.15,0.0,-0.34,1759343153.2828777
-0.17,0.01,-0.34,1759343153.2857983
-0.18,0.01,-0.34,1759343153.2881894
-0.19,0.01,-0.35,1759343153.2906878
-0.2,0.02,-0.35,1759343153.2978654
-0.21,0.02,-0.35,1759343153.300352
-0.22,0.02,-0.35,1759343153.3039708
-0.23,0.03,-0.35,1759343153.307911
-0.24,0.03,-0.35,1759343153.311184
-0.25,0.04,-0.35,1759343153.3150427
-0.26,0.04,-0.35,1759343153.320093
-0.27,0.04,-0.35,1759343153.3229854
-0.27,0.05,-0.35,1759343153.3257108
-0.28,0.05,-0.35,1759343153.3279853
-0.29,0.05,-0.35,1759343153.3306262
-0.3,0.05,-0.35,1759343153.3337862
-0.31,0.06,-0.35,1759343153.338396
-0.32,0.06,-0.35,1759343153.3418884
-0.33,0.06,-0.35,1759343153.3454812
-0.34,0.07,-0.35,1759343153.348117
-0.34,0.07,-0.35,1759343153.3512208
-0.35,0.07,-0.35,1759343153.3542569
-0.36,0.08,-0.35,1759343153.3574927
-0.36,0.08,-0.35,1759343153.363247
-0.37,0.08,-0.35,1759343153.3663156
-0.38,0.09,-0.35,1759343153.3693523
-0.38,0.09,-0.35,1759343153.3738708
-0.39,0.1,-0.35,1759343153.3779995
-0.39,0.1,-0.35,1759343153.3812878
-0.4,0.1,-0.35,1759343153.3851533
-0.4,0.11,-0.35,1759343153.3880918
-0.41,0.11,-0.35,1759343153.3920324
-0.41,0.12,-0.35,1759343153.3952048
-0.42,0.12,-0.35,1759343153.3997395
-0.42,0.12,-0.35,1759343153.4029677
-0.42,0.13,-0.35,1759343153.406934
-0.43,0.13,-0.36,1759343153.4095738
-0.43,0.13,-0.36,1759343153.412068
-0.43,0.14,-0.36,1759343153.4143949
-0.44,0.14,-0.36,1759343153.417305
-0.44,0.14,-0.36,1759343153.420081
-0.44,0.15,-0.36,1759343153.422981
-0.45,0.15,-0.36,1759343153.4250734
-0.45,0.15,-0.36,1759343153.4280837
-0.45,0.16,-0.36,1759343153.431817
-0.45,0.16,-0.36,1759343153.4371555
-0.45,0.16,-0.37,1759343153.440058
-0.46,0.16,-0.37,1759343153.443121
-0.46,0.17,-0.37,1759343153.44623
-0.46,0.17,-0.37,1759343153.4492257
-0.46,0.17,-0.37,1759343153.4523387
-0.46,0.17,-0.37,1759343153.4558468
-0.45,0.18,-0.37,1759343153.4584758
-0.45,0.18,-0.37,1759343153.4603033
-0.45,0.18,-0.37,1759343153.4637668
-0.45,0.18,-0.37,1759343153.465713
-0.45,0.18,-0.37,1759343153.4675298
-0.45,0.19,-0.38,1759343153.4711733
-0.45,0.19,-0.38,1759343153.4738302
-0.45,0.19,-0.38,1759343153.4807663
-0.44,0.19,-0.38,1759343153.4831986
-0.44,0.19,-0.38,1759343153.4868498
-0.44,0.19,-0.38,1759343153.489629
-0.44,0.19,-0.38,1759343153.4924195
-0.43,0.19,-0.38,1759343153.495209
-0.43,0.19,-0.38,1759343153.4979143
-0.43,0.19,-0.38,1759343153.5006363
-0.42,0.2,-0.38,1759343153.503393
-0.42,0.2,-0.38,1759343153.5065484
-0.42,0.2,-0.38,1759343153.509326
-0.41,0.2,-0.38,1759343153.512785
-0.41,0.2,-0.38,1759343153.515036
-0.4,0.2,-0.38,1759343153.517836
-0.4,0.2,-0.38,1759343153.522154
-0.39,0.2,-0.38,1759343153.5246997
-0.39,0.19,-0.38,1759343153.5290668
-0.38,0.19,-0.38,1759343153.534231
-0.38,0.19,-0.38,1759343153.5387726
-0.37,0.19,-0.38,1759343153.5424483
-0.37,0.19,-0.38,1759343153.5457537
-0.36,0.19,-0.38,1759343153.5501416
-0.35,0.19,-0.38,1759343153.5541844
-0.35,0.19,-0.38,1759343153.558247
-0.34,0.19,-0.38,1759343153.562012
-0.33,0.18,-0.38,1759343153.566261
-0.32,0.18,-0.38,1759343153.569409
-0.32,0.18,-0.38,1759343153.5726628
-0.31,0.18,-0.38,1759343153.5759249
-0.3,0.18,-0.37,1759343153.5791118
-0.29,0.18,-0.37,1759343153.582321
-0.28,0.18,-0.37,1759343153.5860531
-0.27,0.17,-0.37,1759343153.5911007
-0.26,0.17,-0.37,1759343153.5950682
-0.25,0.17,-0.37,1759343153.5992954
-0.25,0.17,-0.37,1759343153.6065722
-0.24,0.17,-0.37,1759343153.60921
-0.23,0.17,-0.36,1759343153.6114042
-0.22,0.16,-0.36,1759343153.6136937
-0.21,0.16,-0.36,1759343153.6166043
-0.2,0.16,-0.36,1759343153.6219275
-0.19,0.16,-0.36,1759343153.624263
-0.18,0.15,-0.36,1759343153.6266842
-0.17,0.15,-0.36,1759343153.6289668
-0.16,0.15,-0.35,1759343153.631241
-0.15,0.15,-0.35,1759343153.6334686
-0.14,0.14,-0.35,1759343153.6394358
-0.13,0.14,-0.35,1759343153.6418033
-0.12,0.14,-0.35,1759343153.644086
-0.11,0.14,-0.35,1759343153.6470802
-0.1,0.13,-0.34,1759343153.6490033
-0.09,0.13,-0.34,1759343153.655002
-0.08,0.13,-0.34,1759343153.6572545
-0.07,0.13,-0.34,1759343153.6598797
-0.06,0.12,-0.34,1759343153.6623485
-0.05,0.12,-0.34,1759343153.6653037
-0.04,0.12,-0.34,1759343153.6725624
-0.02,0.11,-0.34,1759343153.6748402
-0.01,0.11,-0.34,1759343153.6773968
-0.0,0.11,-0.33,1759343153.679639
0.01,0.11,-0.33,1759343153.6818864
0.02,0.1,-0.33,1759343153.6841333
0.03,0.1,-0.33,1759343153.6868074
0.04,0.1,-0.33,1759343153.6937845
0.05,0.09,-0.33,1759343153.6956575
0.06,0.09,-0.33,1759343153.697895
0.07,0.09,-0.33,1759343153.7000802
0.08,0.08,-0.33,1759343153.703467
0.09,0.08,-0.33,1759343153.705691
0.1,0.08,-0.33,1759343153.70861
0.11,0.07,-0.33,1759343153.7105117
0.12,0.07,-0.33,1759343153.716762
0.13,0.07,-0.32,1759343153.719746
0.13,0.06,-0.32,1759343153.7218764
0.14,0.06,-0.32,1759343153.7285497
0.15,0.06,-0.32,1759343153.7320282
0.16,0.05,-0.32,1759343153.7409506
0.17,0.05,-0.32,1759343153.7441163
0.17,0.05,-0.32,1759343153.7481656
0.18,0.04,-0.32,1759343153.7542458
0.19,0.04,-0.32,1759343153.7574515
0.19,0.04,-0.32,1759343153.7600906
0.2,0.03,-0.32,1759343153.764866
0.2,0.03,-0.32,1759343153.767391
0.21,0.03,-0.32,1759343153.7703474
0.21,0.03,-0.32,1759343153.7732592
0.22,0.02,-0.32,1759343153.7789297
0.22,0.02,-0.32,1759343153.7837255
0.23,0.02,-0.32,1759343153.7868168
0.23,0.02,-0.32,1759343153.7912345
0.24,0.01,-0.32,1759343153.7939663
0.24,0.01,-0.32,1759343153.7971342
0.25,0.01,-0.32,1759343153.79941
0.25,0.01,-0.32,1759343153.8022802
0.25,0.0,-0.32,1759343153.8045805
0.26,0.0,-0.32,1759343153.8070085
0.26,-0.0,-0.32,1759343153.809235
0.26,-0.0,-0.32,1759343153.812128
0.27,-0.01,-0.32,1759343153.8146586
0.27,-0.01,-0.32,1759343153.8176825
0.27,-0.01,-0.32,1759343153.8205075
0.27,-0.01,-0.32,1759343153.8231676
0.28,-0.01,-0.32,1759343153.8253822
0.28,-0.02,-0.32,1759343153.828092
0.28,-0.02,-0.31,1759343153.8302882
0.28,-0.02,-0.31,1759343153.8330176
0.29,-0.02,-0.31,1759343153.8351846
0.29,-0.02,-0.31,1759343153.837674
0.29,-0.03,-0.31,1759343153.839887
0.29,-0.03,-0.31,1759343153.8426583
0.29,-0.03,-0.31,1759343153.8449988
0.29,-0.03,-0.31,1759343153.8479226
0.29,-0.03,-0.31,1759343153.8507674
0.3,-0.03,-0.31,1759343153.8538024
0.3,-0.03,-0.31,1759343153.8560357
0.3,-0.03,-0.3,1759343153.858941
0.3,-0.03,-0.3,1759343153.862035
0.3,-0.04,-0.3,1759343153.864664
0.3,-0.04,-0.3,1759343153.86765
0.3,-0.04,-0.3,1759343153.870364
0.3,-0.04,-0.3,1759343153.8732944
0.3,-0.04,-0.3,1759343153.8785906
0.3,-0.04,-0.3,1759343153.883371
0.3,-0.04,-0.3,1759343153.8865297
0.3,-0.04,-0.3,1759343153.8895462
0.3,-0.04,-0.29,1759343153.8936973
0.3,-0.03,-0.29,1759343153.898248
0.29,-0.03,-0.29,1759343153.9004858
0.29,-0.03,-0.29,1759343153.902954
0.29,-0.03,-0.29,1759343153.9067488
0.29,-0.03,-0.29,1759343153.9105392
0.29,-0.03,-0.29,1759343153.9131887
0.29,-0.03,-0.29,1759343153.9163234
0.29,-0.03,-0.29,1759343153.9193132
0.29,-0.03,-0.28,1759343153.9238155
0.29,-0.03,-0.28,1759343153.9259598
0.28,-0.03,-0.28,1759343153.9288597
0.28,-0.03,-0.28,1759343153.9311109
0.28,-0.03,-0.28,1759343153.9337432
0.28,-0.02,-0.28,1759343153.936693
0.28,-0.02,-0.28,1759343153.9404972
0.28,-0.02,-0.28,1759343153.9423249
0.28,-0.02,-0.28,1759343153.9447198
0.27,-0.02,-0.27,1759343153.9480836
0.27,-0.02,-0.27,1759343153.9507823
0.27,-0.02,-0.27,1759343153.9538865
0.27,-0.02,-0.27,1759343153.960513
0.27,-0.01,-0.27,1759343153.9625251
0.27,-0.01,-0.27,1759343153.9652429
0.26,-0.01,-0.27,1759343153.9683533
0.26,-0.01,-0.27,1759343153.9712756
0.26,-0.01,-0.27,1759343153.977144
0.26,-0.01,-0.27,1759343153.980131
0.25,-0.01,-0.26,1759343153.9835951
0.25,-0.0,-0.26,1759343153.985683
0.25,-0.0,-0.26,1759343153.9895225
0.25,-0.0,-0.26,1759343153.9956782
0.25,0.0,-0.26,1759343153.9987376
0.24,0.0,-0.26,1759343154.0020344
0.24,0.0,-0.26,1759343154.006773
0.24,0.0,-0.26,1759343154.010864
0.24,0.01,-0.26,1759343154.0137808
0.24,0.01,-0.26,1759343154.017362
0.23,0.01,-0.26,1759343154.0203154
0.23,0.01,-0.26,1759343154.0228624
0.23,0.01,-0.26,1759343154.0252938
0.23,0.01,-0.26,1759343154.0278757
0.22,0.02,-0.26,1759343154.030331
0.22,0.02,-0.26,1759343154.0327206
0.22,0.02,-0.26,1759343154.0356655
0.22,0.02,-0.26,1759343154.0379238
0.21,0.02,-0.26,1759343154.0409796
0.21,0.02,-0.26,1759343154.0434363
0.21,0.02,-0.26,1759343154.0463517
0.21,0.03,-0.26,1759343154.0485911
0.21,0.03,-0.26,1759343154.0514407
0.2,0.03,-0.26,1759343154.0537996
0.2,0.03,-0.26,1759343154.0561645
0.2,0.03,-0.26,1759343154.0590148
0.2,0.03,-0.26,1759343154.0613296
0.19,0.03,-0.26,1759343154.0648248
0.19,0.03,-0.26,1759343154.069152
0.19,0.03,-0.26,1759343154.072435
0.19,0.04,-0.26,1759343154.0762649
0.18,0.04,-0.26,1759343154.0789373
0.18,0.04,-0.26,1759343154.0820303
0.18,0.04,-0.26,1759343154.08448
0.18,0.04,-0.26,1759343154.0867815
0.18,0.04,-0.26,1759343154.0893166
0.17,0.04,-0.26,1759343154.092215
0.17,0.04,-0.26,1759343154.0945475
0.17,0.04,-0.27,1759343154.0973322
0.17,0.04,-0.27,1759343154.0995607
0.16,0.04,-0.27,1759343154.102617
0.16,0.04,-0.27,1759343154.1048734
0.16,0.05,-0.27,1759343154.1075883
0.16,0.05,-0.27,1759343154.11319
0.15,0.05,-0.27,1759343154.1151724
0.15,0.05,-0.27,1759343154.1179607
0.15,0.05,-0.27,1759343154.1210568
0.15,0.05,-0.27,1759343154.1235812
0.15,0.05,-0.27,1759343154.126071
0.14,0.05,-0.28,1759343154.129363
0.14,0.05,-0.28,1759343154.1324365
0.14,0.05,-0.28,1759343154.1386733
0.14,0.05,-0.28,1759343154.140494
0.13,0.05,-0.28,1759343154.1430802
0.13,0.05,-0.28,1759343154.145557
0.13,0.05,-0.28,1759343154.1479836
0.13,0.05,-0.28,1759343154.1501048
0.13,0.05,-0.28,1759343154.15208
0.12,0.05,-0.28,1759343154.1545615
0.12,0.05,-0.29,1759343154.156455
0.12,0.05,-0.29,1759343154.1589267
0.12,0.05,-0.29,1759343154.16068
0.11,0.05,-0.29,1759343154.1640203
0.11,0.05,-0.29,1759343154.1658986
0.11,0.06,-0.29,1759343154.168671
0.11,0.06,-0.29,1759343154.1711702
0.11,0.06,-0.29,1759343154.173882
0.1,0.06,-0.29,1759343154.175633
0.1,0.06,-0.3,1759343154.17742
0.1,0.06,-0.3,1759343154.1796398
0.1,0.06,-0.3,1759343154.1818547
0.09,0.06,-0.3,1759343154.183771
0.09,0.06,-0.3,1759343154.1860774
0.09,0.06,-0.3,1759343154.188345
0.09,0.06,-0.3,1759343154.1911411
0.08,0.06,-0.3,1759343154.1990757
0.08,0.06,-0.3,1759343154.2011878
0.08,0.06,-0.31,1759343154.2048278
0.08,0.06,-0.31,1759343154.2068667
0.08,0.06,-0.31,1759343154.21419
0.07,0.06,-0.31,1759343154.2161667
0.07,0.06,-0.31,1759343154.2185426
0.07,0.06,-0.31,1759343154.220782
0.07,0.06,-0.31,1759343154.2231116
0.06,0.06,-0.31,1759343154.230514
0.06,0.06,-0.31,1759343154.232952
0.06,0.07,-0.31,1759343154.2361748
0.06,0.07,-0.31,1759343154.2444763
0.06,0.07,-0.32,1759343154.2466152
0.06,0.07,-0.32,1759343154.2491698
0.05,0.07,-0.32,1759343154.252787
0.05,0.07,-0.32,1759343154.2603166
0.05,0.07,-0.32,1759343154.2627685
0.05,0.07,-0.32,1759343154.264901
0.05,0.07,-0.32,1759343154.2673004
0.05,0.07,-0.32,1759343154.269691
0.05,0.07,-0.32,1759343154.2768266
0.04,0.07,-0.32,1759343154.2786849
0.04,0.07,-0.32,1759343154.28719
0.04,0.07,-0.32,1759343154.290196
0.04,0.07,-0.32,1759343154.2944798
0.04,0.07,-0.32,1759343154.2993617
0.04,0.07,-0.32,1759343154.3047547
0.04,0.07,-0.32,1759343154.3094027
0.04,0.07,-0.32,1759343154.3163128
0.04,0.07,-0.32,1759343154.3182416
0.04,0.07,-0.32,1759343154.3206203
0.04,0.07,-0.32,1759343154.3224185
0.04,0.07,-0.32,1759343154.3245416
0.04,0.07,-0.32,1759343154.3294833
0.04,0.07,-0.32,1759343154.332394
0.04,0.07,-0.32,1759343154.334613
0.04,0.07,-0.32,1759343154.3368697
0.04,0.07,-0.32,1759343154.3395572
0.04,0.07,-0.32,1759343154.343513
0.04,0.07,-0.32,1759343154.347964
0.04,0.07,-0.32,1759343154.3518949
0.04,0.07,-0.32,1759343154.3553762
0.04,0.07,-0.32,1759343154.3591833
0.04,0.07,-0.32,1759343154.361904
0.04,0.07,-0.32,1759343154.366112
0.05,0.07,-0.32,1759343154.3705652
0.05,0.07,-0.32,1759343154.373962
0.05,0.07,-0.32,1759343154.3783958
0.05,0.07,-0.32,1759343154.3820684
0.05,0.07,-0.32,1759343154.3860848
0.05,0.07,-0.32,1759343154.391072
0.05,0.07,-0.32,1759343154.394369
0.05,0.07,-0.32,1759343154.39745
0.05,0.07,-0.32,1759343154.4002097
0.06,0.07,-0.32,1759343154.4029143
0.06,0.07,-0.32,1759343154.4053566
0.06,0.07,-0.32,1759343154.40893
0.06,0.07,-0.32,1759343154.4131298
0.06,0.08,-0.32,1759343154.4167936
0.06,0.08,-0.31,1759343154.4207118
0.06,0.08,-0.31,1759343154.423784
0.06,0.08,-0.31,1759343154.4263349
0.07,0.08,-0.31,1759343154.4288614
0.07,0.08,-0.31,1759343154.4327612
0.07,0.08,-0.31,1759343154.4347403
0.07,0.08,-0.31,1759343154.43762
0.07,0.08,-0.31,1759343154.439872
0.07,0.08,-0.31,1759343154.4442804
0.07,0.08,-0.31,1759343154.447129
0.07,0.08,-0.31,1759343154.449544
0.08,0.08,-0.31,1759343154.4526744
0.08,0.08,-0.31,1759343154.4554448
0.08,0.08,-0.31,1759343154.4603488
0.08,0.08,-0.31,1759343154.463883
0.08,0.08,-0.31,1759343154.4680955
0.08,0.08,-0.31,1759343154.4707663
0.08,0.08,-0.3,1759343154.472833
0.08,0.08,-0.3,1759343154.4762487
0.08,0.08,-0.3,1759343154.478918
0.09,0.08,-0.3,1759343154.4807622
0.09,0.08,-0.3,1759343154.4846272
0.09,0.08,-0.3,1759343154.4881732
0.09,0.08,-0.3,1759343154.4908788
0.09,0.08,-0.3,1759343154.493691
0.09,0.08,-0.3,1759343154.496346
0.09,0.08,-0.3,1759343154.4991107
0.1,0.08,-0.3,1759343154.5018842
0.1,0.09,-0.3,1759343154.5049756
0.1,0.09,-0.3,1759343154.507548
0.1,0.09,-0.3,1759343154.5117354
0.1,0.09,-0.3,1759343154.5144491
0.1,0.09,-0.3,1759343154.518571
0.1,0.09,-0.3,1759343154.521967
0.1,0.09,-0.3,1759343154.5248013
0.11,0.09,-0.3,1759343154.5278833
0.11,0.09,-0.3,1759343154.5309825
0.11,0.09,-0.3,1759343154.534581
0.11,0.09,-0.3,1759343154.5371964
0.11,0.09,-0.29,1759343154.5393193
0.11,0.09,-0.29,1759343154.5416217
0.11,0.09,-0.29,1759343154.5448806
0.12,0.09,-0.29,1759343154.5475426
0.12,0.09,-0.29,1759343154.5508642
0.12,0.09,-0.29,1759343154.553517
0.12,0.09,-0.29,1759343154.556719
0.12,0.09,-0.29,1759343154.5598354
0.12,0.09,-0.29,1759343154.5637264
0.12,0.09,-0.29,1759343154.565933
0.13,0.09,-0.29,1759343154.5686083
0.13,0.09,-0.29,1759343154.5713086
0.13,0.09,-0.29,1759343154.5740457
0.13,0.09,-0.29,1759343154.5776448
0.13,0.09,-0.29,1759343154.5801196
0.13,0.09,-0.29,1759343154.5831015
0.14,0.09,-0.29,1759343154.5863032
0.14,0.09,-0.29,1759343154.5886629
0.14,0.09,-0.29,1759343154.5914588
0.14,0.09,-0.29,1759343154.5946264
0.14,0.09,-0.29,1759343154.5973427
0.14,0.09,-0.29,1759343154.6009903
0.14,0.08,-0.29,1759343154.6036432
0.14,0.08,-0.29,1759343154.605633
0.15,0.08,-0.29,1759343154.6093836
0.15,0.08,-0.29,1759343154.6125395
0.15,0.08,-0.29,1759343154.6175392
0.15,0.08,-0.3,1759343154.6206226
0.15,0.07,-0.3,1759343154.6247394
0.15,0.07,-0.3,1759343154.629524
0.15,0.07,-0.3,1759343154.6337228
0.15,0.07,-0.3,1759343154.6376271
0.15,0.06,-0.3,1759343154.641284
0.15,0.06,-0.3,1759343154.648286
0.15,0.05,-0.31,1759343154.6539218
0.14,0.05,-0.31,1759343154.657137
0.14,0.05,-0.31,1759343154.6606164
0.14,0.04,-0.31,1759343154.6645827
0.13,0.04,-0.32,1759343154.671603
0.13,0.03,-0.32,1759343154.674309
0.12,0.03,-0.32,1759343154.677404
0.12,0.03,-0.33,1759343154.6801443
0.11,0.02,-0.33,1759343154.68725
0.1,0.02,-0.33,1759343154.6907198
0.1,0.01,-0.34,1759343154.6943269
0.09,0.01,-0.34,1759343154.6976335
0.08,0.0,-0.35,1759343154.699797
0.07,0.0,-0.35,1759343154.7024136
0.06,-0.0,-0.36,1759343154.705759
0.05,-0.01,-0.36,1759343154.7094042
0.04,-0.01,-0.36,1759343154.7121637
0.03,-0.01,-0.37,1759343154.7149203
0.02,-0.02,-0.37,1759343154.7188284
0.01,-0.02,-0.38,1759343154.721186
-0.0,-0.02,-0.38,1759343154.7239215
-0.01,-0.02,-0.38,1759343154.7260442
-0.02,-0.03,-0.39,1759343154.7285075
-0.04,-0.03,-0.39,1759343154.7306097
-0.05,-0.03,-0.4,1759343154.7324736
-0.06,-0.03,-0.4,1759343154.7343185
-0.08,-0.03,-0.4,1759343154.737588
-0.09,-0.03,-0.41,1759343154.741972
-0.1,-0.03,-0.41,1759343154.7454522
-0.12,-0.03,-0.41,1759343154.7480762
-0.13,-0.03,-0.42,1759343154.750195
-0.15,-0.04,-0.42,1759343154.7532556
-0.16,-0.04,-0.42,1759343154.7575395
-0.18,-0.03,-0.42,1759343154.7617712
-0.19,-0.03,-0.43,1759343154.7663822
-0.21,-0.03,-0.43,1759343154.7695973
-0.23,-0.03,-0.43,1759343154.7728522
-0.24,-0.03,-0.43,1759343154.7758863
-0.26,-0.02,-0.43,1759343154.7794223
-0.27,-0.02,-0.43,1759343154.782452
-0.29,-0.02,-0.44,1759343154.7861695
-0.31,-0.01,-0.44,1759343154.7902806
-0.32,-0.01,-0.44,1759343154.7943568
-0.34,-0.0,-0.44,1759343154.799075
-0.35,0.0,-0.44,1759343154.801729
-0.36,0.01,-0.44,1759343154.8050275
-0.38,0.01,-0.44,1759343154.8084655
-0.39,0.02,-0.44,1759343154.8133533
-0.4,0.02,-0.44,1759343154.815964
-0.41,0.03,-0.44,1759343154.8191864
-0.42,0.03,-0.44,1759343154.8228278
-0.44,0.04,-0.44,1759343154.826767
-0.45,0.04,-0.44,1759343154.8301754
-0.46,0.05,-0.44,1759343154.834469
-0.47,0.05,-0.44,1759343154.8381548
-0.48,0.06,-0.44,1759343154.8412547
-0.48,0.06,-0.44,1759343154.8447995
-0.49,0.07,-0.44,1759343154.8487089
-0.5,0.07,-0.44,1759343154.8521502
-0.5,0.08,-0.44,1759343154.856001
-0.51,0.08,-0.44,1759343154.861186
-0.52,0.08,-0.44,1759343154.8653307
-0.52,0.09,-0.44,1759343154.8701108
-0.53,0.09,-0.44,1759343154.87367
-0.53,0.09,-0.44,1759343154.878396
-0.54,0.1,-0.44,1759343154.8810322
-0.54,0.1,-0.44,1759343154.8838494
-0.55,0.1,-0.44,1759343154.8883765
-0.55,0.1,-0.44,1759343154.895058
-0.55,0.11,-0.44,1759343154.899706
-0.55,0.11,-0.44,1759343154.9017637
-0.55,0.11,-0.44,1759343154.904501
-0.55,0.11,-0.45,1759343154.9068184
-0.55,0.11,-0.45,1759343154.909219
-0.55,0.12,-0.45,1759343154.911876
-0.54,0.12,-0.45,1759343154.9142578
-0.54,0.12,-0.45,1759343154.9172378
-0.54,0.12,-0.45,1759343154.9197445
-0.54,0.12,-0.45,1759343154.9238186
-0.54,0.12,-0.45,1759343154.9267683
-0.54,0.12,-0.45,1759343154.9306717
-0.53,0.13,-0.45,1759343154.9346132
-0.53,0.13,-0.45,1759343154.9385512
-0.53,0.13,-0.45,1759343154.943323
-0.53,0.13,-0.45,1759343154.946515
-0.52,0.13,-0.45,1759343154.9511175
-0.52,0.13,-0.45,1759343154.9544497
-0.52,0.13,-0.46,1759343154.958812
-0.51,0.13,-0.46,1759343154.962162
-0.51,0.13,-0.46,1759343154.9664924
-0.51,0.13,-0.46,1759343154.969547
-0.51,0.13,-0.46,1759343154.972188
-0.5,0.13,-0.46,1759343154.9748948
-0.5,0.13,-0.46,1759343154.9781
-0.49,0.13,-0.46,1759343154.9809914
-0.49,0.13,-0.46,1759343154.9848568
-0.49,0.13,-0.46,1759343154.9866762
-0.48,0.13,-0.46,1759343154.989959
-0.48,0.13,-0.46,1759343154.993254
-0.47,0.13,-0.47,1759343154.9968836
-0.47,0.13,-0.47,1759343155.0009296
-0.46,0.13,-0.47,1759343155.0041404
-0.46,0.12,-0.47,1759343155.0080078
-0.45,0.12,-0.47,1759343155.0115092
-0.45,0.12,-0.47,1759343155.015055
-0.44,0.12,-0.47,1759343155.0190165
-0.43,0.12,-0.47,1759343155.022059
-0.43,0.12,-0.47,1759343155.024706
-0.42,0.12,-0.47,1759343155.0271251
-0.41,0.12,-0.47,1759343155.0299444
-0.41,0.12,-0.47,1759343155.0316672
-0.4,0.11,-0.47,1759343155.0341382
-0.39,0.11,-0.47,1759343155.0364964
-0.39,0.11,-0.47,1759343155.0382266
-0.38,0.11,-0.47,1759343155.0399008
-0.37,0.11,-0.47,1759343155.0419688
-0.36,0.11,-0.47,1759343155.043962
-0.36,0.1,-0.48,1759343155.0465555
-0.35,0.1,-0.48,1759343155.0484388
-0.34,0.1,-0.48,1759343155.0500698
-0.33,0.1,-0.48,1759343155.053692
-0.33,0.1,-0.48,1759343155.05927
-0.32,0.09,-0.48,1759343155.0627007
-0.31,0.09,-0.48,1759343155.0660126
-0.3,0.09,-0.48,1759343155.069975
-0.3,0.09,-0.48,1759343155.0740914
-0.29,0.08,-0.48,1759343155.0793247
-0.28,0.08,-0.47,1759343155.0832565
-0.27,0.08,-0.47,1759343155.087723
-0.27,0.07,-0.47,1759343155.0921545
-0.26,0.07,-0.47,1759343155.0954642
-0.26,0.06,-0.47,1759343155.0980272
-0.25,0.06,-0.47,1759343155.1011198
-0.24,0.06,-0.47,1759343155.1041875
-0.24,0.05,-0.47,1759343155.1066642
-0.23,0.05,-0.47,1759343155.109354
-0.22,0.05,-0.47,1759343155.1111486
-0.22,0.05,-0.47,1759343155.1194458
-0.21,0.04,-0.47,1759343155.1241872
-0.2,0.04,-0.47,1759343155.128298
-0.19,0.04,-0.47,1759343155.133205
-0.19,0.04,-0.47,1759343155.1358294
-0.18,0.04,-0.47,1759343155.1413126
-0.17,0.03,-0.47,1759343155.144195
-0.17,0.03,-0.47,1759343155.1465678
-0.16,0.03,-0.47,1759343155.148321
-0.15,0.03,-0.47,1759343155.1499548
-0.15,0.03,-0.46,1759343155.1516328
-0.14,0.03,-0.46,1759343155.153259
-0.13,0.02,-0.46,1759343155.1548471
-0.13,0.02,-0.46,1759343155.157292
-0.12,0.02,-0.46,1759343155.1588778
-0.12,0.02,-0.46,1759343155.1607287
-0.11,0.02,-0.46,1759343155.1627738
-0.11,0.02,-0.46,1759343155.1647313
-0.1,0.01,-0.46,1759343155.1669495
-0.1,0.01,-0.46,1759343155.1685798
-0.09,0.01,-0.46,1759343155.1712582
-0.09,0.01,-0.46,1759343155.1732025
-0.09,0.01,-0.46,1759343155.175682
-0.08,0.01,-0.45,1759343155.1777751
-0.08,0.01,-0.45,1759343155.1797683
-0.07,0.01,-0.45,1759343155.186483
-0.07,0.01,-0.45,1759343155.192237
-0.07,0.01,-0.45,1759343155.1950712
-0.06,0.0,-0.45,1759343155.2021277
-0.06,0.0,-0.45,1759343155.2041006
-0.06,0.0,-0.45,1759343155.2060735
-0.05,0.0,-0.45,1759343155.2094386
-0.05,0.0,-0.45,1759343155.2117207
-0.05,0.0,-0.45,1759343155.2154307
-0.04,0.0,-0.45,1759343155.217784
-0.04,0.0,-0.45,1759343155.2200563
-0.04,0.0,-0.45,1759343155.2235782
-0.03,0.0,-0.45,1759343155.226827
-0.03,0.0,-0.45,1759343155.228763
-0.03,0.0,-0.44,1759343155.2343423
-0.03,0.0,-0.44,1759343155.2387762
-0.02,0.0,-0.44,1759343155.2409322
-0.02,0.0,-0.44,1759343155.243632
-0.02,0.0,-0.44,1759343155.2472205
-0.02,0.0,-0.44,1759343155.2504363
-0.02,0.0,-0.44,1759343155.256919
-0.02,0.0,-0.44,1759343155.2608051
-0.01,0.0,-0.44,1759343155.264186
-0.01,0.0,-0.44,1759343155.2664926
-0.01,0.0,-0.44,1759343155.2688715
-0.01,0.0,-0.44,1759343155.2727356
-0.01,0.0,-0.44,1759343155.2757444
-0.01,0.0,-0.44,1759343155.2791605
-0.0,-0.0,-0.44,1759343155.2824652
-0.0,-0.0,-0.44,1759343155.2874017
-0.0,-0.0,-0.44,1759343155.290114
-0.0,-0.0,-0.44,1759343155.2945015
0.0,-0.0,-0.44,1759343155.2971516
0.0,-0.0,-0.43,1759343155.301503
0.0,-0.0,-0.43,1759343155.3055644
0.0,-0.0,-0.43,1759343155.3117309
0.0,-0.0,-0.43,1759343155.315742
0.0,-0.0,-0.43,1759343155.3190374
0.0,-0.0,-0.43,1759343155.3229249
0.0,-0.0,-0.43,1759343155.3280845
0.01,-0.0,-0.43,1759343155.3305314
0.01,-0.0,-0.43,1759343155.334247
0.01,-0.0,-0.43,1759343155.3378232
0.01,-0.0,-0.43,1759343155.3407884
0.01,-0.0,-0.43,1759343155.3436975
0.01,-0.0,-0.43,1759343155.3460946
0.01,0.0,-0.43,1759343155.3485074
0.01,0.0,-0.42,1759343155.3512805
0.01,0.0,-0.42,1759343155.3544643
0.01,0.0,-0.42,1759343155.3576174
0.01,0.0,-0.42,1759343155.3599255
0.01,0.0,-0.42,1759343155.3626614
0.01,0.0,-0.42,1759343155.3650818
0.01,0.0,-0.42,1759343155.3678591
0.0,0.0,-0.42,1759343155.369875
0.0,0.0,-0.42,1759343155.3726146
0.0,0.01,-0.42,1759343155.3752503
0.0,0.01,-0.42,1759343155.378054
0.0,0.01,-0.42,1759343155.3804889
0.0,0.01,-0.42,1759343155.3834157
0.0,0.01,-0.42,1759343155.3858953
0.0,0.01,-0.42,1759343155.3885198
0.0,0.01,-0.42,1759343155.3913262
0.0,0.01,-0.42,1759343155.3949096
0.0,0.01,-0.41,1759343155.39805
0.0,0.01,-0.41,1759343155.400956
0.0,0.01,-0.41,1759343155.4038713
0.0,0.01,-0.41,1759343155.406211
0.0,0.01,-0.41,1759343155.4096272
-0.0,0.01,-0.41,1759343155.4119847
-0.0,0.02,-0.41,1759343155.414425
-0.0,0.02,-0.41,1759343155.4171605
-0.0,0.02,-0.41,1759343155.421108
-0.0,0.02,-0.41,1759343155.4252324
-0.0,0.02,-0.41,1759343155.4281185
-0.0,0.02,-0.41,1759343155.4316795
-0.0,0.02,-0.41,1759343155.435055
-0.01,0.02,-0.41,1759343155.4395308
-0.01,0.02,-0.41,1759343155.4428113
-0.01,0.02,-0.41,1759343155.4457622
-0.01,0.02,-0.41,1759343155.449446
-0.01,0.02,-0.41,1759343155.452028
-0.01,0.02,-0.41,1759343155.454446
-0.01,0.02,-0.41,1759343155.4569955
-0.01,0.02,-0.41,1759343155.4592853
-0.01,0.02,-0.41,1759343155.4624212
-0.01,0.03,-0.41,1759343155.4651985
-0.01,0.03,-0.41,1759343155.4675076
-0.01,0.03,-0.41,1759343155.4699185
-0.01,0.03,-0.41,1759343155.47313
-0.01,0.03,-0.41,1759343155.47611
-0.01,0.03,-0.41,1759343155.4784164
-0.01,0.03,-0.41,1759343155.4810815
-0.01,0.03,-0.41,1759343155.4850683
-0.01,0.03,-0.41,1759343155.4881644
-0.01,0.03,-0.41,1759343155.4904604
-0.01,0.03,-0.41,1759343155.493322
-0.02,0.03,-0.41,1759343155.4961183
-0.02,0.03,-0.41,1759343155.499019
-0.02,0.03,-0.41,1759343155.50114
-0.02,0.03,-0.41,1759343155.503779
-0.02,0.03,-0.41,1759343155.5060177
-0.02,0.03,-0.4,1759343155.5092857
-0.02,0.03,-0.4,1759343155.5119455
-0.02,0.03,-0.4,1759343155.5151308
-0.02,0.03,-0.4,1759343155.517686
-0.02,0.03,-0.4,1759343155.5207715
-0.02,0.03,-0.4,1759343155.5238836
-0.02,0.03,-0.4,1759343155.5291488
-0.02,0.03,-0.4,1759343155.5318034
-0.02,0.03,-0.4,1759343155.5353088
-0.02,0.03,-0.4,1759343155.5382965
-0.02,0.03,-0.4,1759343155.5419924
-0.02,0.03,-0.4,1759343155.5453606
-0.02,0.04,-0.4,1759343155.5489037
-0.02,0.04,-0.4,1759343155.5520687
-0.02,0.04,-0.4,1759343155.5556242
-0.02,0.04,-0.4,1759343155.5588036
-0.02,0.04,-0.4,1759343155.5618367
-0.02,0.04,-0.41,1759343155.5647955
-0.02,0.04,-0.41,1759343155.5689485
-0.02,0.04,-0.41,1759343155.572084
-0.02,0.04,-0.41,1759343155.5758362
-0.02,0.04,-0.41,1759343155.5786064
-0.02,0.04,-0.41,1759343155.5823028
-0.01,0.04,-0.41,1759343155.5851364
-0.01,0.04,-0.41,1759343155.5881555
-0.01,0.04,-0.41,1759343155.5911443
-0.01,0.04,-0.41,1759343155.5962296
-0.01,0.04,-0.41,1759343155.5996432
-0.01,0.04,-0.41,1759343155.603292
-0.01,0.04,-0.41,1759343155.6068473
-0.01,0.04,-0.41,1759343155.6105444
-0.01,0.04,-0.41,1759343155.6130462
-0.01,0.04,-0.41,1759343155.6151204
-0.01,0.04,-0.41,1759343155.6170688
-0.01,0.04,-0.41,1759343155.6206012
-0.01,0.04,-0.41,1759343155.6248438
-0.01,0.04,-0.41,1759343155.6277168
-0.01,0.04,-0.41,1759343155.6302865
-0.01,0.04,-0.41,1759343155.63312
-0.01,0.04,-0.41,1759343155.6364005
-0.01,0.04,-0.41,1759343155.6401887
-0.01,0.04,-0.41,1759343155.6443026
-0.01,0.04,-0.41,1759343155.6464443
-0.01,0.04,-0.41,1759343155.6486692
-0.01,0.04,-0.41,1759343155.652362
-0.01,0.04,-0.41,1759343155.6570125
-0.01,0.04,-0.41,1759343155.661261
-0.01,0.04,-0.41,1759343155.664871
-0.01,0.04,-0.41,1759343155.6673946
-0.01,0.04,-0.41,1759343155.671841
-0.01,0.04,-0.41,1759343155.6762564
-0.01,0.04,-0.41,1759343155.681901
-0.01,0.04,-0.41,1759343155.6847494
-0.01,0.04,-0.41,1759343155.6875646
-0.01,0.04,-0.41,1759343155.6907752
-0.01,0.04,-0.41,1759343155.692888
-0.01,0.04,-0.41,1759343155.695501
-0.01,0.04,-0.41,1759343155.6990378
-0.01,0.04,-0.41,1759343155.7021592
-0.01,0.05,-0.41,1759343155.704993
-0.01,0.05,-0.41,1759343155.7081192
-0.01,0.05,-0.41,1759343155.7109406
-0.01,0.05,-0.41,1759343155.7145967
-0.01,0.05,-0.41,1759343155.7172513
-0.0,0.05,-0.41,1759343155.7197847
-0.0,0.05,-0.41,1759343155.7220647
-0.0,0.05,-0.41,1759343155.7242663
-0.0,0.05,-0.41,1759343155.7270055
-0.0,0.05,-0.41,1759343155.7289152
-0.0,0.05,-0.41,1759343155.7319572
-0.0,0.05,-0.41,1759343155.7346976
-0.0,0.05,-0.41,1759343155.7369657
-0.0,0.05,-0.41,1759343155.7388515
-0.0,0.05,-0.41,1759343155.741969
-0.0,0.05,-0.41,1759343155.7452192
-0.0,0.05,-0.41,1759343155.7476835
0.0,0.05,-0.41,1759343155.7501886
0.0,0.05,-0.41,1759343155.7544796
0.0,0.05,-0.41,1759343155.757187
0.0,0.05,-0.41,1759343155.759162
0.0,0.05,-0.41,1759343155.7611835
0.0,0.05,-0.41,1759343155.764136
0.0,0.05,-0.41,1759343155.7668655
0.0,0.05,-0.41,1759343155.769969
0.0,0.05,-0.41,1759343155.7722936
0.01,0.05,-0.41,1759343155.7742703
0.01,0.05,-0.41,1759343155.7762132
0.01,0.05,-0.41,1759343155.7786283
0.01,0.05,-0.41,1759343155.7806697
0.01,0.05,-0.41,1759343155.78516
0.01,0.05,-0.41,1759343155.7882862
0.01,0.05,-0.41,1759343155.7903802
0.01,0.05,-0.41,1759343155.7928152
0.01,0.04,-0.41,1759343155.7956424
0.01,0.04,-0.41,1759343155.7979195
0.01,0.04,-0.41,1759343155.801978
0.01,0.04,-0.41,1759343155.8046715
0.01,0.04,-0.41,1759343155.8076196
0.01,0.04,-0.41,1759343155.8118958
0.01,0.04,-0.41,1759343155.815018
0.01,0.04,-0.41,1759343155.818243
0.02,0.04,-0.41,1759343155.8212588
0.02,0.04,-0.41,1759343155.8241038
0.02,0.04,-0.41,1759343155.8268118
0.02,0.04,-0.41,1759343155.829646
0.02,0.04,-0.41,1759343155.8324008
0.02,0.04,-0.41,1759343155.8351934
0.02,0.04,-0.41,1759343155.83746
0.02,0.04,-0.41,1759343155.840793
0.02,0.04,-0.41,1759343155.8431706
0.02,0.04,-0.41,1759343155.8453293
0.02,0.04,-0.41,1759343155.8480036
0.02,0.04,-0.4,1759343155.855414
0.02,0.04,-0.4,1759343155.8577812
0.03,0.04,-0.4,1759343155.8600368
0.03,0.04,-0.4,1759343155.8628578
0.03,0.04,-0.4,1759343155.865269
0.03,0.04,-0.4,1759343155.8720858
0.03,0.04,-0.4,1759343155.8749666
0.03,0.04,-0.4,1759343155.8782222
0.03,0.04,-0.4,1759343155.881107
0.03,0.04,-0.4,1759343155.885211
0.03,0.04,-0.4,1759343155.8889346
0.03,0.04,-0.4,1759343155.8933485
0.03,0.04,-0.4,1759343155.8969388
0.03,0.04,-0.4,1759343155.8994095
0.04,0.04,-0.4,1759343155.9018846
0.04,0.04,-0.4,1759343155.9045212
0.04,0.04,-0.4,1759343155.9063418
0.04,0.04,-0.4,1759343155.9091103
0.04,0.04,-0.4,1759343155.9129486
0.04,0.04,-0.4,1759343155.9160988
0.04,0.04,-0.4,1759343155.9211032
0.04,0.04,-0.39,1759343155.923958
0.04,0.04,-0.39,1759343155.927162
0.04,0.04,-0.39,1759343155.9294207
0.05,0.04,-0.39,1759343155.93231
0.05,0.04,-0.39,1759343155.934914
0.05,0.04,-0.39,1759343155.93761
0.05,0.04,-0.39,1759343155.940648
0.05,0.04,-0.39,1759343155.9442365
0.05,0.04,-0.39,1759343155.94662
0.05,0.04,-0.39,1759343155.950188
0.05,0.04,-0.39,1759343155.9537685
0.06,0.04,-0.39,1759343155.9578595
0.06,0.04,-0.39,1759343155.9617352
0.06,0.04,-0.39,1759343155.9654243
0.06,0.04,-0.39,1759343155.9685812
0.06,0.04,-0.39,1759343155.9716418
0.06,0.04,-0.39,1759343155.974763
0.06,0.04,-0.39,1759343155.976997
0.06,0.04,-0.39,1759343155.980066
0.07,0.04,-0.39,1759343155.9834187
0.07,0.04,-0.39,1759343155.9867036
0.07,0.04,-0.39,1759343155.9904304
0.07,0.04,-0.39,1759343155.993966
0.07,0.04,-0.39,1759343155.9972365
0.07,0.04,-0.39,1759343156.0022137
0.07,0.04,-0.39,1759343156.0064254
0.07,0.03,-0.39,1759343156.00907
0.07,0.03,-0.39,1759343156.012183
0.08,0.03,-0.39,1759343156.0158434
0.08,0.03,-0.39,1759343156.0191658
0.08,0.03,-0.39,1759343156.0222518
0.08,0.03,-0.39,1759343156.026008
0.08,0.03,-0.39,1759343156.029461
0.08,0.02,-0.39,1759343156.032976
0.08,0.02,-0.39,1759343156.0360153
0.08,0.02,-0.39,1759343156.039421
0.08,0.02,-0.39,1759343156.0422504
0.08,0.02,-0.39,1759343156.045853
0.08,0.01,-0.4,1759343156.0488958
0.07,0.01,-0.4,1759343156.0523653
0.07,0.01,-0.4,1759343156.0555055
0.07,0.01,-0.4,1759343156.058544
0.07,0.01,-0.4,1759343156.0623996
0.06,0.0,-0.4,1759343156.065837
0.06,0.0,-0.4,1759343156.069115
0.06,-0.0,-0.41,1759343156.072472
0.05,-0.0,-0.41,1759343156.0755036
0.05,-0.0,-0.41,1759343156.0785427
0.05,-0.01,-0.41,1759343156.0822103
0.04,-0.01,-0.42,1759343156.0862136
0.04,-0.01,-0.42,1759343156.0891275
0.03,-0.01,-0.42,1759343156.0925212
0.02,-0.01,-0.42,1759343156.0959027
0.02,-0.02,-0.43,1759343156.099266
0.01,-0.02,-0.43,1759343156.102289
0.01,-0.02,-0.43,1759343156.1059277
-0.0,-0.02,-0.43,1759343156.1085274
-0.01,-0.02,-0.44,1759343156.112119
-0.02,-0.02,-0.44,1759343156.1156485
-0.03,-0.02,-0.44,1759343156.1194017
-0.04,-0.02,-0.44,1759343156.1221683
-0.05,-0.02,-0.45,1759343156.125507
-0.06,-0.02,-0.45,1759343156.1287613
-0.07,-0.02,-0.45,1759343156.1318464
-0.08,-0.02,-0.46,1759343156.1349094
-0.09,-0.02,-0.46,1759343156.1379972
-0.1,-0.02,-0.46,1759343156.1417513
-0.11,-0.02,-0.46,1759343156.144607
-0.12,-0.02,-0.47,1759343156.1484342
-0.13,-0.02,-0.47,1759343156.1529129
-0.14,-0.02,-0.47,1759343156.1566086
-0.16,-0.01,-0.47,1759343156.1604068
-0.17,-0.01,-0.47,1759343156.163669
-0.18,-0.01,-0.48,1759343156.1676078
-0.2,-0.01,-0.48,1759343156.170838
-0.21,-0.01,-0.48,1759343156.1742568
-0.23,-0.0,-0.48,1759343156.1785088
-0.24,-0.0,-0.48,1759343156.1812055
-0.25,-0.0,-0.48,1759343156.185379
-0.27,0.0,-0.48,1759343156.1889994
-0.28,0.01,-0.48,1759343156.1930296
-0.29,0.01,-0.49,1759343156.1964986
-0.31,0.01,-0.49,1759343156.200146
-0.32,0.02,-0.49,1759343156.2033813
-0.33,0.02,-0.49,1759343156.205526
-0.34,0.02,-0.49,1759343156.2105498
-0.35,0.03,-0.49,1759343156.2146392
-0.36,0.03,-0.49,1759343156.217557
-0.37,0.04,-0.49,1759343156.2217636
-0.38,0.04,-0.49,1759343156.2257712
-0.39,0.04,-0.49,1759343156.2288215
-0.4,0.05,-0.49,1759343156.2319973
-0.41,0.05,-0.49,1759343156.235098
-0.42,0.06,-0.49,1759343156.239257
-0.43,0.06,-0.49,1759343156.242407
-0.44,0.06,-0.49,1759343156.2454174
-0.44,0.07,-0.49,1759343156.2498326
-0.45,0.07,-0.48,1759343156.2529082
-0.46,0.08,-0.48,1759343156.2578762
-0.46,0.08,-0.48,1759343156.2609272
-0.47,0.08,-0.48,1759343156.264592
-0.48,0.09,-0.48,1759343156.2704158
-0.48,0.09,-0.48,1759343156.2746425
-0.49,0.1,-0.48,1759343156.2774298
-0.49,0.1,-0.48,1759343156.2817008
-0.5,0.1,-0.48,1759343156.284968
-0.5,0.11,-0.48,1759343156.288961
-0.5,0.11,-0.48,1759343156.291917
-0.51,0.11,-0.48,1759343156.2959268
-0.51,0.11,-0.48,1759343156.298799
-0.51,0.12,-0.48,1759343156.3024447
-0.51,0.12,-0.48,1759343156.306012
-0.51,0.12,-0.48,1759343156.311232
-0.51,0.12,-0.48,1759343156.3155122
-0.51,0.13,-0.48,1759343156.3190775
-0.51,0.13,-0.48,1759343156.323363
-0.51,0.13,-0.48,1759343156.3289316
-0.5,0.13,-0.48,1759343156.3326042
-0.5,0.13,-0.48,1759343156.3364265
-0.5,0.13,-0.48,1759343156.340196
-0.5,0.13,-0.48,1759343156.3436236
-0.49,0.13,-0.48,1759343156.3467228
-0.49,0.13,-0.49,1759343156.3489077
-0.49,0.13,-0.49,1759343156.3523643
-0.49,0.13,-0.49,1759343156.3556976
-0.48,0.13,-0.49,1759343156.359026
-0.48,0.13,-0.49,1759343156.3627596
-0.48,0.14,-0.49,1759343156.3661652
-0.47,0.14,-0.49,1759343156.369189
-0.47,0.14,-0.49,1759343156.3729613
-0.47,0.14,-0.49,1759343156.378685
-0.46,0.14,-0.49,1759343156.3830738
-0.46,0.14,-0.49,1759343156.38617
-0.45,0.14,-0.49,1759343156.3889165
-0.45,0.14,-0.5,1759343156.3928275
-0.45,0.14,-0.5,1759343156.3961167
-0.44,0.14,-0.5,1759343156.3998003
-0.44,0.14,-0.5,1759343156.4028296
-0.43,0.14,-0.5,1759343156.4056416
-0.43,0.14,-0.5,1759343156.4087746
-0.43,0.14,-0.5,1759343156.4113522
-0.42,0.14,-0.5,1759343156.4147449
-0.42,0.14,-0.5,1759343156.4171343
-0.41,0.13,-0.5,1759343156.421216
-0.4,0.13,-0.5,1759343156.4246838
-0.4,0.13,-0.51,1759343156.428305
-0.39,0.13,-0.51,1759343156.4319067
-0.39,0.13,-0.51,1759343156.4337354
-0.38,0.13,-0.51,1759343156.435822
-0.37,0.13,-0.51,1759343156.4375508
-0.37,0.13,-0.51,1759343156.43987
-0.36,0.13,-0.51,1759343156.4420557
-0.35,0.13,-0.51,1759343156.4445672
-0.35,0.13,-0.51,1759343156.4462569
-0.34,0.12,-0.51,1759343156.4480326
-0.33,0.12,-0.51,1759343156.4500377
-0.33,0.12,-0.51,1759343156.452122
-0.32,0.12,-0.51,1759343156.4549756
-0.31,0.12,-0.51,1759343156.4569046
-0.3,0.12,-0.51,1759343156.461264
-0.3,0.11,-0.51,1759343156.4638124
-0.29,0.11,-0.51,1759343156.466065
-0.28,0.11,-0.51,1759343156.4693215
-0.28,0.11,-0.51,1759343156.471929
-0.27,0.11,-0.51,1759343156.4735715
-0.26,0.1,-0.51,1759343156.47574
-0.26,0.1,-0.51,1759343156.4804585
-0.25,0.1,-0.51,1759343156.482901
-0.24,0.1,-0.51,1759343156.4848995
-0.24,0.09,-0.51,1759343156.4885826
-0.23,0.09,-0.51,1759343156.4905932
-0.22,0.09,-0.51,1759343156.4926069
-0.22,0.09,-0.51,1759343156.4945323
-0.21,0.08,-0.5,1759343156.4964907
-0.2,0.08,-0.5,1759343156.4998803
-0.2,0.08,-0.5,1759343156.5041585
-0.19,0.07,-0.5,1759343156.509428
-0.19,0.07,-0.5,1759343156.5128202
-0.18,0.07,-0.5,1759343156.516017
-0.17,0.07,-0.5,1759343156.5195012
-0.17,0.06,-0.5,1759343156.5230112
-0.16,0.06,-0.5,1759343156.526588
-0.15,0.06,-0.5,1759343156.529844
-0.14,0.06,-0.5,1759343156.5333695
-0.14,0.05,-0.5,1759343156.5356953
-0.13,0.05,-0.5,1759343156.5381343
-0.12,0.05,-0.49,1759343156.540565
-0.11,0.05,-0.49,1759343156.5429096
-0.11,0.05,-0.49,1759343156.545452
-0.1,0.04,-0.49,1759343156.5478716
-0.09,0.04,-0.49,1759343156.5509284
-0.09,0.04,-0.49,1759343156.5534344
-0.08,0.04,-0.49,1759343156.5555854
-0.07,0.03,-0.49,1759343156.5579026
-0.07,0.03,-0.49,1759343156.5606065
-0.06,0.03,-0.49,1759343156.5624175
-0.05,0.03,-0.49,1759343156.5647893
-0.05,0.03,-0.49,1759343156.5681188
-0.04,0.03,-0.49,1759343156.570407
-0.04,0.02,-0.48,1759343156.5732834
-0.03,0.02,-0.48,1759343156.5763896
-0.02,0.02,-0.48,1759343156.5781302
-0.02,0.02,-0.48,1759343156.580481
-0.01,0.02,-0.48,1759343156.583818
-0.01,0.02,-0.48,1759343156.5856464
-0.0,0.02,-0.48,1759343156.5884368
0.0,0.01,-0.48,1759343156.5911424
0.01,0.01,-0.48,1759343156.5936525
0.01,0.01,-0.48,1759343156.5963678
0.02,0.01,-0.48,1759343156.5987406
0.03,0.01,-0.48,1759343156.6020691
0.03,0.01,-0.47,1759343156.6053498
0.04,0.01,-0.47,1759343156.6078422
0.04,0.01,-0.47,1759343156.6112423
0.04,0.0,-0.47,1759343156.6143491
0.05,0.0,-0.47,1759343156.61703
0.05,0.0,-0.47,1759343156.61982
0.06,0.0,-0.47,1759343156.6227906
0.06,0.0,-0.47,1759343156.6251397
0.07,0.0,-0.47,1759343156.6277664
0.07,0.0,-0.47,1759343156.6305
0.08,-0.0,-0.47,1759343156.633356
0.08,-0.0,-0.47,1759343156.6359923
0.08,-0.0,-0.47,1759343156.6386583
0.09,-0.0,-0.47,1759343156.6414342
0.09,-0.0,-0.47,1759343156.6440065
0.09,-0.0,-0.47,1759343156.646629
0.1,-0.01,-0.47,1759343156.6488216
0.1,-0.01,-0.47,1759343156.6512551
0.11,-0.01,-0.46,1759343156.6541817
0.11,-0.01,-0.46,1759343156.656695
0.11,-0.01,-0.46,1759343156.6592634
0.12,-0.01,-0.46,1759343156.6621146
0.12,-0.01,-0.46,1759343156.6647162
0.13,-0.01,-0.46,1759343156.6673114
0.13,-0.01,-0.46,1759343156.6705303
0.13,-0.02,-0.46,1759343156.673494
0.13,-0.02,-0.46,1759343156.675694
0.14,-0.02,-0.46,1759343156.678712
0.14,-0.02,-0.46,1759343156.6809924
0.14,-0.02,-0.46,1759343156.6839714
0.15,-0.02,-0.46,1759343156.68631
0.15,-0.02,-0.45,1759343156.6891668
0.15,-0.02,-0.45,1759343156.6916628
0.15,-0.02,-0.45,1759343156.6946316
0.16,-0.03,-0.45,1759343156.697274
0.16,-0.03,-0.45,1759343156.6996136
0.16,-0.03,-0.45,1759343156.7022572
0.16,-0.03,-0.45,1759343156.7049267
0.17,-0.03,-0.45,1759343156.7075148
0.17,-0.03,-0.45,1759343156.7101085
0.17,-0.03,-0.45,1759343156.7134328
0.17,-0.03,-0.44,1759343156.7158394
0.17,-0.03,-0.44,1759343156.7187955
0.18,-0.03,-0.44,1759343156.721105
0.18,-0.03,-0.44,1759343156.7237089
0.18,-0.03,-0.44,1759343156.7262523
0.18,-0.04,-0.44,1759343156.7291956
0.18,-0.04,-0.44,1759343156.7320218
0.18,-0.04,-0.44,1759343156.734839
0.19,-0.04,-0.44,1759343156.737464
0.19,-0.04,-0.43,1759343156.7399795
0.19,-0.04,-0.43,1759343156.7426646
0.19,-0.04,-0.43,1759343156.7452655
0.19,-0.04,-0.43,1759343156.7478251
0.19,-0.04,-0.43,1759343156.7508264
0.19,-0.04,-0.43,1759343156.7530887
0.19,-0.04,-0.43,1759343156.755854
0.19,-0.04,-0.43,1759343156.7585075
0.19,-0.04,-0.43,1759343156.761133
0.2,-0.04,-0.42,1759343156.764004
0.2,-0.03,-0.42,1759343156.7669032
0.2,-0.03,-0.42,1759343156.7696426
0.2,-0.03,-0.42,1759343156.7729645
0.2,-0.03,-0.42,1759343156.7762485
0.2,-0.03,-0.42,1759343156.7794776
0.2,-0.03,-0.42,1759343156.7822824
0.2,-0.03,-0.42,1759343156.785515
0.2,-0.03,-0.42,1759343156.788596
0.2,-0.03,-0.41,1759343156.7919786
0.2,-0.03,-0.41,1759343156.7951047
0.2,-0.03,-0.41,1759343156.7977688
0.2,-0.03,-0.41,1759343156.800513
0.2,-0.03,-0.41,1759343156.8034804
0.2,-0.02,-0.41,1759343156.8067012
0.2,-0.02,-0.41,1759343156.809857
0.19,-0.02,-0.41,1759343156.8126867
0.19,-0.02,-0.41,1759343156.815811
0.19,-0.02,-0.4,1759343156.8190005
0.19,-0.02,-0.4,1759343156.8218465
0.19,-0.02,-0.4,1759343156.8252554
0.19,-0.02,-0.4,1759343156.8279896
0.19,-0.02,-0.4,1759343156.8310475
0.19,-0.02,-0.4,1759343156.8336046
0.19,-0.02,-0.4,1759343156.836897
0.19,-0.02,-0.4,1759343156.8392637
0.19,-0.01,-0.4,1759343156.8429277
0.19,-0.01,-0.4,1759343156.846084
0.18,-0.01,-0.4,1759343156.8490045
0.18,-0.01,-0.4,1759343156.8521605
0.18,-0.01,-0.39,1759343156.8552077
0.18,-0.01,-0.39,1759343156.8585565
0.18,-0.01,-0.39,1759343156.8612611
0.18,-0.01,-0.39,1759343156.8640366
0.18,-0.01,-0.39,1759343156.867403
0.18,-0.01,-0.39,1759343156.8709848
0.18,-0.01,-0.39,1759343156.874535
0.17,-0.0,-0.39,1759343156.877086
0.17,-0.0,-0.39,1759343156.88018
0.17,-0.0,-0.39,1759343156.8835974
0.17,-0.0,-0.39,1759343156.8859334
0.17,-0.0,-0.39,1759343156.8885224
0.17,-0.0,-0.39,1759343156.8915975
0.17,-0.0,-0.39,1759343156.8944683
0.17,-0.0,-0.38,1759343156.8982966
0.17,0.0,-0.38,1759343156.9010892
0.16,0.0,-0.38,1759343156.9043612
0.16,0.0,-0.38,1759343156.907343
0.16,0.0,-0.38,1759343156.9105082
0.16,0.0,-0.38,1759343156.9135642
0.16,0.0,-0.38,1759343156.91617
0.16,0.01,-0.38,1759343156.9192677
0.16,0.01,-0.38,1759343156.92208
0.16,0.01,-0.38,1759343156.9251478
0.15,0.01,-0.38,1759343156.928184
0.15,0.01,-0.38,1759343156.9311807
0.15,0.01,-0.38,1759343156.9345677
0.15,0.01,-0.38,1759343156.9378066
0.15,0.01,-0.38,1759343156.940589
0.15,0.01,-0.38,1759343156.9434445
0.15,0.01,-0.37,1759343156.947036
0.15,0.01,-0.37,1759343156.949863
0.14,0.01,-0.37,1759343156.9529538
0.14,0.01,-0.37,1759343156.9561229
0.14,0.01,-0.37,1759343156.9592996
0.14,0.02,-0.37,1759343156.9621763
0.14,0.02,-0.37,1759343156.9657557
0.14,0.02,-0.37,1759343156.9686508
0.14,0.02,-0.37,1759343156.975436
0.14,0.02,-0.37,1759343156.9783666
0.14,0.02,-0.37,1759343156.9813943
0.14,0.02,-0.37,1759343156.9857678
0.13,0.02,-0.37,1759343156.9889588
0.13,0.02,-0.37,1759343156.9907067
0.13,0.02,-0.37,1759343156.993261
0.13,0.02,-0.37,1759343156.9953277
0.13,0.02,-0.37,1759343156.9975474
0.13,0.02,-0.37,1759343156.9996026
0.13,0.02,-0.37,1759343157.0032368
0.13,0.02,-0.37,1759343157.005209
0.13,0.03,-0.37,1759343157.0076718
0.13,0.03,-0.37,1759343157.0095708
0.13,0.03,-0.37,1759343157.011903
0.13,0.03,-0.37,1759343157.013852
0.12,0.03,-0.37,1759343157.0163972
0.12,0.03,-0.37,1759343157.0184677
0.12,0.03,-0.37,1759343157.020389
0.12,0.03,-0.37,1759343157.022817
0.12,0.03,-0.37,1759343157.0248024
0.12,0.03,-0.37,1759343157.0267146
0.12,0.03,-0.37,1759343157.02881
0.12,0.03,-0.37,1759343157.0399835
0.12,0.03,-0.37,1759343157.0420983
0.12,0.03,-0.37,1759343157.0441692
0.12,0.03,-0.37,1759343157.0462914
0.12,0.03,-0.37,1759343157.048572
0.12,0.03,-0.37,1759343157.0517364
0.12,0.03,-0.37,1759343157.0558443
0.12,0.04,-0.37,1759343157.059204
0.11,0.04,-0.37,1759343157.0630405
0.11,0.04,-0.37,1759343157.0664952
0.11,0.04,-0.37,1759343157.0704544
0.11,0.04,-0.37,1759343157.074636
0.11,0.04,-0.37,1759343157.077809
0.11,0.04,-0.37,1759343157.0811691
0.11,0.04,-0.37,1759343157.0850017
0.11,0.04,-0.37,1759343157.0882416
0.11,0.04,-0.37,1759343157.09157
0.11,0.04,-0.37,1759343157.0959244
0.11,0.04,-0.37,1759343157.099597
0.11,0.04,-0.37,1759343157.103726
0.11,0.04,-0.37,1759343157.106953
0.11,0.04,-0.37,1759343157.110854
0.11,0.04,-0.37,1759343157.1150892
0.11,0.04,-0.37,1759343157.118266
0.11,0.04,-0.37,1759343157.1219835
0.11,0.04,-0.37,1759343157.1254652
0.11,0.04,-0.37,1759343157.1289
0.11,0.04,-0.37,1759343157.1331296
0.11,0.04,-0.37,1759343157.1366873
0.11,0.04,-0.37,1759343157.1401973
0.11,0.04,-0.37,1759343157.1441176
0.11,0.04,-0.37,1759343157.1481462
0.11,0.04,-0.37,1759343157.151971
0.11,0.04,-0.37,1759343157.155816
0.11,0.04,-0.37,1759343157.160534
0.11,0.04,-0.37,1759343157.1643364
0.11,0.04,-0.37,1759343157.168142
0.11,0.04,-0.37,1759343157.172949
0.11,0.04,-0.37,1759343157.1758904
0.11,0.04,-0.37,1759343157.179947
0.11,0.04,-0.37,1759343157.18303
0.11,0.04,-0.37,1759343157.187052
0.11,0.04,-0.37,1759343157.190282
0.11,0.04,-0.37,1759343157.1934364
0.11,0.04,-0.37,1759343157.196873
0.11,0.04,-0.37,1759343157.2006528
0.11,0.04,-0.37,1759343157.20408
0.11,0.04,-0.38,1759343157.2086592
0.11,0.04,-0.38,1759343157.2127843
0.11,0.04,-0.38,1759343157.2162776
0.11,0.04,-0.38,1759343157.2195234
0.11,0.04,-0.38,1759343157.22365
0.11,0.04,-0.38,1759343157.2271364
0.11,0.04,-0.38,1759343157.2311156
0.11,0.04,-0.38,1759343157.2347116
0.11,0.04,-0.38,1759343157.2380323
0.11,0.04,-0.38,1759343157.2412772
0.11,0.04,-0.38,1759343157.2444098
0.11,0.04,-0.38,1759343157.248492
0.12,0.04,-0.38,1759343157.25296
0.12,0.04,-0.38,1759343157.255895
0.12,0.04,-0.38,1759343157.2604272
0.12,0.04,-0.38,1759343157.2641623
0.12,0.04,-0.38,1759343157.2687335
0.12,0.04,-0.38,1759343157.2723942
0.12,0.04,-0.38,1759343157.2760568
0.12,0.04,-0.38,1759343157.2799764
0.12,0.04,-0.38,1759343157.2834768
0.12,0.04,-0.38,1759343157.2878842
0.12,0.04,-0.38,1759343157.2920685
0.12,0.04,-0.38,1759343157.2955065
0.12,0.04,-0.38,1759343157.2993135
0.12,0.04,-0.38,1759343157.303135
0.12,0.04,-0.38,1759343157.3072977
0.12,0.04,-0.38,1759343157.3099704
0.12,0.04,-0.38,1759343157.314411
0.12,0.03,-0.38,1759343157.318335
0.12,0.03,-0.38,1759343157.321249
0.12,0.03,-0.39,1759343157.325307
0.12,0.03,-0.39,1759343157.3285866
0.12,0.03,-0.39,1759343157.3324394
0.12,0.03,-0.39,1759343157.335491
0.13,0.03,-0.39,1759343157.3397355
0.13,0.03,-0.39,1759343157.342763
0.13,0.03,-0.39,1759343157.3461878
0.13,0.03,-0.39,1759343157.350052
0.13,0.02,-0.39,1759343157.3540514
0.13,0.02,-0.39,1759343157.3570583
0.13,0.02,-0.39,1759343157.3603237
0.13,0.02,-0.4,1759343157.3640983
0.13,0.02,-0.4,1759343157.3671412
0.13,0.02,-0.4,1759343157.3709996
0.13,0.01,-0.4,1759343157.376207
0.13,0.01,-0.4,1759343157.3801425
0.13,0.01,-0.4,1759343157.384212
0.13,0.01,-0.41,1759343157.3882911
0.13,0.01,-0.41,1759343157.3922558
0.13,0.0,-0.41,1759343157.3960383
0.13,0.0,-0.41,1759343157.3989515
0.13,-0.0,-0.41,1759343157.4019394
0.12,-0.0,-0.41,1759343157.4061718
0.12,-0.01,-0.42,1759343157.4111032
0.12,-0.01,-0.42,1759343157.4142709
0.12,-0.01,-0.42,1759343157.4210854
0.11,-0.01,-0.42,1759343157.424962
0.11,-0.01,-0.43,1759343157.429335
0.11,-0.02,-0.43,1759343157.4323597
0.1,-0.02,-0.43,1759343157.4363751
0.1,-0.02,-0.43,1759343157.4396143
0.09,-0.02,-0.43,1759343157.4425826
0.09,-0.02,-0.44,1759343157.446323
0.08,-0.03,-0.44,1759343157.449401
0.08,-0.03,-0.44,1759343157.4528365
0.07,-0.03,-0.44,1759343157.4548764
0.07,-0.03,-0.45,1759343157.4568236
0.06,-0.03,-0.45,1759343157.4593787
0.05,-0.03,-0.45,1759343157.4621556
0.05,-0.04,-0.45,1759343157.4647472
0.04,-0.04,-0.45,1759343157.4667962
0.03,-0.04,-0.46,1759343157.470072
0.02,-0.04,-0.46,1759343157.474171
0.02,-0.04,-0.46,1759343157.4775362
0.01,-0.04,-0.46,1759343157.4814374
-0.0,-0.04,-0.46,1759343157.4842348
-0.02,-0.04,-0.47,1759343157.4871705
-0.03,-0.04,-0.47,1759343157.4897456
-0.04,-0.04,-0.47,1759343157.492788
-0.05,-0.04,-0.47,1759343157.4953327
-0.06,-0.04,-0.47,1759343157.4974406
-0.07,-0.04,-0.47,1759343157.4995656
-0.08,-0.04,-0.48,1759343157.502216
-0.09,-0.04,-0.48,1759343157.5045462
-0.1,-0.04,-0.48,1759343157.5063698
-0.11,-0.04,-0.48,1759343157.5112016
-0.12,-0.04,-0.48,1759343157.514705
-0.13,-0.04,-0.48,1759343157.5180757
-0.14,-0.04,-0.48,1759343157.5228117
-0.15,-0.04,-0.48,1759343157.5250754
-0.16,-0.04,-0.48,1759343157.5278394
-0.17,-0.03,-0.48,1759343157.5302198
-0.18,-0.03,-0.48,1759343157.5329947
-0.2,-0.03,-0.48,1759343157.536323
-0.21,-0.03,-0.48,1759343157.538673
-0.22,-0.03,-0.48,1759343157.5418327
-0.23,-0.02,-0.48,1759343157.544194
-0.24,-0.02,-0.48,1759343157.5475256
-0.26,-0.02,-0.48,1759343157.5498302
-0.27,-0.02,-0.48,1759343157.552178
-0.28,-0.02,-0.48,1759343157.555119
-0.29,-0.01,-0.48,1759343157.5579216
-0.3,-0.01,-0.48,1759343157.5606418
-0.31,-0.01,-0.48,1759343157.5634866
-0.33,-0.01,-0.48,1759343157.5664268
-0.34,-0.0,-0.48,1759343157.5685334
-0.35,0.0,-0.47,1759343157.5718324
-0.36,0.0,-0.47,1759343157.5739071
-0.37,0.01,-0.47,1759343157.5756
-0.38,0.01,-0.47,1759343157.5775106
-0.39,0.01,-0.47,1759343157.5798368
-0.4,0.01,-0.47,1759343157.5820014
-0.42,0.02,-0.47,1759343157.5839217
-0.43,0.02,-0.47,1759343157.5866573
-0.44,0.02,-0.47,1759343157.5882847
-0.45,0.03,-0.47,1759343157.5899398
-0.46,0.03,-0.46,1759343157.5922172
-0.47,0.03,-0.46,1759343157.594425
-0.48,0.04,-0.46,1759343157.596074
-0.49,0.04,-0.46,1759343157.598802
-0.49,0.04,-0.46,1759343157.6004603
-0.5,0.05,-0.46,1759343157.6047027
-0.51,0.05,-0.46,1759343157.6064737
-0.52,0.05,-0.46,1759343157.6087306
-0.53,0.06,-0.46,1759343157.6106465
-0.54,0.06,-0.46,1759343157.61356
-0.54,0.06,-0.46,1759343157.6158416
-0.55,0.07,-0.46,1759343157.617827
-0.56,0.07,-0.46,1759343157.620264
-0.57,0.07,-0.46,1759343157.6223717
-0.57,0.08,-0.46,1759343157.6254733
-0.58,0.08,-0.46,1759343157.628745
-0.59,0.08,-0.46,1759343157.632066
-0.59,0.09,-0.46,1759343157.6363587
-0.6,0.09,-0.46,1759343157.6402016
-0.6,0.09,-0.46,1759343157.644069
-0.61,0.1,-0.46,1759343157.6475725
-0.61,0.1,-0.46,1759343157.6518106
-0.62,0.1,-0.46,1759343157.6553738
-0.62,0.11,-0.46,1759343157.6596642
-0.62,0.11,-0.46,1759343157.6637526
-0.62,0.11,-0.46,1759343157.6676226
-0.63,0.12,-0.46,1759343157.6710036
-0.63,0.12,-0.46,1759343157.6742177
-0.63,0.12,-0.46,1759343157.6768036
-0.63,0.12,-0.46,1759343157.679373
-0.63,0.12,-0.47,1759343157.682346
-0.63,0.12,-0.47,1759343157.6850522
-0.63,0.13,-0.47,1759343157.6877525
-0.63,0.13,-0.47,1759343157.690749
-0.62,0.13,-0.47,1759343157.6934042
-0.62,0.13,-0.47,1759343157.6969154
-0.62,0.13,-0.47,1759343157.6996012
-0.62,0.13,-0.47,1759343157.7027411
-0.61,0.13,-0.47,1759343157.7055044
-0.61,0.13,-0.47,1759343157.708108
-0.61,0.13,-0.47,1759343157.7107086
-0.6,0.13,-0.47,1759343157.7136436
-0.6,0.13,-0.47,1759343157.716508
-0.6,0.13,-0.48,1759343157.718892
-0.59,0.13,-0.48,1759343157.722155
-0.59,0.13,-0.48,1759343157.7250817
-0.59,0.13,-0.48,1759343157.7275157
-0.58,0.12,-0.48,1759343157.7301655
-0.58,0.12,-0.48,1759343157.732739
-0.57,0.12,-0.48,1759343157.7358656
-0.57,0.13,-0.48,1759343157.7385757
-0.57,0.13,-0.48,1759343157.744602
-0.56,0.13,-0.49,1759343157.7467566
-0.56,0.13,-0.49,1759343157.7492027
-0.55,0.13,-0.49,1759343157.7518785
-0.54,0.13,-0.49,1759343157.75415
-0.54,0.13,-0.49,1759343157.7563384
-0.53,0.13,-0.49,1759343157.7586036
-0.53,0.13,-0.49,1759343157.7608154
-0.52,0.13,-0.5,1759343157.7631607
-0.52,0.13,-0.5,1759343157.769575
-0.51,0.13,-0.5,1759343157.7731934
-0.51,0.13,-0.5,1759343157.77574
-0.5,0.13,-0.5,1759343157.778205
-0.5,0.12,-0.5,1759343157.7805092
-0.49,0.12,-0.5,1759343157.7830875
-0.49,0.12,-0.5,1759343157.7850776
-0.48,0.12,-0.5,1759343157.7928357
-0.47,0.12,-0.5,1759343157.7953124
-0.47,0.12,-0.51,1759343157.7978685
-0.46,0.12,-0.51,1759343157.799877
-0.45,0.12,-0.51,1759343157.8018055
-0.44,0.12,-0.51,1759343157.803953
-0.44,0.12,-0.51,1759343157.806016
-0.43,0.11,-0.51,1759343157.8083708
-0.42,0.11,-0.51,1759343157.8105862
-0.41,0.11,-0.51,1759343157.8134549
-0.4,0.11,-0.51,1759343157.8167431
-0.4,0.11,-0.51,1759343157.8193305
-0.39,0.11,-0.51,1759343157.8255458
-0.38,0.11,-0.51,1759343157.8280275
-0.37,0.11,-0.51,1759343157.8304973
-0.36,0.1,-0.51,1759343157.8333824
-0.35,0.1,-0.51,1759343157.83682
-0.34,0.1,-0.51,1759343157.840316
-0.33,0.1,-0.51,1759343157.843958
-0.33,0.09,-0.51,1759343157.8471224
-0.32,0.09,-0.51,1759343157.8511152
-0.31,0.09,-0.51,1759343157.8541994
-0.3,0.09,-0.51,1759343157.8579566
-0.29,0.08,-0.51,1759343157.860306
-0.28,0.08,-0.51,1759343157.8642006
-0.28,0.08,-0.51,1759343157.8673527
-0.27,0.07,-0.51,1759343157.8710933
-0.26,0.07,-0.51,1759343157.875144
-0.25,0.07,-0.51,1759343157.8801289
-0.24,0.07,-0.51,1759343157.884555
-0.24,0.06,-0.51,1759343157.8883474
-0.23,0.06,-0.51,1759343157.8930483
-0.22,0.06,-0.51,1759343157.8966136
-0.21,0.06,-0.51,1759343157.901816
-0.2,0.05,-0.51,1759343157.905659
-0.19,0.05,-0.51,1759343157.909706
-0.19,0.05,-0.51,1759343157.9131682
-0.18,0.04,-0.51,1759343157.917665
-0.17,0.04,-0.5,1759343157.9210715
-0.16,0.04,-0.5,1759343157.9241102
-0.16,0.04,-0.5,1759343157.9286387
-0.15,0.04,-0.5,1759343157.9315546
-0.14,0.04,-0.5,1759343157.9353478
-0.13,0.03,-0.5,1759343157.9383366
-0.13,0.03,-0.5,1759343157.941596
-0.12,0.03,-0.5,1759343157.9449117
-0.12,0.03,-0.5,1759343157.9490268
-0.11,0.03,-0.5,1759343157.9519846
-0.1,0.03,-0.5,1759343157.954878
-0.1,0.02,-0.5,1759343157.9578583
-0.09,0.02,-0.5,1759343157.9621756
-0.09,0.02,-0.49,1759343157.9654574
-0.08,0.02,-0.49,1759343157.969034
-0.08,0.02,-0.49,1759343157.9716856
-0.07,0.02,-0.49,1759343157.974911
-0.07,0.02,-0.49,1759343157.9793465
-0.06,0.02,-0.49,1759343157.9823768
-0.06,0.02,-0.49,1759343157.9852362
-0.05,0.01,-0.49,1759343157.9889984
-0.05,0.01,-0.49,1759343157.9927964
-0.05,0.01,-0.49,1759343157.995611
-0.04,0.01,-0.48,1759343157.9978716
-0.04,0.01,-0.48,1759343158.0003488
-0.03,0.01,-0.48,1759343158.0027027
-0.03,0.01,-0.48,1759343158.004797
-0.03,0.01,-0.48,1759343158.0086071
-0.02,0.01,-0.48,1759343158.0108793
-0.02,0.01,-0.48,1759343158.0132158
-0.01,0.01,-0.48,1759343158.015685
-0.01,0.01,-0.48,1759343158.0182276
-0.01,0.01,-0.48,1759343158.0211456
-0.0,0.01,-0.47,1759343158.0242949
-0.0,0.01,-0.47,1759343158.0284956
0.0,0.01,-0.47,1759343158.0332997
0.0,0.01,-0.47,1759343158.0369923
0.01,0.01,-0.47,1759343158.040116
0.01,0.01,-0.47,1759343158.0433347
0.01,0.01,-0.47,1759343158.0476336
0.01,0.01,-0.47,1759343158.0503578
0.02,0.01,-0.46,1759343158.0529585
0.02,0.0,-0.46,1759343158.0559678
0.02,0.0,-0.46,1759343158.0596452
0.02,0.0,-0.46,1759343158.0630054
0.02,0.0,-0.46,1759343158.0660625
0.03,0.0,-0.46,1759343158.0695388
0.03,0.0,-0.45,1759343158.072131
0.03,0.0,-0.45,1759343158.0747087
0.03,0.0,-0.45,1759343158.0772803
0.04,0.0,-0.45,1759343158.0799348
0.04,0.0,-0.45,1759343158.0828974
0.04,0.0,-0.45,1759343158.085619
0.04,0.0,-0.44,1759343158.08873
0.04,0.0,-0.44,1759343158.0925047
0.04,0.0,-0.44,1759343158.0960295
0.04,0.0,-0.44,1759343158.0991523
0.05,0.0,-0.44,1759343158.102173
0.05,0.0,-0.44,1759343158.104572
0.05,0.0,-0.43,1759343158.106835
0.05,0.0,-0.43,1759343158.1092384
0.05,0.0,-0.43,1759343158.1115708
0.05,0.0,-0.43,1759343158.1140113
0.05,0.0,-0.43,1759343158.1163468
0.05,0.0,-0.43,1759343158.1185665
0.05,0.0,-0.42,1759343158.120931
0.05,0.0,-0.42,1759343158.1233072
0.06,0.0,-0.42,1759343158.125475
0.06,0.0,-0.42,1759343158.1287668
0.06,0.0,-0.42,1759343158.1323462
0.06,0.0,-0.42,1759343158.1355228
0.06,0.01,-0.41,1759343158.1383114
0.06,0.01,-0.41,1759343158.140284
0.06,0.01,-0.41,1759343158.143493
0.06,0.01,-0.41,1759343158.1464877
0.06,0.01,-0.41,1759343158.1487465
0.06,0.01,-0.41,1759343158.151034
0.06,0.01,-0.4,1759343158.153375
0.06,0.01,-0.4,1759343158.1557906
0.06,0.01,-0.4,1759343158.158944
0.06,0.01,-0.4,1759343158.1626463
0.06,0.01,-0.4,1759343158.166056
0.06,0.01,-0.4,1759343158.1691985
0.06,0.01,-0.39,1759343158.1721804
0.06,0.02,-0.39,1759343158.1752586
0.06,0.02,-0.39,1759343158.1780305
0.06,0.02,-0.39,1759343158.1806264
0.06,0.02,-0.39,1759343158.1843877
0.06,0.02,-0.39,1759343158.187669
0.06,0.02,-0.39,1759343158.1909606
0.06,0.02,-0.39,1759343158.19464
0.06,0.02,-0.38,1759343158.1981206
0.06,0.02,-0.38,1759343158.2011952
0.06,0.02,-0.38,1759343158.2045712
0.06,0.02,-0.38,1759343158.2083223
0.06,0.02,-0.38,1759343158.211728
0.06,0.02,-0.38,1759343158.215741
0.06,0.03,-0.38,1759343158.2191055
0.06,0.03,-0.38,1759343158.2221203
0.06,0.03,-0.37,1759343158.2252383
0.06,0.03,-0.37,1759343158.228402
0.06,0.03,-0.37,1759343158.2320747
0.05,0.03,-0.37,1759343158.235163
0.05,0.03,-0.37,1759343158.23804
0.05,0.03,-0.37,1759343158.240524
0.05,0.03,-0.37,1759343158.2435029
0.05,0.03,-0.37,1759343158.2463937
0.05,0.03,-0.37,1759343158.249246
0.05,0.04,-0.37,1759343158.252455
0.05,0.04,-0.36,1759343158.2569568
0.05,0.04,-0.36,1759343158.2598915
0.05,0.04,-0.36,1759343158.262658
0.05,0.04,-0.36,1759343158.2650187
0.05,0.04,-0.36,1759343158.2673175
0.05,0.04,-0.36,1759343158.2699735
0.05,0.04,-0.36,1759343158.272966
0.05,0.04,-0.36,1759343158.276784
0.05,0.04,-0.36,1759343158.279171
0.05,0.04,-0.36,1759343158.2813468
0.05,0.05,-0.36,1759343158.2843726
0.05,0.05,-0.36,1759343158.2867095
0.05,0.05,-0.36,1759343158.289024
0.04,0.05,-0.36,1759343158.2913709
0.04,0.05,-0.36,1759343158.2935455
0.04,0.05,-0.36,1759343158.295749
0.04,0.05,-0.36,1759343158.298141
0.04,0.05,-0.35,1759343158.3007064
0.04,0.05,-0.35,1759343158.3032477
0.04,0.05,-0.35,1759343158.3055208
0.04,0.05,-0.35,1759343158.3076918
0.04,0.05,-0.35,1759343158.3099458
0.04,0.05,-0.35,1759343158.3128104
0.04,0.05,-0.35,1759343158.31612
0.04,0.06,-0.35,1759343158.3190343
0.04,0.06,-0.35,1759343158.3222885
0.04,0.06,-0.35,1759343158.3260734
0.04,0.06,-0.35,1759343158.3307505
0.04,0.06,-0.35,1759343158.3350725
0.04,0.06,-0.35,1759343158.338988
0.04,0.06,-0.35,1759343158.3427703
0.04,0.06,-0.35,1759343158.3473244
0.04,0.06,-0.35,1759343158.3505406
0.04,0.06,-0.35,1759343158.3536878
0.04,0.06,-0.35,1759343158.356596
0.04,0.06,-0.35,1759343158.359208
0.04,0.06,-0.35,1759343158.3622758
0.04,0.06,-0.35,1759343158.365356
0.04,0.06,-0.35,1759343158.3684385
0.04,0.06,-0.35,1759343158.3721192
0.04,0.06,-0.35,1759343158.375095
0.04,0.06,-0.35,1759343158.3785858
0.04,0.06,-0.36,1759343158.38186
0.04,0.07,-0.36,1759343158.38533
0.04,0.07,-0.36,1759343158.3882658
0.04,0.07,-0.36,1759343158.3911383
0.04,0.07,-0.36,1759343158.3944256
0.04,0.07,-0.36,1759343158.3974626
0.04,0.07,-0.36,1759343158.4003415
0.04,0.07,-0.36,1759343158.4034574
0.04,0.07,-0.36,1759343158.4063673
0.04,0.07,-0.36,1759343158.409288
0.04,0.07,-0.36,1759343158.4122608
0.04,0.07,-0.36,1759343158.4159334
0.04,0.07,-0.36,1759343158.418858
0.04,0.07,-0.36,1759343158.4219005
0.04,0.07,-0.36,1759343158.4249344
0.04,0.07,-0.36,1759343158.4278462
0.04,0.07,-0.36,1759343158.4307833
0.04,0.07,-0.36,1759343158.4340725
0.04,0.07,-0.36,1759343158.437781
0.04,0.07,-0.36,1759343158.4408336
0.04,0.07,-0.36,1759343158.4435973
0.04,0.07,-0.37,1759343158.446332
0.04,0.07,-0.37,1759343158.4492087
0.04,0.07,-0.37,1759343158.452149
0.04,0.07,-0.37,1759343158.4550312
0.04,0.07,-0.37,1759343158.4578652
0.04,0.07,-0.37,1759343158.4606786
0.04,0.07,-0.37,1759343158.463771
0.04,0.07,-0.37,1759343158.4669764
0.04,0.07,-0.37,1759343158.4700713
0.04,0.07,-0.37,1759343158.4732068
0.04,0.07,-0.37,1759343158.476091
0.05,0.07,-0.37,1759343158.4789798
0.05,0.07,-0.37,1759343158.482069
0.05,0.07,-0.37,1759343158.4855597
0.05,0.07,-0.37,1759343158.488438
0.05,0.07,-0.37,1759343158.491356
0.05,0.07,-0.37,1759343158.4944952
0.05,0.07,-0.37,1759343158.4977262
0.05,0.07,-0.38,1759343158.500579
0.05,0.07,-0.38,1759343158.5037274
0.05,0.07,-0.38,1759343158.5066924
0.05,0.07,-0.38,1759343158.5095274
0.05,0.07,-0.38,1759343158.512527
0.05,0.07,-0.38,1759343158.5155673
0.05,0.07,-0.38,1759343158.5190814
0.05,0.07,-0.38,1759343158.5220785
0.05,0.07,-0.38,1759343158.5249715
0.05,0.07,-0.38,1759343158.527598
0.05,0.07,-0.38,1759343158.5303264
0.05,0.07,-0.38,1759343158.533348
0.05,0.07,-0.38,1759343158.5365293
0.05,0.07,-0.38,1759343158.5390394
0.05,0.07,-0.38,1759343158.5413527
0.06,0.07,-0.38,1759343158.5441468
0.06,0.07,-0.38,1759343158.5472436
0.06,0.07,-0.38,1759343158.5501103
0.06,0.06,-0.38,1759343158.5531628
0.06,0.06,-0.39,1759343158.5560386
0.06,0.06,-0.39,1759343158.558873
0.06,0.06,-0.39,1759343158.5617876
0.06,0.06,-0.39,1759343158.5644605
0.06,0.06,-0.39,1759343158.568041
0.06,0.06,-0.39,1759343158.5709577
0.06,0.06,-0.39,1759343158.5740502
0.06,0.06,-0.39,1759343158.5768857
0.06,0.06,-0.39,1759343158.579728
0.06,0.06,-0.39,1759343158.582866
0.06,0.06,-0.39,1759343158.5863829
0.06,0.06,-0.39,1759343158.590082
0.06,0.06,-0.39,1759343158.5930865
0.06,0.06,-0.39,1759343158.5960383
0.06,0.06,-0.39,1759343158.5988722
0.06,0.06,-0.39,1759343158.601751
0.06,0.05,-0.39,1759343158.604577
0.06,0.05,-0.39,1759343158.607366
0.06,0.05,-0.39,1759343158.6101494
0.06,0.05,-0.39,1759343158.613186
0.06,0.05,-0.4,1759343158.616177
0.06,0.05,-0.4,1759343158.61973
0.06,0.05,-0.4,1759343158.622815
0.06,0.05,-0.4,1759343158.6257684
0.06,0.05,-0.4,1759343158.6286528
0.06,0.05,-0.4,1759343158.631821
0.06,0.04,-0.4,1759343158.6350474
0.06,0.04,-0.4,1759343158.6382627
0.05,0.04,-0.4,1759343158.6412728
0.05,0.04,-0.4,1759343158.644437
0.05,0.04,-0.4,1759343158.647338
0.05,0.04,-0.4,1759343158.650145
0.05,0.04,-0.4,1759343158.653116
0.05,0.04,-0.4,1759343158.6560483
0.05,0.03,-0.4,1759343158.6595669
0.04,0.03,-0.41,1759343158.6626527
0.04,0.03,-0.41,1759343158.6668563
0.04,0.03,-0.41,1759343158.6711102
0.04,0.03,-0.41,1759343158.6741042
0.03,0.03,-0.41,1759343158.6775167
0.03,0.03,-0.41,1759343158.680256
0.03,0.03,-0.41,1759343158.6839988
0.02,0.02,-0.41,1759343158.6882758
0.02,0.02,-0.41,1759343158.691368
0.02,0.02,-0.41,1759343158.6940374
0.01,0.02,-0.41,1759343158.6977255
0.01,0.02,-0.41,1759343158.7008774
0.0,0.02,-0.42,1759343158.703732
-0.0,0.02,-0.42,1759343158.706925
-0.01,0.02,-0.42,1759343158.709594
-0.01,0.02,-0.42,1759343158.7125633
-0.02,0.02,-0.42,1759343158.7157488
-0.02,0.02,-0.42,1759343158.720083
-0.03,0.01,-0.42,1759343158.7234013
-0.04,0.01,-0.42,1759343158.7259796
-0.04,0.01,-0.42,1759343158.7280724
-0.05,0.01,-0.42,1759343158.732889
-0.05,0.01,-0.42,1759343158.7360969
-0.06,0.01,-0.43,1759343158.7393715
-0.07,0.01,-0.43,1759343158.7431896
-0.08,0.01,-0.43,1759343158.74673
-0.08,0.01,-0.43,1759343158.750938
-0.09,0.01,-0.43,1759343158.754198
-0.1,0.01,-0.43,1759343158.7571092
-0.11,0.01,-0.43,1759343158.7618682
-0.11,0.01,-0.43,1759343158.7645936
-0.12,0.01,-0.43,1759343158.7673144
-0.13,0.01,-0.43,1759343158.770507
-0.14,0.01,-0.43,1759343158.7744896
-0.15,0.01,-0.43,1759343158.7776475
-0.16,0.01,-0.43,1759343158.7798014
-0.18,0.01,-0.44,1759343158.7838497
-0.19,0.01,-0.44,1759343158.7886071
-0.2,0.01,-0.44,1759343158.7924623
-0.21,0.01,-0.44,1759343158.7952468
-0.22,0.01,-0.44,1759343158.799158
-0.23,0.01,-0.44,1759343158.8014257
-0.24,0.01,-0.44,1759343158.806461
-0.25,0.01,-0.44,1759343158.811344
-0.26,0.01,-0.44,1759343158.8145845
-0.27,0.01,-0.44,1759343158.818683
-0.28,0.01,-0.44,1759343158.8228133
-0.3,0.01,-0.44,1759343158.8257842
-0.31,0.02,-0.44,1759343158.829182
-0.32,0.02,-0.45,1759343158.832093
-0.33,0.02,-0.45,1759343158.83545
-0.34,0.02,-0.45,1759343158.839568
-0.35,0.02,-0.45,1759343158.842585
-0.36,0.02,-0.45,1759343158.846011
-0.37,0.02,-0.45,1759343158.849703
-0.38,0.02,-0.45,1759343158.8533444
-0.39,0.03,-0.45,1759343158.85595
-0.4,0.03,-0.45,1759343158.8587377
-0.41,0.03,-0.45,1759343158.8615716
-0.42,0.03,-0.45,1759343158.8644376
-0.43,0.03,-0.45,1759343158.8678815
-0.44,0.04,-0.45,1759343158.8708534
-0.45,0.04,-0.45,1759343158.873907
-0.45,0.04,-0.45,1759343158.8759742
-0.46,0.04,-0.45,1759343158.8794365
-0.47,0.04,-0.45,1759343158.8831556
-0.48,0.04,-0.45,1759343158.8860655
-0.48,0.05,-0.45,1759343158.891127
-0.49,0.05,-0.45,1759343158.8940475
-0.5,0.05,-0.45,1759343158.8974416
-0.5,0.05,-0.45,1759343158.900762
-0.51,0.05,-0.45,1759343158.904451
-0.52,0.05,-0.45,1759343158.9079478
-0.52,0.06,-0.45,1759343158.9126651
-0.52,0.06,-0.45,1759343158.9167323
-0.53,0.06,-0.45,1759343158.9197683
-0.53,0.06,-0.45,1759343158.922584
-0.54,0.06,-0.45,1759343158.925258
-0.54,0.06,-0.45,1759343158.9283
-0.54,0.07,-0.45,1759343158.9321043
-0.55,0.07,-0.45,1759343158.9352615
-0.55,0.07,-0.45,1759343158.9375813
-0.55,0.07,-0.45,1759343158.9410665
-0.55,0.07,-0.45,1759343158.9442606
-0.56,0.07,-0.45,1759343158.9471612
-0.56,0.08,-0.45,1759343158.9495711
-0.56,0.08,-0.45,1759343158.951843
-0.56,0.08,-0.45,1759343158.9541442
-0.56,0.08,-0.45,1759343158.9564874
-0.56,0.08,-0.45,1759343158.9593449
-0.56,0.08,-0.45,1759343158.9617617
-0.56,0.09,-0.45,1759343158.9658687
-0.56,0.09,-0.45,1759343158.9701266
-0.56,0.09,-0.45,1759343158.9731855
-0.56,0.09,-0.45,1759343158.975628
-0.56,0.09,-0.45,1759343158.9784925
-0.56,0.09,-0.45,1759343158.981001
-0.56,0.09,-0.45,1759343158.9847262
-0.56,0.09,-0.45,1759343158.9874704
-0.55,0.1,-0.45,1759343158.9905396
-0.55,0.1,-0.45,1759343158.9932983
-0.55,0.1,-0.45,1759343158.9957175
-0.55,0.1,-0.45,1759343158.9991946
-0.55,0.1,-0.45,1759343159.0029051
-0.54,0.1,-0.45,1759343159.0054374
-0.54,0.1,-0.45,1759343159.0080757
-0.54,0.1,-0.45,1759343159.0118222
-0.53,0.1,-0.45,1759343159.0146806
-0.53,0.11,-0.45,1759343159.0184588
-0.53,0.11,-0.45,1759343159.021919
-0.52,0.11,-0.45,1759343159.024097
-0.52,0.11,-0.45,1759343159.0286453
-0.51,0.11,-0.45,1759343159.0326836
-0.51,0.11,-0.45,1759343159.03639
-0.51,0.11,-0.45,1759343159.0395577
-0.5,0.11,-0.45,1759343159.0437655
-0.5,0.11,-0.45,1759343159.0467615
-0.49,0.11,-0.45,1759343159.0494175
-0.49,0.11,-0.45,1759343159.0528543
-0.48,0.11,-0.45,1759343159.0560129
-0.48,0.11,-0.45,1759343159.059617
-0.47,0.11,-0.45,1759343159.062685
-0.46,0.11,-0.45,1759343159.0652468
-0.46,0.11,-0.45,1759343159.0680485
-0.45,0.11,-0.45,1759343159.0720716
-0.44,0.11,-0.45,1759343159.0747838
-0.44,0.11,-0.45,1759343159.0778067
-0.43,0.11,-0.45,1759343159.0807877
-0.42,0.11,-0.45,1759343159.084327
-0.42,0.11,-0.45,1759343159.0882988
-0.41,0.11,-0.45,1759343159.091385
-0.4,0.11,-0.45,1759343159.095828
-0.4,0.11,-0.45,1759343159.098838
-0.39,0.11,-0.45,1759343159.1029
-0.38,0.11,-0.45,1759343159.1057289
-0.38,0.11,-0.45,1759343159.109029
-0.37,0.11,-0.45,1759343159.1117034
-0.36,0.1,-0.45,1759343159.1148448
-0.36,0.1,-0.45,1759343159.119218
-0.35,0.1,-0.45,1759343159.123631
-0.34,0.1,-0.45,1759343159.1264098
-0.33,0.1,-0.45,1759343159.130127
-0.33,0.1,-0.44,1759343159.1339056
-0.32,0.1,-0.44,1759343159.1370957
-0.31,0.1,-0.44,1759343159.1400602
-0.3,0.1,-0.44,1759343159.1433628
-0.3,0.1,-0.44,1759343159.14638
-0.29,0.09,-0.44,1759343159.1496425
-0.28,0.09,-0.44,1759343159.152567
-0.27,0.09,-0.44,1759343159.1552205
-0.27,0.09,-0.44,1759343159.1580546
-0.26,0.09,-0.44,1759343159.160466
-0.25,0.09,-0.44,1759343159.163512
-0.24,0.09,-0.44,1759343159.1676805
-0.23,0.09,-0.44,1759343159.1712074
-0.23,0.09,-0.44,1759343159.1746874
-0.22,0.08,-0.43,1759343159.177662
-0.21,0.08,-0.43,1759343159.1806235
-0.2,0.08,-0.43,1759343159.183446
-0.2,0.08,-0.43,1759343159.18775
-0.19,0.08,-0.43,1759343159.1922226
-0.18,0.08,-0.43,1759343159.196318
-0.17,0.07,-0.43,1759343159.199294
-0.17,0.07,-0.43,1759343159.2023995
-0.16,0.07,-0.43,1759343159.2059846
-0.15,0.07,-0.43,1759343159.2089536
-0.14,0.07,-0.43,1759343159.2120273
-0.14,0.07,-0.43,1759343159.2151637
-0.13,0.07,-0.43,1759343159.2185223
-0.12,0.07,-0.43,1759343159.2227082
-0.11,0.06,-0.42,1759343159.2254188
-0.11,0.06,-0.42,1759343159.2279434
-0.1,0.06,-0.42,1759343159.2308035
-0.09,0.06,-0.42,1759343159.2335095
-0.09,0.06,-0.42,1759343159.2371426
-0.08,0.06,-0.42,1759343159.2410688
-0.08,0.06,-0.42,1759343159.2446766
-0.07,0.05,-0.42,1759343159.2480726
-0.06,0.05,-0.42,1759343159.2508526
-0.06,0.05,-0.42,1759343159.2537682
-0.05,0.05,-0.42,1759343159.2564526
-0.05,0.05,-0.42,1759343159.2588289
-0.04,0.05,-0.42,1759343159.2608688
-0.04,0.05,-0.42,1759343159.2627354
-0.03,0.04,-0.42,1759343159.2651446
-0.03,0.04,-0.42,1759343159.2669332
-0.02,0.04,-0.42,1759343159.268722
-0.02,0.04,-0.42,1759343159.2708929
-0.01,0.04,-0.41,1759343159.2730024
-0.0,0.04,-0.41,1759343159.2747898
0.0,0.04,-0.41,1759343159.2765467
0.01,0.04,-0.41,1759343159.279053
0.01,0.04,-0.41,1759343159.280883
0.02,0.04,-0.41,1759343159.2828517
0.02,0.04,-0.41,1759343159.284618
0.03,0.04,-0.41,1759343159.286319
0.03,0.04,-0.41,1759343159.288019
0.04,0.04,-0.41,1759343159.2898188
0.04,0.04,-0.41,1759343159.2921717
0.04,0.04,-0.41,1759343159.293916
0.05,0.04,-0.41,1759343159.2956188
0.05,0.03,-0.41,1759343159.2975595
0.06,0.03,-0.41,1759343159.3020418
0.06,0.03,-0.41,1759343159.3038263
0.07,0.03,-0.41,1759343159.3059158
0.07,0.03,-0.41,1759343159.3077366
0.07,0.03,-0.41,1759343159.3095398
0.08,0.03,-0.41,1759343159.3118846
0.08,0.03,-0.41,1759343159.3137023
0.09,0.03,-0.41,1759343159.3159218
0.09,0.03,-0.41,1759343159.3182015
0.09,0.03,-0.41,1759343159.319978
0.1,0.03,-0.41,1759343159.3218207
0.1,0.03,-0.41,1759343159.324708
0.1,0.03,-0.4,1759343159.3264737
0.11,0.03,-0.4,1759343159.3282266
0.11,0.03,-0.4,1759343159.32998
0.11,0.03,-0.4,1759343159.3320673
0.11,0.03,-0.4,1759343159.333912
0.12,0.03,-0.4,1759343159.335728
0.12,0.03,-0.4,1759343159.3375268
0.12,0.03,-0.4,1759343159.341453
0.13,0.03,-0.4,1759343159.343314
0.13,0.02,-0.4,1759343159.3453903
0.13,0.02,-0.4,1759343159.348005
0.14,0.02,-0.4,1759343159.3498197
0.14,0.02,-0.4,1759343159.3519127
0.14,0.02,-0.4,1759343159.3537145
0.14,0.02,-0.4,1759343159.356172
0.15,0.02,-0.4,1759343159.3579657
0.15,0.02,-0.4,1759343159.360069
0.15,0.02,-0.4,1759343159.36246
0.15,0.02,-0.4,1759343159.3645706
0.16,0.02,-0.4,1759343159.3663807
0.16,0.02,-0.39,1759343159.368457
0.16,0.02,-0.39,1759343159.370236
0.16,0.02,-0.39,1759343159.3734202
0.17,0.02,-0.39,1759343159.3763402
0.17,0.02,-0.39,1759343159.3792253
0.17,0.02,-0.39,1759343159.3821769
0.17,0.02,-0.39,1759343159.385173
0.18,0.02,-0.39,1759343159.3875413
0.18,0.02,-0.39,1759343159.3900876
0.18,0.02,-0.39,1759343159.393835
0.18,0.02,-0.39,1759343159.396885
0.18,0.02,-0.38,1759343159.3999095
0.18,0.02,-0.38,1759343159.4029555
0.19,0.02,-0.38,1759343159.406237
0.19,0.02,-0.38,1759343159.410069
0.19,0.02,-0.38,1759343159.4132102
0.19,0.02,-0.38,1759343159.4174912
0.19,0.02,-0.38,1759343159.4213078
0.19,0.02,-0.38,1759343159.4249778
0.19,0.02,-0.38,1759343159.4281402
0.19,0.02,-0.38,1759343159.4308145
0.19,0.02,-0.37,1759343159.4339948
0.2,0.02,-0.37,1759343159.4379234
0.2,0.02,-0.37,1759343159.4417076
0.2,0.02,-0.37,1759343159.4451537
0.2,0.02,-0.37,1759343159.4488325
0.2,0.02,-0.37,1759343159.4521852
0.2,0.02,-0.37,1759343159.4550483
0.2,0.02,-0.37,1759343159.459051
0.2,0.02,-0.37,1759343159.4618726
0.2,0.03,-0.37,1759343159.4660654
0.2,0.03,-0.36,1759343159.468963
0.2,0.03,-0.36,1759343159.4729877
0.2,0.03,-0.36,1759343159.4771783
0.2,0.03,-0.36,1759343159.4805682
0.2,0.03,-0.36,1759343159.483624
0.2,0.03,-0.36,1759343159.486624
0.2,0.03,-0.36,1759343159.4901438
0.2,0.03,-0.36,1759343159.4943223
0.19,0.03,-0.36,1759343159.4973302
0.19,0.04,-0.36,1759343159.4998617
0.19,0.04,-0.36,1759343159.5023892
0.19,0.04,-0.35,1759343159.5053463
0.19,0.04,-0.35,1759343159.5087128
0.19,0.04,-0.35,1759343159.5117643
0.19,0.04,-0.35,1759343159.5142994
0.19,0.04,-0.35,1759343159.517004
0.19,0.04,-0.35,1759343159.520422
0.19,0.04,-0.35,1759343159.5236063
0.19,0.04,-0.35,1759343159.5267313
0.19,0.04,-0.35,1759343159.530541
0.19,0.04,-0.35,1759343159.5340104
0.19,0.05,-0.35,1759343159.5379937
0.18,0.05,-0.34,1759343159.5418074
0.18,0.05,-0.34,1759343159.544717
0.18,0.05,-0.34,1759343159.547925
0.18,0.05,-0.34,1759343159.551352
0.18,0.05,-0.34,1759343159.555133
0.18,0.05,-0.34,1759343159.5584157
0.18,0.05,-0.34,1759343159.561374
0.18,0.05,-0.34,1759343159.5644646
0.18,0.05,-0.34,1759343159.5678215
0.17,0.05,-0.34,1759343159.5713646
0.17,0.06,-0.34,1759343159.574535
0.17,0.06,-0.34,1759343159.5774095
0.17,0.06,-0.34,1759343159.5803328
0.17,0.06,-0.34,1759343159.583296
0.17,0.06,-0.34,1759343159.5871987
0.17,0.06,-0.34,1759343159.5909576
0.17,0.06,-0.34,1759343159.5960195
0.16,0.06,-0.33,1759343159.5998304
0.16,0.06,-0.33,1759343159.6030233
0.16,0.06,-0.33,1759343159.6059968
0.16,0.06,-0.33,1759343159.6088402
0.16,0.06,-0.33,1759343159.6119092
0.16,0.06,-0.33,1759343159.615132
0.16,0.06,-0.33,1759343159.618055
0.16,0.07,-0.33,1759343159.6220737
0.15,0.07,-0.33,1759343159.6254168
0.15,0.07,-0.33,1759343159.628838
0.15,0.07,-0.33,1759343159.632597
0.15,0.07,-0.33,1759343159.6377466
0.15,0.07,-0.33,1759343159.6419144
0.15,0.07,-0.33,1759343159.646253
0.15,0.07,-0.33,1759343159.6505349
0.14,0.07,-0.33,1759343159.654768
0.14,0.07,-0.33,1759343159.6583536
0.14,0.07,-0.33,1759343159.6629376
0.14,0.07,-0.33,1759343159.6678128
0.14,0.07,-0.33,1759343159.6714215
0.14,0.07,-0.33,1759343159.675228
0.14,0.07,-0.33,1759343159.6789017
0.14,0.07,-0.33,1759343159.6827197
0.13,0.07,-0.33,1759343159.6877034
0.13,0.07,-0.33,1759343159.692993
0.13,0.07,-0.33,1759343159.6975756
0.13,0.07,-0.33,1759343159.7020345
0.13,0.07,-0.33,1759343159.706686
0.13,0.07,-0.33,1759343159.710369
0.13,0.07,-0.34,1759343159.714877
0.13,0.07,-0.34,1759343159.7198324
0.13,0.07,-0.34,1759343159.7231216
0.12,0.07,-0.34,1759343159.726457
0.12,0.07,-0.34,1759343159.730428
0.12,0.07,-0.34,1759343159.7354455
0.12,0.07,-0.34,1759343159.741153
0.12,0.07,-0.34,1759343159.7459936
0.12,0.07,-0.34,1759343159.7499914
0.12,0.07,-0.34,1759343159.7535174
0.12,0.07,-0.34,1759343159.7572188
0.11,0.07,-0.34,1759343159.7612307
0.11,0.07,-0.34,1759343159.7652383
0.11,0.07,-0.34,1759343159.7692442
0.11,0.07,-0.34,1759343159.7738566
0.11,0.07,-0.34,1759343159.7786872
0.11,0.07,-0.34,1759343159.782259
0.11,0.07,-0.35,1759343159.786795
0.11,0.07,-0.35,1759343159.7906828
0.11,0.07,-0.35,1759343159.7951083
0.1,0.07,-0.35,1759343159.800389
0.1,0.07,-0.35,1759343159.8048208
0.1,0.07,-0.35,1759343159.809306
0.1,0.07,-0.35,1759343159.8143916
0.1,0.07,-0.35,1759343159.8186505
0.1,0.07,-0.35,1759343159.8227322
0.1,0.07,-0.35,1759343159.826011
0.1,0.07,-0.35,1759343159.830529
0.09,0.07,-0.35,1759343159.8361208
0.09,0.07,-0.36,1759343159.838604
0.09,0.07,-0.36,1759343159.8420672
0.09,0.07,-0.36,1759343159.844967
0.09,0.07,-0.36,1759343159.8474104
0.09,0.07,-0.36,1759343159.8492377
0.09,0.07,-0.36,1759343159.8531482
0.09,0.06,-0.36,1759343159.8585896
0.08,0.06,-0.36,1759343159.8631148
0.08,0.06,-0.36,1759343159.8675144
0.08,0.06,-0.36,1759343159.8710966
0.08,0.06,-0.36,1759343159.8742957
0.08,0.06,-0.36,1759343159.87771
0.08,0.06,-0.36,1759343159.8807385
0.08,0.06,-0.37,1759343159.88377
0.08,0.06,-0.37,1759343159.8872447
0.07,0.06,-0.37,1759343159.8897166
0.07,0.06,-0.37,1759343159.8917837
0.07,0.06,-0.37,1759343159.8938932
0.07,0.06,-0.37,1759343159.896064
0.07,0.06,-0.37,1759343159.898831
0.07,0.06,-0.37,1759343159.9008646
0.07,0.06,-0.37,1759343159.9038072
0.07,0.06,-0.37,1759343159.9066532
0.07,0.06,-0.37,1759343159.9095223
0.06,0.06,-0.37,1759343159.9126325
0.06,0.06,-0.37,1759343159.9170055
0.06,0.06,-0.37,1759343159.9212885
0.06,0.06,-0.37,1759343159.9261885
0.06,0.06,-0.37,1759343159.9323196
0.06,0.06,-0.37,1759343159.9364655
0.06,0.06,-0.37,1759343159.9409108
0.06,0.06,-0.37,1759343159.9440632
0.06,0.06,-0.37,1759343159.9474094
0.06,0.06,-0.37,1759343159.9512117
0.06,0.06,-0.37,1759343159.9547942
0.06,0.06,-0.37,1759343159.960003
0.06,0.07,-0.37,1759343159.9640353
0.06,0.07,-0.37,1759343159.968581
0.06,0.07,-0.37,1759343159.974079
0.06,0.07,-0.37,1759343159.9789295
0.06,0.07,-0.37,1759343159.9828377
0.06,0.07,-0.37,1759343159.986202
0.07,0.07,-0.37,1759343159.988118
0.07,0.07,-0.37,1759343159.990558
0.07,0.07,-0.37,1759343159.9927857
0.07,0.07,-0.37,1759343159.995195
0.07,0.07,-0.37,1759343159.9973245
0.08,0.07,-0.37,1759343159.999477
0.08,0.07,-0.37,1759343160.001677
0.08,0.07,-0.36,1759343160.0047865
0.08,0.07,-0.36,1759343160.0066586
0.09,0.07,-0.36,1759343160.009182
0.09,0.07,-0.36,1759343160.0120256
0.09,0.07,-0.36,1759343160.014871
0.1,0.07,-0.36,1759343160.01728
0.1,0.07,-0.36,1759343160.0197146
0.11,0.07,-0.36,1759343160.0221176
0.11,0.07,-0.36,1759343160.0243158
0.11,0.07,-0.35,1759343160.027534
0.12,0.07,-0.35,1759343160.03098
0.12,0.07,-0.35,1759343160.0359654
0.13,0.07,-0.35,1759343160.0396357
0.14,0.07,-0.35,1759343160.0448475
0.14,0.07,-0.35,1759343160.0498972
0.15,0.07,-0.35,1759343160.0526235
0.16,0.07,-0.34,1759343160.057044
0.16,0.07,-0.34,1759343160.060313
0.17,0.07,-0.34,1759343160.064989
0.18,0.07,-0.34,1759343160.0689828
0.19,0.07,-0.34,1759343160.0723965
0.19,0.07,-0.34,1759343160.075258
0.2,0.07,-0.34,1759343160.0778873
0.21,0.07,-0.33,1759343160.080355
0.22,0.07,-0.33,1759343160.084259
0.23,0.07,-0.33,1759343160.0873358
0.24,0.07,-0.33,1759343160.091028
0.25,0.07,-0.33,1759343160.0945165
0.26,0.06,-0.33,1759343160.098194
0.27,0.06,-0.33,1759343160.10227
0.28,0.06,-0.32,1759343160.1063118
0.29,0.06,-0.32,1759343160.109753
0.3,0.06,-0.32,1759343160.1129997
0.31,0.06,-0.32,1759343160.1159985
0.32,0.06,-0.32,1759343160.11887
0.33,0.06,-0.32,1759343160.1221218
0.34,0.06,-0.32,1759343160.1239674
0.35,0.06,-0.32,1759343160.1259854
0.36,0.05,-0.31,1759343160.128116
0.37,0.05,-0.31,1759343160.130521
0.38,0.05,-0.31,1759343160.133084
0.39,0.05,-0.31,1759343160.1357212
0.4,0.05,-0.31,1759343160.138165
0.41,0.05,-0.31,1759343160.1398995
0.42,0.05,-0.31,1759343160.1417491
0.43,0.04,-0.31,1759343160.1436293
0.44,0.04,-0.31,1759343160.1465404
0.45,0.04,-0.31,1759343160.1494286
0.46,0.04,-0.31,1759343160.1529443
0.47,0.04,-0.31,1759343160.1558745
0.48,0.04,-0.3,1759343160.157664
0.49,0.04,-0.3,1759343160.1619613
0.5,0.04,-0.3,1759343160.1650023
0.51,0.03,-0.3,1759343160.1668549
0.52,0.03,-0.3,1759343160.1686842
0.53,0.03,-0.3,1759343160.171864
0.54,0.03,-0.3,1759343160.1752348
0.55,0.03,-0.3,1759343160.178536
0.56,0.03,-0.3,1759343160.181101
0.57,0.03,-0.3,1759343160.185252
0.58,0.03,-0.3,1759343160.1885648
0.58,0.02,-0.3,1759343160.1912315
0.59,0.02,-0.3,1759343160.1936622
0.6,0.02,-0.3,1759343160.1957076
0.61,0.02,-0.3,1759343160.197621
0.62,0.02,-0.3,1759343160.2007196
0.62,0.02,-0.3,1759343160.2036376
0.63,0.01,-0.3,1759343160.205938
0.64,0.01,-0.3,1759343160.2081983
0.64,0.01,-0.3,1759343160.210412
0.65,0.01,-0.3,1759343160.2125795
0.66,0.0,-0.31,1759343160.2145576
0.66,0.0,-0.31,1759343160.2163944
0.67,-0.0,-0.31,1759343160.2188208
0.67,-0.0,-0.31,1759343160.220626
0.68,-0.01,-0.31,1759343160.223739
0.69,-0.01,-0.31,1759343160.2255387
0.69,-0.01,-0.31,1759343160.2286773
0.7,-0.01,-0.31,1759343160.230503
0.71,-0.02,-0.31,1759343160.232299
0.71,-0.02,-0.31,1759343160.2341566
0.72,-0.02,-0.32,1759343160.236833
0.72,-0.02,-0.32,1759343160.2386377
0.73,-0.02,-0.32,1759343160.2404034
0.73,-0.03,-0.32,1759343160.2427742
0.74,-0.03,-0.32,1759343160.2461972
0.74,-0.03,-0.32,1759343160.2483156
0.75,-0.03,-0.32,1759343160.2506742
0.75,-0.04,-0.32,1759343160.253073
0.76,-0.04,-0.32,1759343160.254875
0.76,-0.04,-0.33,1759343160.2566092
0.76,-0.04,-0.33,1759343160.2583327
0.77,-0.05,-0.33,1759343160.2607737
0.77,-0.05,-0.33,1759343160.263127
0.77,-0.05,-0.33,1759343160.2650056
0.78,-0.06,-0.33,1759343160.2675393
0.78,-0.06,-0.33,1759343160.2693737
0.78,-0.06,-0.33,1759343160.273289
0.78,-0.07,-0.34,1759343160.2751338
0.78,-0.07,-0.34,1759343160.277859
0.78,-0.07,-0.34,1759343160.27989
0.79,-0.07,-0.34,1759343160.2818413
0.79,-0.08,-0.34,1759343160.284593
0.79,-0.08,-0.34,1759343160.2869008
0.79,-0.08,-0.35,1759343160.2887642
0.79,-0.08,-0.35,1759343160.2905693
0.79,-0.08,-0.35,1759343160.294061
0.79,-0.08,-0.35,1759343160.2971797
0.79,-0.09,-0.35,1759343160.2990136
0.79,-0.09,-0.35,1759343160.3035316
0.79,-0.09,-0.35,1759343160.3061905
0.79,-0.09,-0.36,1759343160.3085432
0.79,-0.09,-0.36,1759343160.312847
0.79,-0.09,-0.36,1759343160.3152382
0.78,-0.09,-0.36,1759343160.3184197
0.78,-0.09,-0.36,1759343160.3217342
0.78,-0.09,-0.36,1759343160.324787
0.78,-0.09,-0.36,1759343160.3283367
0.78,-0.09,-0.36,1759343160.331189
0.77,-0.09,-0.36,1759343160.335398
0.77,-0.09,-0.36,1759343160.341019
0.77,-0.09,-0.36,1759343160.3446722
0.76,-0.09,-0.37,1759343160.3483846
0.76,-0.09,-0.37,1759343160.3521392
0.76,-0.09,-0.37,1759343160.3547974
0.75,-0.09,-0.37,1759343160.357718
0.75,-0.09,-0.37,1759343160.3608897
0.75,-0.09,-0.37,1759343160.363871
0.74,-0.09,-0.37,1759343160.3657494
0.74,-0.09,-0.37,1759343160.3693328
0.74,-0.09,-0.37,1759343160.3711712
0.73,-0.09,-0.38,1759343160.3758757
0.73,-0.09,-0.38,1759343160.3801212
0.72,-0.09,-0.38,1759343160.3862472
0.72,-0.09,-0.38,1759343160.3908796
0.72,-0.09,-0.38,1759343160.3949742
0.71,-0.09,-0.38,1759343160.398737
0.71,-0.09,-0.38,1759343160.4034965
0.7,-0.09,-0.38,1759343160.4072418
0.7,-0.09,-0.38,1759343160.413503
0.69,-0.09,-0.38,1759343160.418222
0.68,-0.09,-0.38,1759343160.4215586
0.68,-0.09,-0.38,1759343160.4266548
0.67,-0.09,-0.38,1759343160.432388
0.66,-0.09,-0.38,1759343160.437049
0.66,-0.08,-0.38,1759343160.4415064
0.65,-0.08,-0.38,1759343160.4474716
0.64,-0.08,-0.38,1759343160.4492848
0.64,-0.08,-0.38,1759343160.454131
0.63,-0.08,-0.38,1759343160.4580832
0.62,-0.07,-0.38,1759343160.4617803
0.61,-0.07,-0.38,1759343160.4647155
0.61,-0.07,-0.38,1759343160.4738443
0.6,-0.06,-0.38,1759343160.4771569
0.59,-0.06,-0.38,1759343160.48059
0.59,-0.06,-0.38,1759343160.484752
0.58,-0.05,-0.38,1759343160.4879954
0.57,-0.05,-0.38,1759343160.4899404
0.57,-0.05,-0.38,1759343160.4954576
0.56,-0.04,-0.38,1759343160.4997413
0.55,-0.04,-0.38,1759343160.5030465
0.54,-0.04,-0.38,1759343160.5063283
0.54,-0.04,-0.38,1759343160.5086944
0.53,-0.03,-0.38,1759343160.5116837
0.52,-0.03,-0.38,1759343160.5207207
0.51,-0.03,-0.37,1759343160.5233054
0.51,-0.02,-0.37,1759343160.5265732
0.5,-0.02,-0.37,1759343160.5310175
0.49,-0.02,-0.37,1759343160.534592
0.49,-0.01,-0.37,1759343160.5382063
0.48,-0.01,-0.37,1759343160.541911
0.47,-0.01,-0.37,1759343160.5449922
0.46,-0.01,-0.37,1759343160.5487325
0.46,-0.0,-0.37,1759343160.5531397
0.45,-0.0,-0.37,1759343160.5572088
0.44,0.0,-0.37,1759343160.5608623
0.43,0.0,-0.37,1759343160.5648332
0.43,0.01,-0.37,1759343160.5691323
0.42,0.01,-0.37,1759343160.5726538
0.41,0.01,-0.37,1759343160.576385
0.41,0.01,-0.37,1759343160.5801816
0.4,0.01,-0.37,1759343160.5843968
0.39,0.02,-0.37,1759343160.5877414
0.39,0.02,-0.37,1759343160.5919614
0.38,0.02,-0.37,1759343160.5965233
0.38,0.02,-0.37,1759343160.6006484
0.37,0.02,-0.37,1759343160.6043236
0.37,0.02,-0.37,1759343160.606803
0.36,0.02,-0.37,1759343160.609306
0.36,0.03,-0.37,1759343160.6117716
0.35,0.03,-0.37,1759343160.6141756
0.35,0.03,-0.37,1759343160.6172135
0.34,0.03,-0.37,1759343160.6200173
0.34,0.03,-0.37,1759343160.6230326
0.33,0.03,-0.37,1759343160.625851
0.33,0.03,-0.37,1759343160.6293178
0.32,0.03,-0.37,1759343160.63309
0.32,0.03,-0.37,1759343160.6372254
0.31,0.03,-0.37,1759343160.6403549
0.31,0.03,-0.37,1759343160.6449275
0.31,0.04,-0.37,1759343160.649089
0.3,0.04,-0.37,1759343160.6528802
0.3,0.04,-0.37,1759343160.656519
0.3,0.04,-0.37,1759343160.66092
0.29,0.04,-0.37,1759343160.6632898
0.29,0.04,-0.37,1759343160.6653545
0.28,0.04,-0.37,1759343160.667499
0.28,0.04,-0.37,1759343160.669814
0.28,0.04,-0.37,1759343160.672552
0.28,0.04,-0.37,1759343160.6749673
0.27,0.04,-0.37,1759343160.6773305
0.27,0.05,-0.38,1759343160.6795237
0.27,0.05,-0.38,1759343160.6815565
0.26,0.05,-0.38,1759343160.6835847
0.26,0.05,-0.38,1759343160.6857924
0.26,0.05,-0.38,1759343160.6880796
0.25,0.05,-0.38,1759343160.690283
0.25,0.05,-0.38,1759343160.6928558
0.25,0.05,-0.38,1759343160.696347
0.25,0.05,-0.38,1759343160.7002387
0.24,0.05,-0.38,1759343160.7028446
0.24,0.05,-0.38,1759343160.7057178
0.24,0.05,-0.38,1759343160.7085764
0.23,0.05,-0.38,1759343160.711376
0.23,0.06,-0.39,1759343160.714593
0.23,0.06,-0.39,1759343160.717592
0.23,0.06,-0.39,1759343160.720465
0.23,0.06,-0.39,1759343160.7235684
0.22,0.06,-0.39,1759343160.726477
0.22,0.06,-0.39,1759343160.7293758
0.22,0.06,-0.39,1759343160.7323284
0.22,0.06,-0.39,1759343160.735113
0.22,0.06,-0.39,1759343160.7381182
0.21,0.06,-0.39,1759343160.7408738
0.21,0.06,-0.4,1759343160.7437778
0.21,0.06,-0.4,1759343160.7469094
0.21,0.06,-0.4,1759343160.7498033
0.21,0.06,-0.4,1759343160.7529435
0.21,0.06,-0.4,1759343160.755808
0.21,0.06,-0.4,1759343160.7586858
0.21,0.06,-0.4,1759343160.761768
0.21,0.06,-0.4,1759343160.764772
0.2,0.06,-0.4,1759343160.7677877
0.2,0.06,-0.4,1759343160.7705753
0.2,0.06,-0.4,1759343160.773456
0.2,0.06,-0.4,1759343160.7766256
0.2,0.06,-0.4,1759343160.780295
0.2,0.06,-0.4,1759343160.784384
0.2,0.06,-0.4,1759343160.7877083
0.2,0.06,-0.41,1759343160.7908895
0.2,0.06,-0.41,1759343160.793969
0.2,0.06,-0.41,1759343160.7967615
0.2,0.06,-0.41,1759343160.7995698
0.2,0.06,-0.41,1759343160.8027484
0.2,0.06,-0.41,1759343160.806325
0.2,0.06,-0.41,1759343160.810573
0.2,0.06,-0.41,1759343160.8140202
0.2,0.06,-0.41,1759343160.817645
0.2,0.06,-0.41,1759343160.8209684
0.2,0.06,-0.41,1759343160.82582
0.2,0.06,-0.41,1759343160.8291988
0.2,0.06,-0.41,1759343160.8327825
0.2,0.06,-0.41,1759343160.8362522
0.2,0.06,-0.41,1759343160.840654
0.2,0.06,-0.41,1759343160.8445792
0.2,0.06,-0.41,1759343160.848151
0.2,0.06,-0.41,1759343160.851294
0.2,0.06,-0.41,1759343160.8540766
0.2,0.06,-0.41,1759343160.8566926
0.2,0.06,-0.41,1759343160.8593028
0.2,0.06,-0.41,1759343160.8621724
0.2,0.06,-0.41,1759343160.864946
0.2,0.06,-0.41,1759343160.8675108
0.2,0.06,-0.41,1759343160.8700972
0.2,0.06,-0.41,1759343160.872897
0.2,0.06,-0.41,1759343160.8756633
0.2,0.06,-0.41,1759343160.878254
0.2,0.06,-0.41,1759343160.8808768
0.2,0.06,-0.41,1759343160.883616
0.2,0.06,-0.41,1759343160.8862169
0.2,0.06,-0.41,1759343160.8887815
0.2,0.06,-0.41,1759343160.8928006
0.2,0.06,-0.41,1759343160.897979
0.2,0.06,-0.41,1759343160.900835
0.21,0.06,-0.41,1759343160.9027145
0.21,0.06,-0.41,1759343160.905364
0.21,0.06,-0.41,1759343160.9095955
0.21,0.06,-0.41,1759343160.912614
0.21,0.06,-0.41,1759343160.9152963
0.21,0.06,-0.41,1759343160.9173453
0.21,0.06,-0.41,1759343160.9195538
0.21,0.06,-0.41,1759343160.922049
0.21,0.06,-0.41,1759343160.923846
0.21,0.06,-0.41,1759343160.9264708
0.21,0.06,-0.41,1759343160.9287755
0.21,0.06,-0.41,1759343160.9333532
0.21,0.05,-0.41,1759343160.9356167
0.21,0.05,-0.41,1759343160.939984
0.21,0.05,-0.41,1759343160.945681
0.21,0.05,-0.41,1759343160.94861
0.21,0.05,-0.41,1759343160.9552677
0.21,0.05,-0.41,1759343160.9581108
0.21,0.05,-0.41,1759343160.961851
0.21,0.05,-0.4,1759343160.9645314
0.21,0.05,-0.4,1759343160.9673092
0.21,0.05,-0.4,1759343160.9699986
0.21,0.05,-0.4,1759343160.972182
0.21,0.05,-0.4,1759343160.9743593
0.21,0.05,-0.4,1759343160.977285
0.21,0.05,-0.4,1759343160.9803755
0.21,0.05,-0.4,1759343160.983644
0.21,0.05,-0.4,1759343160.9862738
0.21,0.05,-0.4,1759343160.9887648
0.21,0.05,-0.4,1759343160.990748
0.21,0.05,-0.4,1759343160.9927688
0.21,0.05,-0.4,1759343160.994726
0.21,0.05,-0.4,1759343160.9966707
0.21,0.05,-0.4,1759343160.9989734
0.21,0.05,-0.4,1759343161.0006251
0.21,0.05,-0.4,1759343161.0031953
0.21,0.05,-0.4,1759343161.0052197
0.21,0.05,-0.4,1759343161.006879
0.21,0.05,-0.4,1759343161.0088744
0.21,0.05,-0.4,1759343161.011445
0.21,0.05,-0.4,1759343161.0136511
0.21,0.05,-0.4,1759343161.0157852
0.21,0.05,-0.4,1759343161.0185475
0.21,0.05,-0.4,1759343161.0221105
0.2,0.05,-0.4,1759343161.0245843
0.2,0.05,-0.4,1759343161.0273829
0.2,0.05,-0.4,1759343161.0307314
0.2,0.05,-0.4,1759343161.033919
0.2,0.05,-0.39,1759343161.036484
0.2,0.05,-0.39,1759343161.0384202
0.2,0.05,-0.39,1759343161.0406277
0.2,0.05,-0.39,1759343161.043037
0.2,0.05,-0.39,1759343161.04504
0.2,0.05,-0.39,1759343161.0483904
0.2,0.05,-0.39,1759343161.0504937
0.2,0.05,-0.39,1759343161.0533483
0.2,0.05,-0.39,1759343161.0570977
0.2,0.05,-0.39,1759343161.0596528
0.2,0.05,-0.39,1759343161.062184
0.2,0.05,-0.39,1759343161.0645669
0.2,0.05,-0.39,1759343161.06827
0.2,0.05,-0.39,1759343161.0703578
0.2,0.05,-0.39,1759343161.0727508
0.2,0.05,-0.39,1759343161.075359
0.2,0.05,-0.39,1759343161.077272
0.2,0.05,-0.39,1759343161.0802584
0.19,0.05,-0.39,1759343161.0821002
0.19,0.05,-0.39,1759343161.0840802
0.19,0.05,-0.39,1759343161.0861666
0.19,0.05,-0.39,1759343161.088365
0.19,0.05,-0.39,1759343161.0900197
0.19,0.05,-0.39,1759343161.0920105
0.19,0.05,-0.39,1759343161.0939877
0.19,0.05,-0.39,1759343161.095937
0.19,0.05,-0.39,1759343161.0991988
0.19,0.05,-0.39,1759343161.1008902
0.19,0.05,-0.39,1759343161.1030984
0.19,0.05,-0.39,1759343161.1072323
0.19,0.05,-0.39,1759343161.1095629
0.19,0.05,-0.39,1759343161.111677
0.18,0.05,-0.39,1759343161.1133575
0.18,0.05,-0.39,1759343161.115312
0.18,0.05,-0.39,1759343161.1181457
0.18,0.05,-0.39,1759343161.1202412
0.18,0.05,-0.39,1759343161.122339
0.18,0.05,-0.39,1759343161.1243324
0.18,0.05,-0.39,1759343161.126699
0.18,0.05,-0.38,1759343161.12866
0.18,0.05,-0.38,1759343161.1308756
0.18,0.05,-0.38,1759343161.1326127
0.18,0.05,-0.38,1759343161.1346211
0.18,0.05,-0.38,1759343161.1365938
0.18,0.05,-0.38,1759343161.1385725
0.18,0.05,-0.38,1759343161.1405268
0.17,0.05,-0.38,1759343161.142207
0.17,0.05,-0.38,1759343161.144202
0.17,0.05,-0.38,1759343161.1462452
0.17,0.05,-0.38,1759343161.1485376
0.17,0.05,-0.38,1759343161.1502666
0.17,0.05,-0.38,1759343161.1525197
0.17,0.05,-0.38,1759343161.154582
0.17,0.05,-0.38,1759343161.1568997
0.17,0.05,-0.38,1759343161.158943
0.17,0.05,-0.38,1759343161.1616106
0.17,0.05,-0.38,1759343161.1635993
0.17,0.05,-0.38,1759343161.1656487
0.17,0.05,-0.38,1759343161.167734
0.17,0.05,-0.38,1759343161.1700287
0.17,0.06,-0.38,1759343161.172129
0.17,0.06,-0.38,1759343161.174141
0.17,0.06,-0.38,1759343161.176459
0.17,0.06,-0.38,1759343161.1801176
0.17,0.06,-0.38,1759343161.1821103
0.18,0.06,-0.38,1759343161.1840713
0.18,0.06,-0.38,1759343161.1861105
0.18,0.06,-0.38,1759343161.188376
0.18,0.06,-0.38,1759343161.1909778
0.18,0.06,-0.38,1759343161.1932466
0.18,0.06,-0.37,1759343161.1952538
0.18,0.07,-0.37,1759343161.1972802
0.19,0.07,-0.37,1759343161.1995206
0.19,0.07,-0.37,1759343161.2017791
0.19,0.07,-0.37,1759343161.2040613
0.19,0.07,-0.37,1759343161.2060833
0.19,0.07,-0.37,1759343161.2081234
0.2,0.07,-0.37,1759343161.2103703
0.2,0.07,-0.37,1759343161.2133317
0.2,0.07,-0.37,1759343161.215344
0.2,0.07,-0.37,1759343161.2173314
0.21,0.07,-0.37,1759343161.2195988
0.21,0.08,-0.37,1759343161.222463
0.21,0.08,-0.37,1759343161.2247632
0.22,0.08,-0.37,1759343161.226761
0.22,0.08,-0.36,1759343161.2290883
0.23,0.08,-0.36,1759343161.2311509
0.23,0.08,-0.36,1759343161.2335088
0.23,0.08,-0.36,1759343161.2361476
0.24,0.08,-0.36,1759343161.238155
0.24,0.08,-0.36,1759343161.2406373
0.25,0.08,-0.36,1759343161.242342
0.25,0.09,-0.36,1759343161.2446723
0.26,0.09,-0.36,1759343161.246976
0.26,0.09,-0.36,1759343161.2495327
0.27,0.09,-0.35,1759343161.2551887
0.28,0.09,-0.35,1759343161.257098
0.28,0.09,-0.35,1759343161.259509
0.29,0.09,-0.35,1759343161.2620516
0.3,0.09,-0.35,1759343161.2639067
0.3,0.09,-0.35,1759343161.2668386
0.31,0.1,-0.35,1759343161.270465
0.32,0.1,-0.35,1759343161.273
0.32,0.1,-0.34,1759343161.279107
0.33,0.1,-0.34,1759343161.2815464
0.34,0.1,-0.34,1759343161.2833543
0.35,0.1,-0.34,1759343161.285575
0.35,0.1,-0.34,1759343161.287921
0.36,0.1,-0.34,1759343161.290417
0.37,0.1,-0.34,1759343161.2924528
0.38,0.11,-0.33,1759343161.2947705
0.39,0.11,-0.33,1759343161.2970445
0.4,0.11,-0.33,1759343161.303961
0.41,0.11,-0.33,1759343161.305725
0.41,0.11,-0.33,1759343161.3080704
0.42,0.11,-0.33,1759343161.3101735
0.43,0.11,-0.32,1759343161.3132951
0.44,0.11,-0.32,1759343161.3149953
0.45,0.11,-0.32,1759343161.3170092
0.46,0.11,-0.32,1759343161.323979
0.47,0.11,-0.32,1759343161.3261456
0.48,0.11,-0.32,1759343161.328853
0.49,0.11,-0.32,1759343161.331238
0.5,0.11,-0.31,1759343161.3333597
0.51,0.11,-0.31,1759343161.335805
0.52,0.11,-0.31,1759343161.3384452
0.52,0.11,-0.31,1759343161.340466
0.53,0.11,-0.31,1759343161.3421683
0.54,0.11,-0.31,1759343161.348592
0.55,0.1,-0.31,1759343161.3509872
0.56,0.1,-0.31,1759343161.35309
0.57,0.1,-0.31,1759343161.3548176
0.58,0.1,-0.3,1759343161.3575482
0.58,0.1,-0.3,1759343161.3597322
0.59,0.1,-0.3,1759343161.3620756
0.6,0.1,-0.3,1759343161.36912
0.61,0.1,-0.3,1759343161.3711586
0.62,0.09,-0.3,1759343161.373271
0.62,0.09,-0.3,1759343161.3758168
0.63,0.09,-0.3,1759343161.3778615
0.64,0.09,-0.3,1759343161.3803146
0.65,0.09,-0.3,1759343161.382136
0.65,0.09,-0.3,1759343161.3841534
0.66,0.09,-0.3,1759343161.3864326
0.67,0.09,-0.3,1759343161.3921971
0.68,0.09,-0.3,1759343161.3940282
0.68,0.08,-0.3,1759343161.396025
0.69,0.08,-0.3,1759343161.3980436
0.7,0.08,-0.3,1759343161.4000435
0.7,0.08,-0.3,1759343161.4022424
0.71,0.08,-0.3,1759343161.4049687
0.71,0.08,-0.3,1759343161.4067254
0.72,0.07,-0.3,1759343161.4090805
0.72,0.07,-0.3,1759343161.4154327
0.73,0.07,-0.3,1759343161.417919
0.73,0.07,-0.31,1759343161.4196556
0.74,0.07,-0.31,1759343161.4220188
0.74,0.06,-0.31,1759343161.4246378
0.74,0.06,-0.31,1759343161.4266682
0.75,0.06,-0.31,1759343161.428712
0.75,0.06,-0.31,1759343161.4307363
0.76,0.05,-0.31,1759343161.4369724
0.76,0.05,-0.32,1759343161.4389703
0.76,0.05,-0.32,1759343161.4406753
0.76,0.05,-0.32,1759343161.4428906
0.77,0.04,-0.32,1759343161.4449944
0.77,0.04,-0.33,1759343161.4473011
0.77,0.04,-0.33,1759343161.4493206
0.77,0.03,-0.33,1759343161.4528942
0.77,0.03,-0.33,1759343161.4590468
0.78,0.03,-0.34,1759343161.460754
0.78,0.02,-0.34,1759343161.4639647
0.78,0.02,-0.34,1759343161.4664266
0.78,0.02,-0.35,1759343161.4700725
0.78,0.02,-0.35,1759343161.4733589
0.78,0.01,-0.35,1759343161.476535
0.78,0.01,-0.35,1759343161.4782777
0.78,0.01,-0.36,1759343161.4805346
0.78,0.0,-0.36,1759343161.4842658
0.78,0.0,-0.36,1759343161.487504
0.78,-0.0,-0.36,1759343161.4962049
0.78,-0.01,-0.37,1759343161.4991195
0.78,-0.01,-0.37,1759343161.5022366
0.78,-0.01,-0.37,1759343161.505705
0.77,-0.01,-0.37,1759343161.5128665
0.77,-0.02,-0.37,1759343161.5155122
0.77,-0.02,-0.38,1759343161.5180051
0.77,-0.02,-0.38,1759343161.5209348
0.76,-0.02,-0.38,1759343161.5246344
0.76,-0.02,-0.38,1759343161.527218
0.76,-0.02,-0.38,1759343161.5306067
0.75,-0.02,-0.38,1759343161.5334167
0.75,-0.03,-0.38,1759343161.5367138
0.75,-0.03,-0.38,1759343161.5384831
0.74,-0.03,-0.38,1759343161.5403247
0.74,-0.03,-0.39,1759343161.5422385
0.73,-0.03,-0.39,1759343161.5453613
0.73,-0.03,-0.39,1759343161.5477543
0.72,-0.03,-0.39,1759343161.5502436
0.72,-0.03,-0.39,1759343161.553652
0.71,-0.03,-0.39,1759343161.5587509
0.71,-0.03,-0.39,1759343161.5624752
0.7,-0.03,-0.39,1759343161.5659175
0.7,-0.03,-0.39,1759343161.568876
0.69,-0.03,-0.39,1759343161.572404
0.69,-0.03,-0.39,1759343161.574345
0.68,-0.03,-0.39,1759343161.5762722
0.67,-0.03,-0.39,1759343161.5787344
0.67,-0.02,-0.39,1759343161.5811682
0.66,-0.02,-0.39,1759343161.5840344
0.66,-0.02,-0.38,1759343161.5860243
0.65,-0.02,-0.38,1759343161.5879211
0.64,-0.02,-0.38,1759343161.5897372
0.64,-0.02,-0.38,1759343161.5921826
0.63,-0.02,-0.38,1759343161.5951362
0.62,-0.01,-0.38,1759343161.599681
0.62,-0.01,-0.38,1759343161.601404
0.61,-0.01,-0.38,1759343161.6035092
0.6,-0.01,-0.38,1759343161.6054924
0.59,-0.0,-0.38,1759343161.609552
0.58,-0.0,-0.38,1759343161.6140966
0.58,0.0,-0.38,1759343161.619685
0.57,0.0,-0.38,1759343161.623383
0.56,0.01,-0.37,1759343161.629973
0.55,0.01,-0.37,1759343161.6361012
0.54,0.01,-0.37,1759343161.6395085
0.53,0.02,-0.37,1759343161.642998
0.53,0.02,-0.37,1759343161.6482255
0.52,0.02,-0.37,1759343161.651778
0.51,0.03,-0.37,1759343161.6542406
0.5,0.03,-0.37,1759343161.6575322
0.49,0.03,-0.37,1759343161.6614103
0.48,0.03,-0.37,1759343161.66389
0.48,0.04,-0.37,1759343161.665757
0.47,0.04,-0.37,1759343161.668004
0.46,0.04,-0.37,1759343161.6700258
0.45,0.04,-0.37,1759343161.672325
0.44,0.05,-0.37,1759343161.674841
0.43,0.05,-0.36,1759343161.6765697
0.42,0.05,-0.36,1759343161.678684
0.42,0.06,-0.36,1759343161.681018
0.41,0.06,-0.36,1759343161.6829696
0.4,0.06,-0.36,1759343161.6855738
0.39,0.06,-0.36,1759343161.6875634
0.38,0.07,-0.36,1759343161.689705
0.38,0.07,-0.36,1759343161.6918588
0.37,0.07,-0.36,1759343161.693733
0.36,0.07,-0.36,1759343161.6967597
0.35,0.07,-0.36,1759343161.6990132
0.35,0.08,-0.36,1759343161.7022746
0.34,0.08,-0.36,1759343161.7046125
0.33,0.08,-0.36,1759343161.7064874
0.33,0.08,-0.36,1759343161.708253
0.32,0.08,-0.36,1759343161.7106526
0.31,0.08,-0.36,1759343161.713773
0.31,0.09,-0.36,1759343161.715958
0.3,0.09,-0.36,1759343161.7177663
0.29,0.09,-0.36,1759343161.720178
0.29,0.09,-0.36,1759343161.7229414
0.28,0.09,-0.36,1759343161.7249465
0.28,0.09,-0.36,1759343161.727291
0.27,0.09,-0.36,1759343161.7294471
0.27,0.09,-0.36,1759343161.732978
0.26,0.09,-0.36,1759343161.7356894
0.26,0.09,-0.36,1759343161.738796
0.25,0.09,-0.36,1759343161.7413008
0.25,0.1,-0.36,1759343161.7434237
0.24,0.1,-0.36,1759343161.7457037
0.24,0.1,-0.36,1759343161.747917
0.23,0.1,-0.36,1759343161.7497852
0.23,0.1,-0.36,1759343161.7519252
0.22,0.1,-0.36,1759343161.7536907
0.22,0.1,-0.37,1759343161.756205
0.22,0.1,-0.37,1759343161.758339
0.21,0.1,-0.37,1759343161.7601995
0.21,0.1,-0.37,1759343161.7618854
0.21,0.1,-0.37,1759343161.7637188
0.2,0.1,-0.37,1759343161.7658114
0.2,0.1,-0.37,1759343161.7676053
0.2,0.1,-0.37,1759343161.769384
0.19,0.1,-0.37,1759343161.7714033
0.19,0.1,-0.37,1759343161.7735734
0.19,0.1,-0.37,1759343161.7753923
0.19,0.1,-0.37,1759343161.777542
0.18,0.1,-0.37,1759343161.7793086
0.18,0.1,-0.37,1759343161.7810645
0.18,0.1,-0.37,1759343161.7828467
0.18,0.1,-0.37,1759343161.785126
0.18,0.1,-0.37,1759343161.7869596
0.17,0.1,-0.38,1759343161.7890823
0.17,0.1,-0.38,1759343161.7911873
0.17,0.1,-0.38,1759343161.793715
0.17,0.1,-0.38,1759343161.7954636
0.17,0.1,-0.38,1759343161.7976456
0.16,0.1,-0.38,1759343161.799524
0.16,0.1,-0.38,1759343161.8034298
0.16,0.1,-0.38,1759343161.8052075
0.16,0.1,-0.38,1759343161.8069773
0.16,0.1,-0.38,1759343161.8093705
0.16,0.1,-0.38,1759343161.8111491
0.16,0.1,-0.38,1759343161.8133442
0.15,0.1,-0.38,1759343161.8151722
0.15,0.1,-0.39,1759343161.8168943
0.15,0.11,-0.39,1759343161.8186038
0.15,0.11,-0.39,1759343161.8206308
0.15,0.11,-0.39,1759343161.822604
0.15,0.11,-0.39,1759343161.825259
0.15,0.11,-0.39,1759343161.827109
0.14,0.11,-0.39,1759343161.828912
0.14,0.11,-0.39,1759343161.8350377
0.14,0.11,-0.39,1759343161.836836
0.14,0.11,-0.39,1759343161.8387237
0.14,0.11,-0.4,1759343161.841065
0.14,0.11,-0.4,1759343161.8432553
0.14,0.11,-0.4,1759343161.8452277
0.14,0.11,-0.4,1759343161.848076
0.14,0.11,-0.4,1759343161.8512368
0.14,0.11,-0.4,1759343161.853974
0.14,0.11,-0.4,1759343161.857121
0.14,0.11,-0.41,1759343161.859789
0.14,0.11,-0.41,1759343161.863146
0.14,0.11,-0.41,1759343161.8656747
0.14,0.11,-0.41,1759343161.868466
0.14,0.11,-0.41,1759343161.8709238
0.14,0.11,-0.41,1759343161.874185
0.14,0.11,-0.41,1759343161.8769605
0.14,0.11,-0.41,1759343161.8800488
0.14,0.11,-0.41,1759343161.8825955
0.14,0.11,-0.42,1759343161.8853428
0.14,0.11,-0.42,1759343161.887813
0.14,0.11,-0.42,1759343161.890268
0.14,0.11,-0.42,1759343161.8937123
0.14,0.11,-0.42,1759343161.8972852
0.14,0.11,-0.42,1759343161.9000306
0.14,0.11,-0.42,1759343161.9027736
0.14,0.11,-0.42,1759343161.9052565
0.14,0.11,-0.42,1759343161.9077408
0.15,0.11,-0.42,1759343161.9107645
0.15,0.11,-0.42,1759343161.9138494
0.15,0.11,-0.42,1759343161.9170463
0.15,0.11,-0.43,1759343161.9198997
0.15,0.11,-0.43,1759343161.9225152
0.15,0.11,-0.43,1759343161.9251835
0.15,0.1,-0.43,1759343161.9277694
0.15,0.1,-0.43,1759343161.9309847
0.15,0.1,-0.43,1759343161.934034
0.16,0.1,-0.43,1759343161.9367917
0.16,0.1,-0.43,1759343161.9396908
0.16,0.1,-0.43,1759343161.9424424
0.16,0.1,-0.43,1759343161.945007
0.16,0.1,-0.43,1759343161.947677
0.16,0.1,-0.43,1759343161.9506404
0.16,0.1,-0.43,1759343161.9539237
0.16,0.1,-0.43,1759343161.9566598
0.17,0.1,-0.43,1759343161.959159
0.17,0.1,-0.43,1759343161.9624035
0.17,0.1,-0.43,1759343161.9653924
0.17,0.1,-0.43,1759343161.9679196
0.17,0.1,-0.43,1759343161.9701078
0.17,0.1,-0.43,1759343161.973076
0.17,0.1,-0.43,1759343161.9760878
0.17,0.1,-0.43,1759343161.9785216
0.17,0.1,-0.43,1759343161.9811516
0.18,0.1,-0.43,1759343161.9837406
0.18,0.09,-0.43,1759343161.9869368
0.18,0.09,-0.43,1759343161.9895246
0.18,0.09,-0.43,1759343161.992989
0.18,0.09,-0.43,1759343161.9958005
0.18,0.09,-0.43,1759343161.9984765
0.18,0.09,-0.43,1759343162.0010092
0.18,0.09,-0.43,1759343162.0036817
0.18,0.09,-0.43,1759343162.0063083
0.19,0.09,-0.43,1759343162.0094812
0.19,0.09,-0.43,1759343162.012092
0.19,0.09,-0.43,1759343162.014658
0.19,0.09,-0.43,1759343162.0173583
0.19,0.09,-0.43,1759343162.0206876
0.19,0.09,-0.43,1759343162.0234394
0.19,0.09,-0.43,1759343162.0264094
0.19,0.09,-0.43,1759343162.0288522
0.19,0.09,-0.43,1759343162.0313046
0.19,0.09,-0.42,1759343162.0342264
0.19,0.09,-0.42,1759343162.0365794
0.19,0.09,-0.42,1759343162.039219
0.2,0.09,-0.42,1759343162.041829
0.2,0.09,-0.42,1759343162.044587
0.2,0.09,-0.42,1759343162.0474372
0.2,0.09,-0.42,1759343162.0498588
0.2,0.09,-0.42,1759343162.0522544
0.2,0.09,-0.42,1759343162.0547128
0.2,0.09,-0.42,1759343162.0576577
0.2,0.09,-0.42,1759343162.0603712
0.2,0.09,-0.42,1759343162.0630867
0.2,0.09,-0.42,1759343162.065667
0.2,0.09,-0.42,1759343162.068457
0.2,0.09,-0.41,1759343162.0708437
0.2,0.09,-0.41,1759343162.0735283
0.2,0.09,-0.41,1759343162.0762093
0.2,0.09,-0.41,1759343162.07906
0.2,0.09,-0.41,1759343162.0816782
0.2,0.09,-0.41,1759343162.084259
0.2,0.09,-0.41,1759343162.0872643
0.2,0.09,-0.41,1759343162.0901215
0.2,0.09,-0.41,1759343162.092825
0.2,0.09,-0.41,1759343162.095539
0.2,0.09,-0.41,1759343162.0982535
0.2,0.09,-0.41,1759343162.1006386
0.2,0.09,-0.4,1759343162.1033533
0.2,0.09,-0.4,1759343162.1058586
0.2,0.09,-0.4,1759343162.1086967
0.2,0.09,-0.4,1759343162.1116843
0.2,0.09,-0.4,1759343162.1161113
0.2,0.09,-0.4,1759343162.1203792
0.21,0.09,-0.4,1759343162.1253235
0.21,0.09,-0.4,1759343162.1306355
0.2,0.09,-0.4,1759343162.1342206
0.2,0.09,-0.4,1759343162.1381156
0.2,0.09,-0.4,1759343162.14124
0.2,0.09,-0.39,1759343162.1457863
0.2,0.09,-0.39,1759343162.1486075
0.2,0.09,-0.39,1759343162.150832
0.2,0.09,-0.39,1759343162.1530387
0.2,0.09,-0.39,1759343162.156001
0.2,0.09,-0.39,1759343162.158687
0.2,0.09,-0.39,1759343162.1611488
0.2,0.09,-0.39,1759343162.1632404
0.2,0.09,-0.39,1759343162.166145
0.2,0.09,-0.39,1759343162.168198
0.2,0.09,-0.39,1759343162.1716628
0.2,0.09,-0.39,1759343162.1744778
0.2,0.09,-0.39,1759343162.1770506
0.2,0.08,-0.39,1759343162.1792865
0.2,0.08,-0.38,1759343162.1821108
0.2,0.08,-0.38,1759343162.1842265
0.2,0.08,-0.38,1759343162.1871507
0.2,0.08,-0.38,1759343162.189682
0.2,0.08,-0.38,1759343162.1922903
0.2,0.08,-0.38,1759343162.1952238
0.2,0.08,-0.38,1759343162.1984975
0.2,0.08,-0.38,1759343162.200879
0.2,0.07,-0.38,1759343162.2034218
0.2,0.07,-0.38,1759343162.2056944
0.2,0.07,-0.38,1759343162.2083766
0.2,0.07,-0.38,1759343162.2109509
0.2,0.07,-0.38,1759343162.213313
0.2,0.07,-0.38,1759343162.216295
0.2,0.06,-0.38,1759343162.2192285
0.2,0.06,-0.38,1759343162.2213118
0.2,0.06,-0.38,1759343162.2248192
0.2,0.06,-0.38,1759343162.227453
0.2,0.05,-0.38,1759343162.2297158
0.2,0.05,-0.38,1759343162.2329926
0.2,0.05,-0.38,1759343162.2353437
0.2,0.04,-0.38,1759343162.2384355
0.2,0.04,-0.38,1759343162.240416
0.19,0.03,-0.38,1759343162.243454
0.19,0.03,-0.38,1759343162.2468016
0.19,0.03,-0.38,1759343162.2490942
0.19,0.02,-0.38,1759343162.252631
0.19,0.02,-0.38,1759343162.2554033
0.19,0.01,-0.38,1759343162.2577343
0.19,0.01,-0.38,1759343162.2605853
0.19,0.0,-0.38,1759343162.2637188
0.19,-0.0,-0.38,1759343162.2659447
0.19,-0.01,-0.38,1759343162.2683666
0.19,-0.02,-0.38,1759343162.2706327
0.19,-0.02,-0.38,1759343162.2742326
0.19,-0.03,-0.38,1759343162.2762392
0.19,-0.03,-0.38,1759343162.2789896
0.19,-0.04,-0.38,1759343162.2811868
0.19,-0.05,-0.38,1759343162.2838926
0.19,-0.05,-0.38,1759343162.2861187
0.18,-0.06,-0.38,1759343162.2890043
0.18,-0.07,-0.38,1759343162.2911053
0.18,-0.08,-0.38,1759343162.2941325
0.18,-0.08,-0.38,1759343162.2963126
0.18,-0.09,-0.38,1759343162.2993512
0.18,-0.1,-0.38,1759343162.3017466
0.18,-0.11,-0.38,1759343162.304852
0.18,-0.12,-0.38,1759343162.3079028
0.18,-0.12,-0.38,1759343162.3100605
0.18,-0.13,-0.38,1759343162.3123548
0.18,-0.14,-0.38,1759343162.3150346
0.18,-0.15,-0.38,1759343162.3172443
0.18,-0.16,-0.38,1759343162.3194644
0.17,-0.16,-0.38,1759343162.321854
0.17,-0.17,-0.38,1759343162.325598
0.17,-0.18,-0.38,1759343162.3273778
0.17,-0.19,-0.38,1759343162.331216
0.17,-0.2,-0.38,1759343162.3336642
0.17,-0.22,-0.38,1759343162.3360803
0.17,-0.23,-0.38,1759343162.338341
0.17,-0.24,-0.39,1759343162.341236
0.17,-0.25,-0.39,1759343162.343585
0.17,-0.26,-0.39,1759343162.3458807
0.17,-0.27,-0.39,1759343162.3490765
0.17,-0.28,-0.39,1759343162.3513331
0.16,-0.29,-0.39,1759343162.3548932
0.16,-0.3,-0.39,1759343162.357179
0.16,-0.31,-0.39,1759343162.36065
0.16,-0.32,-0.4,1759343162.3632274
0.16,-0.33,-0.4,1759343162.3658886
0.16,-0.34,-0.4,1759343162.368155
0.16,-0.35,-0.4,1759343162.3709629
0.16,-0.36,-0.4,1759343162.373359
0.16,-0.37,-0.4,1759343162.376414
0.16,-0.38,-0.4,1759343162.3786469
0.16,-0.39,-0.4,1759343162.3804097
0.16,-0.4,-0.41,1759343162.383355
0.15,-0.41,-0.41,1759343162.385898
0.15,-0.42,-0.41,1759343162.390048
0.15,-0.43,-0.41,1759343162.393607
0.16,-0.44,-0.41,1759343162.3983922
0.16,-0.45,-0.41,1759343162.4007945
0.16,-0.46,-0.42,1759343162.4029503
0.16,-0.47,-0.42,1759343162.4049656
0.16,-0.48,-0.42,1759343162.4083292
0.16,-0.49,-0.42,1759343162.4103136
0.16,-0.5,-0.43,1759343162.4134612
0.17,-0.5,-0.43,1759343162.4163766
0.17,-0.51,-0.43,1759343162.4191415
0.17,-0.52,-0.43,1759343162.421333
0.17,-0.53,-0.43,1759343162.423872
0.18,-0.54,-0.44,1759343162.4261165
0.18,-0.55,-0.44,1759343162.4288666
0.18,-0.56,-0.44,1759343162.4326882
0.18,-0.56,-0.44,1759343162.4354303
0.18,-0.57,-0.44,1759343162.4381957
0.19,-0.58,-0.45,1759343162.4411728
0.19,-0.59,-0.45,1759343162.4437284
0.19,-0.6,-0.45,1759343162.446645
0.19,-0.6,-0.45,1759343162.4491642
0.2,-0.61,-0.45,1759343162.4522486
0.2,-0.62,-0.46,1759343162.4553266
0.2,-0.62,-0.46,1759343162.4582093
0.21,-0.63,-0.46,1759343162.4604352
0.21,-0.64,-0.46,1759343162.4634528
0.21,-0.64,-0.46,1759343162.4657624
0.21,-0.65,-0.47,1759343162.4685926
0.22,-0.66,-0.47,1759343162.4703207
0.22,-0.66,-0.47,1759343162.472487
0.22,-0.67,-0.47,1759343162.4750168
0.23,-0.67,-0.47,1759343162.4785404
0.23,-0.68,-0.48,1759343162.4805408
0.23,-0.69,-0.48,1759343162.4831924
0.23,-0.69,-0.48,1759343162.486087
0.23,-0.69,-0.48,1759343162.488999
0.24,-0.7,-0.48,1759343162.4919417
0.24,-0.7,-0.48,1759343162.4940257
0.24,-0.71,-0.48,1759343162.4963553
0.24,-0.71,-0.49,1759343162.4993029
0.25,-0.72,-0.49,1759343162.502086
0.25,-0.72,-0.49,1759343162.504339
0.25,-0.72,-0.49,1759343162.5071318
0.25,-0.73,-0.49,1759343162.5091288
0.25,-0.73,-0.49,1759343162.5112116
0.26,-0.73,-0.49,1759343162.5144484
0.26,-0.73,-0.49,1759343162.5172875
0.26,-0.74,-0.49,1759343162.5193489
0.26,-0.74,-0.5,1759343162.5224285
0.26,-0.74,-0.5,1759343162.5247169
0.27,-0.74,-0.5,1759343162.528093
0.27,-0.74,-0.5,1759343162.5303314
0.27,-0.74,-0.5,1759343162.533322
0.27,-0.74,-0.5,1759343162.5353706
0.27,-0.74,-0.5,1759343162.5375905
0.28,-0.74,-0.5,1759343162.5398262
0.28,-0.74,-0.5,1759343162.543816
0.28,-0.74,-0.5,1759343162.5456316
0.28,-0.74,-0.5,1759343162.5486724
0.29,-0.74,-0.5,1759343162.5505118
0.29,-0.73,-0.5,1759343162.554101
0.29,-0.73,-0.5,1759343162.5559173
0.29,-0.73,-0.5,1759343162.5596108
0.29,-0.73,-0.5,1759343162.561597
0.29,-0.73,-0.5,1759343162.5639212
0.3,-0.73,-0.5,1759343162.566797
0.3,-0.72,-0.5,1759343162.5693705
0.3,-0.72,-0.5,1759343162.5714016
0.3,-0.72,-0.49,1759343162.5744898
0.31,-0.71,-0.49,1759343162.5769186
0.31,-0.71,-0.49,1759343162.5797656
0.31,-0.71,-0.49,1759343162.5821276
0.31,-0.71,-0.49,1759343162.5847466
0.32,-0.7,-0.49,1759343162.5869591
0.32,-0.7,-0.49,1759343162.5898232
0.32,-0.7,-0.49,1759343162.5922203
0.33,-0.69,-0.49,1759343162.595157
0.33,-0.69,-0.49,1759343162.597931
0.33,-0.68,-0.49,1759343162.600521
0.33,-0.68,-0.49,1759343162.6035862
0.34,-0.68,-0.49,1759343162.606278
0.34,-0.67,-0.49,1759343162.608499
0.34,-0.67,-0.48,1759343162.6106882
0.34,-0.67,-0.48,1759343162.613835
0.34,-0.66,-0.48,1759343162.616622
0.35,-0.66,-0.48,1759343162.6187563
0.35,-0.66,-0.48,1759343162.6219215
0.35,-0.65,-0.48,1759343162.6238327
0.35,-0.65,-0.48,1759343162.6275568
0.35,-0.65,-0.47,1759343162.6294355
0.35,-0.64,-0.47,1759343162.6324875
0.36,-0.64,-0.47,1759343162.6345124
0.36,-0.64,-0.47,1759343162.6367433
0.36,-0.63,-0.47,1759343162.639703
0.36,-0.63,-0.47,1759343162.6423342
0.36,-0.62,-0.46,1759343162.644522
0.36,-0.62,-0.46,1759343162.6465366
0.36,-0.61,-0.46,1759343162.649478
0.37,-0.61,-0.46,1759343162.65275
0.37,-0.6,-0.46,1759343162.6545472
0.37,-0.6,-0.45,1759343162.656812
0.37,-0.59,-0.45,1759343162.6594882
0.37,-0.59,-0.45,1759343162.6627555
0.37,-0.58,-0.45,1759343162.665146
0.37,-0.58,-0.44,1759343162.6671154
0.37,-0.57,-0.44,1759343162.6696832
0.37,-0.57,-0.44,1759343162.6728275
0.37,-0.56,-0.44,1759343162.674985
0.38,-0.56,-0.43,1759343162.6777737
0.38,-0.55,-0.43,1759343162.679953
0.38,-0.54,-0.43,1759343162.682893
0.38,-0.54,-0.43,1759343162.6849897
0.38,-0.53,-0.42,1759343162.6870368
0.38,-0.53,-0.42,1759343162.689885
0.38,-0.52,-0.42,1759343162.6936266
0.38,-0.51,-0.42,1759343162.696307
0.38,-0.51,-0.41,1759343162.698752
0.38,-0.5,-0.41,1759343162.7010071
0.38,-0.5,-0.41,1759343162.7040746
0.38,-0.49,-0.41,1759343162.7061317
0.37,-0.48,-0.4,1759343162.7087698
0.37,-0.48,-0.4,1759343162.711065
0.37,-0.47,-0.4,1759343162.7134435
0.37,-0.46,-0.4,1759343162.715937
0.37,-0.46,-0.39,1759343162.7184842
0.37,-0.45,-0.39,1759343162.720503
0.37,-0.45,-0.39,1759343162.724392
0.36,-0.44,-0.39,1759343162.7279778
0.36,-0.43,-0.38,1759343162.7334163
0.36,-0.42,-0.38,1759343162.7369344
0.36,-0.42,-0.38,1759343162.7406106
0.36,-0.41,-0.38,1759343162.743836
0.35,-0.4,-0.37,1759343162.748126
0.35,-0.4,-0.37,1759343162.750975
0.35,-0.39,-0.37,1759343162.7550576
0.35,-0.38,-0.37,1759343162.7588942
0.34,-0.37,-0.36,1759343162.7624583
0.34,-0.37,-0.36,1759343162.7658238
0.34,-0.36,-0.36,1759343162.7688873
0.34,-0.35,-0.36,1759343162.771678
0.33,-0.34,-0.35,1759343162.773417
0.33,-0.34,-0.35,1759343162.7761383
0.33,-0.33,-0.35,1759343162.7796133
0.33,-0.32,-0.35,1759343162.7826133
0.32,-0.32,-0.35,1759343162.7849448
0.32,-0.31,-0.34,1759343162.7874982
0.32,-0.3,-0.34,1759343162.7902708
0.31,-0.3,-0.34,1759343162.7935023
0.31,-0.29,-0.34,1759343162.7962017
0.31,-0.28,-0.34,1759343162.7993886
0.3,-0.28,-0.33,1759343162.8017826
0.3,-0.27,-0.33,1759343162.8044724
0.3,-0.27,-0.33,1759343162.806691
0.29,-0.26,-0.33,1759343162.808747
0.29,-0.25,-0.33,1759343162.8114035
0.29,-0.25,-0.32,1759343162.8135607
0.28,-0.24,-0.32,1759343162.8154385
0.28,-0.23,-0.32,1759343162.817336
0.28,-0.23,-0.32,1759343162.819302
0.27,-0.22,-0.32,1759343162.821205
0.27,-0.22,-0.32,1759343162.8253734
0.26,-0.21,-0.31,1759343162.8285947
0.26,-0.21,-0.31,1759343162.8323298
0.26,-0.2,-0.31,1759343162.8354824
0.25,-0.19,-0.31,1759343162.8393965
0.25,-0.19,-0.31,1759343162.8432896
0.24,-0.18,-0.31,1759343162.846825
0.24,-0.18,-0.3,1759343162.8518543
0.24,-0.17,-0.3,1759343162.8553147
0.23,-0.17,-0.3,1759343162.8577085
0.23,-0.16,-0.3,1759343162.8607914
0.23,-0.15,-0.3,1759343162.8644707
0.22,-0.15,-0.3,1759343162.8669982
0.22,-0.14,-0.3,1759343162.8709571
0.21,-0.14,-0.3,1759343162.8738277
0.21,-0.13,-0.29,1759343162.8773816
0.21,-0.13,-0.29,1759343162.8806665
0.2,-0.13,-0.29,1759343162.8840597
0.2,-0.12,-0.29,1759343162.887556
0.2,-0.12,-0.29,1759343162.891242
0.19,-0.11,-0.29,1759343162.8943462
0.19,-0.11,-0.29,1759343162.8990564
0.19,-0.11,-0.29,1759343162.902068
0.18,-0.1,-0.29,1759343162.904647
0.18,-0.1,-0.29,1759343162.9082325
0.18,-0.1,-0.29,1759343162.911826
0.17,-0.09,-0.29,1759343162.9151385
0.17,-0.09,-0.29,1759343162.9190855
0.17,-0.09,-0.29,1759343162.9222538
0.17,-0.08,-0.29,1759343162.9248135
0.16,-0.08,-0.29,1759343162.9287243
0.16,-0.08,-0.29,1759343162.9324028
0.16,-0.08,-0.28,1759343162.9352417
0.15,-0.07,-0.28,1759343162.9381032
0.15,-0.07,-0.28,1759343162.9420805
0.15,-0.07,-0.28,1759343162.9446397
0.15,-0.07,-0.28,1759343162.9466395
0.14,-0.06,-0.28,1759343162.9487443
0.14,-0.06,-0.29,1759343162.950925
0.14,-0.06,-0.29,1759343162.9563968
0.14,-0.06,-0.29,1759343162.9597745
0.13,-0.05,-0.29,1759343162.961767
0.13,-0.05,-0.29,1759343162.9638758
0.13,-0.05,-0.29,1759343162.967142
0.13,-0.05,-0.29,1759343162.9715135
0.12,-0.05,-0.29,1759343162.975253
0.12,-0.05,-0.29,1759343162.9772308
0.12,-0.04,-0.29,1759343162.9812255
0.12,-0.04,-0.29,1759343162.983462
0.12,-0.04,-0.29,1759343162.9860475
0.11,-0.04,-0.29,1759343162.9887571
0.11,-0.04,-0.29,1759343162.992154
0.11,-0.04,-0.29,1759343162.9960945
0.11,-0.04,-0.29,1759343162.9993265
0.11,-0.04,-0.29,1759343163.0026383
0.11,-0.03,-0.29,1759343163.0053458
0.1,-0.03,-0.29,1759343163.0087285
0.1,-0.03,-0.29,1759343163.01175
0.1,-0.03,-0.29,1759343163.0146923
0.1,-0.03,-0.3,1759343163.0179372
0.1,-0.03,-0.3,1759343163.0200517
0.1,-0.03,-0.3,1759343163.0238633
0.1,-0.03,-0.3,1759343163.025899
0.1,-0.03,-0.3,1759343163.0314083
0.1,-0.03,-0.3,1759343163.0337293
0.09,-0.03,-0.3,1759343163.0363653
0.09,-0.03,-0.3,1759343163.039312
0.09,-0.03,-0.3,1759343163.0423772
0.09,-0.03,-0.3,1759343163.0445073
0.09,-0.03,-0.3,1759343163.0473392
0.09,-0.03,-0.31,1759343163.0502565
0.09,-0.03,-0.31,1759343163.0528872
0.09,-0.03,-0.31,1759343163.0549808
0.09,-0.03,-0.31,1759343163.0570788
0.09,-0.03,-0.31,1759343163.0606349
0.09,-0.03,-0.31,1759343163.0630836
0.09,-0.03,-0.31,1759343163.066531
0.09,-0.03,-0.31,1759343163.0707135
0.09,-0.03,-0.31,1759343163.0758743
0.09,-0.03,-0.31,1759343163.0801928
0.09,-0.03,-0.31,1759343163.0842535
0.09,-0.03,-0.32,1759343163.087648
0.09,-0.03,-0.32,1759343163.092012
0.09,-0.03,-0.32,1759343163.0951154
0.09,-0.03,-0.32,1759343163.0980542
0.09,-0.03,-0.32,1759343163.1012394
0.09,-0.03,-0.32,1759343163.1048129
0.09,-0.03,-0.32,1759343163.107699
0.1,-0.03,-0.32,1759343163.1106896
0.1,-0.03,-0.32,1759343163.1137853
0.1,-0.04,-0.32,1759343163.116722
0.1,-0.04,-0.32,1759343163.1196244
0.1,-0.04,-0.32,1759343163.1222749
0.1,-0.04,-0.32,1759343163.1254616
0.1,-0.04,-0.32,1759343163.1283624
0.1,-0.04,-0.32,1759343163.1312246
0.1,-0.04,-0.32,1759343163.1342006
0.1,-0.04,-0.33,1759343163.1372354
0.1,-0.04,-0.33,1759343163.140284
0.1,-0.04,-0.33,1759343163.1438525
0.1,-0.04,-0.33,1759343163.1466784
0.1,-0.04,-0.33,1759343163.1497457
0.11,-0.04,-0.33,1759343163.1527095
0.11,-0.04,-0.33,1759343163.155703
0.11,-0.04,-0.33,1759343163.158787
0.11,-0.04,-0.33,1759343163.161938
0.11,-0.04,-0.33,1759343163.1650145
0.11,-0.04,-0.33,1759343163.1678736
0.11,-0.04,-0.33,1759343163.1707768
0.11,-0.04,-0.33,1759343163.1736524
0.11,-0.05,-0.33,1759343163.1767163
0.11,-0.05,-0.33,1759343163.179622
0.11,-0.05,-0.33,1759343163.18243
0.12,-0.05,-0.33,1759343163.185574
0.12,-0.05,-0.33,1759343163.188929
0.12,-0.05,-0.33,1759343163.1930492
0.12,-0.05,-0.33,1759343163.1976626
0.12,-0.05,-0.33,1759343163.201415
0.12,-0.05,-0.33,1759343163.204672
0.12,-0.05,-0.33,1759343163.2073395
0.12,-0.05,-0.33,1759343163.2104032
0.12,-0.05,-0.33,1759343163.2138748
0.12,-0.05,-0.33,1759343163.216766
0.12,-0.05,-0.33,1759343163.2196145
0.12,-0.05,-0.33,1759343163.2226546
0.12,-0.05,-0.33,1759343163.2255716
0.12,-0.05,-0.33,1759343163.2283711
0.12,-0.05,-0.33,1759343163.231727
0.12,-0.05,-0.33,1759343163.2349622
0.13,-0.05,-0.33,1759343163.238634
0.13,-0.05,-0.33,1759343163.2421355
0.13,-0.06,-0.33,1759343163.245975
0.13,-0.06,-0.33,1759343163.2498996
0.13,-0.06,-0.33,1759343163.2539485
0.13,-0.06,-0.33,1759343163.2583914
0.13,-0.06,-0.32,1759343163.2615926
0.13,-0.06,-0.32,1759343163.2644677
0.13,-0.07,-0.32,1759343163.267905
0.13,-0.07,-0.32,1759343163.270913
0.13,-0.07,-0.32,1759343163.2737253
0.13,-0.07,-0.32,1759343163.276852
0.13,-0.08,-0.32,1759343163.2796571
0.13,-0.08,-0.32,1759343163.2834084
0.13,-0.08,-0.32,1759343163.2870848
0.13,-0.09,-0.32,1759343163.2899988
0.13,-0.09,-0.32,1759343163.2930677
0.13,-0.09,-0.32,1759343163.2969089
0.13,-0.1,-0.32,1759343163.3004618
0.13,-0.1,-0.32,1759343163.3042898
0.13,-0.1,-0.32,1759343163.3071048
0.14,-0.11,-0.31,1759343163.3100057
0.14,-0.11,-0.31,1759343163.312938
0.14,-0.12,-0.31,1759343163.3158271
0.14,-0.12,-0.31,1759343163.3189836
0.14,-0.12,-0.31,1759343163.3223271
0.14,-0.13,-0.31,1759343163.325288
0.14,-0.13,-0.31,1759343163.3293052
0.14,-0.14,-0.31,1759343163.332432
0.14,-0.15,-0.31,1759343163.3359127
0.14,-0.15,-0.31,1759343163.3392782
0.14,-0.16,-0.31,1759343163.3421214
0.14,-0.17,-0.31,1759343163.3451593
0.14,-0.18,-0.31,1759343163.3498547
0.14,-0.18,-0.31,1759343163.3532343
0.14,-0.19,-0.31,1759343163.3563435
0.14,-0.2,-0.31,1759343163.359182
0.14,-0.21,-0.31,1759343163.3622112
0.14,-0.22,-0.31,1759343163.3651938
0.13,-0.23,-0.31,1759343163.3680806
0.13,-0.24,-0.31,1759343163.3709848
0.13,-0.25,-0.31,1759343163.3742454
0.13,-0.26,-0.31,1759343163.3770676
0.13,-0.27,-0.31,1759343163.3799522
0.13,-0.28,-0.31,1759343163.3830683
0.13,-0.29,-0.31,1759343163.386096
0.12,-0.3,-0.31,1759343163.3889694
0.12,-0.31,-0.31,1759343163.3917072
0.12,-0.33,-0.31,1759343163.3946817
0.12,-0.34,-0.31,1759343163.397569
0.12,-0.35,-0.31,1759343163.4003496
0.12,-0.36,-0.32,1759343163.4035015
0.12,-0.37,-0.32,1759343163.4068022
0.12,-0.38,-0.32,1759343163.410103
0.12,-0.39,-0.32,1759343163.4133322
0.12,-0.4,-0.32,1759343163.4170094
0.12,-0.41,-0.32,1759343163.4199705
0.12,-0.42,-0.32,1759343163.4240713
0.12,-0.43,-0.32,1759343163.4274166
0.12,-0.44,-0.33,1759343163.4304798
0.12,-0.45,-0.33,1759343163.433843
0.12,-0.46,-0.33,1759343163.4375472
0.12,-0.47,-0.33,1759343163.4412825
0.12,-0.48,-0.33,1759343163.4448702
0.12,-0.49,-0.33,1759343163.448181
0.12,-0.5,-0.33,1759343163.451216
0.12,-0.51,-0.34,1759343163.4546528
0.12,-0.52,-0.34,1759343163.457584
0.12,-0.52,-0.34,1759343163.4614353
0.12,-0.53,-0.34,1759343163.4648988
0.13,-0.54,-0.34,1759343163.4683137
0.13,-0.55,-0.35,1759343163.4717908
0.13,-0.55,-0.35,1759343163.4748442
0.13,-0.56,-0.35,1759343163.4777725
0.13,-0.57,-0.35,1759343163.480743
0.14,-0.57,-0.35,1759343163.4839263
0.14,-0.58,-0.35,1759343163.4877262
0.14,-0.59,-0.36,1759343163.4910252
0.14,-0.59,-0.36,1759343163.4942782
0.15,-0.6,-0.36,1759343163.4971538
0.15,-0.6,-0.36,1759343163.500056
0.15,-0.61,-0.36,1759343163.5031478
0.15,-0.61,-0.36,1759343163.5060265
0.15,-0.62,-0.37,1759343163.5088716
0.16,-0.62,-0.37,1759343163.5118775
0.16,-0.63,-0.37,1759343163.515721
0.16,-0.63,-0.37,1759343163.5190966
0.16,-0.64,-0.37,1759343163.5223362
0.16,-0.64,-0.37,1759343163.5253906
0.16,-0.65,-0.37,1759343163.5285275
0.17,-0.65,-0.37,1759343163.5315597
0.17,-0.65,-0.38,1759343163.5347977
0.17,-0.66,-0.38,1759343163.5376973
0.17,-0.66,-0.38,1759343163.5414326
0.17,-0.66,-0.38,1759343163.5453625
0.17,-0.66,-0.38,1759343163.5486128
0.18,-0.67,-0.38,1759343163.5519907
0.18,-0.67,-0.38,1759343163.5553508
0.18,-0.67,-0.38,1759343163.558272
0.18,-0.67,-0.38,1759343163.5613098
0.18,-0.67,-0.39,1759343163.5653534
0.18,-0.67,-0.39,1759343163.5690084
0.18,-0.67,-0.39,1759343163.571436
0.19,-0.67,-0.39,1759343163.574902
0.19,-0.67,-0.39,1759343163.578026
0.19,-0.67,-0.39,1759343163.580083
0.19,-0.67,-0.39,1759343163.5825727
0.19,-0.67,-0.39,1759343163.5866346
0.19,-0.67,-0.39,1759343163.5908892
0.19,-0.67,-0.39,1759343163.5935082
0.19,-0.67,-0.39,1759343163.5962205
0.19,-0.67,-0.39,1759343163.5992205
0.19,-0.67,-0.39,1759343163.601431
0.19,-0.67,-0.39,1759343163.6034029
0.19,-0.66,-0.39,1759343163.6086142
0.2,-0.66,-0.39,1759343163.6118014
0.2,-0.66,-0.39,1759343163.614919
0.2,-0.66,-0.39,1759343163.619801
0.2,-0.65,-0.39,1759343163.6218555
0.2,-0.65,-0.39,1759343163.626129
0.2,-0.65,-0.38,1759343163.6327562
0.2,-0.64,-0.38,1759343163.6349666
0.2,-0.64,-0.38,1759343163.637195
0.2,-0.64,-0.38,1759343163.639102
0.2,-0.63,-0.38,1759343163.6425936
0.2,-0.63,-0.38,1759343163.6457138
0.2,-0.62,-0.38,1759343163.64789
0.2,-0.62,-0.38,1759343163.6502883
0.2,-0.61,-0.38,1759343163.6523218
0.2,-0.61,-0.37,1759343163.6570797
0.2,-0.61,-0.37,1759343163.6602244
0.2,-0.6,-0.37,1759343163.6642103
0.21,-0.6,-0.37,1759343163.6680818
0.21,-0.59,-0.37,1759343163.6721342
0.21,-0.58,-0.37,1759343163.676244
0.21,-0.58,-0.37,1759343163.6794767
0.21,-0.57,-0.36,1759343163.682496
0.21,-0.57,-0.36,1759343163.687569
0.21,-0.56,-0.36,1759343163.68981
0.21,-0.55,-0.36,1759343163.6950488
0.21,-0.55,-0.36,1759343163.697991
0.21,-0.54,-0.36,1759343163.701607
0.2,-0.54,-0.35,1759343163.7040768
0.2,-0.53,-0.35,1759343163.7072873
0.2,-0.52,-0.35,1759343163.711352
0.2,-0.52,-0.35,1759343163.716962
0.2,-0.51,-0.35,1759343163.7206578
0.2,-0.51,-0.35,1759343163.7243009
0.2,-0.5,-0.34,1759343163.7281203
0.2,-0.49,-0.34,1759343163.7312317
0.2,-0.49,-0.34,1759343163.7360032
0.2,-0.48,-0.34,1759343163.7419858
0.2,-0.47,-0.34,1759343163.7442706
0.2,-0.46,-0.34,1759343163.7478542
0.19,-0.46,-0.33,1759343163.7513697
0.19,-0.45,-0.33,1759343163.7540102
0.19,-0.44,-0.33,1759343163.7573774
0.19,-0.44,-0.33,1759343163.760378
0.19,-0.43,-0.33,1759343163.763033
0.19,-0.42,-0.32,1759343163.767016
0.18,-0.41,-0.32,1759343163.7695534
0.18,-0.41,-0.32,1759343163.77187
0.18,-0.4,-0.32,1759343163.7745547
0.18,-0.39,-0.31,1759343163.7767916
0.18,-0.38,-0.31,1759343163.7791448
0.17,-0.38,-0.31,1759343163.7812428
0.17,-0.37,-0.31,1759343163.7837148
0.17,-0.36,-0.31,1759343163.78728
0.17,-0.36,-0.3,1759343163.7896404
0.16,-0.35,-0.3,1759343163.792213
0.16,-0.34,-0.3,1759343163.794669
0.16,-0.33,-0.3,1759343163.797096
0.16,-0.33,-0.3,1759343163.7991452
0.16,-0.32,-0.29,1759343163.801414
0.15,-0.31,-0.29,1759343163.803718
0.15,-0.3,-0.29,1759343163.8057213
0.15,-0.3,-0.29,1759343163.8079607
0.15,-0.29,-0.29,1759343163.8098917
0.15,-0.28,-0.29,1759343163.811985
0.14,-0.28,-0.28,1759343163.8153975
0.14,-0.27,-0.28,1759343163.8182652
0.14,-0.26,-0.28,1759343163.8216836
0.14,-0.26,-0.28,1759343163.8247197
0.13,-0.25,-0.28,1759343163.8277323
0.13,-0.24,-0.28,1759343163.8307197
0.13,-0.24,-0.27,1759343163.834103
0.13,-0.23,-0.27,1759343163.8372564
0.12,-0.23,-0.27,1759343163.8406117
0.12,-0.22,-0.27,1759343163.8439257
0.12,-0.21,-0.27,1759343163.8467777
0.11,-0.21,-0.27,1759343163.8492146
0.11,-0.2,-0.27,1759343163.8520513
0.11,-0.2,-0.27,1759343163.854704
0.11,-0.19,-0.26,1759343163.8578854
0.1,-0.19,-0.26,1759343163.862568
0.1,-0.18,-0.26,1759343163.8663354
0.1,-0.18,-0.26,1759343163.8692567
0.09,-0.17,-0.26,1759343163.872989
0.09,-0.17,-0.26,1759343163.8760028
0.09,-0.17,-0.26,1759343163.8796227
0.09,-0.16,-0.26,1759343163.8829522
0.08,-0.16,-0.26,1759343163.886243
0.08,-0.15,-0.26,1759343163.890062
0.08,-0.15,-0.26,1759343163.893844
0.08,-0.15,-0.26,1759343163.8968382
0.07,-0.14,-0.25,1759343163.9006493
0.07,-0.14,-0.25,1759343163.9035535
0.07,-0.14,-0.25,1759343163.9075966
0.07,-0.13,-0.25,1759343163.9105167
0.06,-0.13,-0.25,1759343163.9148922
0.06,-0.13,-0.25,1759343163.9187
0.06,-0.12,-0.25,1759343163.9216115
0.06,-0.12,-0.25,1759343163.9251332
0.06,-0.12,-0.25,1759343163.9281547
0.05,-0.12,-0.25,1759343163.9312685
0.05,-0.11,-0.25,1759343163.9344304
0.05,-0.11,-0.25,1759343163.9370537
0.05,-0.11,-0.25,1759343163.9396718
0.04,-0.11,-0.25,1759343163.9425998
0.04,-0.1,-0.25,1759343163.9451098
0.04,-0.1,-0.25,1759343163.9479942
0.04,-0.1,-0.25,1759343163.9507642
0.04,-0.1,-0.25,1759343163.9539614
0.03,-0.09,-0.25,1759343163.9566383
0.03,-0.09,-0.25,1759343163.9591656
0.03,-0.09,-0.25,1759343163.962774
0.03,-0.09,-0.25,1759343163.965803
0.03,-0.08,-0.25,1759343163.971455
0.02,-0.08,-0.25,1759343163.9757774
0.02,-0.08,-0.25,1759343163.9845352
0.02,-0.08,-0.25,1759343163.9878817
0.02,-0.08,-0.25,1759343163.9914212
0.02,-0.08,-0.25,1759343163.995077
0.01,-0.07,-0.25,1759343163.9986873
0.01,-0.07,-0.25,1759343164.0013342
0.01,-0.07,-0.25,1759343164.0057435
0.01,-0.07,-0.25,1759343164.0087702
0.01,-0.07,-0.25,1759343164.0121336
0.01,-0.07,-0.25,1759343164.014818
0.0,-0.07,-0.25,1759343164.0176816
0.0,-0.07,-0.25,1759343164.0218818
0.0,-0.06,-0.25,1759343164.0268404
0.0,-0.06,-0.26,1759343164.030056
-0.0,-0.06,-0.26,1759343164.0341072
-0.0,-0.06,-0.26,1759343164.0375304
-0.0,-0.06,-0.26,1759343164.0418131
-0.0,-0.06,-0.26,1759343164.0453649
-0.0,-0.06,-0.26,1759343164.04838
-0.0,-0.06,-0.26,1759343164.0509
-0.0,-0.06,-0.26,1759343164.0538588
-0.01,-0.06,-0.26,1759343164.0566108
-0.01,-0.06,-0.26,1759343164.059579
-0.01,-0.06,-0.26,1759343164.0621989
-0.01,-0.06,-0.26,1759343164.06507
-0.01,-0.06,-0.26,1759343164.0676572
-0.01,-0.06,-0.26,1759343164.0702667
-0.01,-0.06,-0.27,1759343164.0736256
-0.01,-0.06,-0.27,1759343164.0766263
-0.01,-0.06,-0.27,1759343164.0790064
-0.01,-0.06,-0.27,1759343164.0814023
-0.01,-0.06,-0.27,1759343164.08407
-0.01,-0.06,-0.27,1759343164.0871103
-0.01,-0.06,-0.27,1759343164.090709
-0.01,-0.06,-0.27,1759343164.0954
-0.01,-0.06,-0.27,1759343164.0994828
-0.01,-0.06,-0.27,1759343164.1028376
-0.01,-0.06,-0.27,1759343164.106491
-0.01,-0.06,-0.27,1759343164.1099465
-0.01,-0.06,-0.27,1759343164.1128998
-0.01,-0.06,-0.27,1759343164.1167195
-0.01,-0.06,-0.27,1759343164.119815
-0.01,-0.06,-0.28,1759343164.1229522
-0.01,-0.06,-0.28,1759343164.1261275
-0.01,-0.06,-0.28,1759343164.1297672
-0.01,-0.06,-0.28,1759343164.1326022
-0.0,-0.06,-0.28,1759343164.1361108
-0.0,-0.06,-0.28,1759343164.1399448
-0.0,-0.06,-0.28,1759343164.1433685
-0.0,-0.07,-0.28,1759343164.146606
-0.0,-0.07,-0.28,1759343164.1502883
-0.0,-0.07,-0.28,1759343164.1532972
-0.0,-0.07,-0.28,1759343164.15741
-0.0,-0.07,-0.28,1759343164.160839
0.0,-0.07,-0.28,1759343164.1642177
0.0,-0.07,-0.28,1759343164.1676912
0.0,-0.07,-0.28,1759343164.170759
0.0,-0.07,-0.28,1759343164.1741717
0.0,-0.07,-0.28,1759343164.177877
0.0,-0.07,-0.28,1759343164.1811523
0.01,-0.07,-0.28,1759343164.1845107
0.01,-0.08,-0.28,1759343164.1873624
0.01,-0.08,-0.28,1759343164.1909535
0.01,-0.08,-0.28,1759343164.1940155
0.01,-0.08,-0.28,1759343164.1976523
0.01,-0.08,-0.28,1759343164.201055
0.01,-0.08,-0.28,1759343164.204564
0.01,-0.08,-0.28,1759343164.2081132
0.01,-0.08,-0.28,1759343164.211674
0.01,-0.09,-0.28,1759343164.2144878
0.01,-0.09,-0.28,1759343164.2177782
0.01,-0.09,-0.28,1759343164.2209375
0.01,-0.09,-0.28,1759343164.224011
0.01,-0.09,-0.28,1759343164.227103
0.02,-0.1,-0.28,1759343164.2300277
0.02,-0.1,-0.28,1759343164.2334068
0.02,-0.1,-0.28,1759343164.2363353
0.02,-0.1,-0.28,1759343164.239785
0.02,-0.1,-0.28,1759343164.2433522
0.02,-0.11,-0.28,1759343164.246542
0.02,-0.11,-0.28,1759343164.2502134
0.02,-0.11,-0.28,1759343164.252974
0.02,-0.12,-0.28,1759343164.2561374
0.02,-0.12,-0.28,1759343164.2588005
0.02,-0.12,-0.28,1759343164.2618625
0.02,-0.13,-0.28,1759343164.264732
0.02,-0.13,-0.28,1759343164.2676911
0.03,-0.14,-0.27,1759343164.270222
0.03,-0.14,-0.27,1759343164.2725744
0.03,-0.14,-0.27,1759343164.2755785
0.03,-0.15,-0.27,1759343164.2785032
0.03,-0.16,-0.27,1759343164.281137
0.03,-0.16,-0.27,1759343164.2841926
0.03,-0.17,-0.27,1759343164.2876904
0.03,-0.17,-0.27,1759343164.2908814
0.03,-0.18,-0.27,1759343164.295226
0.04,-0.19,-0.27,1759343164.2981691
0.04,-0.19,-0.27,1759343164.3025198
0.04,-0.2,-0.27,1759343164.3061664
0.04,-0.21,-0.27,1759343164.309162
0.04,-0.22,-0.26,1759343164.3124802
0.04,-0.23,-0.26,1759343164.3175194
0.04,-0.24,-0.26,1759343164.3212633
0.05,-0.25,-0.26,1759343164.3245757
0.05,-0.26,-0.26,1759343164.328288
0.05,-0.27,-0.26,1759343164.332441
0.05,-0.28,-0.26,1759343164.3366156
0.05,-0.3,-0.27,1759343164.3401227
0.06,-0.31,-0.27,1759343164.3435302
0.06,-0.32,-0.27,1759343164.3467827
0.06,-0.33,-0.27,1759343164.35066
0.06,-0.35,-0.27,1759343164.3540485
0.06,-0.36,-0.27,1759343164.3572383
0.06,-0.37,-0.27,1759343164.360216
0.06,-0.39,-0.27,1759343164.3639195
0.06,-0.4,-0.27,1759343164.36735
0.06,-0.41,-0.27,1759343164.3710485
0.07,-0.42,-0.27,1759343164.3744333
0.07,-0.44,-0.28,1759343164.377306
0.07,-0.45,-0.28,1759343164.3807209
0.07,-0.46,-0.28,1759343164.3837092
0.07,-0.47,-0.28,1759343164.385858
0.07,-0.48,-0.28,1759343164.3879635
0.08,-0.49,-0.29,1759343164.390107
0.08,-0.5,-0.29,1759343164.392269
0.08,-0.51,-0.29,1759343164.395504
0.08,-0.52,-0.29,1759343164.398291
0.08,-0.53,-0.29,1759343164.4003286
0.09,-0.54,-0.3,1759343164.4028234
0.09,-0.55,-0.3,1759343164.407756
0.09,-0.56,-0.3,1759343164.4112828
0.09,-0.56,-0.3,1759343164.41422
0.1,-0.57,-0.3,1759343164.4171042
0.1,-0.58,-0.31,1759343164.4201758
0.1,-0.59,-0.31,1759343164.423876
0.1,-0.6,-0.31,1759343164.4271748
0.11,-0.6,-0.31,1759343164.4301405
0.11,-0.61,-0.32,1759343164.4330163
0.11,-0.62,-0.32,1759343164.4361458
0.12,-0.62,-0.32,1759343164.4392471
0.12,-0.63,-0.32,1759343164.4425814
0.12,-0.64,-0.32,1759343164.4454625
0.12,-0.64,-0.33,1759343164.4476483
0.13,-0.65,-0.33,1759343164.4498618
0.13,-0.65,-0.33,1759343164.45255
0.13,-0.66,-0.33,1759343164.4548876
0.14,-0.66,-0.33,1759343164.4571085
0.14,-0.67,-0.34,1759343164.4589694
0.14,-0.67,-0.34,1759343164.461214
0.14,-0.68,-0.34,1759343164.4642446
0.14,-0.68,-0.34,1759343164.4675462
0.15,-0.69,-0.34,1759343164.470077
0.15,-0.69,-0.34,1759343164.4723449
0.15,-0.69,-0.35,1759343164.4747438
0.15,-0.7,-0.35,1759343164.4773233
0.15,-0.7,-0.35,1759343164.4803214
0.15,-0.71,-0.35,1759343164.482706
0.16,-0.71,-0.35,1759343164.48671
0.16,-0.71,-0.35,1759343164.489576
0.16,-0.71,-0.35,1759343164.4917629
0.16,-0.72,-0.35,1759343164.4951625
0.16,-0.72,-0.36,1759343164.498172
0.16,-0.72,-0.36,1759343164.5008204
0.16,-0.72,-0.36,1759343164.504032
0.16,-0.72,-0.36,1759343164.5070546
0.16,-0.72,-0.36,1759343164.509803
0.16,-0.72,-0.36,1759343164.513933
0.16,-0.72,-0.36,1759343164.5173757
0.16,-0.72,-0.36,1759343164.520593
0.16,-0.72,-0.36,1759343164.5231712
0.16,-0.72,-0.36,1759343164.5258892
0.16,-0.72,-0.36,1759343164.5279443
0.16,-0.72,-0.36,1759343164.531518
0.16,-0.72,-0.36,1759343164.534114
0.16,-0.72,-0.36,1759343164.535922
0.16,-0.72,-0.36,1759343164.538475
0.16,-0.72,-0.36,1759343164.540442
0.16,-0.72,-0.36,1759343164.5422494
0.16,-0.71,-0.36,1759343164.5454435
0.16,-0.71,-0.36,1759343164.5477157
0.16,-0.71,-0.36,1759343164.5511298
0.16,-0.71,-0.36,1759343164.5557303
0.16,-0.71,-0.36,1759343164.5580451
0.16,-0.7,-0.36,1759343164.5613985
0.16,-0.7,-0.36,1759343164.5636065
0.16,-0.7,-0.36,1759343164.567737
0.16,-0.7,-0.35,1759343164.5702329
0.16,-0.69,-0.35,1759343164.572734
0.16,-0.69,-0.35,1759343164.5758722
0.17,-0.69,-0.35,1759343164.5797758
0.17,-0.68,-0.35,1759343164.5831077
0.17,-0.68,-0.35,1759343164.5860312
0.17,-0.68,-0.35,1759343164.5897405
0.17,-0.67,-0.35,1759343164.593984
0.17,-0.67,-0.35,1759343164.5973873
0.17,-0.67,-0.35,1759343164.6013646
0.17,-0.66,-0.34,1759343164.6047611
0.17,-0.66,-0.34,1759343164.6086087
0.17,-0.66,-0.34,1759343164.612829
0.17,-0.65,-0.34,1759343164.6160717
0.17,-0.65,-0.34,1759343164.6189263
0.17,-0.64,-0.34,1759343164.6221316
0.17,-0.64,-0.34,1759343164.6249835
0.17,-0.64,-0.33,1759343164.628471
0.16,-0.63,-0.33,1759343164.6327107
0.16,-0.63,-0.33,1759343164.6356142
0.16,-0.62,-0.33,1759343164.6394956
0.16,-0.62,-0.33,1759343164.6467478
0.16,-0.61,-0.33,1759343164.6496625
0.16,-0.61,-0.32,1759343164.6521497
0.16,-0.6,-0.32,1759343164.6566432
0.16,-0.59,-0.32,1759343164.6590154
0.16,-0.59,-0.32,1759343164.6628325
0.16,-0.58,-0.32,1759343164.6662114
0.16,-0.57,-0.32,1759343164.6687636
0.16,-0.57,-0.31,1759343164.6710975
0.16,-0.56,-0.31,1759343164.6745925
0.15,-0.56,-0.31,1759343164.6781168
0.15,-0.55,-0.31,1759343164.6808696
0.15,-0.54,-0.31,1759343164.6833043
0.15,-0.54,-0.3,1759343164.6860957
0.15,-0.53,-0.3,1759343164.6886995
0.15,-0.52,-0.3,1759343164.6910477
0.14,-0.52,-0.3,1759343164.6950154
0.14,-0.51,-0.3,1759343164.6986716
0.14,-0.5,-0.29,1759343164.7028294
0.14,-0.49,-0.29,1759343164.7062998
0.14,-0.49,-0.29,1759343164.7099593
0.13,-0.48,-0.29,1759343164.713129
0.13,-0.47,-0.29,1759343164.7162733
0.13,-0.47,-0.28,1759343164.7187035
0.13,-0.46,-0.28,1759343164.7210426
0.13,-0.45,-0.28,1759343164.7237232
0.12,-0.45,-0.28,1759343164.725915
0.12,-0.44,-0.28,1759343164.7281632
0.12,-0.43,-0.28,1759343164.7305157
0.12,-0.43,-0.27,1759343164.732548
0.12,-0.42,-0.27,1759343164.7346084
0.11,-0.41,-0.27,1759343164.738318
0.11,-0.4,-0.27,1759343164.7403357
0.11,-0.4,-0.27,1759343164.7431774
0.11,-0.39,-0.26,1759343164.7451904
0.11,-0.38,-0.26,1759343164.74761
0.1,-0.38,-0.26,1759343164.7499204
0.1,-0.37,-0.26,1759343164.7522953
0.1,-0.36,-0.26,1759343164.7546084
0.1,-0.36,-0.26,1759343164.7566495
0.09,-0.35,-0.25,1759343164.7586982
0.09,-0.34,-0.25,1759343164.7613454
0.09,-0.33,-0.25,1759343164.7640257
0.09,-0.33,-0.25,1759343164.7678316
0.09,-0.32,-0.25,1759343164.7707238
0.08,-0.31,-0.24,1759343164.7740772
0.08,-0.31,-0.24,1759343164.776723
0.08,-0.3,-0.24,1759343164.780765
0.08,-0.3,-0.24,1759343164.7837043
0.07,-0.29,-0.24,1759343164.786719
0.07,-0.28,-0.24,1759343164.7903438
0.07,-0.28,-0.23,1759343164.7941527
0.06,-0.27,-0.23,1759343164.7976053
0.06,-0.27,-0.23,1759343164.80062
0.06,-0.26,-0.23,1759343164.8040612
0.05,-0.26,-0.23,1759343164.8068583
0.05,-0.25,-0.23,1759343164.810266
0.05,-0.25,-0.23,1759343164.815069
0.05,-0.24,-0.23,1759343164.8183155
0.04,-0.24,-0.22,1759343164.8206272
0.04,-0.23,-0.22,1759343164.8241427
0.04,-0.23,-0.22,1759343164.8270671
0.03,-0.22,-0.22,1759343164.829942
0.03,-0.22,-0.22,1759343164.8327272
0.03,-0.21,-0.22,1759343164.8358302
0.03,-0.21,-0.22,1759343164.8384657
0.02,-0.2,-0.22,1759343164.840871
0.02,-0.2,-0.22,1759343164.8445656
0.02,-0.19,-0.22,1759343164.847483
0.02,-0.19,-0.21,1759343164.849875
0.01,-0.18,-0.21,1759343164.85268
0.01,-0.18,-0.21,1759343164.8563476
0.01,-0.17,-0.21,1759343164.8592656
0.01,-0.17,-0.21,1759343164.8624582
0.0,-0.17,-0.21,1759343164.865245
0.0,-0.16,-0.21,1759343164.8687203
-0.0,-0.16,-0.21,1759343164.8723545
-0.0,-0.15,-0.21,1759343164.876623
-0.01,-0.15,-0.21,1759343164.879073
-0.01,-0.15,-0.21,1759343164.8824964
-0.01,-0.14,-0.21,1759343164.8850691
-0.01,-0.14,-0.2,1759343164.8876617
-0.02,-0.14,-0.2,1759343164.8901713
-0.02,-0.13,-0.2,1759343164.8922615
-0.02,-0.13,-0.2,1759343164.895326
-0.02,-0.13,-0.2,1759343164.8973198
-0.03,-0.12,-0.2,1759343164.9003522
-0.03,-0.12,-0.2,1759343164.9029074
-0.03,-0.12,-0.2,1759343164.9069557
-0.03,-0.11,-0.2,1759343164.9098938
-0.04,-0.11,-0.2,1759343164.9128652
-0.04,-0.11,-0.2,1759343164.9158816
-0.04,-0.1,-0.2,1759343164.9188964
-0.04,-0.1,-0.2,1759343164.9229684
-0.04,-0.1,-0.2,1759343164.9266827
-0.05,-0.1,-0.2,1759343164.9296916
-0.05,-0.09,-0.2,1759343164.9330077
-0.05,-0.09,-0.2,1759343164.9349663
-0.05,-0.09,-0.2,1759343164.9380505
-0.06,-0.08,-0.2,1759343164.9404104
-0.06,-0.08,-0.2,1759343164.9427338
-0.06,-0.08,-0.2,1759343164.947323
-0.06,-0.08,-0.2,1759343164.9498024
-0.06,-0.07,-0.2,1759343164.9534724
-0.07,-0.07,-0.2,1759343164.957347
-0.07,-0.07,-0.2,1759343164.961241
-0.07,-0.07,-0.2,1759343164.9648397
-0.07,-0.06,-0.2,1759343164.9691224
-0.07,-0.06,-0.2,1759343164.974374
-0.08,-0.06,-0.2,1759343164.9782271
-0.08,-0.06,-0.2,1759343164.9824924
-0.08,-0.06,-0.2,1759343164.986536
-0.08,-0.05,-0.2,1759343164.9900415
-0.08,-0.05,-0.2,1759343164.993302
-0.08,-0.05,-0.2,1759343164.9981923
-0.08,-0.05,-0.2,1759343165.0034945
-0.08,-0.05,-0.2,1759343165.0074203
-0.08,-0.05,-0.2,1759343165.0109324
-0.08,-0.05,-0.21,1759343165.015229
-0.08,-0.05,-0.21,1759343165.019654
-0.09,-0.05,-0.21,1759343165.0240135
-0.09,-0.05,-0.21,1759343165.0272732
-0.09,-0.05,-0.21,1759343165.031451
-0.09,-0.05,-0.21,1759343165.0352228
-0.09,-0.05,-0.21,1759343165.0403647
-0.09,-0.05,-0.21,1759343165.043852
-0.09,-0.05,-0.21,1759343165.0471735
-0.09,-0.05,-0.21,1759343165.0505006
-0.08,-0.05,-0.21,1759343165.0535195
-0.08,-0.05,-0.21,1759343165.0569
-0.08,-0.05,-0.21,1759343165.059966
-0.08,-0.05,-0.21,1759343165.0630722
-0.08,-0.05,-0.21,1759343165.066077
-0.08,-0.05,-0.21,1759343165.0692186
-0.08,-0.05,-0.21,1759343165.071847
-0.08,-0.05,-0.21,1759343165.0774574
-0.08,-0.05,-0.21,1759343165.0807843
-0.08,-0.05,-0.22,1759343165.0844452
-0.08,-0.05,-0.22,1759343165.0878632
-0.08,-0.05,-0.22,1759343165.0903208
-0.08,-0.05,-0.22,1759343165.093575
-0.08,-0.05,-0.22,1759343165.095677
-0.08,-0.06,-0.22,1759343165.0975003
-0.08,-0.06,-0.22,1759343165.0994527
-0.07,-0.06,-0.22,1759343165.101124
-0.07,-0.06,-0.22,1759343165.1039631
-0.07,-0.06,-0.22,1759343165.1057675
-0.07,-0.06,-0.22,1759343165.1076288
-0.07,-0.06,-0.22,1759343165.1107647
-0.07,-0.06,-0.22,1759343165.1145892
-0.07,-0.06,-0.22,1759343165.1171176
-0.07,-0.06,-0.22,1759343165.119521
-0.07,-0.07,-0.22,1759343165.1223788
-0.06,-0.07,-0.22,1759343165.1245005
-0.06,-0.07,-0.22,1759343165.1272504
-0.06,-0.07,-0.22,1759343165.1297164
-0.06,-0.07,-0.23,1759343165.1342242
-0.06,-0.07,-0.23,1759343165.1391766
-0.06,-0.07,-0.23,1759343165.1419363
-0.06,-0.08,-0.23,1759343165.145622
-0.06,-0.08,-0.23,1759343165.1498885
-0.05,-0.08,-0.23,1759343165.153783
-0.05,-0.08,-0.23,1759343165.1568916
-0.05,-0.08,-0.23,1759343165.160413
-0.05,-0.08,-0.23,1759343165.1660762
-0.05,-0.08,-0.23,1759343165.1705008
-0.05,-0.09,-0.23,1759343165.1745956
-0.04,-0.09,-0.23,1759343165.1779716
-0.04,-0.09,-0.23,1759343165.180799
-0.04,-0.09,-0.23,1759343165.1840537
-0.04,-0.09,-0.23,1759343165.1864712
-0.04,-0.09,-0.23,1759343165.1890569
-0.04,-0.1,-0.23,1759343165.1929104
-0.04,-0.1,-0.23,1759343165.1960738
-0.03,-0.1,-0.23,1759343165.1986806
-0.03,-0.1,-0.23,1759343165.2012436
-0.03,-0.11,-0.23,1759343165.2042413
-0.03,-0.11,-0.23,1759343165.206808
-0.03,-0.11,-0.23,1759343165.2103355
-0.03,-0.11,-0.23,1759343165.2131286
-0.02,-0.12,-0.23,1759343165.2156498
-0.02,-0.12,-0.23,1759343165.2182274
-0.02,-0.13,-0.23,1759343165.2213256
-0.02,-0.13,-0.24,1759343165.2237906
-0.02,-0.13,-0.24,1759343165.2260094
-0.01,-0.14,-0.24,1759343165.22883
-0.01,-0.14,-0.24,1759343165.2313943
-0.01,-0.15,-0.24,1759343165.234689
-0.01,-0.15,-0.24,1759343165.2368736
-0.0,-0.16,-0.24,1759343165.2417636
-0.0,-0.17,-0.24,1759343165.24437
-0.0,-0.17,-0.24,1759343165.2463613
0.0,-0.18,-0.24,1759343165.2483287
0.0,-0.18,-0.24,1759343165.2508209
0.01,-0.19,-0.24,1759343165.2529542
0.01,-0.2,-0.24,1759343165.2559552
0.01,-0.21,-0.24,1759343165.259229
0.01,-0.21,-0.24,1759343165.2620356
0.02,-0.22,-0.24,1759343165.2649138
0.02,-0.23,-0.24,1759343165.2699442
0.02,-0.24,-0.24,1759343165.2740192
0.03,-0.24,-0.24,1759343165.278022
0.03,-0.25,-0.24,1759343165.281067
0.03,-0.26,-0.24,1759343165.2854424
0.03,-0.27,-0.25,1759343165.2889738
0.04,-0.28,-0.25,1759343165.2914307
0.04,-0.3,-0.25,1759343165.2946
0.04,-0.31,-0.25,1759343165.29696
0.04,-0.32,-0.25,1759343165.2989397
0.04,-0.33,-0.25,1759343165.301301
0.04,-0.34,-0.25,1759343165.3033414
0.04,-0.36,-0.25,1759343165.3053827
0.05,-0.37,-0.26,1759343165.3080626
0.05,-0.38,-0.26,1759343165.3100946
0.05,-0.39,-0.26,1759343165.3128233
0.05,-0.41,-0.26,1759343165.3159664
0.05,-0.42,-0.26,1759343165.3183713
0.05,-0.43,-0.27,1759343165.3207817
0.05,-0.44,-0.27,1759343165.3232925
0.05,-0.45,-0.27,1759343165.3255963
0.06,-0.47,-0.27,1759343165.327571
0.06,-0.48,-0.28,1759343165.3301077
0.06,-0.49,-0.28,1759343165.3332946
0.06,-0.5,-0.28,1759343165.3359454
0.07,-0.51,-0.29,1759343165.3380034
0.07,-0.52,-0.29,1759343165.343377
0.07,-0.53,-0.29,1759343165.345456
0.07,-0.54,-0.3,1759343165.347558
0.08,-0.55,-0.3,1759343165.3500285
0.08,-0.56,-0.3,1759343165.352388
0.08,-0.57,-0.31,1759343165.3545177
0.08,-0.58,-0.31,1759343165.3574083
0.09,-0.59,-0.31,1759343165.3605442
0.09,-0.6,-0.32,1759343165.3640556
0.09,-0.61,-0.32,1759343165.3664496
0.09,-0.62,-0.32,1759343165.3690667
0.1,-0.63,-0.33,1759343165.3723018
0.1,-0.64,-0.33,1759343165.3749037
0.1,-0.64,-0.33,1759343165.3780544
0.1,-0.65,-0.34,1759343165.3813386
0.1,-0.66,-0.34,1759343165.3841374
0.11,-0.67,-0.34,1759343165.3870084
0.11,-0.67,-0.35,1759343165.3894982
0.11,-0.68,-0.35,1759343165.3917544
0.11,-0.69,-0.35,1759343165.3937578
0.12,-0.7,-0.36,1759343165.3972056
0.12,-0.7,-0.36,1759343165.399711
0.12,-0.71,-0.37,1759343165.4037058
0.13,-0.71,-0.37,1759343165.4074652
0.13,-0.72,-0.37,1759343165.4102106
0.13,-0.72,-0.38,1759343165.413523
0.13,-0.73,-0.38,1759343165.417318
0.13,-0.73,-0.38,1759343165.4206407
0.14,-0.74,-0.38,1759343165.4266386
0.14,-0.74,-0.39,1759343165.4301884
0.14,-0.75,-0.39,1759343165.4336562
0.14,-0.75,-0.39,1759343165.4377823
0.14,-0.75,-0.39,1759343165.4407344
0.15,-0.76,-0.4,1759343165.445667
0.15,-0.76,-0.4,1759343165.4487183
0.15,-0.76,-0.4,1759343165.4518714
0.15,-0.76,-0.4,1759343165.4559042
0.15,-0.76,-0.4,1759343165.4595337
0.15,-0.76,-0.4,1759343165.4629033
0.16,-0.76,-0.41,1759343165.4652507
0.16,-0.76,-0.41,1759343165.4677234
0.16,-0.76,-0.41,1759343165.4698486
0.16,-0.76,-0.41,1759343165.4727976
0.16,-0.76,-0.41,1759343165.4749331
0.16,-0.76,-0.41,1759343165.4768906
0.17,-0.76,-0.41,1759343165.4792776
0.17,-0.76,-0.41,1759343165.4812105
0.17,-0.76,-0.41,1759343165.483449
0.17,-0.76,-0.41,1759343165.4857392
0.17,-0.76,-0.41,1759343165.4880598
0.17,-0.76,-0.41,1759343165.4906783
0.17,-0.76,-0.41,1759343165.49444
0.18,-0.75,-0.41,1759343165.4965937
0.18,-0.75,-0.41,1759343165.4992914
0.18,-0.75,-0.41,1759343165.5013556
0.18,-0.75,-0.41,1759343165.5039744
0.18,-0.75,-0.41,1759343165.5071332
0.18,-0.75,-0.41,1759343165.5103347
0.18,-0.74,-0.41,1759343165.5130432
0.19,-0.74,-0.41,1759343165.5170488
0.19,-0.74,-0.41,1759343165.5195444
0.19,-0.74,-0.41,1759343165.52284
0.19,-0.73,-0.41,1759343165.5253224
0.19,-0.73,-0.41,1759343165.5285606
0.2,-0.73,-0.41,1759343165.5310247
0.2,-0.72,-0.41,1759343165.534114
0.2,-0.72,-0.41,1759343165.5402586
0.2,-0.72,-0.4,1759343165.5429163
0.21,-0.71,-0.4,1759343165.5452862
0.21,-0.71,-0.4,1759343165.548241
0.21,-0.7,-0.4,1759343165.5502355
0.21,-0.7,-0.4,1759343165.5521543
0.21,-0.7,-0.4,1759343165.554412
0.21,-0.69,-0.39,1759343165.5563364
0.21,-0.69,-0.39,1759343165.5593972
0.22,-0.69,-0.39,1759343165.5613685
0.22,-0.68,-0.39,1759343165.5640974
0.22,-0.68,-0.39,1759343165.5664585
0.22,-0.67,-0.38,1759343165.5685215
0.22,-0.67,-0.38,1759343165.570814
0.22,-0.66,-0.38,1759343165.5733197
0.22,-0.66,-0.38,1759343165.57599
0.22,-0.65,-0.38,1759343165.5779245
0.23,-0.65,-0.37,1759343165.580321
0.23,-0.64,-0.37,1759343165.5830767
0.23,-0.64,-0.37,1759343165.5859556
0.23,-0.64,-0.37,1759343165.5887213
0.23,-0.63,-0.37,1759343165.5922115
0.23,-0.63,-0.36,1759343165.594825
0.23,-0.62,-0.36,1759343165.597807
0.23,-0.62,-0.36,1759343165.6011322
0.23,-0.61,-0.36,1759343165.60439
0.23,-0.61,-0.35,1759343165.6070786
0.23,-0.6,-0.35,1759343165.610164
0.23,-0.6,-0.35,1759343165.613546
0.23,-0.59,-0.35,1759343165.6169562
0.23,-0.58,-0.34,1759343165.6198118
0.23,-0.58,-0.34,1759343165.6230378
0.23,-0.57,-0.34,1759343165.625854
0.23,-0.57,-0.34,1759343165.6285772
0.23,-0.56,-0.33,1759343165.6312115
0.23,-0.55,-0.33,1759343165.6345773
0.23,-0.55,-0.33,1759343165.6373682
0.23,-0.54,-0.33,1759343165.6406045
0.23,-0.53,-0.32,1759343165.6433847
0.23,-0.53,-0.32,1759343165.6466596
0.23,-0.52,-0.32,1759343165.6498065
0.23,-0.51,-0.32,1759343165.6542027
0.23,-0.51,-0.31,1759343165.6576655
0.23,-0.5,-0.31,1759343165.6618936
0.23,-0.49,-0.31,1759343165.6651585
0.23,-0.49,-0.31,1759343165.6689112
0.23,-0.48,-0.3,1759343165.6722434
0.22,-0.47,-0.3,1759343165.6762078
0.22,-0.47,-0.3,1759343165.6798365
0.22,-0.46,-0.3,1759343165.6839728
0.22,-0.45,-0.29,1759343165.6874013
0.22,-0.45,-0.29,1759343165.6909995
0.22,-0.44,-0.29,1759343165.694367
0.21,-0.44,-0.29,1759343165.6979527
0.21,-0.43,-0.28,1759343165.7010834
0.21,-0.42,-0.28,1759343165.7048187
0.21,-0.42,-0.28,1759343165.7083075
0.21,-0.41,-0.27,1759343165.7112954
0.21,-0.41,-0.27,1759343165.715195
0.2,-0.4,-0.27,1759343165.7188628
0.2,-0.39,-0.27,1759343165.722022
0.2,-0.39,-0.26,1759343165.724753
0.2,-0.38,-0.26,1759343165.7279394
0.19,-0.38,-0.26,1759343165.730608
0.19,-0.37,-0.26,1759343165.733776
0.19,-0.36,-0.25,1759343165.736753
0.19,-0.36,-0.25,1759343165.740305
0.18,-0.35,-0.25,1759343165.7434807
0.18,-0.35,-0.24,1759343165.747614
0.18,-0.34,-0.24,1759343165.7509286
0.18,-0.34,-0.24,1759343165.7549849
0.17,-0.33,-0.24,1759343165.7586792
0.17,-0.32,-0.23,1759343165.76245
0.17,-0.32,-0.23,1759343165.766452
0.16,-0.31,-0.23,1759343165.76964
0.16,-0.31,-0.23,1759343165.7735455
0.16,-0.3,-0.22,1759343165.776934
0.16,-0.3,-0.22,1759343165.780496
0.15,-0.29,-0.22,1759343165.7840092
0.15,-0.29,-0.22,1759343165.785955
0.15,-0.28,-0.21,1759343165.7878866
0.14,-0.28,-0.21,1759343165.791718
0.14,-0.27,-0.21,1759343165.79385
0.14,-0.27,-0.21,1759343165.7966983
0.13,-0.27,-0.21,1759343165.799459
0.13,-0.26,-0.2,1759343165.8014522
0.13,-0.26,-0.2,1759343165.8040185
0.12,-0.25,-0.2,1759343165.8078694
0.12,-0.25,-0.2,1759343165.8101685
0.12,-0.24,-0.2,1759343165.8130617
0.11,-0.24,-0.19,1759343165.8155024
0.11,-0.23,-0.19,1759343165.817549
0.11,-0.23,-0.19,1759343165.8208442
0.1,-0.22,-0.19,1759343165.8231416
0.1,-0.22,-0.19,1759343165.8261583
0.1,-0.22,-0.19,1759343165.8281674
0.09,-0.21,-0.18,1759343165.831105
0.09,-0.21,-0.18,1759343165.833336
0.09,-0.2,-0.18,1759343165.8356135
0.09,-0.2,-0.18,1759343165.8373115
0.08,-0.2,-0.18,1759343165.8430998
0.08,-0.19,-0.18,1759343165.8467245
0.08,-0.19,-0.18,1759343165.8500123
0.07,-0.18,-0.17,1759343165.8531835
0.07,-0.18,-0.17,1759343165.8577282
0.07,-0.18,-0.17,1759343165.8632774
0.07,-0.17,-0.17,1759343165.8700323
0.06,-0.17,-0.17,1759343165.8764882
0.06,-0.17,-0.17,1759343165.8800893
0.06,-0.16,-0.17,1759343165.882584
0.06,-0.16,-0.17,1759343165.8866851
0.05,-0.16,-0.17,1759343165.8901985
0.05,-0.15,-0.16,1759343165.8956645
0.05,-0.15,-0.16,1759343165.90021
0.05,-0.15,-0.16,1759343165.9022324
0.04,-0.14,-0.16,1759343165.9056325
0.04,-0.14,-0.16,1759343165.909043
0.04,-0.14,-0.16,1759343165.9109895
0.04,-0.13,-0.16,1759343165.9134943
0.03,-0.13,-0.16,1759343165.9158037
0.03,-0.13,-0.16,1759343165.9179256
0.03,-0.13,-0.16,1759343165.920398
0.03,-0.12,-0.16,1759343165.925974
0.02,-0.12,-0.16,1759343165.9282095
0.02,-0.12,-0.16,1759343165.930833
0.02,-0.12,-0.15,1759343165.9335384
0.02,-0.11,-0.15,1759343165.9353366
0.02,-0.11,-0.15,1759343165.937154
0.01,-0.11,-0.15,1759343165.941965
0.01,-0.11,-0.15,1759343165.9441972
0.01,-0.1,-0.15,1759343165.9462411
0.01,-0.1,-0.15,1759343165.949144
0.01,-0.1,-0.15,1759343165.952689
0.01,-0.1,-0.15,1759343165.9564776
0.0,-0.1,-0.15,1759343165.9599922
0.0,-0.1,-0.15,1759343165.9620645
0.0,-0.09,-0.15,1759343165.9642656
-0.0,-0.09,-0.15,1759343165.9666054
-0.0,-0.09,-0.15,1759343165.9689171
-0.0,-0.09,-0.15,1759343165.971286
-0.01,-0.09,-0.15,1759343165.9738948
-0.01,-0.09,-0.15,1759343165.9774988
-0.01,-0.09,-0.15,1759343165.979905
-0.01,-0.09,-0.15,1759343165.981876
-0.01,-0.09,-0.15,1759343165.983824
-0.01,-0.08,-0.15,1759343165.9861124
-0.01,-0.08,-0.15,1759343165.9879718
-0.01,-0.08,-0.15,1759343165.9898136
-0.01,-0.08,-0.15,1759343165.9921494
-0.02,-0.08,-0.15,1759343165.994356
-0.02,-0.08,-0.15,1759343165.9966748
-0.02,-0.08,-0.15,1759343165.9990132
-0.02,-0.08,-0.15,1759343166.0012116
-0.02,-0.08,-0.15,1759343166.0033648
-0.02,-0.08,-0.15,1759343166.005663
-0.02,-0.08,-0.15,1759343166.0082664
-0.02,-0.08,-0.15,1759343166.0099611
-0.02,-0.08,-0.15,1759343166.0124545
-0.02,-0.08,-0.15,1759343166.015843
-0.02,-0.08,-0.15,1759343166.0189488
-0.02,-0.08,-0.15,1759343166.02228
-0.02,-0.08,-0.15,1759343166.0249703
-0.03,-0.08,-0.15,1759343166.0280645
-0.03,-0.08,-0.15,1759343166.0309515
-0.03,-0.08,-0.15,1759343166.0339563
-0.03,-0.08,-0.15,1759343166.037592
-0.03,-0.08,-0.15,1759343166.0398874
-0.03,-0.08,-0.15,1759343166.042377
-0.03,-0.08,-0.15,1759343166.0445333
-0.03,-0.08,-0.15,1759343166.0468924
-0.03,-0.08,-0.15,1759343166.0490892
-0.03,-0.08,-0.15,1759343166.0514216
-0.03,-0.08,-0.15,1759343166.053689
-0.03,-0.08,-0.16,1759343166.056069
-0.03,-0.08,-0.16,1759343166.0583484
-0.03,-0.09,-0.16,1759343166.0608509
-0.03,-0.09,-0.16,1759343166.0632377
-0.03,-0.09,-0.16,1759343166.0655022
-0.03,-0.09,-0.16,1759343166.0679383
-0.03,-0.09,-0.16,1759343166.0703242
-0.03,-0.09,-0.16,1759343166.0728247
-0.03,-0.09,-0.16,1759343166.0757277
-0.03,-0.09,-0.16,1759343166.0786078
-0.03,-0.09,-0.16,1759343166.080829
-0.03,-0.09,-0.16,1759343166.0831945
-0.03,-0.1,-0.16,1759343166.0868285
-0.03,-0.1,-0.16,1759343166.090192
-0.03,-0.1,-0.16,1759343166.0939877
-0.03,-0.1,-0.16,1759343166.0980518
-0.03,-0.1,-0.16,1759343166.100777
-0.03,-0.1,-0.16,1759343166.1043923
-0.03,-0.1,-0.17,1759343166.1068516
-0.03,-0.11,-0.17,1759343166.109422
-0.03,-0.11,-0.17,1759343166.1123185
-0.03,-0.11,-0.17,1759343166.115617
-0.02,-0.11,-0.17,1759343166.1191945
-0.02,-0.11,-0.17,1759343166.122301
-0.02,-0.11,-0.17,1759343166.1266727
-0.02,-0.11,-0.17,1759343166.1303592
-0.02,-0.12,-0.17,1759343166.1331794
-0.02,-0.12,-0.17,1759343166.1358569
-0.02,-0.12,-0.17,1759343166.1386504
-0.02,-0.12,-0.17,1759343166.141878
-0.02,-0.12,-0.17,1759343166.1459267
-0.02,-0.12,-0.17,1759343166.1488743
-0.02,-0.13,-0.17,1759343166.153364
-0.02,-0.13,-0.18,1759343166.157016
-0.02,-0.13,-0.18,1759343166.1616037
-0.02,-0.13,-0.18,1759343166.1652749
-0.02,-0.13,-0.18,1759343166.167329
-0.02,-0.14,-0.18,1759343166.1701264
-0.02,-0.14,-0.18,1759343166.172483
-0.01,-0.14,-0.18,1759343166.1754491
-0.01,-0.14,-0.18,1759343166.1794257
-0.01,-0.14,-0.18,1759343166.1834352
-0.01,-0.14,-0.18,1759343166.186303
-0.01,-0.15,-0.18,1759343166.1896117
-0.01,-0.15,-0.18,1759343166.19368
-0.01,-0.15,-0.18,1759343166.196269
-0.01,-0.15,-0.18,1759343166.1989212
-0.01,-0.15,-0.19,1759343166.20192
-0.01,-0.16,-0.19,1759343166.2046804
-0.01,-0.16,-0.19,1759343166.2082238
-0.01,-0.16,-0.19,1759343166.211671
-0.01,-0.16,-0.19,1759343166.2148178
-0.01,-0.16,-0.19,1759343166.217846
-0.0,-0.16,-0.19,1759343166.2209153
-0.0,-0.17,-0.19,1759343166.2246094
-0.0,-0.17,-0.19,1759343166.2274249
-0.0,-0.17,-0.19,1759343166.2299423
-0.0,-0.17,-0.19,1759343166.2322526
-0.0,-0.17,-0.19,1759343166.2347045
0.0,-0.17,-0.19,1759343166.2376206
0.0,-0.18,-0.2,1759343166.2408974
0.0,-0.18,-0.2,1759343166.2445755
0.0,-0.18,-0.2,1759343166.2476346
0.0,-0.18,-0.2,1759343166.2511797
0.0,-0.18,-0.2,1759343166.2541988
0.01,-0.18,-0.2,1759343166.2574718
0.01,-0.18,-0.2,1759343166.2609775
0.01,-0.18,-0.2,1759343166.264864
0.01,-0.18,-0.2,1759343166.2682493
0.01,-0.19,-0.2,1759343166.271425
0.01,-0.19,-0.2,1759343166.2746842
0.01,-0.19,-0.2,1759343166.278708
0.01,-0.19,-0.2,1759343166.282788
0.01,-0.19,-0.2,1759343166.2860577
0.01,-0.19,-0.2,1759343166.290156
0.01,-0.18,-0.21,1759343166.2934046
0.01,-0.18,-0.21,1759343166.2977738
0.01,-0.18,-0.21,1759343166.301192
0.01,-0.18,-0.21,1759343166.3059602
0.01,-0.18,-0.21,1759343166.310036
0.02,-0.17,-0.2,1759343166.3142097
0.02,-0.17,-0.2,1759343166.318209
0.02,-0.17,-0.2,1759343166.3222518
0.02,-0.16,-0.2,1759343166.325412
0.02,-0.16,-0.2,1759343166.3293204
0.02,-0.15,-0.2,1759343166.3337324
0.02,-0.15,-0.2,1759343166.336872
0.02,-0.14,-0.2,1759343166.341731
0.02,-0.14,-0.2,1759343166.3475366
0.02,-0.13,-0.19,1759343166.3513768
0.02,-0.12,-0.19,1759343166.3575208
0.01,-0.12,-0.19,1759343166.3600476
0.01,-0.11,-0.19,1759343166.3639207
0.01,-0.1,-0.18,1759343166.3657415
0.01,-0.09,-0.18,1759343166.3697815
0.01,-0.08,-0.18,1759343166.3716528
0.01,-0.07,-0.18,1759343166.374531
0.01,-0.07,-0.17,1759343166.378577
0.01,-0.06,-0.17,1759343166.3825765
0.01,-0.05,-0.17,1759343166.38497
0.0,-0.04,-0.17,1759343166.3868182
0.0,-0.03,-0.16,1759343166.3890228
-0.0,-0.02,-0.16,1759343166.3916118
-0.0,-0.01,-0.16,1759343166.3937604
-0.0,0.0,-0.16,1759343166.395362
-0.0,0.01,-0.15,1759343166.3972952
-0.01,0.03,-0.15,1759343166.4004242
-0.01,0.04,-0.15,1759343166.4031212
-0.01,0.05,-0.15,1759343166.4056056
-0.01,0.06,-0.14,1759343166.4088416
-0.01,0.07,-0.14,1759343166.4113455
-0.01,0.08,-0.14,1759343166.413874
-0.01,0.09,-0.14,1759343166.4161165
-0.02,0.1,-0.14,1759343166.4177856
-0.02,0.11,-0.13,1759343166.419669
-0.02,0.12,-0.13,1759343166.4213407
-0.02,0.13,-0.13,1759343166.423689
-0.02,0.14,-0.13,1759343166.4253192
-0.02,0.15,-0.13,1759343166.4269648
-0.03,0.16,-0.12,1759343166.4286382
-0.03,0.17,-0.12,1759343166.4302738
-0.03,0.18,-0.12,1759343166.4325204
-0.04,0.19,-0.12,1759343166.4344003
-0.04,0.2,-0.12,1759343166.437122
-0.04,0.21,-0.12,1759343166.439231
-0.05,0.22,-0.12,1759343166.441768
-0.05,0.23,-0.11,1759343166.4438026
-0.05,0.24,-0.11,1759343166.4460526
-0.05,0.25,-0.11,1759343166.4492743
-0.06,0.26,-0.11,1759343166.4527762
-0.06,0.26,-0.11,1759343166.455737
-0.06,0.27,-0.11,1759343166.45926
-0.06,0.28,-0.11,1759343166.4632332
-0.06,0.29,-0.11,1759343166.4658372
-0.07,0.3,-0.11,1759343166.468497
-0.07,0.31,-0.11,1759343166.4708014
-0.07,0.32,-0.11,1759343166.4741905
-0.08,0.32,-0.11,1759343166.4770596
-0.08,0.33,-0.11,1759343166.4804358
-0.08,0.34,-0.11,1759343166.4860337
-0.09,0.35,-0.11,1759343166.490164
-0.09,0.35,-0.11,1759343166.4940698
-0.1,0.36,-0.11,1759343166.4976325
-0.1,0.37,-0.11,1759343166.5021613
-0.11,0.37,-0.11,1759343166.5054457
-0.11,0.38,-0.11,1759343166.5101447
-0.11,0.38,-0.11,1759343166.5138204
-0.12,0.39,-0.11,1759343166.517853
-0.12,0.39,-0.11,1759343166.5205142
-0.13,0.4,-0.12,1759343166.5231209
-0.13,0.41,-0.12,1759343166.5265725
-0.14,0.41,-0.12,1759343166.5300553
-0.14,0.41,-0.12,1759343166.5330367
-0.15,0.42,-0.12,1759343166.5361946
-0.15,0.42,-0.12,1759343166.5390575
-0.16,0.42,-0.12,1759343166.5420203
-0.16,0.43,-0.12,1759343166.544664
-0.16,0.43,-0.12,1759343166.5482302
-0.17,0.43,-0.12,1759343166.5508137
-0.17,0.43,-0.12,1759343166.5539415
-0.18,0.43,-0.12,1759343166.557298
-0.18,0.43,-0.12,1759343166.559811
-0.18,0.43,-0.12,1759343166.5623062
-0.19,0.43,-0.12,1759343166.565567
-0.19,0.43,-0.13,1759343166.5674877
-0.2,0.44,-0.13,1759343166.5707314
-0.2,0.44,-0.13,1759343166.5735898
-0.2,0.44,-0.13,1759343166.5765538
-0.21,0.44,-0.13,1759343166.5789242
-0.21,0.43,-0.13,1759343166.5831585
-0.21,0.43,-0.13,1759343166.5861208
-0.22,0.43,-0.13,1759343166.588919
-0.22,0.43,-0.13,1759343166.5922408
-0.22,0.43,-0.13,1759343166.594288
-0.22,0.43,-0.13,1759343166.596656
-0.23,0.43,-0.13,1759343166.6018045
-0.23,0.43,-0.12,1759343166.603921
-0.23,0.42,-0.12,1759343166.6070669
-0.23,0.42,-0.12,1759343166.6106548
-0.24,0.42,-0.12,1759343166.6135032
-0.24,0.42,-0.12,1759343166.6169662
-0.24,0.41,-0.12,1759343166.619755
-0.24,0.41,-0.12,1759343166.622523
-0.24,0.41,-0.12,1759343166.6248388
-0.25,0.41,-0.12,1759343166.6276228
-0.25,0.4,-0.12,1759343166.6312425
-0.25,0.4,-0.12,1759343166.6345792
-0.25,0.4,-0.12,1759343166.6370077
-0.25,0.39,-0.12,1759343166.6394844
-0.25,0.39,-0.12,1759343166.6428971
-0.25,0.39,-0.12,1759343166.645872
-0.25,0.38,-0.12,1759343166.6493256
-0.26,0.38,-0.12,1759343166.6518292
-0.26,0.37,-0.11,1759343166.6542008
-0.26,0.37,-0.11,1759343166.657508
-0.26,0.37,-0.11,1759343166.6605186
-0.26,0.36,-0.11,1759343166.6631236
-0.26,0.36,-0.11,1759343166.665701
-0.26,0.35,-0.11,1759343166.6688766
-0.26,0.35,-0.11,1759343166.671999
-0.26,0.34,-0.11,1759343166.675119
-0.26,0.34,-0.11,1759343166.6789277
-0.26,0.33,-0.11,1759343166.6810308
-0.26,0.33,-0.11,1759343166.684292
-0.26,0.32,-0.11,1759343166.6877882
-0.26,0.31,-0.11,1759343166.692093
-0.26,0.31,-0.11,1759343166.694846
-0.26,0.3,-0.11,1759343166.697539
-0.26,0.3,-0.11,1759343166.6996546
-0.26,0.3,-0.11,1759343166.7048533
-0.26,0.29,-0.11,1759343166.7074175
-0.26,0.29,-0.11,1759343166.710383
-0.26,0.28,-0.11,1759343166.7137914
-0.26,0.28,-0.11,1759343166.7164032
-0.26,0.27,-0.11,1759343166.7193651
-0.26,0.27,-0.1,1759343166.7217848
-0.25,0.26,-0.1,1759343166.7249153
-0.25,0.26,-0.1,1759343166.7276587
-0.25,0.25,-0.1,1759343166.7318847
-0.25,0.24,-0.1,1759343166.7345445
-0.25,0.24,-0.1,1759343166.7381587
-0.24,0.23,-0.1,1759343166.7409437
-0.24,0.23,-0.1,1759343166.743793
-0.24,0.22,-0.1,1759343166.7465117
-0.24,0.22,-0.1,1759343166.750127
-0.24,0.21,-0.1,1759343166.7528615
-0.24,0.2,-0.1,1759343166.7558026
-0.23,0.2,-0.1,1759343166.7588215
-0.23,0.19,-0.1,1759343166.762372
-0.23,0.19,-0.11,1759343166.765633
-0.22,0.18,-0.11,1759343166.7685575
-0.22,0.18,-0.11,1759343166.7719135
-0.22,0.17,-0.11,1759343166.7742517
-0.21,0.17,-0.11,1759343166.7768714
-0.21,0.16,-0.11,1759343166.7799485
-0.21,0.15,-0.11,1759343166.782518
-0.2,0.15,-0.11,1759343166.7848475
-0.2,0.14,-0.11,1759343166.788537
-0.2,0.14,-0.11,1759343166.7913258
-0.19,0.13,-0.11,1759343166.7947783
-0.19,0.13,-0.11,1759343166.79801
-0.19,0.12,-0.11,1759343166.800767
-0.18,0.12,-0.11,1759343166.8039875
-0.18,0.11,-0.11,1759343166.8075116
-0.18,0.11,-0.11,1759343166.8100457
-0.17,0.1,-0.11,1759343166.8126562
-0.17,0.09,-0.11,1759343166.815195
-0.16,0.09,-0.11,1759343166.8179944
-0.16,0.08,-0.11,1759343166.8219314
-0.16,0.08,-0.11,1759343166.8243735
-0.15,0.07,-0.12,1759343166.8266394
-0.15,0.07,-0.12,1759343166.8292844
-0.15,0.06,-0.12,1759343166.8336456
-0.14,0.06,-0.12,1759343166.8356974
-0.14,0.06,-0.12,1759343166.838595
-0.13,0.05,-0.12,1759343166.840975
-0.13,0.05,-0.12,1759343166.843651
-0.13,0.04,-0.12,1759343166.8466902
-0.12,0.04,-0.12,1759343166.8499207
-0.12,0.04,-0.12,1759343166.853802
-0.11,0.03,-0.12,1759343166.8560207
-0.11,0.03,-0.13,1759343166.8584974
-0.11,0.02,-0.13,1759343166.8613884
-0.1,0.02,-0.13,1759343166.8652558
-0.1,0.02,-0.13,1759343166.8672106
-0.1,0.01,-0.13,1759343166.8699548
-0.09,0.01,-0.13,1759343166.872475
-0.09,0.01,-0.13,1759343166.875541
-0.08,0.0,-0.13,1759343166.8776505
-0.08,0.0,-0.14,1759343166.879632
-0.08,-0.0,-0.14,1759343166.882208
-0.07,-0.01,-0.14,1759343166.8845885
-0.07,-0.01,-0.14,1759343166.8872244
-0.07,-0.01,-0.14,1759343166.8907597
-0.06,-0.02,-0.14,1759343166.8927689
-0.06,-0.02,-0.14,1759343166.8963706
-0.06,-0.02,-0.14,1759343166.899245
-0.05,-0.02,-0.14,1759343166.9014523
-0.05,-0.03,-0.15,1759343166.903549
-0.05,-0.03,-0.15,1759343166.9060345
-0.04,-0.03,-0.15,1759343166.9082916
-0.04,-0.04,-0.15,1759343166.9150517
-0.04,-0.04,-0.15,1759343166.917563
-0.03,-0.04,-0.15,1759343166.919906
-0.03,-0.04,-0.15,1759343166.92239
-0.03,-0.04,-0.15,1759343166.9257855
-0.02,-0.05,-0.15,1759343166.9293792
-0.02,-0.05,-0.16,1759343166.93251
-0.02,-0.05,-0.16,1759343166.934762
-0.02,-0.05,-0.16,1759343166.937148
-0.01,-0.06,-0.16,1759343166.9404907
-0.01,-0.06,-0.16,1759343166.9434996
-0.01,-0.06,-0.16,1759343166.9474788
-0.0,-0.06,-0.16,1759343166.9507957
-0.0,-0.06,-0.16,1759343166.953882
-0.0,-0.06,-0.16,1759343166.9564967
0.0,-0.07,-0.16,1759343166.9588735
0.0,-0.07,-0.16,1759343166.9609149
0.01,-0.07,-0.16,1759343166.963625
0.01,-0.07,-0.16,1759343166.9663284
0.01,-0.07,-0.16,1759343166.9701753
0.01,-0.07,-0.17,1759343166.9740312
0.01,-0.07,-0.17,1759343166.9774785
0.01,-0.07,-0.17,1759343166.9797823
0.02,-0.07,-0.17,1759343166.9820502
0.02,-0.07,-0.17,1759343166.9855385
0.02,-0.07,-0.17,1759343166.9886174
0.02,-0.07,-0.17,1759343166.9911928
0.02,-0.08,-0.17,1759343166.995519
0.02,-0.08,-0.17,1759343166.99779
0.02,-0.08,-0.17,1759343167.0016484
0.02,-0.08,-0.17,1759343167.0036578
0.03,-0.08,-0.17,1759343167.0066688
0.03,-0.08,-0.17,1759343167.009927
0.03,-0.08,-0.17,1759343167.011906
0.03,-0.08,-0.17,1759343167.0151231
0.03,-0.08,-0.17,1759343167.017746
0.03,-0.08,-0.17,1759343167.0200157
0.03,-0.08,-0.17,1759343167.0231044
0.03,-0.08,-0.17,1759343167.025891
0.03,-0.08,-0.17,1759343167.0279942
0.03,-0.08,-0.17,1759343167.031752
0.03,-0.08,-0.17,1759343167.0337083
0.03,-0.08,-0.17,1759343167.036513
0.03,-0.08,-0.17,1759343167.0394104
0.03,-0.07,-0.17,1759343167.041441
0.03,-0.07,-0.17,1759343167.045917
0.03,-0.07,-0.17,1759343167.0487702
0.02,-0.07,-0.17,1759343167.0522606
0.02,-0.07,-0.17,1759343167.0543091
0.02,-0.07,-0.17,1759343167.0583248
0.02,-0.07,-0.17,1759343167.0610583
0.02,-0.07,-0.17,1759343167.0646262
0.02,-0.07,-0.17,1759343167.0686586
0.02,-0.07,-0.17,1759343167.0710518
0.02,-0.07,-0.17,1759343167.0753005
0.02,-0.07,-0.17,1759343167.078274
0.02,-0.07,-0.17,1759343167.0802398
0.02,-0.07,-0.17,1759343167.0829391
0.01,-0.06,-0.17,1759343167.0882132
0.01,-0.06,-0.17,1759343167.0912085
0.01,-0.06,-0.17,1759343167.095047
0.01,-0.06,-0.17,1759343167.097885
0.01,-0.06,-0.17,1759343167.100176
0.01,-0.06,-0.17,1759343167.102086
0.01,-0.06,-0.17,1759343167.1046638
0.0,-0.06,-0.17,1759343167.108129
0.0,-0.06,-0.17,1759343167.110276
0.0,-0.06,-0.17,1759343167.1135254
-0.0,-0.06,-0.17,1759343167.1169
-0.0,-0.05,-0.17,1759343167.1186054
-0.0,-0.05,-0.17,1759343167.1227164
-0.0,-0.05,-0.17,1759343167.12543
-0.01,-0.05,-0.17,1759343167.1272647
-0.01,-0.05,-0.17,1759343167.1292462
-0.01,-0.05,-0.17,1759343167.1312926
-0.01,-0.05,-0.17,1759343167.1347165
-0.01,-0.05,-0.17,1759343167.1383555
-0.01,-0.05,-0.17,1759343167.1434898
-0.01,-0.05,-0.17,1759343167.1465223
-0.02,-0.05,-0.16,1759343167.1502066
-0.02,-0.05,-0.16,1759343167.1529024
-0.02,-0.05,-0.16,1759343167.1573768
-0.02,-0.05,-0.16,1759343167.1608365
-0.02,-0.05,-0.16,1759343167.1647377
-0.02,-0.05,-0.16,1759343167.1674013
-0.02,-0.05,-0.16,1759343167.1711187
-0.02,-0.04,-0.16,1759343167.1735184
-0.03,-0.04,-0.16,1759343167.1765585
-0.03,-0.04,-0.16,1759343167.1786993
-0.03,-0.04,-0.16,1759343167.180488
-0.03,-0.04,-0.16,1759343167.1828885
-0.03,-0.04,-0.16,1759343167.1846776
-0.03,-0.04,-0.16,1759343167.1869938
-0.03,-0.04,-0.16,1759343167.1894531
-0.03,-0.04,-0.16,1759343167.1914406
-0.04,-0.04,-0.16,1759343167.1946585
-0.04,-0.04,-0.16,1759343167.197327
-0.04,-0.04,-0.16,1759343167.200449
-0.04,-0.04,-0.16,1759343167.2049243
-0.04,-0.04,-0.16,1759343167.2073925
-0.04,-0.04,-0.16,1759343167.2095895
-0.04,-0.04,-0.16,1759343167.2127476
-0.04,-0.04,-0.16,1759343167.2181706
-0.04,-0.04,-0.16,1759343167.222389
-0.04,-0.04,-0.16,1759343167.225638
-0.04,-0.04,-0.16,1759343167.229613
-0.04,-0.04,-0.16,1759343167.2320693
-0.05,-0.04,-0.16,1759343167.235127
-0.05,-0.04,-0.16,1759343167.2398863
-0.05,-0.04,-0.16,1759343167.242966
-0.05,-0.04,-0.16,1759343167.2452
-0.05,-0.04,-0.16,1759343167.248037
-0.05,-0.04,-0.16,1759343167.2521794
-0.05,-0.04,-0.16,1759343167.25458
-0.05,-0.04,-0.16,1759343167.2583575
-0.05,-0.04,-0.16,1759343167.2622366
-0.05,-0.03,-0.16,1759343167.2660608
-0.05,-0.03,-0.16,1759343167.2707758
-0.05,-0.03,-0.16,1759343167.272946
-0.05,-0.03,-0.16,1759343167.277523
-0.05,-0.02,-0.16,1759343167.2822878
-0.05,-0.02,-0.16,1759343167.284855
-0.05,-0.01,-0.16,1759343167.2871754
-0.05,-0.01,-0.16,1759343167.2894917
-0.05,-0.0,-0.16,1759343167.292541
-0.06,0.0,-0.17,1759343167.295858
-0.06,0.01,-0.17,1759343167.2983284
-0.06,0.02,-0.17,1759343167.3005228
-0.06,0.02,-0.17,1759343167.3042743
-0.06,0.03,-0.17,1759343167.3064556
-0.06,0.04,-0.17,1759343167.3085935
-0.06,0.04,-0.17,1759343167.310804
-0.05,0.05,-0.17,1759343167.3134534
-0.05,0.06,-0.17,1759343167.316928
-0.05,0.07,-0.17,1759343167.3220434
-0.05,0.08,-0.17,1759343167.32718
-0.05,0.08,-0.17,1759343167.329412
-0.05,0.09,-0.17,1759343167.3329186
-0.05,0.1,-0.17,1759343167.3349783
-0.05,0.11,-0.17,1759343167.338244
-0.05,0.12,-0.17,1759343167.3409562
-0.05,0.13,-0.17,1759343167.344291
-0.05,0.14,-0.16,1759343167.346848
-0.05,0.15,-0.16,1759343167.3506594
-0.05,0.16,-0.16,1759343167.3538804
-0.05,0.17,-0.16,1759343167.3565557
-0.05,0.18,-0.16,1759343167.3590896
-0.05,0.19,-0.16,1759343167.3630662
-0.05,0.2,-0.16,1759343167.365116
-0.05,0.22,-0.16,1759343167.3677936
-0.05,0.23,-0.16,1759343167.371889
-0.05,0.24,-0.16,1759343167.374564
-0.05,0.25,-0.16,1759343167.37874
-0.05,0.26,-0.16,1759343167.383018
-0.05,0.27,-0.16,1759343167.3872736
-0.05,0.28,-0.16,1759343167.390895
-0.05,0.3,-0.16,1759343167.3957033
-0.05,0.31,-0.16,1759343167.3995774
-0.05,0.32,-0.16,1759343167.4033515
-0.05,0.33,-0.16,1759343167.4064882
-0.05,0.34,-0.16,1759343167.409555
-0.05,0.35,-0.16,1759343167.4125538
-0.05,0.36,-0.16,1759343167.4162734
-0.05,0.37,-0.16,1759343167.4184744
-0.05,0.38,-0.16,1759343167.420211
-0.06,0.39,-0.16,1759343167.4223256
-0.06,0.4,-0.16,1759343167.4249003
-0.06,0.41,-0.16,1759343167.4272902
-0.06,0.42,-0.16,1759343167.4307106
-0.06,0.43,-0.16,1759343167.433086
-0.06,0.44,-0.16,1759343167.4356637
-0.06,0.45,-0.16,1759343167.4379134
-0.06,0.46,-0.16,1759343167.4400582
-0.06,0.47,-0.16,1759343167.443052
-0.06,0.48,-0.16,1759343167.4459352
-0.06,0.49,-0.16,1759343167.450555
-0.07,0.5,-0.16,1759343167.4525013
-0.07,0.5,-0.15,1759343167.4570775
-0.07,0.51,-0.15,1759343167.4605975
-0.07,0.52,-0.15,1759343167.4647405
-0.07,0.53,-0.15,1759343167.4666605
-0.07,0.53,-0.16,1759343167.4700758
-0.08,0.54,-0.16,1759343167.4731505
-0.08,0.55,-0.16,1759343167.4759936
-0.08,0.55,-0.16,1759343167.4780753
-0.08,0.56,-0.16,1759343167.4804487
-0.09,0.56,-0.16,1759343167.4834728
-0.09,0.57,-0.16,1759343167.4868083
-0.09,0.57,-0.16,1759343167.489571
-0.09,0.58,-0.16,1759343167.4918554
-0.09,0.58,-0.16,1759343167.4942408
-0.1,0.58,-0.16,1759343167.496598
-0.1,0.58,-0.16,1759343167.4987934
-0.1,0.59,-0.17,1759343167.501063
-0.1,0.59,-0.17,1759343167.5052292
-0.1,0.59,-0.17,1759343167.5081704
-0.11,0.59,-0.17,1759343167.5118067
-0.11,0.59,-0.17,1759343167.5141518
-0.11,0.59,-0.17,1759343167.5175354
-0.11,0.59,-0.17,1759343167.520693
-0.11,0.59,-0.17,1759343167.525533
-0.11,0.59,-0.17,1759343167.528905
-0.11,0.59,-0.17,1759343167.531037
-0.11,0.58,-0.17,1759343167.5343082
-0.12,0.58,-0.17,1759343167.5375652
-0.12,0.58,-0.17,1759343167.5411117
-0.12,0.58,-0.17,1759343167.544212
-0.12,0.57,-0.17,1759343167.5474176
-0.12,0.57,-0.17,1759343167.550706
-0.12,0.57,-0.17,1759343167.5543723
-0.12,0.56,-0.17,1759343167.557121
-0.12,0.56,-0.17,1759343167.5601394
-0.12,0.56,-0.17,1759343167.563994
-0.12,0.55,-0.16,1759343167.566888
-0.12,0.55,-0.16,1759343167.5701275
-0.12,0.55,-0.16,1759343167.573791
-0.12,0.54,-0.16,1759343167.576785
-0.12,0.54,-0.16,1759343167.5801616
-0.12,0.53,-0.16,1759343167.583191
-0.12,0.53,-0.16,1759343167.5860434
-0.12,0.52,-0.16,1759343167.5888948
-0.12,0.52,-0.15,1759343167.5926032
-0.12,0.52,-0.15,1759343167.5967293
-0.12,0.51,-0.15,1759343167.6002924
-0.12,0.51,-0.15,1759343167.6057322
-0.12,0.5,-0.15,1759343167.6084769
-0.12,0.5,-0.15,1759343167.6128192
-0.12,0.5,-0.14,1759343167.6169028
-0.12,0.49,-0.14,1759343167.6215467
-0.12,0.49,-0.14,1759343167.624997
-0.11,0.48,-0.14,1759343167.627557
-0.11,0.48,-0.14,1759343167.630773
-0.11,0.47,-0.13,1759343167.633849
-0.11,0.47,-0.13,1759343167.6373422
-0.11,0.46,-0.13,1759343167.6404495
-0.11,0.46,-0.13,1759343167.6449828
-0.11,0.45,-0.13,1759343167.6483283
-0.1,0.45,-0.12,1759343167.6520748
-0.1,0.44,-0.12,1759343167.6557095
-0.1,0.44,-0.12,1759343167.660755
-0.1,0.43,-0.12,1759343167.6671593
-0.1,0.42,-0.12,1759343167.670113
-0.09,0.42,-0.12,1759343167.6727188
-0.09,0.41,-0.12,1759343167.6761582
-0.09,0.41,-0.11,1759343167.6797984
-0.09,0.4,-0.11,1759343167.6823251
-0.08,0.4,-0.11,1759343167.6856916
-0.08,0.39,-0.11,1759343167.6885138
-0.08,0.39,-0.11,1759343167.6924927
-0.08,0.38,-0.11,1759343167.6956298
-0.07,0.37,-0.11,1759343167.698899
-0.07,0.37,-0.11,1759343167.7018538
-0.07,0.36,-0.11,1759343167.7047365
-0.07,0.36,-0.1,1759343167.7078812
-0.06,0.35,-0.1,1759343167.7117088
-0.06,0.34,-0.1,1759343167.7143972
-0.06,0.34,-0.1,1759343167.7180302
-0.06,0.33,-0.1,1759343167.7205465
-0.05,0.32,-0.1,1759343167.7257318
-0.05,0.32,-0.1,1759343167.7281232
-0.05,0.31,-0.1,1759343167.7319078
-0.04,0.3,-0.1,1759343167.7338755
-0.04,0.3,-0.1,1759343167.7360632
-0.04,0.29,-0.1,1759343167.7381694
-0.04,0.29,-0.1,1759343167.742291
-0.03,0.28,-0.1,1759343167.7447436
-0.03,0.27,-0.1,1759343167.7468874
-0.03,0.27,-0.1,1759343167.7494764
-0.02,0.26,-0.1,1759343167.7527664
-0.02,0.26,-0.1,1759343167.7593102
-0.02,0.25,-0.1,1759343167.7611766
-0.01,0.24,-0.1,1759343167.7638135
-0.01,0.24,-0.1,1759343167.7659228
-0.01,0.23,-0.1,1759343167.7685366
-0.0,0.23,-0.1,1759343167.771054
0.0,0.22,-0.1,1759343167.7779813
0.01,0.21,-0.11,1759343167.7801282
0.01,0.21,-0.11,1759343167.7823246
0.01,0.2,-0.11,1759343167.784975
0.02,0.2,-0.11,1759343167.787157
0.02,0.19,-0.11,1759343167.78904
0.02,0.19,-0.11,1759343167.7908752
0.03,0.18,-0.11,1759343167.793424
0.03,0.18,-0.11,1759343167.7964282
0.04,0.17,-0.11,1759343167.8032176
0.04,0.17,-0.11,1759343167.8054938
0.04,0.16,-0.11,1759343167.807911
0.05,0.16,-0.11,1759343167.810443
0.05,0.15,-0.11,1759343167.8137858
0.05,0.15,-0.11,1759343167.817058
0.06,0.14,-0.11,1759343167.819311
0.06,0.14,-0.11,1759343167.822323
0.06,0.14,-0.11,1759343167.8293846
0.07,0.13,-0.12,1759343167.83248
0.07,0.13,-0.12,1759343167.8357008
0.07,0.13,-0.12,1759343167.8385413
0.07,0.13,-0.12,1759343167.8455913
0.08,0.12,-0.12,1759343167.8486533
0.08,0.12,-0.12,1759343167.851667
0.08,0.12,-0.12,1759343167.8545673
0.08,0.12,-0.12,1759343167.8570795
0.09,0.12,-0.12,1759343167.8598435
0.09,0.11,-0.12,1759343167.862275
0.09,0.11,-0.12,1759343167.8692296
0.09,0.11,-0.12,1759343167.8719628
0.1,0.11,-0.12,1759343167.8746777
0.1,0.11,-0.12,1759343167.8774743
0.1,0.11,-0.12,1759343167.879883
0.1,0.11,-0.12,1759343167.8826303
0.1,0.11,-0.12,1759343167.8898032
0.1,0.11,-0.12,1759343167.8925009
0.11,0.11,-0.12,1759343167.8955264
0.11,0.11,-0.12,1759343167.8978674
0.11,0.11,-0.12,1759343167.899815
0.11,0.11,-0.12,1759343167.9023542
0.11,0.11,-0.12,1759343167.9042542
0.11,0.11,-0.12,1759343167.906992
0.12,0.11,-0.12,1759343167.9143476
0.12,0.11,-0.12,1759343167.9168217
0.12,0.11,-0.12,1759343167.919261
0.12,0.11,-0.12,1759343167.9210591
0.12,0.11,-0.12,1759343167.9229062
0.12,0.11,-0.12,1759343167.9308064
0.12,0.11,-0.12,1759343167.93284
0.12,0.11,-0.12,1759343167.934706
0.12,0.11,-0.12,1759343167.9364717
0.13,0.11,-0.12,1759343167.938594
0.13,0.11,-0.12,1759343167.9403896
0.13,0.11,-0.12,1759343167.9423668
0.13,0.11,-0.12,1759343167.9443192
0.13,0.11,-0.12,1759343167.9462984
0.13,0.11,-0.12,1759343167.9482522
0.13,0.11,-0.12,1759343167.9501946
0.13,0.11,-0.12,1759343167.9557238
0.13,0.11,-0.12,1759343167.9575446
0.13,0.11,-0.12,1759343167.95964
0.13,0.11,-0.12,1759343167.961916
0.13,0.11,-0.13,1759343167.963857
0.13,0.11,-0.12,1759343167.966095
0.13,0.11,-0.13,1759343167.9680214
0.13,0.11,-0.13,1759343167.9704866
0.13,0.11,-0.13,1759343167.9722693
0.13,0.11,-0.13,1759343167.97533
0.13,0.11,-0.13,1759343167.9771397
0.13,0.11,-0.13,1759343167.9830277
0.13,0.11,-0.13,1759343167.9861777
0.13,0.11,-0.13,1759343167.988448
0.13,0.11,-0.13,1759343167.9902625
0.13,0.12,-0.13,1759343167.992836
0.13,0.12,-0.13,1759343167.9946938
0.12,0.12,-0.13,1759343168.000327
0.12,0.12,-0.13,1759343168.002378
0.12,0.12,-0.13,1759343168.0048175
0.12,0.12,-0.13,1759343168.006986
0.12,0.12,-0.13,1759343168.0097785
0.12,0.12,-0.13,1759343168.0125227
0.12,0.12,-0.13,1759343168.0154226
0.12,0.12,-0.13,1759343168.0208576
0.12,0.12,-0.13,1759343168.0239933
0.12,0.13,-0.13,1759343168.0268404
0.12,0.13,-0.13,1759343168.0307553
0.11,0.13,-0.13,1759343168.0385752
0.11,0.13,-0.13,1759343168.0419788
0.11,0.13,-0.13,1759343168.0445468
0.11,0.13,-0.13,1759343168.0473547
0.11,0.13,-0.13,1759343168.0547605
0.11,0.13,-0.13,1759343168.0574234
0.11,0.13,-0.13,1759343168.0600553
0.11,0.13,-0.13,1759343168.0628607
0.1,0.13,-0.13,1759343168.0692382
0.1,0.13,-0.13,1759343168.0719576
0.1,0.14,-0.13,1759343168.0742996
0.1,0.14,-0.13,1759343168.0761063
0.1,0.14,-0.13,1759343168.0781264
0.1,0.14,-0.13,1759343168.080788
0.1,0.14,-0.13,1759343168.0828483
0.09,0.14,-0.13,1759343168.0847423
0.09,0.14,-0.13,1759343168.0869682
0.09,0.14,-0.13,1759343168.0921853
0.09,0.14,-0.13,1759343168.0943413
0.09,0.14,-0.13,1759343168.0964558
0.09,0.14,-0.13,1759343168.098913
0.09,0.14,-0.13,1759343168.1017718
0.08,0.14,-0.13,1759343168.104257
0.08,0.14,-0.13,1759343168.1066864
0.08,0.14,-0.13,1759343168.1086955
0.08,0.14,-0.13,1759343168.1111743
0.08,0.14,-0.13,1759343168.1139705
0.08,0.14,-0.13,1759343168.1166651
0.08,0.14,-0.13,1759343168.1194675
0.08,0.14,-0.13,1759343168.1221917
0.07,0.14,-0.13,1759343168.1245492
0.07,0.14,-0.13,1759343168.126574
0.07,0.14,-0.13,1759343168.1293712
0.07,0.14,-0.13,1759343168.132329
0.07,0.14,-0.13,1759343168.1350546
0.07,0.14,-0.13,1759343168.1377783
0.07,0.14,-0.13,1759343168.1403306
0.07,0.14,-0.13,1759343168.1430852
0.06,0.14,-0.13,1759343168.1451745
0.06,0.14,-0.13,1759343168.148263
0.06,0.14,-0.13,1759343168.1504543
0.06,0.14,-0.13,1759343168.1534894
0.06,0.14,-0.13,1759343168.1559634
0.06,0.14,-0.13,1759343168.1583986
0.06,0.14,-0.13,1759343168.1610348
0.06,0.14,-0.13,1759343168.164007
0.05,0.14,-0.13,1759343168.1662066
0.05,0.14,-0.13,1759343168.1693506
0.05,0.14,-0.13,1759343168.1713047
0.05,0.14,-0.13,1759343168.1741867
0.05,0.14,-0.13,1759343168.176719
0.05,0.14,-0.13,1759343168.179388
0.05,0.14,-0.13,1759343168.1819007
0.05,0.14,-0.13,1759343168.184753
0.05,0.14,-0.13,1759343168.1870337
0.04,0.14,-0.13,1759343168.1895409
0.04,0.14,-0.13,1759343168.192163
0.04,0.14,-0.13,1759343168.1950164
0.04,0.14,-0.13,1759343168.197542
0.04,0.14,-0.13,1759343168.2003086
0.04,0.14,-0.13,1759343168.2032497
0.04,0.14,-0.13,1759343168.206308
0.03,0.14,-0.13,1759343168.2096071
0.03,0.14,-0.13,1759343168.2132306
0.03,0.14,-0.13,1759343168.2172706
0.03,0.14,-0.13,1759343168.2207065
0.03,0.14,-0.13,1759343168.2245789
0.03,0.14,-0.13,1759343168.2276845
0.03,0.14,-0.13,1759343168.2309809
0.03,0.14,-0.13,1759343168.234939
0.03,0.14,-0.13,1759343168.2383962
0.03,0.14,-0.14,1759343168.2415864
0.03,0.14,-0.14,1759343168.2452316
0.03,0.14,-0.14,1759343168.2489538
0.03,0.14,-0.14,1759343168.2525733
0.03,0.14,-0.14,1759343168.2555645
0.03,0.14,-0.14,1759343168.2588336
0.02,0.14,-0.14,1759343168.2621655
0.02,0.14,-0.14,1759343168.2647038
0.02,0.15,-0.14,1759343168.26703
0.02,0.15,-0.14,1759343168.2697845
0.02,0.15,-0.14,1759343168.2725022
0.02,0.16,-0.14,1759343168.275304
0.02,0.16,-0.14,1759343168.2779777
0.02,0.17,-0.14,1759343168.281133
0.02,0.17,-0.14,1759343168.284037
0.02,0.18,-0.14,1759343168.2870648
0.02,0.18,-0.14,1759343168.289545
0.02,0.19,-0.14,1759343168.2917454
0.01,0.19,-0.14,1759343168.2945156
0.01,0.2,-0.14,1759343168.297283
0.01,0.21,-0.13,1759343168.2998674
0.01,0.21,-0.13,1759343168.3024094
0.01,0.22,-0.13,1759343168.3051107
0.01,0.23,-0.13,1759343168.3078234
0.01,0.24,-0.13,1759343168.3105674
0.01,0.24,-0.13,1759343168.313233
0.01,0.25,-0.13,1759343168.3161252
0.0,0.26,-0.13,1759343168.3189943
0.0,0.27,-0.13,1759343168.3217833
0.0,0.28,-0.13,1759343168.3244965
0.0,0.29,-0.13,1759343168.3272464
0.0,0.3,-0.12,1759343168.3299303
0.0,0.31,-0.12,1759343168.3325782
-0.0,0.32,-0.12,1759343168.336346
-0.0,0.33,-0.12,1759343168.3395867
-0.0,0.34,-0.12,1759343168.3426254
-0.0,0.35,-0.12,1759343168.345752
-0.0,0.36,-0.12,1759343168.348206
-0.0,0.37,-0.12,1759343168.3516054
-0.0,0.38,-0.11,1759343168.3542726
-0.01,0.39,-0.11,1759343168.3580215
-0.01,0.4,-0.11,1759343168.361173
-0.01,0.41,-0.11,1759343168.3644214
-0.01,0.42,-0.11,1759343168.3672194
-0.01,0.44,-0.11,1759343168.370502
-0.01,0.45,-0.11,1759343168.373872
-0.01,0.46,-0.11,1759343168.377319
-0.01,0.47,-0.11,1759343168.3810687
-0.01,0.48,-0.1,1759343168.3843036
-0.01,0.49,-0.1,1759343168.387216
-0.01,0.49,-0.1,1759343168.390141
-0.01,0.5,-0.1,1759343168.3932712
-0.01,0.51,-0.1,1759343168.3967338
-0.02,0.52,-0.1,1759343168.3995404
-0.02,0.53,-0.1,1759343168.403051
-0.02,0.54,-0.1,1759343168.406453
-0.02,0.55,-0.1,1759343168.410925
-0.02,0.56,-0.1,1759343168.414048
-0.02,0.57,-0.1,1759343168.4174726
-0.03,0.57,-0.1,1759343168.420377
-0.03,0.58,-0.1,1759343168.4247694
-0.03,0.59,-0.1,1759343168.4274747
-0.03,0.6,-0.1,1759343168.430902
-0.03,0.6,-0.1,1759343168.4347217
-0.04,0.61,-0.1,1759343168.4394536
-0.04,0.62,-0.1,1759343168.4438877
-0.04,0.62,-0.1,1759343168.4480572
-0.04,0.63,-0.1,1759343168.4524846
-0.05,0.64,-0.1,1759343168.4570725
-0.05,0.64,-0.1,1759343168.4607482
-0.05,0.64,-0.1,1759343168.464215
-0.06,0.65,-0.11,1759343168.4673345
-0.06,0.65,-0.11,1759343168.4699695
-0.06,0.65,-0.11,1759343168.4765038
-0.06,0.65,-0.11,1759343168.478361
-0.07,0.65,-0.11,1759343168.48044
-0.07,0.65,-0.11,1759343168.4829886
-0.07,0.66,-0.12,1759343168.4851773
-0.07,0.66,-0.12,1759343168.487197
-0.08,0.66,-0.12,1759343168.4935565
-0.08,0.66,-0.12,1759343168.4954178
-0.08,0.65,-0.12,1759343168.49752
-0.08,0.65,-0.12,1759343168.4997976
-0.08,0.65,-0.12,1759343168.5021057
-0.09,0.65,-0.12,1759343168.5040426
-0.09,0.65,-0.12,1759343168.5100336
-0.09,0.65,-0.12,1759343168.5124428
-0.09,0.65,-0.13,1759343168.5145872
-0.09,0.64,-0.13,1759343168.5176125
-0.09,0.64,-0.13,1759343168.519863
-0.09,0.64,-0.13,1759343168.5223806
-0.1,0.63,-0.13,1759343168.5249643
-0.1,0.63,-0.13,1759343168.531952
-0.1,0.63,-0.13,1759343168.5343802
-0.1,0.63,-0.12,1759343168.5364745
-0.1,0.62,-0.12,1759343168.5396297
-0.1,0.62,-0.12,1759343168.547045
-0.1,0.61,-0.12,1759343168.55009
-0.1,0.61,-0.12,1759343168.5537777
-0.1,0.61,-0.12,1759343168.556075
-0.11,0.6,-0.12,1759343168.558561
-0.11,0.6,-0.12,1759343168.5609467
-0.11,0.59,-0.12,1759343168.5634763
-0.11,0.59,-0.12,1759343168.565669
-0.11,0.59,-0.12,1759343168.5678978
-0.11,0.58,-0.11,1759343168.570276
-0.11,0.58,-0.11,1759343168.5738883
-0.11,0.57,-0.11,1759343168.5764508
-0.11,0.57,-0.11,1759343168.578904
-0.11,0.57,-0.11,1759343168.5815666
-0.11,0.56,-0.11,1759343168.584925
-0.11,0.56,-0.11,1759343168.588277
-0.11,0.55,-0.11,1759343168.591274
-0.11,0.55,-0.1,1759343168.593043
-0.11,0.54,-0.1,1759343168.5954309
-0.11,0.54,-0.1,1759343168.5971177
-0.11,0.53,-0.1,1759343168.5989244
-0.11,0.53,-0.1,1759343168.601057
-0.11,0.52,-0.1,1759343168.6029496
-0.11,0.52,-0.1,1759343168.606041
-0.11,0.52,-0.09,1759343168.607713
-0.11,0.51,-0.09,1759343168.6107368
-0.11,0.51,-0.09,1759343168.6126676
-0.11,0.5,-0.09,1759343168.6144526
-0.11,0.5,-0.09,1759343168.616386
-0.11,0.49,-0.09,1759343168.618482
-0.11,0.49,-0.09,1759343168.6206462
-0.11,0.48,-0.08,1759343168.6223962
-0.1,0.48,-0.08,1759343168.6241124
-0.1,0.47,-0.08,1759343168.626036
-0.1,0.47,-0.08,1759343168.6277013
-0.1,0.46,-0.08,1759343168.629335
-0.1,0.46,-0.08,1759343168.6313336
-0.1,0.45,-0.07,1759343168.633346
-0.1,0.44,-0.07,1759343168.635784
-0.1,0.44,-0.07,1759343168.6389153
-0.1,0.43,-0.07,1759343168.641003
-0.09,0.43,-0.07,1759343168.6440432
-0.09,0.42,-0.07,1759343168.6477675
-0.09,0.42,-0.07,1759343168.6501026
-0.09,0.41,-0.07,1759343168.6524084
-0.09,0.41,-0.07,1759343168.6548853
-0.09,0.4,-0.06,1759343168.6582963
-0.08,0.4,-0.06,1759343168.6612084
-0.08,0.39,-0.06,1759343168.663823
-0.08,0.38,-0.06,1759343168.6673722
-0.08,0.38,-0.06,1759343168.670535
-0.08,0.37,-0.06,1759343168.674814
-0.08,0.37,-0.06,1759343168.6779096
-0.07,0.36,-0.06,1759343168.680972
-0.07,0.35,-0.06,1759343168.6839428
-0.07,0.35,-0.06,1759343168.6863208
-0.07,0.34,-0.06,1759343168.6894145
-0.06,0.33,-0.06,1759343168.6928415
-0.06,0.33,-0.05,1759343168.6951964
-0.06,0.32,-0.05,1759343168.698164
-0.06,0.32,-0.05,1759343168.7004335
-0.06,0.31,-0.05,1759343168.70324
-0.05,0.3,-0.05,1759343168.7053688
-0.05,0.3,-0.05,1759343168.7071314
-0.05,0.29,-0.05,1759343168.7088666
-0.04,0.29,-0.05,1759343168.7109733
-0.04,0.28,-0.05,1759343168.7137487
-0.04,0.27,-0.05,1759343168.7165272
-0.04,0.27,-0.05,1759343168.71849
-0.03,0.26,-0.05,1759343168.720994
-0.03,0.25,-0.05,1759343168.7232685
-0.03,0.25,-0.05,1759343168.7250638
-0.02,0.24,-0.05,1759343168.728008
-0.02,0.23,-0.05,1759343168.731096
-0.02,0.23,-0.05,1759343168.7333646
-0.01,0.22,-0.05,1759343168.7359638
-0.01,0.22,-0.05,1759343168.7385814
-0.01,0.21,-0.05,1759343168.7420497
-0.01,0.2,-0.05,1759343168.7443829
-0.0,0.2,-0.05,1759343168.7461965
-0.0,0.19,-0.05,1759343168.7482276
0.0,0.19,-0.05,1759343168.7504482
0.0,0.18,-0.06,1759343168.752939
0.0,0.18,-0.06,1759343168.755591
0.01,0.17,-0.06,1759343168.7586024
0.01,0.17,-0.06,1759343168.7613635
0.01,0.16,-0.06,1759343168.7639897
0.01,0.16,-0.06,1759343168.7665591
0.02,0.15,-0.06,1759343168.7691593
0.02,0.15,-0.06,1759343168.77328
0.02,0.14,-0.06,1759343168.7763455
0.02,0.14,-0.06,1759343168.7787025
0.02,0.13,-0.06,1759343168.7807028
0.03,0.13,-0.07,1759343168.783637
0.03,0.13,-0.07,1759343168.7854254
0.03,0.12,-0.07,1759343168.7877483
0.03,0.12,-0.07,1759343168.790434
0.03,0.11,-0.07,1759343168.7937386
0.03,0.11,-0.07,1759343168.797739
0.04,0.11,-0.07,1759343168.8009915
0.04,0.1,-0.07,1759343168.8040285
0.04,0.1,-0.08,1759343168.8071
0.04,0.1,-0.08,1759343168.8089118
0.04,0.1,-0.08,1759343168.8127515
0.05,0.09,-0.08,1759343168.8148146
0.05,0.09,-0.08,1759343168.8179786
0.05,0.09,-0.08,1759343168.8202324
0.05,0.09,-0.08,1759343168.8231494
0.05,0.08,-0.09,1759343168.8263314
0.06,0.08,-0.09,1759343168.828354
0.06,0.08,-0.09,1759343168.8308892
0.06,0.08,-0.09,1759343168.8339703
0.06,0.07,-0.09,1759343168.8359592
0.06,0.07,-0.09,1759343168.8383863
0.07,0.07,-0.09,1759343168.8443184
0.07,0.07,-0.1,1759343168.846836
0.07,0.06,-0.1,1759343168.8495948
0.07,0.06,-0.1,1759343168.8522396
0.07,0.06,-0.1,1759343168.854879
0.07,0.06,-0.1,1759343168.8569174
0.08,0.06,-0.1,1759343168.8596394
0.08,0.05,-0.1,1759343168.8632045
0.08,0.05,-0.1,1759343168.866812
0.08,0.05,-0.1,1759343168.8696258
0.08,0.05,-0.1,1759343168.8726993
0.09,0.05,-0.1,1759343168.8752413
0.09,0.05,-0.11,1759343168.87935
0.09,0.04,-0.11,1759343168.8812122
0.09,0.04,-0.11,1759343168.8837776
0.1,0.04,-0.11,1759343168.8855414
0.1,0.04,-0.11,1759343168.888307
0.1,0.04,-0.11,1759343168.8913894
0.1,0.04,-0.11,1759343168.8943684
0.11,0.04,-0.11,1759343168.896204
0.11,0.04,-0.11,1759343168.897974
0.11,0.04,-0.11,1759343168.902061
0.11,0.04,-0.11,1759343168.9038708
0.11,0.04,-0.11,1759343168.9071603
0.12,0.03,-0.11,1759343168.910776
0.12,0.03,-0.11,1759343168.9146814
0.12,0.03,-0.11,1759343168.9167304
0.12,0.03,-0.11,1759343168.920076
0.12,0.03,-0.11,1759343168.9227054
0.12,0.03,-0.11,1759343168.9247692
0.12,0.03,-0.11,1759343168.9288278
0.12,0.03,-0.11,1759343168.9318182
0.12,0.03,-0.11,1759343168.9342282
0.12,0.03,-0.11,1759343168.9373848
0.12,0.03,-0.11,1759343168.9409406
0.13,0.04,-0.1,1759343168.942895
0.13,0.04,-0.1,1759343168.9461837
0.13,0.04,-0.1,1759343168.9482956
0.13,0.04,-0.1,1759343168.9510782
0.13,0.04,-0.1,1759343168.9547002
0.13,0.04,-0.1,1759343168.95831
0.13,0.04,-0.1,1759343168.961824
0.13,0.04,-0.1,1759343168.9648864
0.13,0.04,-0.1,1759343168.967594
0.13,0.04,-0.1,1759343168.9706476
0.13,0.05,-0.1,1759343168.9739137
0.13,0.05,-0.1,1759343168.9764097
0.13,0.05,-0.1,1759343168.9788537
0.13,0.05,-0.1,1759343168.981088
0.12,0.05,-0.1,1759343168.983709
0.12,0.05,-0.1,1759343168.9855206
0.12,0.05,-0.1,1759343168.9873226
0.12,0.05,-0.1,1759343168.9892087
0.12,0.06,-0.1,1759343168.9919243
0.12,0.06,-0.1,1759343168.9972248
0.12,0.06,-0.1,1759343168.9996824
0.12,0.06,-0.1,1759343169.0022626
0.12,0.06,-0.1,1759343169.0046997
0.12,0.06,-0.1,1759343169.007088
0.12,0.07,-0.1,1759343169.009339
0.12,0.07,-0.1,1759343169.012122
0.12,0.07,-0.1,1759343169.0143862
0.12,0.07,-0.1,1759343169.0202837
0.12,0.07,-0.09,1759343169.0224185
0.12,0.07,-0.09,1759343169.0242288
0.11,0.07,-0.09,1759343169.0260425
0.11,0.08,-0.09,1759343169.0282252
0.11,0.08,-0.09,1759343169.0300744
0.11,0.08,-0.09,1759343169.0322142
0.11,0.08,-0.09,1759343169.034543
0.11,0.08,-0.09,1759343169.036356
0.11,0.08,-0.09,1759343169.039699
0.11,0.08,-0.09,1759343169.0417955
0.11,0.08,-0.09,1759343169.0438318
0.1,0.09,-0.09,1759343169.0466187
0.1,0.09,-0.09,1759343169.052068
0.1,0.09,-0.09,1759343169.0556254
0.1,0.09,-0.09,1759343169.0586896
0.1,0.09,-0.09,1759343169.0625682
0.1,0.09,-0.09,1759343169.0658944
0.1,0.09,-0.09,1759343169.0685782
0.1,0.09,-0.09,1759343169.0703824
0.09,0.09,-0.09,1759343169.072459
0.09,0.09,-0.09,1759343169.0742795
0.09,0.09,-0.09,1759343169.0812414
0.09,0.1,-0.09,1759343169.083438
0.09,0.1,-0.09,1759343169.0855756
0.09,0.1,-0.09,1759343169.0879326
0.09,0.1,-0.08,1759343169.090376
0.09,0.1,-0.08,1759343169.0925324
0.08,0.1,-0.08,1759343169.0948083
0.08,0.1,-0.08,1759343169.0974195
0.08,0.1,-0.08,1759343169.099273
0.08,0.1,-0.08,1759343169.1013966
0.08,0.1,-0.08,1759343169.103218
0.08,0.1,-0.08,1759343169.10675
0.08,0.1,-0.08,1759343169.109009
0.08,0.1,-0.08,1759343169.1108992
0.08,0.1,-0.08,1759343169.1144722
0.07,0.11,-0.08,1759343169.1167634
0.07,0.11,-0.08,1759343169.1186233
0.07,0.11,-0.08,1759343169.1204202
0.07,0.11,-0.08,1759343169.1232266
0.07,0.11,-0.08,1759343169.1259515
0.07,0.11,-0.08,1759343169.12842
0.07,0.11,-0.08,1759343169.1305954
0.07,0.11,-0.08,1759343169.132846
0.07,0.11,-0.08,1759343169.1351388
0.06,0.11,-0.08,1759343169.1368766
0.06,0.11,-0.08,1759343169.1391635
0.06,0.11,-0.08,1759343169.1413827
0.06,0.11,-0.08,1759343169.143467
0.06,0.11,-0.07,1759343169.1465964
0.06,0.11,-0.07,1759343169.1484022
0.06,0.11,-0.07,1759343169.1513495
0.06,0.11,-0.07,1759343169.154368
0.06,0.11,-0.07,1759343169.158038
0.06,0.11,-0.07,1759343169.1604035
0.06,0.11,-0.07,1759343169.1629596
0.06,0.11,-0.07,1759343169.1663191
0.05,0.11,-0.07,1759343169.1685395
0.05,0.11,-0.07,1759343169.170194
0.05,0.11,-0.07,1759343169.176818
0.05,0.11,-0.07,1759343169.179447
0.05,0.11,-0.07,1759343169.1811726
0.05,0.11,-0.07,1759343169.185681
0.05,0.11,-0.07,1759343169.1886356
0.05,0.11,-0.07,1759343169.1918926
0.05,0.11,-0.07,1759343169.1945982
0.05,0.11,-0.07,1759343169.1970882
0.05,0.11,-0.07,1759343169.199525
0.05,0.11,-0.07,1759343169.2021098
0.05,0.11,-0.07,1759343169.204894
0.05,0.11,-0.07,1759343169.2082567
0.05,0.12,-0.07,1759343169.2107503
0.05,0.12,-0.07,1759343169.213972
0.05,0.12,-0.07,1759343169.2174654
0.05,0.12,-0.07,1759343169.2211082
0.05,0.12,-0.07,1759343169.2254145
0.05,0.13,-0.07,1759343169.227486
0.04,0.13,-0.07,1759343169.2309103
0.04,0.13,-0.07,1759343169.2333264
0.04,0.14,-0.07,1759343169.2362962
0.04,0.14,-0.07,1759343169.2393637
0.04,0.15,-0.07,1759343169.241968
0.03,0.15,-0.07,1759343169.244985
0.03,0.16,-0.07,1759343169.247499
0.03,0.16,-0.07,1759343169.24995
0.03,0.17,-0.07,1759343169.251714
0.02,0.17,-0.07,1759343169.254781
0.02,0.18,-0.07,1759343169.256651
0.02,0.19,-0.07,1759343169.2585676
0.02,0.19,-0.07,1759343169.2603345
0.02,0.2,-0.07,1759343169.2641904
0.02,0.21,-0.07,1759343169.2664852
0.02,0.22,-0.07,1759343169.2688391
0.01,0.22,-0.07,1759343169.2713065
0.01,0.23,-0.07,1759343169.273188
0.01,0.24,-0.07,1759343169.2765522
0.01,0.25,-0.07,1759343169.2793028
0.01,0.26,-0.07,1759343169.281734
0.01,0.27,-0.07,1759343169.283715
0.01,0.28,-0.07,1759343169.2867353
0.01,0.28,-0.06,1759343169.2884758
0.0,0.29,-0.06,1759343169.2905097
0.0,0.3,-0.06,1759343169.295201
-0.0,0.31,-0.06,1759343169.2983458
-0.0,0.32,-0.06,1759343169.3017414
-0.01,0.33,-0.06,1759343169.304989
-0.01,0.34,-0.06,1759343169.3067088
-0.01,0.35,-0.06,1759343169.3111897
-0.01,0.36,-0.06,1759343169.313617
-0.01,0.37,-0.06,1759343169.3153536
-0.01,0.38,-0.05,1759343169.3170152
-0.01,0.39,-0.05,1759343169.3200176
-0.02,0.4,-0.05,1759343169.323585
-0.02,0.41,-0.05,1759343169.3278372
-0.02,0.42,-0.05,1759343169.3320708
-0.02,0.43,-0.05,1759343169.3369093
-0.02,0.44,-0.05,1759343169.3410287
-0.02,0.45,-0.05,1759343169.3456118
-0.03,0.45,-0.04,1759343169.3494651
-0.03,0.46,-0.04,1759343169.3548412
-0.03,0.47,-0.04,1759343169.3574016
-0.03,0.48,-0.04,1759343169.3613653
-0.03,0.48,-0.04,1759343169.3645844
-0.04,0.49,-0.04,1759343169.370278
-0.04,0.5,-0.04,1759343169.372958
-0.04,0.5,-0.04,1759343169.376281
-0.04,0.51,-0.04,1759343169.3797798
-0.04,0.52,-0.04,1759343169.3827586
-0.05,0.52,-0.04,1759343169.3854575
-0.05,0.53,-0.04,1759343169.3880515
-0.05,0.54,-0.03,1759343169.390978
-0.05,0.54,-0.03,1759343169.393978
-0.05,0.55,-0.03,1759343169.399095
-0.05,0.55,-0.03,1759343169.402048
-0.06,0.56,-0.03,1759343169.4045613
-0.06,0.56,-0.03,1759343169.4078376
-0.06,0.57,-0.03,1759343169.4096582
-0.06,0.57,-0.03,1759343169.4133224
-0.07,0.58,-0.03,1759343169.417372
-0.07,0.58,-0.03,1759343169.419833
-0.07,0.59,-0.03,1759343169.422524
-0.07,0.59,-0.03,1759343169.425397
-0.08,0.6,-0.03,1759343169.427734
-0.08,0.6,-0.03,1759343169.4305573
-0.08,0.6,-0.03,1759343169.4339924
-0.08,0.6,-0.03,1759343169.436157
-0.09,0.61,-0.03,1759343169.4402835
-0.09,0.61,-0.04,1759343169.4428818
-0.09,0.61,-0.04,1759343169.445324
-0.09,0.61,-0.04,1759343169.4477563
-0.1,0.61,-0.04,1759343169.4503722
-0.1,0.61,-0.04,1759343169.4527276
-0.1,0.61,-0.04,1759343169.4553883
-0.1,0.61,-0.04,1759343169.4572463
-0.1,0.61,-0.04,1759343169.4592898
-0.1,0.61,-0.04,1759343169.4620311
-0.11,0.61,-0.04,1759343169.4640732
-0.11,0.61,-0.05,1759343169.4670026
-0.11,0.61,-0.05,1759343169.469101
-0.11,0.61,-0.05,1759343169.471327
-0.11,0.61,-0.05,1759343169.473376
-0.11,0.61,-0.05,1759343169.475456
-0.11,0.61,-0.05,1759343169.4788198
-0.11,0.61,-0.05,1759343169.481222
-0.11,0.6,-0.05,1759343169.4840004
-0.11,0.6,-0.05,1759343169.4866366
-0.12,0.6,-0.05,1759343169.488975
-0.12,0.6,-0.05,1759343169.4909208
-0.12,0.6,-0.05,1759343169.4942677
-0.12,0.59,-0.05,1759343169.4963696
-0.12,0.59,-0.05,1759343169.4993494
-0.12,0.59,-0.05,1759343169.5022357
-0.12,0.59,-0.05,1759343169.5054862
-0.12,0.58,-0.05,1759343169.5076978
-0.12,0.58,-0.05,1759343169.511383
-0.12,0.58,-0.05,1759343169.5134966
-0.12,0.57,-0.05,1759343169.5164137
-0.12,0.57,-0.05,1759343169.520226
-0.12,0.57,-0.05,1759343169.5235956
-0.12,0.56,-0.05,1759343169.5266905
-0.12,0.56,-0.05,1759343169.5302715
-0.12,0.56,-0.05,1759343169.5338433
-0.12,0.55,-0.04,1759343169.5372188
-0.12,0.55,-0.04,1759343169.5396352
-0.12,0.55,-0.04,1759343169.5431485
-0.12,0.54,-0.04,1759343169.545371
-0.12,0.54,-0.04,1759343169.5501757
-0.12,0.53,-0.04,1759343169.5537248
-0.12,0.53,-0.04,1759343169.5568855
-0.12,0.53,-0.04,1759343169.5599318
-0.12,0.52,-0.04,1759343169.5629983
-0.12,0.52,-0.04,1759343169.5659406
-0.12,0.51,-0.04,1759343169.570309
-0.12,0.51,-0.04,1759343169.5739048
-0.11,0.51,-0.04,1759343169.5771012
-0.11,0.5,-0.04,1759343169.5816429
-0.11,0.5,-0.04,1759343169.5844777
-0.11,0.49,-0.03,1759343169.587633
-0.11,0.49,-0.03,1759343169.5909574
-0.11,0.48,-0.03,1759343169.5934784
-0.11,0.48,-0.03,1759343169.5974898
-0.1,0.47,-0.03,1759343169.6005273
-0.1,0.47,-0.03,1759343169.6046958
-0.1,0.46,-0.03,1759343169.6080673
-0.1,0.46,-0.03,1759343169.6107976
-0.1,0.45,-0.03,1759343169.613606
-0.09,0.45,-0.03,1759343169.618071
-0.09,0.44,-0.03,1759343169.6218314
-0.09,0.44,-0.03,1759343169.6248407
-0.09,0.43,-0.03,1759343169.6273787
-0.09,0.43,-0.03,1759343169.6325066
-0.08,0.42,-0.03,1759343169.635845
-0.08,0.42,-0.03,1759343169.639001
-0.08,0.41,-0.03,1759343169.641566
-0.08,0.41,-0.03,1759343169.6455247
-0.07,0.4,-0.03,1759343169.6483624
-0.07,0.4,-0.03,1759343169.6513522
-0.07,0.39,-0.03,1759343169.654645
-0.06,0.38,-0.03,1759343169.6581388
-0.06,0.38,-0.03,1759343169.660745
-0.06,0.37,-0.03,1759343169.664365
-0.06,0.37,-0.03,1759343169.6669507
-0.05,0.36,-0.03,1759343169.66951
-0.05,0.35,-0.03,1759343169.6721694
-0.05,0.35,-0.03,1759343169.6747615
-0.05,0.34,-0.03,1759343169.6785038
-0.04,0.34,-0.03,1759343169.6831286
-0.04,0.33,-0.03,1759343169.6868155
-0.04,0.33,-0.03,1759343169.6901908
-0.04,0.32,-0.03,1759343169.6934488
-0.03,0.31,-0.03,1759343169.6964858
-0.03,0.31,-0.03,1759343169.7010386
-0.03,0.3,-0.03,1759343169.7039435
-0.02,0.3,-0.03,1759343169.7058296
-0.02,0.29,-0.03,1759343169.7082708
-0.02,0.29,-0.03,1759343169.71088
-0.01,0.29,-0.03,1759343169.713937
-0.01,0.28,-0.03,1759343169.716098
-0.01,0.28,-0.03,1759343169.7190106
-0.0,0.27,-0.03,1759343169.7220628
0.0,0.27,-0.03,1759343169.725067
0.01,0.26,-0.04,1759343169.7280235
0.01,0.26,-0.04,1759343169.731409
0.01,0.25,-0.04,1759343169.7350917
0.02,0.25,-0.04,1759343169.738305
0.02,0.24,-0.04,1759343169.7410572
0.02,0.24,-0.04,1759343169.7441256
0.03,0.23,-0.04,1759343169.7471423
0.03,0.23,-0.04,1759343169.751403
0.03,0.22,-0.04,1759343169.7553997
0.03,0.22,-0.04,1759343169.759302
0.04,0.22,-0.04,1759343169.7623649
0.04,0.21,-0.04,1759343169.7661908
0.04,0.21,-0.04,1759343169.769117
0.05,0.21,-0.04,1759343169.771905
0.05,0.2,-0.04,1759343169.77507
0.05,0.2,-0.04,1759343169.7790575
0.06,0.2,-0.04,1759343169.7818596
0.06,0.19,-0.05,1759343169.785745
0.06,0.19,-0.05,1759343169.7887352
0.06,0.19,-0.05,1759343169.7920518
0.07,0.19,-0.05,1759343169.794909
0.07,0.19,-0.05,1759343169.7981813
0.07,0.18,-0.05,1759343169.8008666
0.07,0.18,-0.05,1759343169.8047285
0.08,0.18,-0.05,1759343169.807515
0.08,0.18,-0.05,1759343169.8103712
0.08,0.18,-0.05,1759343169.813245
0.08,0.18,-0.05,1759343169.8162692
0.09,0.17,-0.05,1759343169.8191645
0.09,0.17,-0.05,1759343169.8219156
0.09,0.17,-0.05,1759343169.8260531
0.09,0.17,-0.05,1759343169.8287125
0.09,0.17,-0.05,1759343169.831209
0.1,0.17,-0.05,1759343169.834041
0.1,0.17,-0.05,1759343169.8371065
0.1,0.17,-0.05,1759343169.8395846
0.1,0.17,-0.05,1759343169.843539
0.1,0.17,-0.05,1759343169.8464646
0.1,0.17,-0.05,1759343169.849064
0.1,0.17,-0.05,1759343169.852084
0.11,0.17,-0.05,1759343169.8551762
0.11,0.16,-0.05,1759343169.8579552
0.11,0.16,-0.05,1759343169.8605888
0.11,0.16,-0.05,1759343169.8634295
0.11,0.16,-0.05,1759343169.8661125
0.11,0.16,-0.05,1759343169.868732
0.11,0.16,-0.05,1759343169.8717065
0.11,0.16,-0.05,1759343169.8743942
0.12,0.16,-0.05,1759343169.8776994
0.12,0.17,-0.05,1759343169.8808618
0.12,0.17,-0.05,1759343169.8837986
0.12,0.17,-0.05,1759343169.8870325
0.12,0.17,-0.05,1759343169.890556
0.12,0.17,-0.05,1759343169.8947625
0.12,0.17,-0.05,1759343169.8987658
0.12,0.17,-0.05,1759343169.903401
0.12,0.17,-0.05,1759343169.906727
0.12,0.17,-0.05,1759343169.9106617
0.12,0.17,-0.05,1759343169.91343
0.12,0.17,-0.05,1759343169.9160085
0.12,0.17,-0.05,1759343169.9202292
0.12,0.17,-0.05,1759343169.9232109
0.12,0.17,-0.05,1759343169.9258845
0.12,0.17,-0.05,1759343169.9284997
0.12,0.17,-0.05,1759343169.9305525
0.12,0.17,-0.05,1759343169.934399
0.12,0.17,-0.05,1759343169.9370246
0.12,0.17,-0.05,1759343169.940863
0.12,0.17,-0.05,1759343169.944382
0.12,0.17,-0.05,1759343169.9495132
0.12,0.18,-0.05,1759343169.9529877
0.12,0.18,-0.05,1759343169.9559422
0.12,0.18,-0.05,1759343169.9611104
0.11,0.18,-0.05,1759343169.9640594
0.11,0.18,-0.05,1759343169.9667428
0.11,0.18,-0.05,1759343169.969697
0.11,0.18,-0.05,1759343169.9722078
0.11,0.18,-0.05,1759343169.9748237
0.11,0.18,-0.05,1759343169.9777744
0.11,0.18,-0.05,1759343169.980521
0.11,0.19,-0.05,1759343169.983783
0.11,0.19,-0.05,1759343169.9878695
0.1,0.19,-0.05,1759343169.9912584
0.1,0.19,-0.05,1759343169.994831
0.1,0.19,-0.05,1759343169.9976554
0.1,0.19,-0.05,1759343170.0004532
0.1,0.19,-0.05,1759343170.0037608
0.1,0.19,-0.05,1759343170.0075138
0.1,0.19,-0.05,1759343170.010345
0.1,0.19,-0.05,1759343170.0135767
0.1,0.19,-0.05,1759343170.0169122
0.09,0.2,-0.05,1759343170.0198364
0.09,0.2,-0.05,1759343170.022472
0.09,0.2,-0.05,1759343170.025463
0.09,0.2,-0.05,1759343170.028494
0.09,0.2,-0.05,1759343170.031176
0.09,0.2,-0.05,1759343170.0341346
0.09,0.2,-0.05,1759343170.0365126
0.09,0.2,-0.05,1759343170.0393124
0.09,0.2,-0.05,1759343170.0420165
0.08,0.2,-0.05,1759343170.0446973
0.08,0.2,-0.05,1759343170.0474546
0.08,0.2,-0.05,1759343170.0501733
0.08,0.2,-0.04,1759343170.0527606
0.08,0.2,-0.04,1759343170.0552547
0.08,0.2,-0.04,1759343170.057583
0.08,0.2,-0.04,1759343170.0599468
0.08,0.2,-0.04,1759343170.0631936
0.08,0.2,-0.04,1759343170.065855
0.07,0.2,-0.04,1759343170.068654
0.07,0.2,-0.04,1759343170.071303
0.07,0.2,-0.04,1759343170.0746243
0.07,0.2,-0.04,1759343170.078862
0.07,0.2,-0.04,1759343170.0829625
0.07,0.2,-0.04,1759343170.086303
0.07,0.2,-0.04,1759343170.089826
0.07,0.2,-0.04,1759343170.092769
0.07,0.2,-0.04,1759343170.0973697
0.07,0.2,-0.04,1759343170.102102
0.07,0.19,-0.05,1759343170.1072357
0.07,0.19,-0.05,1759343170.1102452
0.07,0.19,-0.05,1759343170.1155455
0.06,0.19,-0.05,1759343170.1196208
0.06,0.19,-0.05,1759343170.1255317
0.06,0.18,-0.05,1759343170.1294506
0.06,0.18,-0.05,1759343170.1327765
0.06,0.18,-0.05,1759343170.1372898
0.06,0.18,-0.05,1759343170.141588
0.06,0.17,-0.05,1759343170.1438642
0.06,0.17,-0.05,1759343170.1461482
0.06,0.16,-0.05,1759343170.1482625
0.06,0.16,-0.05,1759343170.151203
0.06,0.16,-0.05,1759343170.154961
0.06,0.15,-0.05,1759343170.1583843
0.06,0.15,-0.05,1759343170.16169
0.06,0.14,-0.05,1759343170.1654215
0.06,0.13,-0.05,1759343170.1685514
0.06,0.13,-0.06,1759343170.1719625
0.06,0.12,-0.06,1759343170.1742277
0.06,0.11,-0.06,1759343170.176688
0.06,0.11,-0.06,1759343170.179018
0.06,0.1,-0.06,1759343170.1812255
0.06,0.09,-0.06,1759343170.1846173
0.06,0.09,-0.06,1759343170.188279
0.05,0.08,-0.06,1759343170.1907127
0.05,0.07,-0.06,1759343170.1936617
0.05,0.06,-0.06,1759343170.1961844
0.05,0.05,-0.06,1759343170.199414
0.05,0.05,-0.07,1759343170.202304
0.05,0.04,-0.07,1759343170.2046998
0.05,0.03,-0.07,1759343170.2073774
0.05,0.02,-0.07,1759343170.210991
0.05,0.01,-0.07,1759343170.2129838
0.05,0.0,-0.07,1759343170.215596
0.05,-0.01,-0.07,1759343170.2172742
0.05,-0.01,-0.07,1759343170.219676
0.05,-0.02,-0.07,1759343170.2236595
0.05,-0.03,-0.08,1759343170.226034
0.05,-0.04,-0.08,1759343170.2301006
0.05,-0.05,-0.08,1759343170.2336557
0.05,-0.06,-0.08,1759343170.2355278
0.05,-0.07,-0.08,1759343170.2389283
0.05,-0.08,-0.08,1759343170.2428207
0.05,-0.09,-0.09,1759343170.2454524
0.05,-0.1,-0.09,1759343170.249576
0.05,-0.11,-0.09,1759343170.2523563
0.05,-0.13,-0.09,1759343170.2541108
0.05,-0.14,-0.09,1759343170.2570388
0.05,-0.15,-0.1,1759343170.2607355
0.05,-0.16,-0.1,1759343170.2638693
0.05,-0.17,-0.1,1759343170.2675917
0.05,-0.18,-0.1,1759343170.271628
0.05,-0.19,-0.1,1759343170.274511
0.05,-0.21,-0.11,1759343170.277464
0.05,-0.22,-0.11,1759343170.281174
0.05,-0.23,-0.11,1759343170.284999
0.05,-0.24,-0.11,1759343170.288088
0.05,-0.25,-0.12,1759343170.2914314
0.05,-0.26,-0.12,1759343170.294335
0.05,-0.27,-0.12,1759343170.2972686
0.05,-0.28,-0.12,1759343170.300791
0.05,-0.29,-0.13,1759343170.3042233
0.05,-0.3,-0.13,1759343170.306752
0.05,-0.3,-0.13,1759343170.3093646
0.05,-0.31,-0.14,1759343170.3127038
0.05,-0.32,-0.14,1759343170.3146975
0.05,-0.33,-0.14,1759343170.3168445
0.06,-0.34,-0.14,1759343170.3199918
0.06,-0.35,-0.15,1759343170.3228805
0.06,-0.35,-0.15,1759343170.3249316
0.06,-0.36,-0.15,1759343170.3284345
0.06,-0.37,-0.15,1759343170.3309913
0.06,-0.38,-0.16,1759343170.3354037
0.06,-0.38,-0.16,1759343170.3406315
0.06,-0.39,-0.16,1759343170.3424935
0.06,-0.39,-0.17,1759343170.3462667
0.07,-0.4,-0.17,1759343170.3490417
0.07,-0.4,-0.17,1759343170.3534985
0.07,-0.41,-0.17,1759343170.3568175
0.07,-0.41,-0.18,1759343170.3602834
0.08,-0.42,-0.18,1759343170.3644488
0.08,-0.42,-0.18,1759343170.3690543
0.08,-0.43,-0.18,1759343170.3729749
0.08,-0.43,-0.19,1759343170.3776948
0.09,-0.44,-0.19,1759343170.3837862
0.09,-0.44,-0.19,1759343170.3887875
0.09,-0.44,-0.19,1759343170.393428
0.09,-0.45,-0.19,1759343170.396138
0.09,-0.45,-0.19,1759343170.3986068
0.1,-0.45,-0.2,1759343170.4013884
0.1,-0.45,-0.2,1759343170.4044712
0.1,-0.46,-0.2,1759343170.4077652
0.1,-0.46,-0.2,1759343170.4098115
0.1,-0.46,-0.2,1759343170.4133258
0.11,-0.46,-0.2,1759343170.4159844
0.11,-0.47,-0.2,1759343170.418198
0.11,-0.47,-0.2,1759343170.4215846
0.11,-0.47,-0.2,1759343170.4252198
0.11,-0.47,-0.2,1759343170.427599
0.11,-0.47,-0.2,1759343170.429934
0.11,-0.47,-0.2,1759343170.4329638
0.12,-0.47,-0.2,1759343170.4363286
0.12,-0.47,-0.2,1759343170.4385643
0.12,-0.47,-0.2,1759343170.4429457
0.12,-0.47,-0.2,1759343170.4464004
0.12,-0.47,-0.2,1759343170.4501488
0.12,-0.47,-0.2,1759343170.4546692
0.12,-0.47,-0.2,1759343170.457282
0.12,-0.47,-0.2,1759343170.4602485
0.13,-0.47,-0.2,1759343170.4640892
0.13,-0.47,-0.2,1759343170.4676716
0.13,-0.47,-0.2,1759343170.47005
0.13,-0.46,-0.2,1759343170.4744852
0.13,-0.46,-0.2,1759343170.4780526
0.13,-0.46,-0.2,1759343170.4828086
0.13,-0.46,-0.2,1759343170.486702
0.13,-0.46,-0.2,1759343170.490797
0.13,-0.45,-0.2,1759343170.49393
0.13,-0.45,-0.19,1759343170.497836
0.13,-0.45,-0.19,1759343170.5029726
0.13,-0.45,-0.19,1759343170.5057693
0.13,-0.44,-0.19,1759343170.508604
0.13,-0.44,-0.19,1759343170.5125692
0.13,-0.44,-0.19,1759343170.514564
0.13,-0.43,-0.19,1759343170.5174646
0.13,-0.43,-0.19,1759343170.520883
0.13,-0.43,-0.18,1759343170.5243385
0.13,-0.43,-0.18,1759343170.5267396
0.13,-0.42,-0.18,1759343170.5310323
0.13,-0.42,-0.18,1759343170.5340383
0.13,-0.41,-0.18,1759343170.5370932
0.13,-0.41,-0.18,1759343170.5408206
0.13,-0.41,-0.17,1759343170.543254
0.13,-0.4,-0.17,1759343170.546132
0.13,-0.4,-0.17,1759343170.549613
0.13,-0.39,-0.17,1759343170.5521903
0.13,-0.39,-0.17,1759343170.5572574
0.13,-0.39,-0.17,1759343170.5603802
0.12,-0.38,-0.16,1759343170.565712
0.12,-0.38,-0.16,1759343170.56928
0.12,-0.37,-0.16,1759343170.5727704
0.12,-0.37,-0.16,1759343170.5752585
0.12,-0.36,-0.16,1759343170.5802083
0.12,-0.35,-0.15,1759343170.5830338
0.12,-0.35,-0.15,1759343170.5858543
0.12,-0.34,-0.15,1759343170.5890672
0.11,-0.34,-0.15,1759343170.5921109
0.11,-0.33,-0.15,1759343170.596118
0.11,-0.32,-0.14,1759343170.598673
0.11,-0.32,-0.14,1759343170.6016572
0.11,-0.31,-0.14,1759343170.60432
0.11,-0.3,-0.14,1759343170.6068456
0.11,-0.3,-0.14,1759343170.609965
0.11,-0.29,-0.13,1759343170.6127195
0.1,-0.28,-0.13,1759343170.6158016
0.1,-0.28,-0.13,1759343170.6182733
0.1,-0.27,-0.13,1759343170.6212194
0.1,-0.26,-0.13,1759343170.6238844
0.1,-0.26,-0.12,1759343170.6262388
0.1,-0.25,-0.12,1759343170.6305745
0.09,-0.25,-0.12,1759343170.63322
0.09,-0.24,-0.12,1759343170.6357486
0.09,-0.24,-0.12,1759343170.6381712
0.09,-0.23,-0.11,1759343170.6404028
0.08,-0.23,-0.11,1759343170.6432345
0.08,-0.22,-0.11,1759343170.6457343
0.08,-0.21,-0.11,1759343170.6486042
0.08,-0.21,-0.11,1759343170.6511545
0.07,-0.2,-0.1,1759343170.6537738
0.07,-0.2,-0.1,1759343170.6581569
0.07,-0.19,-0.1,1759343170.6602907
0.07,-0.19,-0.1,1759343170.6629682
0.06,-0.18,-0.1,1759343170.665802
0.06,-0.18,-0.1,1759343170.6683326
0.06,-0.17,-0.09,1759343170.6704483
0.06,-0.16,-0.09,1759343170.673061
0.05,-0.16,-0.09,1759343170.6756203
0.05,-0.15,-0.09,1759343170.678336
0.05,-0.15,-0.09,1759343170.6802166
0.05,-0.14,-0.09,1759343170.682958
0.04,-0.14,-0.09,1759343170.6859622
0.04,-0.13,-0.08,1759343170.6881256
0.04,-0.13,-0.08,1759343170.6907854
0.04,-0.12,-0.08,1759343170.69273
0.03,-0.11,-0.08,1759343170.6951644
0.03,-0.11,-0.08,1759343170.6981163
0.03,-0.1,-0.08,1759343170.700431
0.03,-0.1,-0.08,1759343170.703251
0.03,-0.09,-0.08,1759343170.7052867
0.02,-0.09,-0.08,1759343170.7081363
0.02,-0.08,-0.07,1759343170.7106862
0.02,-0.08,-0.07,1759343170.7139666
0.02,-0.08,-0.07,1759343170.7163088
0.01,-0.07,-0.07,1759343170.718993
0.01,-0.07,-0.07,1759343170.7213514
0.01,-0.06,-0.07,1759343170.7239308
0.01,-0.06,-0.07,1759343170.7267375
0.0,-0.06,-0.07,1759343170.7291658
0.0,-0.05,-0.07,1759343170.7316196
0.0,-0.05,-0.07,1759343170.73416
-0.0,-0.04,-0.07,1759343170.736695
-0.0,-0.04,-0.07,1759343170.739631
-0.01,-0.04,-0.07,1759343170.7424994
-0.01,-0.03,-0.07,1759343170.7448397
-0.01,-0.03,-0.07,1759343170.747547
-0.01,-0.03,-0.07,1759343170.7505746
-0.01,-0.03,-0.06,1759343170.7533622
-0.01,-0.02,-0.06,1759343170.756055
-0.02,-0.02,-0.06,1759343170.7587812
-0.02,-0.02,-0.06,1759343170.7611575
-0.02,-0.02,-0.06,1759343170.7638052
-0.02,-0.01,-0.06,1759343170.7668371
-0.02,-0.01,-0.06,1759343170.769261
-0.02,-0.01,-0.06,1759343170.7719262
-0.03,-0.01,-0.06,1759343170.7744637
-0.03,-0.0,-0.06,1759343170.7771518
-0.03,-0.0,-0.06,1759343170.77981
-0.03,-0.0,-0.06,1759343170.782341
-0.03,0.0,-0.06,1759343170.784657
-0.03,0.0,-0.06,1759343170.7875786
-0.03,0.0,-0.06,1759343170.794183
-0.04,0.01,-0.06,1759343170.7966828
-0.04,0.01,-0.06,1759343170.7995448
-0.04,0.01,-0.06,1759343170.802709
-0.04,0.01,-0.06,1759343170.8050356
-0.04,0.01,-0.07,1759343170.807858
-0.04,0.01,-0.07,1759343170.8106706
-0.04,0.01,-0.07,1759343170.8141286
-0.04,0.01,-0.07,1759343170.81677
-0.04,0.02,-0.07,1759343170.8191152
-0.04,0.02,-0.07,1759343170.8219442
-0.05,0.02,-0.07,1759343170.824844
-0.05,0.02,-0.07,1759343170.8272357
-0.05,0.02,-0.07,1759343170.829779
-0.05,0.02,-0.07,1759343170.8321784
-0.05,0.02,-0.07,1759343170.8354552
-0.05,0.02,-0.07,1759343170.8377044
-0.05,0.02,-0.07,1759343170.8404715
-0.05,0.02,-0.07,1759343170.8427634
-0.05,0.02,-0.08,1759343170.84552
-0.05,0.02,-0.08,1759343170.84785
-0.05,0.02,-0.08,1759343170.85046
-0.05,0.02,-0.08,1759343170.8534355
-0.05,0.02,-0.08,1759343170.8564177
-0.05,0.02,-0.08,1759343170.8594563
-0.06,0.02,-0.08,1759343170.8617008
-0.06,0.02,-0.08,1759343170.864002
-0.06,0.02,-0.08,1759343170.8668532
-0.06,0.02,-0.08,1759343170.8696728
-0.06,0.02,-0.09,1759343170.8732688
-0.06,0.02,-0.09,1759343170.8754275
-0.06,0.02,-0.09,1759343170.8788612
-0.06,0.02,-0.09,1759343170.8813825
-0.06,0.02,-0.09,1759343170.8846204
-0.06,0.02,-0.09,1759343170.8874147
-0.06,0.02,-0.09,1759343170.8898828
-0.06,0.02,-0.09,1759343170.8922298
-0.06,0.02,-0.09,1759343170.8951054
-0.06,0.02,-0.1,1759343170.8977194
-0.06,0.02,-0.1,1759343170.9009182
-0.06,0.02,-0.1,1759343170.9032357
-0.06,0.02,-0.1,1759343170.9057488
-0.06,0.02,-0.1,1759343170.9081914
-0.05,0.02,-0.1,1759343170.9110606
-0.05,0.02,-0.1,1759343170.9153495
-0.05,0.02,-0.1,1759343170.9199252
-0.05,0.02,-0.11,1759343170.9230616
-0.05,0.01,-0.11,1759343170.92594
-0.05,0.01,-0.11,1759343170.9285226
-0.05,0.01,-0.11,1759343170.930925
-0.05,0.01,-0.11,1759343170.935195
-0.05,0.01,-0.11,1759343170.9381812
-0.05,0.01,-0.11,1759343170.9421978
-0.05,0.01,-0.11,1759343170.945299
-0.05,0.01,-0.12,1759343170.9483469
-0.05,0.01,-0.12,1759343170.95189
-0.05,0.01,-0.12,1759343170.955634
-0.05,0.01,-0.12,1759343170.9585583
-0.04,0.01,-0.12,1759343170.9609306
-0.04,0.01,-0.12,1759343170.9636316
-0.04,0.01,-0.12,1759343170.9664764
-0.04,0.0,-0.12,1759343170.9689076
-0.04,0.0,-0.13,1759343170.971414
-0.04,0.0,-0.13,1759343170.9749954
-0.04,0.0,-0.13,1759343170.9771106
-0.04,0.0,-0.13,1759343170.9797304
-0.04,0.0,-0.13,1759343170.982071
-0.04,0.0,-0.13,1759343170.9842513
-0.04,-0.0,-0.13,1759343170.986396
-0.04,-0.0,-0.13,1759343170.98885
-0.04,-0.0,-0.13,1759343170.9917932
-0.04,-0.0,-0.14,1759343170.993617
-0.03,-0.0,-0.14,1759343170.9990337
-0.03,-0.0,-0.14,1759343171.0023267
-0.03,-0.0,-0.14,1759343171.0050905
-0.03,-0.0,-0.14,1759343171.0073743
-0.03,-0.0,-0.14,1759343171.00996
-0.03,-0.0,-0.14,1759343171.0119994
-0.03,-0.0,-0.14,1759343171.0141425
-0.03,-0.0,-0.14,1759343171.0168262
-0.03,-0.0,-0.14,1759343171.018653
-0.03,-0.01,-0.15,1759343171.0219374
-0.03,-0.01,-0.15,1759343171.0245762
-0.03,-0.01,-0.15,1759343171.026782
-0.02,-0.01,-0.15,1759343171.0289783
-0.02,-0.01,-0.15,1759343171.0328252
-0.02,-0.01,-0.15,1759343171.035496
-0.02,-0.01,-0.15,1759343171.0387304
-0.02,-0.01,-0.15,1759343171.0429592
-0.02,-0.01,-0.15,1759343171.045503
-0.02,-0.01,-0.15,1759343171.0477304
-0.02,-0.01,-0.15,1759343171.0509045
-0.02,-0.01,-0.15,1759343171.0531137
-0.02,-0.01,-0.15,1759343171.0553155
-0.01,-0.01,-0.15,1759343171.0574772
-0.01,-0.01,-0.15,1759343171.060254
-0.01,-0.01,-0.15,1759343171.0624385
-0.01,-0.01,-0.16,1759343171.0649767
-0.01,-0.01,-0.16,1759343171.067313
-0.01,-0.01,-0.16,1759343171.0695376
-0.01,-0.01,-0.16,1759343171.0720024
-0.01,-0.01,-0.16,1759343171.0742023
-0.01,-0.01,-0.16,1759343171.07692
-0.0,-0.01,-0.16,1759343171.079284
-0.0,-0.01,-0.16,1759343171.08181
-0.0,-0.02,-0.16,1759343171.0843089
-0.0,-0.02,-0.16,1759343171.0864818
0.0,-0.02,-0.16,1759343171.0901587
0.0,-0.02,-0.16,1759343171.0932772
0.0,-0.02,-0.16,1759343171.09653
0.0,-0.02,-0.16,1759343171.100546
0.01,-0.02,-0.16,1759343171.1042223
0.01,-0.02,-0.16,1759343171.1077037
0.01,-0.02,-0.16,1759343171.1108594
0.01,-0.02,-0.16,1759343171.1150756
0.01,-0.02,-0.16,1759343171.1190715
0.01,-0.03,-0.16,1759343171.1236134
0.01,-0.03,-0.16,1759343171.1258836
0.01,-0.03,-0.16,1759343171.129065
0.01,-0.03,-0.15,1759343171.1335151
0.01,-0.03,-0.15,1759343171.1364672
0.01,-0.04,-0.15,1759343171.1396484
0.01,-0.04,-0.15,1759343171.143894
0.01,-0.04,-0.15,1759343171.1469762
0.02,-0.04,-0.15,1759343171.1502454
0.02,-0.05,-0.15,1759343171.1545794
0.02,-0.05,-0.15,1759343171.1576717
0.02,-0.05,-0.15,1759343171.161055
0.02,-0.06,-0.15,1759343171.1634202
0.02,-0.06,-0.15,1759343171.1664927
0.02,-0.06,-0.15,1759343171.1696692
0.02,-0.07,-0.15,1759343171.1732907
0.02,-0.07,-0.15,1759343171.1762254
0.02,-0.08,-0.15,1759343171.1794276
0.02,-0.08,-0.15,1759343171.1822777
0.02,-0.09,-0.15,1759343171.1847224
0.02,-0.09,-0.15,1759343171.1885855
0.02,-0.1,-0.15,1759343171.1914334
0.02,-0.1,-0.15,1759343171.19416
0.02,-0.11,-0.15,1759343171.1966698
0.02,-0.12,-0.15,1759343171.199435
0.03,-0.12,-0.15,1759343171.202185
0.03,-0.13,-0.15,1759343171.2042358
0.03,-0.13,-0.15,1759343171.2063987
0.03,-0.14,-0.16,1759343171.208748
0.03,-0.14,-0.16,1759343171.211695
0.03,-0.15,-0.16,1759343171.2141616
0.03,-0.16,-0.16,1759343171.2167976
0.03,-0.16,-0.16,1759343171.2197616
0.03,-0.17,-0.16,1759343171.2226012
0.03,-0.18,-0.16,1759343171.2250724
0.03,-0.18,-0.16,1759343171.2283423
0.03,-0.19,-0.16,1759343171.2312343
0.03,-0.2,-0.16,1759343171.2342548
0.03,-0.21,-0.16,1759343171.2370253
0.04,-0.21,-0.17,1759343171.239052
0.04,-0.22,-0.17,1759343171.241112
0.04,-0.23,-0.17,1759343171.2438433
0.04,-0.24,-0.17,1759343171.2464564
0.03,-0.25,-0.17,1759343171.2489052
0.03,-0.26,-0.17,1759343171.250743
0.03,-0.27,-0.17,1759343171.2532654
0.03,-0.28,-0.18,1759343171.255934
0.03,-0.29,-0.18,1759343171.258321
0.03,-0.3,-0.18,1759343171.2604034
0.03,-0.3,-0.18,1759343171.263743
0.03,-0.31,-0.18,1759343171.2667272
0.03,-0.32,-0.18,1759343171.270215
0.03,-0.33,-0.19,1759343171.2730885
0.03,-0.34,-0.19,1759343171.2774858
0.03,-0.35,-0.19,1759343171.281062
0.03,-0.35,-0.19,1759343171.285113
0.03,-0.36,-0.2,1759343171.2890005
0.03,-0.37,-0.2,1759343171.2931876
0.03,-0.37,-0.2,1759343171.2965484
0.03,-0.38,-0.2,1759343171.2988253
0.04,-0.39,-0.2,1759343171.300604
0.04,-0.39,-0.21,1759343171.3032207
0.04,-0.4,-0.21,1759343171.3051054
0.04,-0.4,-0.21,1759343171.3071375
0.04,-0.41,-0.21,1759343171.3097477
0.04,-0.42,-0.21,1759343171.3117414
0.04,-0.42,-0.22,1759343171.3136048
0.04,-0.43,-0.22,1759343171.3154538
0.04,-0.43,-0.22,1759343171.3172965
0.04,-0.44,-0.22,1759343171.3191712
0.05,-0.44,-0.22,1759343171.3213077
0.05,-0.45,-0.22,1759343171.3244567
0.05,-0.45,-0.23,1759343171.327095
0.05,-0.46,-0.23,1759343171.330471
0.05,-0.46,-0.23,1759343171.33403
0.05,-0.47,-0.23,1759343171.3368094
0.05,-0.47,-0.23,1759343171.339843
0.05,-0.47,-0.23,1759343171.3422294
0.06,-0.48,-0.23,1759343171.344886
0.06,-0.48,-0.24,1759343171.347367
0.06,-0.48,-0.24,1759343171.3501842
0.06,-0.49,-0.24,1759343171.353244
0.06,-0.49,-0.24,1759343171.356036
0.06,-0.49,-0.24,1759343171.3589418
0.06,-0.49,-0.24,1759343171.3623028
0.06,-0.49,-0.24,1759343171.3654315
0.07,-0.49,-0.24,1759343171.3677616
0.07,-0.5,-0.24,1759343171.369606
0.07,-0.5,-0.24,1759343171.3714154
0.07,-0.5,-0.24,1759343171.3744607
0.07,-0.5,-0.24,1759343171.3769057
0.07,-0.5,-0.24,1759343171.3796132
0.07,-0.5,-0.24,1759343171.3816073
0.07,-0.5,-0.24,1759343171.3841548
0.07,-0.5,-0.24,1759343171.3864963
0.07,-0.5,-0.24,1759343171.3886118
0.07,-0.5,-0.24,1759343171.3913226
0.07,-0.5,-0.24,1759343171.394011
0.08,-0.5,-0.24,1759343171.3958244
0.08,-0.5,-0.24,1759343171.3978803
0.08,-0.5,-0.24,1759343171.4012618
0.08,-0.5,-0.24,1759343171.4031866
0.08,-0.49,-0.24,1759343171.4057715
0.08,-0.49,-0.24,1759343171.40762
0.08,-0.49,-0.24,1759343171.4109526
0.08,-0.49,-0.24,1759343171.4137676
0.08,-0.49,-0.24,1759343171.4156122
0.08,-0.49,-0.24,1759343171.4179409
0.08,-0.48,-0.24,1759343171.419942
0.08,-0.48,-0.24,1759343171.422249
0.08,-0.48,-0.24,1759343171.4243925
0.08,-0.48,-0.23,1759343171.426213
0.08,-0.47,-0.23,1759343171.4284408
0.08,-0.47,-0.23,1759343171.4306662
0.08,-0.47,-0.23,1759343171.4331603
0.08,-0.47,-0.23,1759343171.4361556
0.08,-0.46,-0.23,1759343171.4382973
0.08,-0.46,-0.23,1759343171.440948
0.08,-0.46,-0.23,1759343171.4435174
0.08,-0.45,-0.23,1759343171.446492
0.08,-0.45,-0.23,1759343171.449689
0.08,-0.45,-0.22,1759343171.452263
0.08,-0.45,-0.22,1759343171.4545531
0.08,-0.44,-0.22,1759343171.457251
0.08,-0.44,-0.22,1759343171.459999
0.08,-0.43,-0.22,1759343171.46266
0.08,-0.43,-0.22,1759343171.4654567
0.08,-0.43,-0.21,1759343171.4678924
0.08,-0.42,-0.21,1759343171.4700105
0.08,-0.42,-0.21,1759343171.4735096
0.08,-0.41,-0.21,1759343171.4767702
0.07,-0.41,-0.21,1759343171.4813278
0.07,-0.4,-0.21,1759343171.4847543
0.07,-0.4,-0.21,1759343171.488762
0.07,-0.39,-0.2,1759343171.492372
0.07,-0.39,-0.2,1759343171.49745
0.07,-0.38,-0.2,1759343171.5024707
0.07,-0.38,-0.2,1759343171.5061347
0.07,-0.37,-0.2,1759343171.509618
0.07,-0.36,-0.19,1759343171.513229
0.07,-0.36,-0.19,1759343171.515962
0.07,-0.35,-0.19,1759343171.5188255
0.06,-0.35,-0.19,1759343171.5210433
0.06,-0.34,-0.19,1759343171.5237458
0.06,-0.34,-0.18,1759343171.5255446
0.06,-0.33,-0.18,1759343171.528098
0.06,-0.33,-0.18,1759343171.5308554
0.06,-0.32,-0.18,1759343171.5340726
0.05,-0.32,-0.18,1759343171.5362568
0.05,-0.31,-0.17,1759343171.539058
0.05,-0.31,-0.17,1759343171.5451324
0.05,-0.3,-0.17,1759343171.548127
0.05,-0.3,-0.17,1759343171.551514
0.04,-0.29,-0.17,1759343171.5546985
0.04,-0.29,-0.16,1759343171.5580552
0.04,-0.28,-0.16,1759343171.5626023
0.04,-0.28,-0.16,1759343171.5666049
0.03,-0.27,-0.16,1759343171.5705428
0.03,-0.26,-0.15,1759343171.5743558
0.03,-0.26,-0.15,1759343171.578382
0.03,-0.25,-0.15,1759343171.5818536
0.02,-0.25,-0.15,1759343171.584983
0.02,-0.24,-0.15,1759343171.5883625
0.02,-0.24,-0.15,1759343171.591448
0.02,-0.23,-0.14,1759343171.5948408
0.02,-0.22,-0.14,1759343171.5979118
0.01,-0.22,-0.14,1759343171.6010015
0.01,-0.21,-0.14,1759343171.6041455
0.01,-0.21,-0.14,1759343171.6072176
0.01,-0.2,-0.14,1759343171.610464
0.0,-0.2,-0.13,1759343171.6136937
0.0,-0.19,-0.13,1759343171.6167395
-0.0,-0.19,-0.13,1759343171.6199586
-0.0,-0.18,-0.13,1759343171.6232362
-0.0,-0.18,-0.13,1759343171.6265745
-0.01,-0.17,-0.13,1759343171.629665
-0.01,-0.17,-0.13,1759343171.6327417
-0.01,-0.16,-0.12,1759343171.6356204
-0.01,-0.16,-0.12,1759343171.6387644
-0.01,-0.15,-0.12,1759343171.642095
-0.02,-0.15,-0.12,1759343171.6452568
-0.02,-0.15,-0.12,1759343171.648499
-0.02,-0.14,-0.12,1759343171.6518002
-0.02,-0.14,-0.12,1759343171.6550546
-0.02,-0.14,-0.12,1759343171.6581328
-0.03,-0.13,-0.12,1759343171.6610005
-0.03,-0.13,-0.12,1759343171.6642044
-0.03,-0.13,-0.11,1759343171.6672788
-0.03,-0.12,-0.11,1759343171.6703026
-0.03,-0.12,-0.11,1759343171.6734903
-0.03,-0.12,-0.11,1759343171.6766715
-0.03,-0.11,-0.11,1759343171.67968
-0.03,-0.11,-0.11,1759343171.6828866
-0.04,-0.11,-0.11,1759343171.686061
-0.04,-0.11,-0.11,1759343171.689083
-0.04,-0.1,-0.11,1759343171.6928728
-0.04,-0.1,-0.11,1759343171.6964998
-0.04,-0.1,-0.11,1759343171.6998158
-0.04,-0.1,-0.11,1759343171.7035172
-0.04,-0.09,-0.11,1759343171.7070558
-0.04,-0.09,-0.11,1759343171.710543
-0.04,-0.09,-0.11,1759343171.713951
-0.04,-0.09,-0.11,1759343171.7181294
-0.04,-0.09,-0.11,1759343171.7218728
-0.04,-0.09,-0.11,1759343171.725542
-0.04,-0.09,-0.11,1759343171.729131
-0.04,-0.08,-0.11,1759343171.7326996
-0.04,-0.08,-0.11,1759343171.7360592
-0.04,-0.08,-0.11,1759343171.740013
-0.04,-0.08,-0.11,1759343171.743612
-0.04,-0.08,-0.11,1759343171.7471414
-0.04,-0.08,-0.11,1759343171.750768
-0.04,-0.08,-0.11,1759343171.7544332
-0.04,-0.08,-0.11,1759343171.758005
-0.04,-0.07,-0.11,1759343171.7611768
-0.04,-0.07,-0.11,1759343171.7650597
-0.04,-0.07,-0.11,1759343171.7692149
-0.04,-0.07,-0.11,1759343171.7727935
-0.04,-0.07,-0.11,1759343171.7766886
-0.04,-0.07,-0.11,1759343171.780327
-0.04,-0.07,-0.11,1759343171.7839615
-0.04,-0.07,-0.11,1759343171.7871609
-0.04,-0.06,-0.11,1759343171.791089
-0.04,-0.06,-0.11,1759343171.7948718
-0.04,-0.06,-0.11,1759343171.7982888
-0.04,-0.06,-0.11,1759343171.801862
-0.04,-0.06,-0.11,1759343171.8050811
-0.04,-0.06,-0.12,1759343171.8089268
-0.04,-0.06,-0.12,1759343171.812743
-0.04,-0.06,-0.12,1759343171.8162384
-0.04,-0.06,-0.12,1759343171.8198276
-0.04,-0.06,-0.12,1759343171.823583
-0.04,-0.06,-0.12,1759343171.8271224
-0.04,-0.06,-0.12,1759343171.8306303
-0.04,-0.06,-0.12,1759343171.8341155
-0.04,-0.06,-0.12,1759343171.8381338
-0.04,-0.06,-0.12,1759343171.8417172
-0.04,-0.06,-0.12,1759343171.8454075
-0.04,-0.06,-0.13,1759343171.848871
-0.03,-0.06,-0.13,1759343171.8523076
-0.03,-0.06,-0.13,1759343171.8557513
-0.03,-0.06,-0.13,1759343171.8589132
-0.03,-0.06,-0.13,1759343171.863144
-0.03,-0.06,-0.13,1759343171.8666675
-0.03,-0.06,-0.13,1759343171.8701415
-0.03,-0.06,-0.13,1759343171.873948
-0.03,-0.06,-0.13,1759343171.8775225
-0.03,-0.06,-0.13,1759343171.880819
-0.03,-0.06,-0.13,1759343171.8843586
-0.03,-0.06,-0.14,1759343171.887638
-0.02,-0.06,-0.14,1759343171.891392
-0.02,-0.06,-0.14,1759343171.8949046
-0.02,-0.06,-0.14,1759343171.898378
-0.02,-0.06,-0.14,1759343171.9019094
-0.02,-0.06,-0.14,1759343171.905193
-0.02,-0.06,-0.14,1759343171.9086158
-0.02,-0.06,-0.14,1759343171.912141
-0.02,-0.06,-0.14,1759343171.9160154
-0.02,-0.06,-0.14,1759343171.9191504
-0.02,-0.07,-0.14,1759343171.9222963
-0.01,-0.07,-0.14,1759343171.9261
-0.01,-0.07,-0.14,1759343171.929576
-0.01,-0.07,-0.14,1759343171.9336174
-0.01,-0.07,-0.14,1759343171.9365304
-0.01,-0.07,-0.15,1759343171.9396162
-0.01,-0.07,-0.15,1759343171.9423103
-0.01,-0.07,-0.15,1759343171.945872
-0.01,-0.07,-0.15,1759343171.9493463
-0.01,-0.07,-0.15,1759343171.9530537
-0.01,-0.07,-0.15,1759343171.9561596
-0.0,-0.07,-0.15,1759343171.9591277
-0.0,-0.08,-0.15,1759343171.963319
-0.0,-0.08,-0.15,1759343171.9653397
-0.0,-0.08,-0.15,1759343171.9672718
0.0,-0.08,-0.15,1759343171.970088
0.0,-0.08,-0.15,1759343171.9735122
0.0,-0.08,-0.15,1759343171.9759133
0.0,-0.08,-0.15,1759343171.979051
0.0,-0.08,-0.15,1759343171.982123
0.01,-0.09,-0.15,1759343171.985672
0.01,-0.09,-0.15,1759343171.9886112
0.01,-0.09,-0.15,1759343171.9927676
0.01,-0.09,-0.15,1759343171.9981463
0.01,-0.09,-0.15,1759343172.000183
0.01,-0.09,-0.15,1759343172.0035446
0.01,-0.1,-0.15,1759343172.0061057
0.01,-0.1,-0.15,1759343172.0098062
0.01,-0.1,-0.15,1759343172.0129097
0.01,-0.1,-0.15,1759343172.0166397
0.01,-0.1,-0.15,1759343172.0197694
0.01,-0.11,-0.15,1759343172.0229328
0.02,-0.11,-0.15,1759343172.0253222
0.02,-0.11,-0.15,1759343172.0288894
0.02,-0.12,-0.15,1759343172.0317843
0.02,-0.12,-0.15,1759343172.0345027
0.02,-0.12,-0.15,1759343172.0372956
0.02,-0.13,-0.15,1759343172.039688
0.02,-0.13,-0.15,1759343172.043462
0.02,-0.14,-0.15,1759343172.0466454
0.02,-0.14,-0.15,1759343172.0503314
0.02,-0.14,-0.14,1759343172.0526602
0.02,-0.15,-0.14,1759343172.0572286
0.03,-0.15,-0.14,1759343172.060723
0.03,-0.16,-0.14,1759343172.0633385
0.03,-0.16,-0.14,1759343172.0660837
0.03,-0.17,-0.14,1759343172.0700886
0.03,-0.18,-0.14,1759343172.0737357
0.03,-0.18,-0.14,1759343172.0771346
0.03,-0.19,-0.14,1759343172.0809317
0.03,-0.2,-0.14,1759343172.084125
0.04,-0.2,-0.14,1759343172.0871253
0.04,-0.21,-0.14,1759343172.08978
0.04,-0.22,-0.14,1759343172.0926774
0.04,-0.23,-0.14,1759343172.095448
0.04,-0.24,-0.15,1759343172.0984457
0.04,-0.24,-0.15,1759343172.1006634
0.04,-0.25,-0.15,1759343172.1048226
0.04,-0.26,-0.15,1759343172.1075697
0.04,-0.27,-0.15,1759343172.1103525
0.04,-0.28,-0.15,1759343172.1132684
0.04,-0.29,-0.15,1759343172.1167967
0.05,-0.3,-0.15,1759343172.119311
0.05,-0.31,-0.15,1759343172.122294
0.05,-0.32,-0.15,1759343172.1252477
0.05,-0.33,-0.15,1759343172.1281018
0.05,-0.34,-0.15,1759343172.1319263
0.05,-0.34,-0.16,1759343172.1349645
0.05,-0.35,-0.16,1759343172.1382356
0.05,-0.36,-0.16,1759343172.1415248
0.05,-0.37,-0.16,1759343172.144322
0.06,-0.37,-0.16,1759343172.1480048
0.06,-0.38,-0.17,1759343172.1510022
0.06,-0.39,-0.17,1759343172.1547658
0.06,-0.39,-0.17,1759343172.1575031
0.06,-0.4,-0.17,1759343172.1603386
0.07,-0.41,-0.17,1759343172.163237
0.07,-0.41,-0.18,1759343172.165964
0.07,-0.42,-0.18,1759343172.1686912
0.07,-0.42,-0.18,1759343172.1719086
0.07,-0.43,-0.18,1759343172.174446
0.08,-0.43,-0.18,1759343172.1770124
0.08,-0.44,-0.19,1759343172.1792858
0.08,-0.44,-0.19,1759343172.1817946
0.08,-0.45,-0.19,1759343172.184964
0.08,-0.45,-0.19,1759343172.188095
0.09,-0.46,-0.2,1759343172.1905806
0.09,-0.46,-0.2,1759343172.1933963
0.09,-0.46,-0.2,1759343172.195899
0.09,-0.47,-0.2,1759343172.1989992
0.09,-0.47,-0.21,1759343172.201433
0.1,-0.47,-0.21,1759343172.2044468
0.1,-0.47,-0.21,1759343172.2069647
0.1,-0.48,-0.21,1759343172.210454
0.1,-0.48,-0.21,1759343172.213476
0.1,-0.48,-0.22,1759343172.216498
0.11,-0.48,-0.22,1759343172.2192714
0.11,-0.48,-0.22,1759343172.2223427
0.11,-0.49,-0.22,1759343172.2248886
0.11,-0.49,-0.22,1759343172.2279022
0.11,-0.49,-0.22,1759343172.2332554
0.12,-0.49,-0.23,1759343172.2359965
0.12,-0.49,-0.23,1759343172.2383714
0.12,-0.49,-0.23,1759343172.2411442
0.12,-0.49,-0.23,1759343172.2438872
0.12,-0.49,-0.23,1759343172.2465403
0.12,-0.49,-0.23,1759343172.248885
0.13,-0.49,-0.23,1759343172.2513168
0.13,-0.49,-0.23,1759343172.254681
0.13,-0.49,-0.23,1759343172.257823
0.13,-0.48,-0.23,1759343172.2600627
0.13,-0.48,-0.23,1759343172.2626874
0.13,-0.48,-0.23,1759343172.265467
0.13,-0.48,-0.23,1759343172.2682295
0.14,-0.48,-0.23,1759343172.2709703
0.14,-0.47,-0.23,1759343172.2744057
0.14,-0.47,-0.23,1759343172.2789493
0.14,-0.47,-0.23,1759343172.282405
0.14,-0.47,-0.23,1759343172.2849364
0.14,-0.46,-0.23,1759343172.288332
0.14,-0.46,-0.23,1759343172.291015
0.14,-0.45,-0.23,1759343172.294171
0.14,-0.45,-0.23,1759343172.2966676
0.14,-0.45,-0.23,1759343172.2994018
0.14,-0.44,-0.23,1759343172.302005
0.15,-0.44,-0.23,1759343172.3049428
0.15,-0.43,-0.22,1759343172.3075156
0.15,-0.43,-0.22,1759343172.3103669
0.15,-0.42,-0.22,1759343172.3129344
0.15,-0.42,-0.22,1759343172.3160932
0.15,-0.42,-0.22,1759343172.318381
0.15,-0.41,-0.22,1759343172.3218968
0.15,-0.41,-0.22,1759343172.3244245
0.15,-0.4,-0.21,1759343172.3276632
0.15,-0.39,-0.21,1759343172.3309896
0.15,-0.39,-0.21,1759343172.3354285
0.15,-0.38,-0.21,1759343172.3382173
0.15,-0.38,-0.21,1759343172.341029
0.15,-0.37,-0.2,1759343172.3435838
0.15,-0.37,-0.2,1759343172.346618
0.15,-0.36,-0.2,1759343172.349307
0.15,-0.35,-0.2,1759343172.3523602
0.14,-0.35,-0.19,1759343172.355646
0.14,-0.34,-0.19,1759343172.358398
0.14,-0.34,-0.19,1759343172.3618052
0.14,-0.33,-0.19,1759343172.364803
0.14,-0.32,-0.18,1759343172.3671904
0.14,-0.32,-0.18,1759343172.3700354
0.14,-0.31,-0.18,1759343172.3731346
0.14,-0.3,-0.18,1759343172.3765187
0.13,-0.3,-0.17,1759343172.37948
0.13,-0.29,-0.17,1759343172.3822498
0.13,-0.28,-0.17,1759343172.3849876
0.13,-0.28,-0.17,1759343172.3875906
0.13,-0.27,-0.16,1759343172.3900282
0.12,-0.26,-0.16,1759343172.394543
0.12,-0.26,-0.16,1759343172.3968875
0.12,-0.25,-0.16,1759343172.400031
0.12,-0.24,-0.16,1759343172.4025705
0.11,-0.24,-0.15,1759343172.4060605
0.11,-0.23,-0.15,1759343172.4089084
0.11,-0.22,-0.15,1759343172.4122312
0.1,-0.22,-0.15,1759343172.4149485
0.1,-0.21,-0.14,1759343172.4177911
0.1,-0.21,-0.14,1759343172.420719
0.1,-0.2,-0.14,1759343172.4232883
0.09,-0.19,-0.14,1759343172.4257574
0.09,-0.19,-0.14,1759343172.4286792
0.09,-0.18,-0.13,1759343172.4312708
0.08,-0.17,-0.13,1759343172.435166
0.08,-0.17,-0.13,1759343172.4377365
0.08,-0.16,-0.13,1759343172.4420173
0.08,-0.15,-0.13,1759343172.4464629
0.07,-0.15,-0.12,1759343172.449257
0.07,-0.14,-0.12,1759343172.452476
0.07,-0.14,-0.12,1759343172.4560428
0.06,-0.13,-0.12,1759343172.4587138
0.06,-0.12,-0.12,1759343172.4619994
0.06,-0.12,-0.12,1759343172.4651911
0.05,-0.11,-0.11,1759343172.4679432
0.05,-0.11,-0.11,1759343172.4705606
0.05,-0.1,-0.11,1759343172.4737003
0.05,-0.1,-0.11,1759343172.476393
0.04,-0.09,-0.11,1759343172.478268
0.04,-0.09,-0.11,1759343172.480185
0.04,-0.08,-0.11,1759343172.48351
0.04,-0.08,-0.1,1759343172.4861956
0.03,-0.07,-0.1,1759343172.4883163
0.03,-0.07,-0.1,1759343172.491206
0.03,-0.06,-0.1,1759343172.4935465
0.03,-0.06,-0.1,1759343172.4964085
0.02,-0.05,-0.1,1759343172.5005488
0.02,-0.05,-0.1,1759343172.503203
0.02,-0.05,-0.1,1759343172.5061553
0.02,-0.04,-0.09,1759343172.5098786
0.01,-0.04,-0.09,1759343172.512358
0.01,-0.04,-0.09,1759343172.514625
0.01,-0.03,-0.09,1759343172.5171914
0.01,-0.03,-0.09,1759343172.5197997
0.0,-0.03,-0.09,1759343172.5225537
0.0,-0.02,-0.09,1759343172.525174
0.0,-0.02,-0.09,1759343172.5275853
-0.0,-0.02,-0.09,1759343172.52977
-0.0,-0.02,-0.09,1759343172.5316784
-0.0,-0.01,-0.09,1759343172.53621
-0.01,-0.01,-0.09,1759343172.5391922
-0.01,-0.01,-0.08,1759343172.5409918
-0.01,-0.01,-0.08,1759343172.5433629
-0.01,-0.0,-0.08,1759343172.546031
-0.01,-0.0,-0.08,1759343172.5485458
-0.01,0.0,-0.08,1759343172.5527334
-0.01,0.0,-0.08,1759343172.5551982
-0.01,0.01,-0.08,1759343172.558388
-0.02,0.01,-0.08,1759343172.5611937
-0.02,0.01,-0.08,1759343172.5636854
-0.02,0.01,-0.08,1759343172.5663068
-0.02,0.01,-0.08,1759343172.5684314
-0.02,0.01,-0.08,1759343172.5710936
-0.02,0.01,-0.08,1759343172.5745697
-0.02,0.02,-0.08,1759343172.5777483
-0.02,0.02,-0.08,1759343172.5811791
-0.03,0.02,-0.08,1759343172.5858445
-0.03,0.02,-0.08,1759343172.588391
-0.03,0.02,-0.08,1759343172.5939772
-0.03,0.02,-0.08,1759343172.597166
-0.03,0.02,-0.08,1759343172.600875
-0.03,0.02,-0.08,1759343172.6037045
-0.03,0.02,-0.08,1759343172.608521
-0.03,0.02,-0.08,1759343172.6139145
-0.03,0.03,-0.08,1759343172.617682
-0.03,0.03,-0.08,1759343172.6217926
-0.03,0.03,-0.08,1759343172.625771
-0.03,0.03,-0.08,1759343172.6283717
-0.03,0.03,-0.08,1759343172.6315925
-0.03,0.03,-0.08,1759343172.636467
-0.03,0.03,-0.08,1759343172.640793
-0.03,0.03,-0.08,1759343172.6432085
-0.03,0.03,-0.08,1759343172.647822
-0.03,0.03,-0.09,1759343172.6539345
-0.03,0.03,-0.09,1759343172.657422
-0.03,0.02,-0.09,1759343172.662776
-0.03,0.02,-0.09,1759343172.666124
-0.03,0.02,-0.09,1759343172.669076
-0.03,0.02,-0.09,1759343172.672161
-0.03,0.02,-0.09,1759343172.6763122
-0.03,0.02,-0.09,1759343172.6815813
-0.03,0.02,-0.09,1759343172.684306
-0.03,0.02,-0.09,1759343172.6871707
-0.03,0.02,-0.09,1759343172.69209
-0.03,0.02,-0.1,1759343172.6950452
-0.03,0.01,-0.1,1759343172.6970596
-0.02,0.01,-0.1,1759343172.6990063
-0.02,0.01,-0.1,1759343172.7009168
-0.02,0.01,-0.1,1759343172.7028575
-0.02,0.01,-0.1,1759343172.7047162
-0.02,0.01,-0.1,1759343172.7066329
-0.02,0.01,-0.1,1759343172.708403
-0.02,0.0,-0.1,1759343172.710194
-0.02,0.0,-0.1,1759343172.7122636
-0.02,0.0,-0.11,1759343172.7140973
-0.01,-0.0,-0.11,1759343172.7160614
-0.01,-0.0,-0.11,1759343172.7178726
-0.01,-0.0,-0.11,1759343172.7196162
-0.01,-0.01,-0.11,1759343172.721373
-0.01,-0.01,-0.11,1759343172.7234025
-0.01,-0.01,-0.11,1759343172.7253747
-0.01,-0.01,-0.11,1759343172.7273955
-0.01,-0.01,-0.11,1759343172.7294004
-0.01,-0.02,-0.11,1759343172.7312562
-0.0,-0.02,-0.11,1759343172.734398
-0.0,-0.02,-0.12,1759343172.7370386
-0.0,-0.02,-0.12,1759343172.7398963
-0.0,-0.02,-0.12,1759343172.7420893
0.0,-0.02,-0.12,1759343172.743989
0.0,-0.02,-0.12,1759343172.7466626
0.0,-0.03,-0.12,1759343172.7485645
0.01,-0.03,-0.12,1759343172.7505128
0.01,-0.03,-0.12,1759343172.75234
0.01,-0.03,-0.12,1759343172.7571435
0.01,-0.03,-0.12,1759343172.7636042
0.01,-0.03,-0.12,1759343172.7655892
0.01,-0.04,-0.12,1759343172.7674484
0.01,-0.04,-0.13,1759343172.7695808
0.01,-0.04,-0.13,1759343172.7715645
0.02,-0.04,-0.13,1759343172.773426
0.02,-0.04,-0.13,1759343172.7755637
0.02,-0.05,-0.13,1759343172.777296
0.02,-0.05,-0.13,1759343172.7869892
0.02,-0.05,-0.13,1759343172.788983
0.02,-0.05,-0.13,1759343172.790868
0.03,-0.05,-0.13,1759343172.7931824
0.03,-0.06,-0.13,1759343172.7950158
0.03,-0.06,-0.13,1759343172.7969007
0.03,-0.06,-0.13,1759343172.8064337
0.03,-0.06,-0.13,1759343172.8083692
0.03,-0.06,-0.13,1759343172.8103745
0.03,-0.07,-0.13,1759343172.8144023
0.04,-0.07,-0.14,1759343172.8178716
0.04,-0.07,-0.14,1759343172.824381
0.04,-0.07,-0.14,1759343172.8280072
0.04,-0.08,-0.14,1759343172.8341808
0.04,-0.08,-0.14,1759343172.8363967
0.04,-0.08,-0.14,1759343172.8384807
0.04,-0.09,-0.14,1759343172.8407984
0.05,-0.09,-0.14,1759343172.849917
0.05,-0.09,-0.14,1759343172.8538327
0.05,-0.09,-0.14,1759343172.8579843
0.05,-0.1,-0.14,1759343172.861441
0.05,-0.1,-0.14,1759343172.8644917
0.05,-0.1,-0.14,1759343172.8669808
0.05,-0.1,-0.14,1759343172.869736
0.05,-0.11,-0.14,1759343172.8728611
0.05,-0.11,-0.14,1759343172.8759608
0.05,-0.11,-0.14,1759343172.8788977
0.06,-0.12,-0.14,1759343172.8812306
0.06,-0.12,-0.14,1759343172.8844564
0.06,-0.12,-0.14,1759343172.887426
0.06,-0.13,-0.14,1759343172.8906426
0.06,-0.13,-0.14,1759343172.8939629
0.06,-0.13,-0.14,1759343172.8967006
0.06,-0.14,-0.14,1759343172.8994164
0.06,-0.14,-0.14,1759343172.9020462
0.06,-0.15,-0.14,1759343172.9062974
0.06,-0.15,-0.13,1759343172.9086251
0.06,-0.16,-0.13,1759343172.911222
0.06,-0.16,-0.13,1759343172.91423
0.06,-0.17,-0.13,1759343172.9172544
0.06,-0.17,-0.13,1759343172.9204488
0.07,-0.18,-0.13,1759343172.9237478
0.07,-0.18,-0.13,1759343172.926751
0.07,-0.19,-0.13,1759343172.9297705
0.07,-0.2,-0.13,1759343172.9331126
0.07,-0.21,-0.13,1759343172.9370804
0.07,-0.21,-0.13,1759343172.9411578
0.07,-0.22,-0.13,1759343172.9440308
0.07,-0.23,-0.13,1759343172.9468138
0.07,-0.24,-0.13,1759343172.950243
0.07,-0.24,-0.13,1759343172.953091
0.07,-0.25,-0.13,1759343172.956102
0.07,-0.26,-0.13,1759343172.9598022
0.07,-0.27,-0.13,1759343172.9625823
0.08,-0.27,-0.13,1759343172.9653227
0.08,-0.28,-0.13,1759343172.9677427
0.08,-0.29,-0.13,1759343172.9712214
0.08,-0.3,-0.13,1759343172.9752784
0.08,-0.31,-0.13,1759343172.9800384
0.08,-0.31,-0.13,1759343172.98346
0.08,-0.32,-0.13,1759343172.9866984
0.09,-0.33,-0.13,1759343172.9903083
0.09,-0.34,-0.14,1759343172.9936745
0.09,-0.35,-0.14,1759343172.996451
0.09,-0.36,-0.14,1759343172.9991045
0.09,-0.36,-0.14,1759343173.0020142
0.09,-0.37,-0.14,1759343173.0045917
0.1,-0.38,-0.14,1759343173.0072432
0.1,-0.39,-0.14,1759343173.0101657
0.1,-0.39,-0.15,1759343173.0128944
0.1,-0.4,-0.15,1759343173.0163116
0.1,-0.41,-0.15,1759343173.0196457
0.1,-0.42,-0.15,1759343173.0225816
0.11,-0.42,-0.15,1759343173.025058
0.11,-0.43,-0.15,1759343173.0279164
0.11,-0.44,-0.16,1759343173.030218
0.11,-0.44,-0.16,1759343173.032315
0.11,-0.45,-0.16,1759343173.0354202
0.12,-0.45,-0.16,1759343173.0387366
0.12,-0.46,-0.17,1759343173.0413797
0.12,-0.47,-0.17,1759343173.046225
0.12,-0.47,-0.17,1759343173.04944
0.13,-0.47,-0.17,1759343173.0532746
0.13,-0.48,-0.18,1759343173.057019
0.13,-0.48,-0.18,1759343173.0606692
0.14,-0.49,-0.18,1759343173.064704
0.14,-0.49,-0.18,1759343173.067953
0.14,-0.49,-0.18,1759343173.0709112
0.14,-0.5,-0.19,1759343173.0746226
0.14,-0.5,-0.19,1759343173.0776737
0.15,-0.5,-0.19,1759343173.0816534
0.15,-0.5,-0.19,1759343173.0850534
0.15,-0.51,-0.19,1759343173.0885067
0.15,-0.51,-0.2,1759343173.0928016
0.16,-0.51,-0.2,1759343173.0962284
0.16,-0.51,-0.2,1759343173.0995057
0.16,-0.51,-0.2,1759343173.1037345
0.16,-0.51,-0.2,1759343173.1059754
0.17,-0.51,-0.21,1759343173.10965
0.17,-0.51,-0.21,1759343173.114632
0.17,-0.51,-0.21,1759343173.118292
0.17,-0.51,-0.21,1759343173.121919
0.18,-0.51,-0.21,1759343173.1253426
0.18,-0.51,-0.21,1759343173.129015
0.18,-0.51,-0.21,1759343173.133979
0.18,-0.51,-0.21,1759343173.1371047
0.19,-0.51,-0.21,1759343173.1405284
0.19,-0.51,-0.21,1759343173.1451998
0.19,-0.51,-0.21,1759343173.148489
0.19,-0.51,-0.21,1759343173.151919
0.2,-0.51,-0.21,1759343173.1550786
0.2,-0.51,-0.21,1759343173.1587155
0.2,-0.5,-0.21,1759343173.1611028
0.2,-0.5,-0.21,1759343173.1636698
0.2,-0.5,-0.21,1759343173.1665325
0.2,-0.5,-0.21,1759343173.1690702
0.21,-0.5,-0.21,1759343173.1722355
0.21,-0.49,-0.21,1759343173.174315
0.21,-0.49,-0.21,1759343173.1767304
0.21,-0.49,-0.21,1759343173.1790037
0.21,-0.49,-0.21,1759343173.1820064
0.21,-0.48,-0.2,1759343173.1842625
0.21,-0.48,-0.2,1759343173.1870084
0.21,-0.48,-0.2,1759343173.1917908
0.21,-0.48,-0.2,1759343173.196319
0.22,-0.47,-0.2,1759343173.2001848
0.22,-0.47,-0.2,1759343173.204569
0.22,-0.46,-0.19,1759343173.2075262
0.22,-0.46,-0.19,1759343173.2114522
0.22,-0.46,-0.19,1759343173.2152276
0.22,-0.45,-0.19,1759343173.2190306
0.22,-0.45,-0.18,1759343173.2219796
0.22,-0.44,-0.18,1759343173.2262278
0.22,-0.44,-0.18,1759343173.2297654
0.22,-0.43,-0.18,1759343173.234296
0.22,-0.43,-0.18,1759343173.2372591
0.22,-0.42,-0.17,1759343173.2407217
0.22,-0.42,-0.17,1759343173.2432618
0.22,-0.41,-0.17,1759343173.2451928
0.21,-0.41,-0.16,1759343173.2504165
0.21,-0.4,-0.16,1759343173.2540638
0.21,-0.4,-0.16,1759343173.2588663
0.21,-0.39,-0.16,1759343173.2618642
0.21,-0.39,-0.15,1759343173.2646315
0.21,-0.38,-0.15,1759343173.2677429
0.21,-0.37,-0.15,1759343173.270556
0.21,-0.37,-0.15,1759343173.2728617
0.21,-0.36,-0.14,1759343173.2752635
0.21,-0.36,-0.14,1759343173.277584
0.21,-0.35,-0.14,1759343173.2808297
0.2,-0.34,-0.13,1759343173.2838297
0.2,-0.34,-0.13,1759343173.286538
0.2,-0.33,-0.13,1759343173.2893827
0.2,-0.33,-0.13,1759343173.2918398
0.2,-0.32,-0.12,1759343173.2946267
0.2,-0.31,-0.12,1759343173.296505
0.19,-0.31,-0.12,1759343173.2987907
0.19,-0.3,-0.11,1759343173.3013043
0.19,-0.3,-0.11,1759343173.3035507
0.19,-0.29,-0.11,1759343173.3058057
0.19,-0.28,-0.11,1759343173.3091793
0.18,-0.28,-0.1,1759343173.3110604
0.18,-0.27,-0.1,1759343173.3138402
0.18,-0.26,-0.1,1759343173.3162675
0.18,-0.26,-0.09,1759343173.3200376
0.17,-0.25,-0.09,1759343173.3220546
0.17,-0.25,-0.09,1759343173.325466
0.17,-0.24,-0.09,1759343173.3280425
0.17,-0.23,-0.08,1759343173.32996
0.16,-0.23,-0.08,1759343173.3322182
0.16,-0.22,-0.08,1759343173.334836
0.16,-0.21,-0.07,1759343173.337492
0.16,-0.21,-0.07,1759343173.341239
0.15,-0.2,-0.07,1759343173.343998
0.15,-0.19,-0.07,1759343173.3458889
0.15,-0.18,-0.06,1759343173.348549
0.15,-0.18,-0.06,1759343173.350778
0.14,-0.17,-0.06,1759343173.3537252
0.14,-0.17,-0.06,1759343173.3561227
0.14,-0.16,-0.06,1759343173.358996
0.13,-0.15,-0.05,1759343173.361326
0.13,-0.15,-0.05,1759343173.363721
0.13,-0.14,-0.05,1759343173.3669431
0.13,-0.14,-0.05,1759343173.3694768
0.12,-0.13,-0.04,1759343173.373984
0.12,-0.12,-0.04,1759343173.376426
0.12,-0.12,-0.04,1759343173.3793793
0.11,-0.11,-0.04,1759343173.384403
0.11,-0.11,-0.04,1759343173.3875597
0.11,-0.1,-0.04,1759343173.389967
0.1,-0.1,-0.03,1759343173.393245
0.1,-0.09,-0.03,1759343173.3967657
0.1,-0.08,-0.03,1759343173.4010894
0.09,-0.08,-0.03,1759343173.4040473
0.09,-0.07,-0.03,1759343173.4064095
0.09,-0.07,-0.03,1759343173.4090228
0.08,-0.06,-0.03,1759343173.4113955
0.08,-0.06,-0.02,1759343173.4136384
0.08,-0.05,-0.02,1759343173.417574
0.07,-0.05,-0.02,1759343173.420179
0.07,-0.05,-0.02,1759343173.4232817
0.07,-0.04,-0.02,1759343173.4282029
0.06,-0.04,-0.02,1759343173.4315472
0.06,-0.03,-0.02,1759343173.4356618
0.06,-0.03,-0.02,1759343173.4388175
0.06,-0.03,-0.02,1759343173.4426246
0.06,-0.02,-0.02,1759343173.445808
0.05,-0.02,-0.01,1759343173.4499516
0.05,-0.02,-0.01,1759343173.4528964
0.05,-0.01,-0.01,1759343173.4582002
0.05,-0.01,-0.01,1759343173.461858
0.05,-0.01,-0.01,1759343173.4651525
0.04,-0.01,-0.01,1759343173.4694695
0.04,-0.0,-0.01,1759343173.4738114
0.04,-0.0,-0.01,1759343173.4773304
0.04,-0.0,-0.01,1759343173.4809256
0.04,0.0,-0.01,1759343173.4890008
0.04,0.0,-0.01,1759343173.4929016
0.04,0.0,-0.01,1759343173.4965048
0.03,0.0,-0.01,1759343173.498782
0.03,0.01,-0.01,1759343173.5008364
0.03,0.01,-0.01,1759343173.5028777
0.03,0.01,-0.01,1759343173.505456
0.03,0.01,-0.01,1759343173.5107222
0.03,0.01,-0.01,1759343173.513244
0.03,0.01,-0.01,1759343173.5165768
0.03,0.01,-0.01,1759343173.518901
0.03,0.01,-0.01,1759343173.521599
0.03,0.01,-0.01,1759343173.5236263
0.02,0.01,-0.01,1759343173.5261602
0.02,0.01,-0.01,1759343173.5284002
0.02,0.01,-0.01,1759343173.5318198
0.02,0.02,-0.01,1759343173.5395913
0.02,0.02,-0.01,1759343173.5428526
0.02,0.02,-0.01,1759343173.546006
0.02,0.02,-0.01,1759343173.54943
0.02,0.02,-0.01,1759343173.5533378
0.02,0.02,-0.01,1759343173.5561292
0.02,0.02,-0.01,1759343173.5597613
0.02,0.02,-0.01,1759343173.563861
0.02,0.02,-0.01,1759343173.5720136
0.02,0.02,-0.01,1759343173.5805223
0.02,0.02,-0.01,1759343173.583383
0.02,0.02,-0.01,1759343173.5867906
0.02,0.02,-0.02,1759343173.5945396
0.02,0.02,-0.02,1759343173.599464
0.02,0.01,-0.02,1759343173.602708
0.03,0.01,-0.02,1759343173.606261
0.03,0.01,-0.02,1759343173.60905
0.03,0.01,-0.02,1759343173.61283
0.03,0.01,-0.02,1759343173.6155746
0.03,0.01,-0.02,1759343173.619163
0.03,0.01,-0.02,1759343173.622904
0.03,0.01,-0.02,1759343173.6256227
0.03,0.01,-0.02,1759343173.6285748
0.03,0.01,-0.02,1759343173.6331935
0.03,0.01,-0.02,1759343173.6376326
0.04,0.0,-0.02,1759343173.641886
0.04,0.0,-0.03,1759343173.644771
0.04,0.0,-0.03,1759343173.647755
0.04,0.0,-0.03,1759343173.6515968
0.04,-0.0,-0.03,1759343173.6541266
0.04,-0.0,-0.03,1759343173.6565113
0.04,-0.0,-0.03,1759343173.658441
0.04,-0.0,-0.03,1759343173.6603725
0.04,-0.0,-0.03,1759343173.6629784
0.05,-0.01,-0.03,1759343173.667411
0.05,-0.01,-0.03,1759343173.6711495
0.05,-0.01,-0.03,1759343173.6747918
0.05,-0.01,-0.03,1759343173.6778543
0.05,-0.01,-0.04,1759343173.6809485
0.05,-0.01,-0.04,1759343173.684268
0.05,-0.01,-0.04,1759343173.6874723
0.05,-0.01,-0.04,1759343173.692429
0.06,-0.02,-0.04,1759343173.694785
0.06,-0.02,-0.04,1759343173.6971433
0.06,-0.02,-0.04,1759343173.6990798
0.06,-0.02,-0.04,1759343173.701815
0.06,-0.02,-0.04,1759343173.7042675
0.06,-0.02,-0.04,1759343173.7062645
0.06,-0.02,-0.04,1759343173.708348
0.07,-0.02,-0.05,1759343173.7103157
0.07,-0.03,-0.05,1759343173.7132509
0.07,-0.03,-0.05,1759343173.7172406
0.07,-0.03,-0.05,1759343173.7204154
0.07,-0.03,-0.05,1759343173.723795
0.07,-0.03,-0.05,1759343173.726792
0.07,-0.03,-0.05,1759343173.7307186
0.08,-0.03,-0.05,1759343173.734465
0.08,-0.03,-0.05,1759343173.7377713
0.08,-0.04,-0.05,1759343173.7406814
0.08,-0.04,-0.05,1759343173.7443066
0.08,-0.04,-0.05,1759343173.7470324
0.08,-0.04,-0.06,1759343173.7507646
0.08,-0.04,-0.06,1759343173.7548883
0.08,-0.04,-0.06,1759343173.7587712
0.09,-0.04,-0.06,1759343173.762498
0.09,-0.04,-0.06,1759343173.765679
0.09,-0.04,-0.06,1759343173.768406
0.09,-0.04,-0.06,1759343173.772116
0.09,-0.04,-0.06,1759343173.7748282
0.09,-0.04,-0.06,1759343173.7784257
0.09,-0.04,-0.06,1759343173.781206
0.09,-0.04,-0.06,1759343173.7853446
0.09,-0.03,-0.06,1759343173.7901862
0.09,-0.03,-0.06,1759343173.793541
0.09,-0.03,-0.06,1759343173.798217
0.09,-0.03,-0.06,1759343173.8026445
0.09,-0.02,-0.06,1759343173.8081284
0.09,-0.02,-0.06,1759343173.8114598
0.09,-0.02,-0.06,1759343173.817107
0.09,-0.01,-0.05,1759343173.8217118
0.09,-0.01,-0.05,1759343173.8271277
0.09,-0.0,-0.05,1759343173.8316934
0.09,0.0,-0.05,1759343173.835042
0.09,0.01,-0.05,1759343173.838393
0.09,0.01,-0.04,1759343173.8417013
0.09,0.02,-0.04,1759343173.8444655
0.09,0.02,-0.04,1759343173.8473606
0.09,0.03,-0.04,1759343173.8504188
0.09,0.04,-0.03,1759343173.8532944
0.09,0.04,-0.03,1759343173.8560984
0.09,0.05,-0.03,1759343173.8589664
0.09,0.06,-0.02,1759343173.861826
0.08,0.06,-0.02,1759343173.8647115
0.08,0.07,-0.02,1759343173.8674932
0.08,0.08,-0.02,1759343173.8704257
0.08,0.09,-0.01,1759343173.873778
0.08,0.09,-0.01,1759343173.8767097
0.08,0.1,-0.01,1759343173.879565
0.08,0.11,-0.0,1759343173.8824267
0.07,0.12,-0.0,1759343173.8853216
0.07,0.12,0.0,1759343173.8880825
0.07,0.13,0.0,1759343173.8908553
0.07,0.14,0.01,1759343173.8940437
0.07,0.15,0.01,1759343173.8968616
0.07,0.16,0.01,1759343173.8997278
0.07,0.16,0.02,1759343173.9027736
0.07,0.17,0.02,1759343173.9055738
0.06,0.18,0.02,1759343173.9082923
0.06,0.19,0.02,1759343173.91107
0.06,0.2,0.02,1759343173.9140763
0.06,0.21,0.03,1759343173.9168944
0.06,0.21,0.03,1759343173.9196222
0.06,0.22,0.03,1759343173.9223354
0.05,0.23,0.03,1759343173.925248
0.05,0.24,0.03,1759343173.928774
0.05,0.25,0.04,1759343173.9324577
0.05,0.26,0.04,1759343173.9363415
0.05,0.26,0.04,1759343173.9398837
0.04,0.27,0.04,1759343173.9435997
0.04,0.28,0.04,1759343173.9470415
0.04,0.29,0.04,1759343173.950363
0.04,0.3,0.05,1759343173.953375
0.04,0.3,0.05,1759343173.9563315
0.03,0.31,0.05,1759343173.9591062
0.03,0.32,0.05,1759343173.962037
0.03,0.33,0.05,1759343173.9649143
0.02,0.33,0.05,1759343173.9676757
0.02,0.34,0.05,1759343173.9704218
0.02,0.35,0.05,1759343173.9732208
0.01,0.36,0.05,1759343173.9762332
0.01,0.36,0.05,1759343173.979081
0.01,0.37,0.05,1759343173.98245
0.01,0.38,0.05,1759343173.986097
0.0,0.38,0.06,1759343173.9920063
0.0,0.39,0.06,1759343173.994491
-0.0,0.4,0.06,1759343173.9971445
-0.0,0.4,0.06,1759343173.9999597
-0.01,0.41,0.06,1759343174.0024104
-0.01,0.42,0.06,1759343174.0052085
-0.01,0.43,0.06,1759343174.0082197
-0.02,0.43,0.06,1759343174.01059
-0.02,0.44,0.06,1759343174.014185
-0.02,0.45,0.06,1759343174.0167694
-0.03,0.45,0.05,1759343174.0185616
-0.03,0.46,0.05,1759343174.0209055
-0.03,0.47,0.05,1759343174.023715
-0.04,0.47,0.05,1759343174.026449
-0.04,0.47,0.05,1759343174.030813
-0.05,0.48,0.05,1759343174.0344577
-0.05,0.48,0.05,1759343174.0370882
-0.05,0.48,0.05,1759343174.0393562
-0.05,0.49,0.05,1759343174.0414584
-0.06,0.49,0.05,1759343174.0455258
-0.06,0.49,0.05,1759343174.0475285
-0.06,0.5,0.04,1759343174.0500202
-0.07,0.5,0.04,1759343174.0518558
-0.07,0.5,0.04,1759343174.0538864
-0.07,0.5,0.04,1759343174.057205
-0.07,0.5,0.04,1759343174.0601523
-0.08,0.5,0.04,1759343174.0626094
-0.08,0.5,0.04,1759343174.0658512
-0.08,0.5,0.04,1759343174.069204
-0.08,0.5,0.04,1759343174.0738025
-0.08,0.5,0.04,1759343174.0771625
-0.08,0.5,0.04,1759343174.080372
-0.09,0.5,0.04,1759343174.0833368
-0.09,0.5,0.04,1759343174.0875075
-0.09,0.49,0.04,1759343174.0908606
-0.09,0.49,0.04,1759343174.0950842
-0.09,0.49,0.04,1759343174.0978394
-0.09,0.49,0.04,1759343174.1011994
-0.09,0.48,0.04,1759343174.1044457
-0.1,0.48,0.04,1759343174.1077242
-0.1,0.48,0.04,1759343174.1108394
-0.1,0.48,0.04,1759343174.1144624
-0.1,0.47,0.04,1759343174.1163237
-0.1,0.47,0.04,1759343174.1203785
-0.1,0.47,0.04,1759343174.122371
-0.1,0.46,0.04,1759343174.1245728
-0.1,0.46,0.04,1759343174.1268582
-0.1,0.45,0.04,1759343174.1286185
-0.1,0.45,0.04,1759343174.130659
-0.1,0.45,0.04,1759343174.1325989
-0.11,0.44,0.04,1759343174.1346338
-0.11,0.44,0.04,1759343174.1369808
-0.11,0.44,0.04,1759343174.1447437
-0.11,0.43,0.04,1759343174.1507585
-0.11,0.43,0.04,1759343174.156077
-0.11,0.43,0.04,1759343174.161627
-0.11,0.42,0.04,1759343174.1639657
-0.11,0.42,0.04,1759343174.167359
-0.1,0.42,0.04,1759343174.1704645
-0.1,0.41,0.04,1759343174.1739528
-0.1,0.41,0.04,1759343174.178155
-0.1,0.4,0.04,1759343174.182516
-0.1,0.4,0.04,1759343174.1863697
-0.1,0.39,0.04,1759343174.191193
-0.1,0.39,0.04,1759343174.19552
-0.09,0.38,0.04,1759343174.1987062
-0.09,0.38,0.04,1759343174.2018251
-0.09,0.37,0.04,1759343174.2053444
-0.09,0.37,0.04,1759343174.208303
-0.09,0.36,0.04,1759343174.2112272
-0.09,0.36,0.04,1759343174.2152178
-0.08,0.36,0.04,1759343174.218988
-0.08,0.35,0.04,1759343174.2232037
-0.08,0.35,0.04,1759343174.2278647
-0.08,0.34,0.04,1759343174.2317
-0.07,0.34,0.04,1759343174.2352026
-0.07,0.33,0.04,1759343174.2381475
-0.07,0.33,0.04,1759343174.2413154
-0.07,0.32,0.04,1759343174.245443
-0.06,0.32,0.04,1759343174.2488406
-0.06,0.31,0.04,1759343174.2523625
-0.06,0.31,0.04,1759343174.2566645
-0.05,0.3,0.04,1759343174.2601233
-0.05,0.3,0.04,1759343174.2642107
-0.05,0.29,0.04,1759343174.267274
-0.05,0.29,0.03,1759343174.2707794
-0.04,0.28,0.03,1759343174.273965
-0.04,0.28,0.03,1759343174.2776458
-0.04,0.28,0.03,1759343174.282912
-0.04,0.27,0.03,1759343174.2873862
-0.03,0.27,0.03,1759343174.2906556
-0.03,0.26,0.03,1759343174.294168
-0.03,0.26,0.03,1759343174.2984376
-0.02,0.26,0.03,1759343174.3022373
-0.02,0.25,0.02,1759343174.3051517
-0.02,0.25,0.02,1759343174.3084817
-0.01,0.24,0.02,1759343174.3114457
-0.01,0.24,0.02,1759343174.314721
-0.01,0.24,0.02,1759343174.3184097
-0.0,0.23,0.02,1759343174.3214056
-0.0,0.23,0.02,1759343174.3246684
0.0,0.23,0.02,1759343174.327726
0.01,0.22,0.02,1759343174.3305275
0.01,0.22,0.02,1759343174.3340316
0.01,0.22,0.01,1759343174.336378
0.01,0.21,0.01,1759343174.3406875
0.02,0.21,0.01,1759343174.3446484
0.02,0.21,0.01,1759343174.3490782
0.02,0.21,0.01,1759343174.353376
0.03,0.2,0.01,1759343174.3571577
0.03,0.2,0.01,1759343174.3598688
0.03,0.2,0.01,1759343174.3626983
0.03,0.2,0.01,1759343174.3664556
0.04,0.2,0.01,1759343174.3703458
0.04,0.2,0.01,1759343174.3735478
0.04,0.19,0.01,1759343174.3778694
0.04,0.19,0.01,1759343174.3809931
0.05,0.19,0.01,1759343174.3849733
0.05,0.19,0.01,1759343174.3882935
0.05,0.19,0.01,1759343174.3942606
0.05,0.19,0.01,1759343174.3984432
0.06,0.19,0.01,1759343174.4028456
0.06,0.19,0.01,1759343174.405482
0.06,0.19,0.01,1759343174.4080195
0.06,0.19,0.01,1759343174.4102972
0.06,0.19,0.01,1759343174.413458
0.06,0.19,0.01,1759343174.4157405
0.06,0.19,0.01,1759343174.418615
0.07,0.19,0.01,1759343174.4211466
0.07,0.18,0.01,1759343174.424318
0.07,0.18,0.01,1759343174.4285967
0.07,0.18,0.01,1759343174.4322522
0.07,0.18,0.01,1759343174.4362233
0.07,0.18,0.01,1759343174.4413865
0.07,0.19,0.01,1759343174.446526
0.07,0.19,0.01,1759343174.4506366
0.07,0.19,0.01,1759343174.4542177
0.07,0.19,0.01,1759343174.4599788
0.07,0.19,0.01,1759343174.462567
0.07,0.19,0.01,1759343174.4655576
0.07,0.19,0.01,1759343174.467724
0.07,0.19,0.01,1759343174.470567
0.07,0.19,0.01,1759343174.474693
0.07,0.19,0.01,1759343174.4790783
0.07,0.19,0.01,1759343174.4824593
0.07,0.19,0.01,1759343174.4858615
0.07,0.19,0.01,1759343174.489181
0.07,0.19,0.01,1759343174.4910414
0.07,0.19,0.01,1759343174.4938684
0.06,0.19,0.01,1759343174.4967508
0.06,0.19,0.01,1759343174.498938
0.06,0.19,0.01,1759343174.5008645
0.06,0.19,0.01,1759343174.503122
0.06,0.19,0.01,1759343174.5053442
0.06,0.19,0.01,1759343174.507661
0.06,0.2,0.01,1759343174.51014
0.06,0.2,0.01,1759343174.5134058
0.06,0.2,0.01,1759343174.51554
0.06,0.2,0.01,1759343174.518532
0.06,0.2,0.01,1759343174.5219636
0.06,0.2,0.01,1759343174.5273457
0.06,0.2,0.01,1759343174.530258
0.06,0.2,0.01,1759343174.5337422
0.05,0.2,0.01,1759343174.536523
0.05,0.2,0.01,1759343174.5390966
0.05,0.2,0.01,1759343174.542102
0.05,0.2,0.01,1759343174.5443535
0.05,0.2,0.01,1759343174.5467207
0.05,0.2,0.01,1759343174.5489151
0.05,0.2,0.01,1759343174.5507812
0.05,0.2,0.01,1759343174.5546925
0.05,0.2,0.01,1759343174.55821
0.05,0.2,0.01,1759343174.560608
0.04,0.2,0.01,1759343174.5635033
0.04,0.2,0.01,1759343174.565802
0.04,0.2,0.01,1759343174.5684996
0.04,0.2,0.01,1759343174.571184
0.04,0.2,0.01,1759343174.574751
0.04,0.2,0.01,1759343174.57741
0.04,0.2,0.01,1759343174.5799332
0.04,0.2,0.01,1759343174.582486
0.04,0.2,0.01,1759343174.5858378
0.04,0.2,0.01,1759343174.5887372
0.04,0.2,0.01,1759343174.5919013
0.03,0.2,0.01,1759343174.5942695
0.03,0.2,0.0,1759343174.5962942
0.03,0.2,0.0,1759343174.5989149
0.03,0.2,0.0,1759343174.6014233
0.03,0.2,0.0,1759343174.6035433
0.03,0.2,0.0,1759343174.6058848
0.03,0.2,0.0,1759343174.609475
0.03,0.2,0.0,1759343174.6124153
0.03,0.2,0.0,1759343174.615266
0.03,0.2,0.0,1759343174.6184168
0.02,0.2,0.0,1759343174.6209714
0.02,0.2,0.0,1759343174.6235774
0.02,0.2,0.0,1759343174.626009
0.02,0.2,0.0,1759343174.629259
0.02,0.2,0.0,1759343174.6328585
0.02,0.2,0.0,1759343174.635109
0.02,0.19,0.0,1759343174.6368966
0.02,0.19,0.0,1759343174.639279
0.02,0.19,0.0,1759343174.6414173
0.02,0.19,0.0,1759343174.6443222
0.02,0.19,0.0,1759343174.64615
0.02,0.19,0.0,1759343174.6488853
0.02,0.19,0.0,1759343174.650782
0.02,0.19,0.0,1759343174.6541698
0.01,0.19,0.0,1759343174.6598136
0.01,0.19,0.0,1759343174.6628952
0.01,0.19,0.0,1759343174.664868
0.01,0.19,0.0,1759343174.6675007
0.01,0.19,0.0,1759343174.669206
0.01,0.19,0.0,1759343174.672479
0.01,0.19,0.0,1759343174.6760037
0.01,0.19,0.0,1759343174.678424
0.01,0.19,0.0,1759343174.6806877
0.01,0.19,0.0,1759343174.683422
0.01,0.19,0.0,1759343174.6864629
0.01,0.19,0.0,1759343174.689062
0.01,0.19,0.0,1759343174.691032
0.02,0.19,0.0,1759343174.693489
0.02,0.19,0.0,1759343174.6966038
0.02,0.19,0.0,1759343174.701036
0.02,0.19,0.0,1759343174.7032278
0.02,0.19,0.0,1759343174.705512
0.02,0.19,0.0,1759343174.70769
0.02,0.19,0.0,1759343174.7100985
0.03,0.19,0.0,1759343174.7125702
0.03,0.19,0.0,1759343174.714736
0.03,0.19,0.0,1759343174.7167263
0.03,0.19,0.0,1759343174.7188568
0.04,0.19,0.0,1759343174.72107
0.04,0.19,0.0,1759343174.7239163
0.04,0.19,0.0,1759343174.7263367
0.04,0.19,0.0,1759343174.7284994
0.05,0.19,0.0,1759343174.73163
0.05,0.19,0.0,1759343174.7349908
0.05,0.19,0.0,1759343174.7379577
0.06,0.19,0.0,1759343174.7417946
0.06,0.19,0.01,1759343174.743956
0.07,0.19,0.01,1759343174.747737
0.07,0.19,0.01,1759343174.7501936
0.08,0.19,0.01,1759343174.7539487
0.08,0.19,0.01,1759343174.7563818
0.09,0.19,0.01,1759343174.7594647
0.09,0.19,0.01,1759343174.7664647
0.1,0.19,0.01,1759343174.7691443
0.11,0.19,0.01,1759343174.7714088
0.11,0.19,0.01,1759343174.775554
0.12,0.19,0.01,1759343174.7783856
0.13,0.19,0.01,1759343174.7833705
0.13,0.19,0.01,1759343174.7863777
0.14,0.2,0.01,1759343174.789724
0.15,0.2,0.01,1759343174.792676
0.16,0.2,0.01,1759343174.796068
0.16,0.2,0.01,1759343174.799324
0.17,0.2,0.01,1759343174.8028855
0.18,0.2,0.02,1759343174.805724
0.19,0.2,0.02,1759343174.808376
0.2,0.2,0.02,1759343174.810979
0.2,0.2,0.02,1759343174.8141537
0.21,0.19,0.02,1759343174.8170898
0.22,0.19,0.02,1759343174.8202834
0.23,0.19,0.02,1759343174.8235838
0.24,0.19,0.02,1759343174.8267815
0.24,0.19,0.02,1759343174.8301418
0.25,0.19,0.02,1759343174.8340251
0.26,0.19,0.02,1759343174.837852
0.27,0.19,0.02,1759343174.8419893
0.28,0.19,0.02,1759343174.8445797
0.28,0.19,0.02,1759343174.848593
0.29,0.19,0.02,1759343174.8513863
0.3,0.19,0.02,1759343174.8549428
0.31,0.19,0.02,1759343174.8581398
0.31,0.19,0.02,1759343174.8608105
0.32,0.19,0.02,1759343174.8648071
0.33,0.18,0.02,1759343174.86792
0.33,0.18,0.02,1759343174.8710368
0.34,0.18,0.02,1759343174.8743565
0.34,0.18,0.02,1759343174.878961
0.35,0.18,0.02,1759343174.8823905
0.36,0.18,0.02,1759343174.8856924
0.36,0.18,0.02,1759343174.8881464
0.37,0.18,0.02,1759343174.891635
0.37,0.17,0.02,1759343174.894132
0.38,0.17,0.02,1759343174.8978374
0.38,0.17,0.02,1759343174.9000616
0.39,0.17,0.02,1759343174.9031842
0.39,0.17,0.01,1759343174.9056275
0.39,0.17,0.01,1759343174.9079547
0.4,0.17,0.01,1759343174.9099612
0.4,0.16,0.01,1759343174.9118464
0.4,0.16,0.01,1759343174.9144883
0.41,0.16,0.01,1759343174.916466
0.41,0.16,0.01,1759343174.9182365
0.41,0.16,0.01,1759343174.9207673
0.41,0.16,0.0,1759343174.922546
0.42,0.15,0.0,1759343174.9248505
0.42,0.15,0.0,1759343174.9269557
0.42,0.15,0.0,1759343174.9290123
0.42,0.15,-0.0,1759343174.9315429
0.42,0.15,-0.0,1759343174.9341116
0.43,0.14,-0.0,1759343174.9360917
0.43,0.14,-0.01,1759343174.9383562
0.43,0.14,-0.01,1759343174.940078
0.43,0.14,-0.01,1759343174.9422264
0.43,0.14,-0.01,1759343174.9447982
0.43,0.14,-0.01,1759343174.9465315
0.43,0.13,-0.01,1759343174.949695
0.43,0.13,-0.02,1759343174.951531
0.43,0.13,-0.02,1759343174.9538574
0.43,0.13,-0.02,1759343174.9560394
0.43,0.13,-0.02,1759343174.9582517
0.43,0.13,-0.02,1759343174.9605362
0.43,0.13,-0.02,1759343174.962781
0.43,0.12,-0.02,1759343174.96682
0.43,0.12,-0.03,1759343174.9699214
0.42,0.12,-0.03,1759343174.9736266
0.42,0.12,-0.03,1759343174.9770353
0.42,0.12,-0.03,1759343174.9813037
0.42,0.12,-0.03,1759343174.9843962
0.42,0.12,-0.03,1759343174.987666
0.41,0.12,-0.04,1759343174.990115
0.41,0.12,-0.04,1759343174.9926455
0.41,0.12,-0.04,1759343174.9957414
0.4,0.12,-0.04,1759343174.9976003
0.4,0.12,-0.04,1759343175.0003023
0.4,0.12,-0.04,1759343175.0034003
0.39,0.12,-0.04,1759343175.0055387
0.39,0.12,-0.05,1759343175.008158
0.38,0.12,-0.05,1759343175.010317
0.38,0.12,-0.05,1759343175.0127878
0.37,0.12,-0.05,1759343175.0155382
0.37,0.12,-0.05,1759343175.018711
0.36,0.12,-0.05,1759343175.0215364
0.36,0.12,-0.05,1759343175.02379
0.35,0.12,-0.06,1759343175.0273635
0.35,0.12,-0.06,1759343175.0299163
0.34,0.12,-0.06,1759343175.0333822
0.33,0.12,-0.06,1759343175.0365934
0.33,0.12,-0.06,1759343175.0391724
0.32,0.12,-0.06,1759343175.0415618
0.31,0.12,-0.06,1759343175.0446792
0.31,0.12,-0.07,1759343175.0471623
0.3,0.12,-0.07,1759343175.0491848
0.29,0.12,-0.07,1759343175.0518367
0.28,0.12,-0.07,1759343175.0540566
0.28,0.12,-0.07,1759343175.056246
0.27,0.12,-0.07,1759343175.059002
0.26,0.13,-0.08,1759343175.0610874
0.25,0.13,-0.08,1759343175.0638452
0.24,0.13,-0.08,1759343175.0676615
0.24,0.13,-0.08,1759343175.0714264
0.23,0.13,-0.08,1759343175.0746932
0.22,0.13,-0.08,1759343175.076582
0.21,0.13,-0.09,1759343175.0814345
0.2,0.14,-0.09,1759343175.0851688
0.2,0.14,-0.09,1759343175.0881171
0.19,0.14,-0.09,1759343175.091368
0.18,0.14,-0.09,1759343175.0944643
0.17,0.14,-0.09,1759343175.096628
0.16,0.14,-0.1,1759343175.101073
0.15,0.14,-0.1,1759343175.1038897
0.14,0.15,-0.1,1759343175.1059868
0.14,0.15,-0.1,1759343175.1079772
0.13,0.15,-0.1,1759343175.1109023
0.12,0.15,-0.1,1759343175.1132112
0.11,0.15,-0.11,1759343175.117504
0.1,0.15,-0.11,1759343175.11938
0.1,0.15,-0.11,1759343175.121196
0.09,0.15,-0.11,1759343175.1231134
0.08,0.16,-0.11,1759343175.1295042
0.07,0.16,-0.11,1759343175.131423
0.07,0.16,-0.12,1759343175.1333177
0.06,0.16,-0.12,1759343175.1372764
0.05,0.16,-0.12,1759343175.1398368
0.04,0.16,-0.12,1759343175.144134
0.04,0.16,-0.12,1759343175.146191
0.03,0.16,-0.12,1759343175.1481185
0.02,0.16,-0.13,1759343175.1518912
0.02,0.16,-0.13,1759343175.1550448
0.01,0.16,-0.13,1759343175.1573722
0.01,0.16,-0.13,1759343175.15951
0.0,0.16,-0.13,1759343175.1613147
-0.01,0.16,-0.13,1759343175.1633556
-0.01,0.16,-0.13,1759343175.1657376
-0.02,0.16,-0.14,1759343175.1708734
-0.02,0.16,-0.14,1759343175.1742976
-0.03,0.16,-0.14,1759343175.1781569
-0.03,0.16,-0.14,1759343175.1825705
-0.04,0.16,-0.14,1759343175.185346
-0.04,0.16,-0.14,1759343175.1903925
-0.04,0.16,-0.14,1759343175.1937263
-0.05,0.16,-0.14,1759343175.19836
-0.05,0.16,-0.15,1759343175.2013934
-0.05,0.16,-0.15,1759343175.2049825
-0.06,0.16,-0.15,1759343175.2082443
-0.06,0.16,-0.15,1759343175.2110047
-0.06,0.16,-0.15,1759343175.213805
-0.06,0.16,-0.15,1759343175.21709
-0.06,0.16,-0.15,1759343175.2196236
-0.06,0.16,-0.15,1759343175.2225046
-0.07,0.16,-0.15,1759343175.2244682
-0.07,0.16,-0.15,1759343175.2292564
-0.07,0.15,-0.15,1759343175.2346804
-0.07,0.15,-0.16,1759343175.2380517
-0.07,0.15,-0.16,1759343175.2430267
-0.07,0.15,-0.16,1759343175.247507
-0.07,0.15,-0.16,1759343175.2513628
-0.07,0.15,-0.16,1759343175.2536752
-0.07,0.15,-0.16,1759343175.2556674
-0.07,0.15,-0.16,1759343175.2577908
-0.07,0.15,-0.16,1759343175.260852
-0.07,0.15,-0.16,1759343175.265777
-0.07,0.15,-0.16,1759343175.2685966
-0.07,0.14,-0.16,1759343175.2719936
-0.07,0.14,-0.16,1759343175.2747288
-0.07,0.14,-0.16,1759343175.2779317
-0.07,0.14,-0.16,1759343175.2805743
-0.07,0.14,-0.16,1759343175.2835245
-0.07,0.14,-0.16,1759343175.2861085
-0.07,0.14,-0.16,1759343175.2884953
-0.07,0.14,-0.17,1759343175.290963
-0.07,0.14,-0.17,1759343175.2934146
-0.07,0.14,-0.17,1759343175.2956312
-0.07,0.14,-0.17,1759343175.2979894
-0.07,0.14,-0.17,1759343175.3006418
-0.07,0.14,-0.17,1759343175.3035803
-0.06,0.13,-0.17,1759343175.3058603
-0.06,0.13,-0.17,1759343175.3086033
-0.06,0.13,-0.17,1759343175.311277
-0.06,0.13,-0.17,1759343175.3137374
-0.06,0.13,-0.17,1759343175.3164508
-0.06,0.13,-0.17,1759343175.3197303
-0.06,0.13,-0.17,1759343175.322921
-0.06,0.13,-0.17,1759343175.3270953
-0.06,0.13,-0.17,1759343175.3301685
-0.06,0.13,-0.17,1759343175.3338764
-0.05,0.13,-0.17,1759343175.3363369
-0.05,0.13,-0.17,1759343175.3386114
-0.05,0.13,-0.17,1759343175.340619
-0.05,0.13,-0.17,1759343175.3438404
-0.05,0.13,-0.17,1759343175.3470895
-0.05,0.13,-0.17,1759343175.34962
-0.05,0.13,-0.17,1759343175.3523548
-0.05,0.13,-0.17,1759343175.3560526
-0.05,0.13,-0.17,1759343175.358785
-0.04,0.13,-0.17,1759343175.3634582
-0.04,0.12,-0.17,1759343175.3667138
-0.04,0.12,-0.17,1759343175.3710148
-0.04,0.12,-0.17,1759343175.3739092
-0.04,0.12,-0.17,1759343175.3774636
-0.04,0.12,-0.17,1759343175.380603
-0.04,0.12,-0.17,1759343175.3841195
-0.04,0.12,-0.17,1759343175.3861997
-0.04,0.12,-0.17,1759343175.3881588
-0.04,0.12,-0.17,1759343175.3904393
-0.03,0.12,-0.17,1759343175.393801
-0.03,0.12,-0.17,1759343175.3957005
-0.03,0.12,-0.17,1759343175.3980489
-0.03,0.12,-0.17,1759343175.4002256
-0.03,0.12,-0.17,1759343175.403324
-0.03,0.12,-0.17,1759343175.4060023
-0.03,0.12,-0.17,1759343175.4081252
-0.03,0.12,-0.17,1759343175.4109707
-0.03,0.12,-0.17,1759343175.4136438
-0.03,0.12,-0.17,1759343175.4157505
-0.03,0.12,-0.17,1759343175.4181552
-0.03,0.12,-0.17,1759343175.420843
-0.02,0.12,-0.17,1759343175.4231896
-0.02,0.12,-0.17,1759343175.4252226
-0.02,0.12,-0.17,1759343175.428771
-0.02,0.12,-0.17,1759343175.432598
-0.02,0.12,-0.17,1759343175.4347231
-0.02,0.12,-0.17,1759343175.4374764
-0.02,0.12,-0.17,1759343175.4398594
-0.02,0.12,-0.17,1759343175.4420366
-0.02,0.12,-0.17,1759343175.445776
-0.02,0.12,-0.17,1759343175.447816
-0.02,0.12,-0.17,1759343175.4497404
-0.02,0.12,-0.17,1759343175.4533155
-0.02,0.12,-0.17,1759343175.4567163
-0.02,0.12,-0.17,1759343175.4594777
-0.02,0.12,-0.17,1759343175.4624014
-0.02,0.12,-0.17,1759343175.4649165
-0.02,0.12,-0.17,1759343175.4674106
-0.02,0.12,-0.17,1759343175.4704657
-0.02,0.12,-0.17,1759343175.47296
-0.02,0.11,-0.17,1759343175.4756176
-0.02,0.11,-0.17,1759343175.4777503
-0.02,0.11,-0.17,1759343175.4802675
-0.02,0.11,-0.17,1759343175.4827611
-0.02,0.11,-0.17,1759343175.4849646
-0.02,0.11,-0.17,1759343175.48703
-0.02,0.11,-0.17,1759343175.490955
-0.02,0.11,-0.17,1759343175.493199
-0.02,0.11,-0.17,1759343175.4954484
-0.02,0.11,-0.17,1759343175.4980383
-0.02,0.11,-0.16,1759343175.501326
-0.02,0.11,-0.16,1759343175.5037513
-0.02,0.11,-0.16,1759343175.506695
-0.01,0.11,-0.16,1759343175.5088928
-0.01,0.11,-0.16,1759343175.51134
-0.01,0.11,-0.16,1759343175.514148
-0.01,0.11,-0.16,1759343175.5160878
-0.01,0.11,-0.16,1759343175.5190752
-0.01,0.11,-0.16,1759343175.5216408
-0.01,0.11,-0.16,1759343175.5236225
-0.01,0.11,-0.16,1759343175.5267112
-0.01,0.11,-0.15,1759343175.5286856
-0.01,0.11,-0.15,1759343175.53351
-0.01,0.11,-0.15,1759343175.5358338
-0.01,0.11,-0.15,1759343175.5377162
-0.01,0.11,-0.15,1759343175.5401835
-0.01,0.11,-0.15,1759343175.5443888
-0.01,0.11,-0.15,1759343175.5474362
-0.01,0.11,-0.15,1759343175.5535295
-0.0,0.11,-0.14,1759343175.55564
-0.0,0.11,-0.14,1759343175.55756
-0.0,0.11,-0.14,1759343175.5595443
0.0,0.11,-0.14,1759343175.5617588
0.0,0.11,-0.14,1759343175.5705898
0.01,0.11,-0.14,1759343175.5787604
0.01,0.11,-0.13,1759343175.5826898
0.01,0.12,-0.13,1759343175.5855114
0.02,0.12,-0.13,1759343175.5889752
0.02,0.12,-0.13,1759343175.5954273
0.03,0.12,-0.13,1759343175.6013887
0.03,0.12,-0.12,1759343175.6043236
0.04,0.12,-0.12,1759343175.6085844
0.04,0.12,-0.12,1759343175.6134262
0.05,0.13,-0.12,1759343175.616402
0.06,0.13,-0.11,1759343175.6189318
0.07,0.13,-0.11,1759343175.6244056
0.07,0.13,-0.11,1759343175.6277618
0.08,0.13,-0.11,1759343175.6323893
0.09,0.13,-0.1,1759343175.636241
0.1,0.14,-0.1,1759343175.6416943
0.11,0.14,-0.1,1759343175.6452796
0.12,0.14,-0.1,1759343175.649018
0.13,0.14,-0.1,1759343175.652807
0.14,0.14,-0.09,1759343175.6549563
0.15,0.14,-0.09,1759343175.6569026
0.16,0.14,-0.09,1759343175.658799
0.17,0.14,-0.09,1759343175.6656995
0.18,0.14,-0.09,1759343175.6696916
0.19,0.14,-0.09,1759343175.6745243
0.2,0.14,-0.08,1759343175.6797578
0.21,0.14,-0.08,1759343175.6846862
0.22,0.14,-0.08,1759343175.6890898
0.23,0.14,-0.08,1759343175.6932423
0.24,0.14,-0.08,1759343175.6986835
0.25,0.14,-0.08,1759343175.7041647
0.26,0.13,-0.08,1759343175.709847
0.27,0.13,-0.08,1759343175.7144458
0.28,0.13,-0.08,1759343175.7198355
0.28,0.13,-0.08,1759343175.7240355
0.29,0.13,-0.08,1759343175.7300391
0.3,0.12,-0.08,1759343175.7337162
0.3,0.12,-0.09,1759343175.738633
0.31,0.12,-0.09,1759343175.745213
0.31,0.12,-0.09,1759343175.748883
0.32,0.11,-0.09,1759343175.7538662
0.32,0.11,-0.09,1759343175.759665
0.33,0.11,-0.1,1759343175.7639582
0.33,0.11,-0.1,1759343175.7706635
0.33,0.11,-0.1,1759343175.7760394
0.34,0.1,-0.11,1759343175.7815905
0.34,0.1,-0.11,1759343175.7877717
0.34,0.1,-0.11,1759343175.7929728
0.34,0.1,-0.11,1759343175.797524
0.34,0.1,-0.12,1759343175.8024194
0.34,0.1,-0.12,1759343175.805629
0.34,0.1,-0.12,1759343175.8103805
0.34,0.1,-0.12,1759343175.8126793
0.34,0.1,-0.13,1759343175.8148885
0.34,0.09,-0.13,1759343175.8194628
0.34,0.09,-0.13,1759343175.8261185
0.34,0.09,-0.13,1759343175.830382
0.34,0.09,-0.13,1759343175.833324
0.33,0.09,-0.14,1759343175.83515
0.33,0.09,-0.14,1759343175.841725
0.33,0.09,-0.14,1759343175.845195
0.33,0.09,-0.14,1759343175.8469603
0.33,0.09,-0.14,1759343175.8500772
0.32,0.09,-0.14,1759343175.8521862
0.32,0.09,-0.14,1759343175.8544154
0.32,0.09,-0.15,1759343175.8575175
0.31,0.09,-0.15,1759343175.8592966
0.31,0.09,-0.15,1759343175.8665628
0.31,0.09,-0.15,1759343175.8685532
0.3,0.09,-0.15,1759343175.8704214
0.3,0.09,-0.15,1759343175.8729565
0.3,0.09,-0.15,1759343175.8757775
0.29,0.09,-0.15,1759343175.8777552
0.29,0.09,-0.15,1759343175.8799784
0.28,0.09,-0.15,1759343175.8823702
0.28,0.09,-0.15,1759343175.884725
0.27,0.09,-0.15,1759343175.8923512
0.27,0.09,-0.15,1759343175.8942754
0.26,0.09,-0.15,1759343175.8972092
0.26,0.09,-0.15,1759343175.899059
0.25,0.09,-0.15,1759343175.9010954
0.25,0.09,-0.15,1759343175.908511
0.24,0.09,-0.15,1759343175.9105058
0.23,0.1,-0.15,1759343175.9124196
0.23,0.1,-0.15,1759343175.914503
0.22,0.1,-0.15,1759343175.916977
0.22,0.1,-0.15,1759343175.9241903
0.21,0.1,-0.15,1759343175.9259348
0.2,0.1,-0.15,1759343175.9281635
0.2,0.1,-0.15,1759343175.9307303
0.19,0.1,-0.15,1759343175.933046
0.18,0.1,-0.15,1759343175.935572
0.17,0.11,-0.15,1759343175.9384162
0.17,0.11,-0.15,1759343175.9411843
0.16,0.11,-0.15,1759343175.9491508
0.15,0.11,-0.15,1759343175.9525058
0.15,0.11,-0.15,1759343175.956226
0.14,0.11,-0.15,1759343175.95963
0.13,0.12,-0.15,1759343175.9668314
0.12,0.12,-0.15,1759343175.969433
0.12,0.12,-0.15,1759343175.974138
0.11,0.12,-0.15,1759343175.9793017
0.1,0.12,-0.15,1759343175.9837933
0.09,0.13,-0.15,1759343175.9865098
0.08,0.13,-0.15,1759343175.9891608
0.08,0.13,-0.15,1759343175.9917665
0.07,0.13,-0.15,1759343175.994477
0.06,0.13,-0.15,1759343175.9975152
0.06,0.13,-0.15,1759343176.0044837
0.05,0.14,-0.15,1759343176.007149
0.04,0.14,-0.15,1759343176.0098083
0.03,0.14,-0.15,1759343176.0171049
0.03,0.14,-0.15,1759343176.0197103
0.02,0.14,-0.15,1759343176.0223663
0.01,0.14,-0.15,1759343176.0252683
0.01,0.15,-0.15,1759343176.0281155
0.0,0.15,-0.15,1759343176.0334466
-0.0,0.15,-0.15,1759343176.0392013
-0.01,0.15,-0.15,1759343176.0420449
-0.01,0.15,-0.15,1759343176.0449216
-0.02,0.15,-0.15,1759343176.0475678
-0.02,0.15,-0.15,1759343176.0538216
-0.03,0.15,-0.15,1759343176.0584629
-0.03,0.16,-0.15,1759343176.0631657
-0.04,0.16,-0.15,1759343176.069959
-0.04,0.16,-0.15,1759343176.0741882
-0.05,0.16,-0.15,1759343176.0775084
-0.05,0.16,-0.15,1759343176.0793242
-0.05,0.16,-0.15,1759343176.0820792
-0.06,0.16,-0.15,1759343176.0847616
-0.06,0.16,-0.15,1759343176.086955
-0.06,0.16,-0.15,1759343176.0892766
-0.07,0.16,-0.16,1759343176.0917122
-0.07,0.17,-0.16,1759343176.0936854
-0.07,0.17,-0.16,1759343176.0953774
-0.08,0.17,-0.16,1759343176.0971315
-0.08,0.17,-0.16,1759343176.099203
-0.08,0.17,-0.16,1759343176.1013856
-0.09,0.17,-0.16,1759343176.1036575
-0.09,0.17,-0.16,1759343176.106775
-0.09,0.17,-0.16,1759343176.1110904
-0.09,0.17,-0.16,1759343176.1153116
-0.1,0.17,-0.16,1759343176.1192622
-0.1,0.17,-0.16,1759343176.1230538
-0.1,0.17,-0.16,1759343176.1271896
-0.1,0.17,-0.17,1759343176.1300802
-0.1,0.17,-0.17,1759343176.133248
-0.1,0.17,-0.17,1759343176.136406
-0.1,0.17,-0.17,1759343176.1390166
-0.1,0.17,-0.17,1759343176.1441798
-0.1,0.17,-0.17,1759343176.147766
-0.1,0.17,-0.17,1759343176.1505458
-0.1,0.17,-0.17,1759343176.1538615
-0.1,0.17,-0.17,1759343176.1570132
-0.1,0.17,-0.18,1759343176.159712
-0.1,0.17,-0.18,1759343176.162357
-0.1,0.17,-0.18,1759343176.1649528
-0.1,0.17,-0.18,1759343176.1672711
-0.1,0.17,-0.18,1759343176.1689184
-0.1,0.17,-0.18,1759343176.171904
-0.1,0.17,-0.18,1759343176.1750176
-0.1,0.17,-0.18,1759343176.177291
-0.1,0.17,-0.18,1759343176.1807928
-0.1,0.16,-0.18,1759343176.1835656
-0.1,0.16,-0.19,1759343176.1853511
-0.09,0.16,-0.19,1759343176.1880436
-0.09,0.16,-0.19,1759343176.19003
-0.09,0.16,-0.19,1759343176.1925514
-0.09,0.16,-0.19,1759343176.196022
-0.09,0.16,-0.19,1759343176.1984646
-0.09,0.16,-0.19,1759343176.2016854
-0.09,0.15,-0.19,1759343176.2048488
-0.08,0.15,-0.19,1759343176.207159
-0.08,0.15,-0.19,1759343176.2096388
-0.08,0.15,-0.19,1759343176.2123258
-0.08,0.15,-0.2,1759343176.2147045
-0.08,0.15,-0.2,1759343176.2173405
-0.07,0.15,-0.2,1759343176.2196038
-0.07,0.14,-0.2,1759343176.2223682
-0.07,0.14,-0.2,1759343176.2243276
-0.07,0.14,-0.2,1759343176.2260003
-0.07,0.14,-0.2,1759343176.2276535
-0.07,0.14,-0.2,1759343176.230142
-0.06,0.14,-0.2,1759343176.2319567
-0.06,0.14,-0.2,1759343176.234532
-0.06,0.13,-0.2,1759343176.2362964
-0.06,0.13,-0.2,1759343176.2390814
-0.06,0.13,-0.2,1759343176.2412686
-0.06,0.13,-0.2,1759343176.243384
-0.06,0.13,-0.2,1759343176.2450404
-0.05,0.13,-0.2,1759343176.2466636
-0.05,0.13,-0.21,1759343176.2495422
-0.05,0.12,-0.21,1759343176.2522116
-0.05,0.12,-0.21,1759343176.25498
-0.05,0.12,-0.21,1759343176.2571678
-0.05,0.12,-0.21,1759343176.2596536
-0.04,0.12,-0.21,1759343176.2618575
-0.04,0.12,-0.21,1759343176.2645297
-0.04,0.12,-0.21,1759343176.266467
-0.04,0.12,-0.21,1759343176.2689512
-0.04,0.12,-0.21,1759343176.2711277
-0.04,0.12,-0.21,1759343176.2729545
-0.03,0.11,-0.21,1759343176.2748785
-0.03,0.11,-0.21,1759343176.276744
-0.03,0.11,-0.21,1759343176.2784982
-0.03,0.11,-0.21,1759343176.2810204
-0.03,0.11,-0.21,1759343176.2834373
-0.03,0.11,-0.21,1759343176.2852852
-0.03,0.11,-0.21,1759343176.2871954
-0.02,0.11,-0.21,1759343176.2903404
-0.02,0.11,-0.21,1759343176.2925904
-0.02,0.11,-0.21,1759343176.2945938
-0.02,0.11,-0.21,1759343176.2972844
-0.02,0.11,-0.21,1759343176.2997954
-0.02,0.11,-0.21,1759343176.302234
-0.02,0.11,-0.21,1759343176.304555
-0.02,0.11,-0.21,1759343176.307659
-0.02,0.11,-0.21,1759343176.3099997
-0.01,0.1,-0.21,1759343176.3128111
-0.01,0.1,-0.21,1759343176.3150892
-0.01,0.1,-0.21,1759343176.3175454
-0.01,0.1,-0.21,1759343176.319328
-0.01,0.1,-0.21,1759343176.322423
-0.01,0.1,-0.21,1759343176.325008
-0.01,0.1,-0.21,1759343176.3278077
-0.01,0.1,-0.21,1759343176.3300583
-0.01,0.1,-0.21,1759343176.3325546
-0.01,0.1,-0.21,1759343176.3347762
-0.01,0.1,-0.21,1759343176.3371143
-0.0,0.1,-0.21,1759343176.3399613
-0.0,0.1,-0.21,1759343176.3427272
-0.0,0.1,-0.21,1759343176.3450112
-0.0,0.1,-0.21,1759343176.347431
-0.0,0.1,-0.21,1759343176.3498812
-0.0,0.1,-0.21,1759343176.352284
-0.0,0.1,-0.21,1759343176.3543384
0.0,0.1,-0.21,1759343176.3575284
0.0,0.1,-0.21,1759343176.359711
0.0,0.1,-0.21,1759343176.3620691
0.0,0.1,-0.21,1759343176.3637717
0.0,0.1,-0.21,1759343176.3659663
0.0,0.1,-0.21,1759343176.3680308
0.0,0.1,-0.21,1759343176.371852
0.0,0.1,-0.21,1759343176.3738797
0.01,0.1,-0.21,1759343176.3755832
0.01,0.1,-0.21,1759343176.3780074
0.01,0.1,-0.21,1759343176.3797083
0.01,0.1,-0.2,1759343176.382106
0.01,0.09,-0.2,1759343176.384385
0.01,0.09,-0.2,1759343176.386017
0.01,0.09,-0.2,1759343176.3876293
0.01,0.09,-0.2,1759343176.3896458
0.01,0.09,-0.2,1759343176.391238
0.01,0.09,-0.2,1759343176.3944218
0.01,0.09,-0.2,1759343176.3968604
0.01,0.09,-0.2,1759343176.399514
0.01,0.09,-0.2,1759343176.4028578
0.01,0.09,-0.2,1759343176.4058812
0.01,0.09,-0.2,1759343176.411017
0.01,0.09,-0.2,1759343176.414986
0.01,0.08,-0.2,1759343176.4177616
0.02,0.08,-0.2,1759343176.4209857
0.02,0.08,-0.2,1759343176.4242845
0.02,0.08,-0.2,1759343176.4277668
0.02,0.08,-0.2,1759343176.430824
0.02,0.08,-0.2,1759343176.4342678
0.02,0.08,-0.2,1759343176.4364786
0.02,0.07,-0.2,1759343176.438336
0.02,0.07,-0.2,1759343176.4400868
0.01,0.07,-0.2,1759343176.4445302
0.01,0.07,-0.2,1759343176.4485755
0.01,0.07,-0.2,1759343176.4524424
0.01,0.06,-0.2,1759343176.4561026
0.01,0.06,-0.2,1759343176.459679
0.01,0.06,-0.2,1759343176.4642136
0.01,0.06,-0.21,1759343176.4660442
0.01,0.06,-0.21,1759343176.4692743
0.0,0.05,-0.21,1759343176.474859
-0.0,0.05,-0.21,1759343176.481096
-0.0,0.05,-0.21,1759343176.4844053
-0.01,0.05,-0.21,1759343176.4864576
-0.01,0.04,-0.21,1759343176.490581
-0.02,0.04,-0.21,1759343176.4940925
-0.02,0.04,-0.21,1759343176.4966352
-0.03,0.04,-0.22,1759343176.499516
-0.03,0.04,-0.22,1759343176.5033407
-0.04,0.03,-0.22,1759343176.5057876
-0.04,0.03,-0.22,1759343176.5089262
-0.05,0.03,-0.22,1759343176.512046
-0.06,0.03,-0.23,1759343176.5155249
-0.06,0.03,-0.23,1759343176.519302
-0.07,0.02,-0.23,1759343176.5254471
-0.08,0.02,-0.23,1759343176.5291302
-0.08,0.02,-0.23,1759343176.5316875
-0.09,0.02,-0.24,1759343176.5358694
-0.1,0.02,-0.24,1759343176.5415657
-0.11,0.02,-0.24,1759343176.5475285
-0.12,0.02,-0.24,1759343176.5525296
-0.13,0.02,-0.24,1759343176.5563126
-0.14,0.02,-0.25,1759343176.5619204
-0.15,0.02,-0.25,1759343176.564777
-0.16,0.02,-0.25,1759343176.5685537
-0.17,0.02,-0.25,1759343176.5735598
-0.18,0.02,-0.26,1759343176.5772803
-0.19,0.02,-0.26,1759343176.5813096
-0.2,0.02,-0.26,1759343176.5845325
-0.21,0.02,-0.26,1759343176.5892315
-0.22,0.02,-0.26,1759343176.591864
-0.23,0.02,-0.27,1759343176.5947137
-0.24,0.02,-0.27,1759343176.5967023
-0.25,0.02,-0.27,1759343176.5989048
-0.26,0.02,-0.27,1759343176.6019895
-0.27,0.02,-0.27,1759343176.6064854
-0.28,0.02,-0.27,1759343176.6090798
-0.29,0.02,-0.28,1759343176.6127596
-0.3,0.02,-0.28,1759343176.6156738
-0.31,0.02,-0.28,1759343176.6187518
-0.32,0.02,-0.28,1759343176.6224997
-0.33,0.02,-0.28,1759343176.6269653
-0.34,0.02,-0.28,1759343176.629392
-0.35,0.03,-0.28,1759343176.6339846
-0.36,0.03,-0.29,1759343176.6363237
-0.37,0.03,-0.29,1759343176.638971
-0.38,0.03,-0.29,1759343176.6418498
-0.39,0.03,-0.29,1759343176.6445112
-0.4,0.03,-0.29,1759343176.64692
-0.41,0.03,-0.29,1759343176.649689
-0.41,0.03,-0.29,1759343176.6520927
-0.42,0.04,-0.3,1759343176.654471
-0.43,0.04,-0.3,1759343176.6571977
-0.44,0.04,-0.3,1759343176.660003
-0.44,0.04,-0.3,1759343176.663448
-0.45,0.04,-0.3,1759343176.6665409
-0.46,0.05,-0.3,1759343176.6692498
-0.46,0.05,-0.3,1759343176.673048
-0.47,0.05,-0.31,1759343176.6766386
-0.48,0.05,-0.31,1759343176.6817048
-0.48,0.06,-0.31,1759343176.6848252
-0.49,0.06,-0.31,1759343176.6880124
-0.5,0.06,-0.31,1759343176.6916337
-0.5,0.06,-0.31,1759343176.696561
-0.51,0.07,-0.31,1759343176.6998613
-0.51,0.07,-0.31,1759343176.702603
-0.52,0.07,-0.32,1759343176.7047884
-0.52,0.07,-0.32,1759343176.7074754
-0.53,0.08,-0.32,1759343176.7100987
-0.53,0.08,-0.32,1759343176.7135172
-0.54,0.08,-0.32,1759343176.7158291
-0.54,0.09,-0.32,1759343176.71849
-0.55,0.09,-0.32,1759343176.721177
-0.55,0.09,-0.32,1759343176.7234914
-0.55,0.09,-0.33,1759343176.7271245
-0.56,0.1,-0.33,1759343176.731748
-0.56,0.1,-0.33,1759343176.734484
-0.56,0.1,-0.33,1759343176.7372117
-0.57,0.1,-0.33,1759343176.7392657
-0.57,0.11,-0.33,1759343176.7415617
-0.57,0.11,-0.33,1759343176.743926
-0.57,0.11,-0.33,1759343176.7465577
-0.57,0.11,-0.33,1759343176.7500012
-0.58,0.11,-0.34,1759343176.7532704
-0.58,0.11,-0.34,1759343176.7564466
-0.58,0.12,-0.34,1759343176.7598176
-0.58,0.12,-0.34,1759343176.7624714
-0.58,0.12,-0.34,1759343176.7656806
-0.58,0.12,-0.34,1759343176.7680953
-0.58,0.12,-0.34,1759343176.7706437
-0.58,0.12,-0.34,1759343176.7737527
-0.57,0.12,-0.34,1759343176.7765002
-0.57,0.12,-0.34,1759343176.7788384
-0.57,0.12,-0.34,1759343176.7832098
-0.57,0.12,-0.34,1759343176.7853725
-0.57,0.12,-0.34,1759343176.7880154
-0.57,0.12,-0.34,1759343176.7910748
-0.56,0.12,-0.34,1759343176.7938082
-0.56,0.12,-0.34,1759343176.7961917
-0.56,0.12,-0.34,1759343176.7987485
-0.56,0.12,-0.34,1759343176.8008263
-0.55,0.12,-0.34,1759343176.803661
-0.55,0.12,-0.34,1759343176.80632
-0.55,0.12,-0.34,1759343176.8086517
-0.55,0.12,-0.34,1759343176.8112774
-0.54,0.12,-0.34,1759343176.814318
-0.54,0.12,-0.34,1759343176.8166497
-0.54,0.12,-0.34,1759343176.8189738
-0.54,0.12,-0.34,1759343176.8212883
-0.53,0.12,-0.34,1759343176.823835
-0.53,0.12,-0.34,1759343176.826177
-0.53,0.12,-0.34,1759343176.8291042
-0.53,0.12,-0.34,1759343176.8310432
-0.52,0.12,-0.34,1759343176.83416
-0.52,0.12,-0.34,1759343176.8369234
-0.51,0.12,-0.34,1759343176.8392627
-0.51,0.12,-0.33,1759343176.842276
-0.51,0.12,-0.33,1759343176.8448782
-0.5,0.12,-0.33,1759343176.8469548
-0.5,0.12,-0.33,1759343176.8497272
-0.5,0.12,-0.33,1759343176.8534052
-0.49,0.12,-0.33,1759343176.856954
-0.49,0.12,-0.33,1759343176.8596077
-0.49,0.12,-0.33,1759343176.862045
-0.48,0.12,-0.33,1759343176.865487
-0.48,0.12,-0.33,1759343176.8702433
-0.47,0.12,-0.33,1759343176.8736308
-0.47,0.12,-0.33,1759343176.8772883
-0.46,0.12,-0.32,1759343176.8798294
-0.46,0.12,-0.32,1759343176.882509
-0.45,0.12,-0.32,1759343176.887804
-0.44,0.12,-0.32,1759343176.891604
-0.44,0.12,-0.32,1759343176.894822
-0.43,0.12,-0.32,1759343176.8974943
-0.43,0.12,-0.32,1759343176.9001553
-0.42,0.12,-0.31,1759343176.9047408
-0.41,0.11,-0.31,1759343176.910138
-0.41,0.11,-0.31,1759343176.913266
-0.4,0.11,-0.31,1759343176.9167104
-0.39,0.11,-0.31,1759343176.9201696
-0.39,0.11,-0.3,1759343176.9228818
-0.38,0.11,-0.3,1759343176.925449
-0.37,0.11,-0.3,1759343176.927919
-0.36,0.1,-0.3,1759343176.9307923
-0.36,0.1,-0.3,1759343176.9338455
-0.35,0.1,-0.3,1759343176.9376287
-0.34,0.1,-0.29,1759343176.940833
-0.33,0.1,-0.29,1759343176.944349
-0.33,0.1,-0.29,1759343176.9466898
-0.32,0.1,-0.29,1759343176.9509065
-0.31,0.09,-0.29,1759343176.9533715
-0.3,0.09,-0.28,1759343176.9570415
-0.3,0.09,-0.28,1759343176.9591703
-0.29,0.09,-0.28,1759343176.9622023
-0.28,0.09,-0.28,1759343176.9659312
-0.28,0.09,-0.28,1759343176.9690497
-0.27,0.09,-0.28,1759343176.9724343
-0.26,0.08,-0.27,1759343176.9748344
-0.26,0.08,-0.27,1759343176.9780178
-0.25,0.08,-0.27,1759343176.9823625
-0.24,0.08,-0.27,1759343176.9860244
-0.24,0.08,-0.27,1759343176.989644
-0.23,0.08,-0.27,1759343176.9922888
-0.23,0.08,-0.27,1759343176.994277
-0.22,0.08,-0.26,1759343176.9966743
-0.22,0.07,-0.26,1759343176.999719
-0.21,0.07,-0.26,1759343177.0035613
-0.21,0.07,-0.26,1759343177.006577
-0.2,0.07,-0.26,1759343177.008911
-0.2,0.07,-0.26,1759343177.0116088
-0.19,0.07,-0.26,1759343177.015134
-0.19,0.07,-0.26,1759343177.0192618
-0.18,0.07,-0.26,1759343177.023354
-0.18,0.07,-0.25,1759343177.026812
-0.18,0.07,-0.25,1759343177.02979
-0.17,0.07,-0.25,1759343177.0330355
-0.17,0.07,-0.25,1759343177.0381582
-0.17,0.07,-0.25,1759343177.0420694
-0.16,0.07,-0.25,1759343177.044411
-0.16,0.06,-0.25,1759343177.0483437
-0.16,0.06,-0.25,1759343177.0505962
-0.15,0.06,-0.25,1759343177.0529003
-0.15,0.06,-0.25,1759343177.056674
-0.15,0.06,-0.25,1759343177.0608828
-0.15,0.06,-0.25,1759343177.0649712
-0.15,0.06,-0.24,1759343177.06808
-0.15,0.06,-0.24,1759343177.073799
-0.14,0.06,-0.24,1759343177.077134
-0.14,0.06,-0.24,1759343177.0812187
-0.14,0.06,-0.24,1759343177.0859952
-0.14,0.06,-0.24,1759343177.088564
-0.14,0.06,-0.24,1759343177.091247
-0.14,0.06,-0.24,1759343177.0939915
-0.14,0.06,-0.24,1759343177.0960617
-0.14,0.06,-0.24,1759343177.0982654
-0.14,0.06,-0.24,1759343177.101132
-0.13,0.06,-0.24,1759343177.1056433
-0.13,0.06,-0.24,1759343177.1086068
-0.13,0.06,-0.24,1759343177.113301
-0.13,0.06,-0.24,1759343177.1162975
-0.13,0.06,-0.24,1759343177.1200936
-0.13,0.06,-0.24,1759343177.1242297
-0.13,0.06,-0.24,1759343177.127796
-0.13,0.06,-0.24,1759343177.1321962
-0.13,0.06,-0.24,1759343177.136665
-0.13,0.06,-0.23,1759343177.1404846
-0.13,0.06,-0.23,1759343177.144877
-0.13,0.06,-0.23,1759343177.1482909
-0.13,0.06,-0.23,1759343177.1521971
-0.13,0.06,-0.23,1759343177.1558816
-0.13,0.06,-0.23,1759343177.159825
-0.13,0.06,-0.23,1759343177.1634254
-0.13,0.06,-0.23,1759343177.1671512
-0.13,0.06,-0.23,1759343177.1706696
-0.14,0.06,-0.23,1759343177.1739805
-0.14,0.06,-0.23,1759343177.1768577
-0.14,0.06,-0.23,1759343177.1801984
-0.14,0.06,-0.23,1759343177.18342
-0.14,0.06,-0.23,1759343177.1874712
-0.14,0.06,-0.23,1759343177.19164
-0.14,0.06,-0.23,1759343177.19523
-0.14,0.06,-0.23,1759343177.1972506
-0.14,0.06,-0.22,1759343177.19968
-0.14,0.06,-0.22,1759343177.201937
-0.14,0.06,-0.22,1759343177.2039468
-0.14,0.06,-0.22,1759343177.2066755
-0.14,0.06,-0.22,1759343177.2127318
-0.14,0.06,-0.22,1759343177.2164457
-0.14,0.06,-0.22,1759343177.2198403
-0.14,0.07,-0.22,1759343177.2237542
-0.14,0.07,-0.22,1759343177.227348
-0.14,0.07,-0.22,1759343177.230894
-0.14,0.07,-0.22,1759343177.2341008
-0.14,0.07,-0.22,1759343177.2365818
-0.14,0.07,-0.22,1759343177.2394311
-0.14,0.07,-0.22,1759343177.242166
-0.14,0.07,-0.22,1759343177.2450178
-0.15,0.07,-0.21,1759343177.2482274
-0.15,0.07,-0.21,1759343177.250641
-0.15,0.07,-0.21,1759343177.252705
-0.15,0.07,-0.21,1759343177.254697
-0.15,0.07,-0.21,1759343177.256641
-0.15,0.07,-0.21,1759343177.2586863
-0.15,0.07,-0.21,1759343177.2610335
-0.15,0.07,-0.21,1759343177.2630312
-0.15,0.07,-0.21,1759343177.2652535
-0.15,0.07,-0.21,1759343177.2672873
-0.15,0.07,-0.21,1759343177.2692635
-0.15,0.07,-0.21,1759343177.2711954
-0.15,0.07,-0.21,1759343177.273307
-0.15,0.07,-0.21,1759343177.275277
-0.15,0.07,-0.21,1759343177.2772317
-0.15,0.07,-0.21,1759343177.2791898
-0.15,0.07,-0.21,1759343177.281224
-0.15,0.07,-0.21,1759343177.2834694
-0.15,0.07,-0.21,1759343177.2856264
-0.15,0.07,-0.21,1759343177.2893186
-0.15,0.07,-0.21,1759343177.29232
-0.15,0.07,-0.21,1759343177.294413
-0.15,0.07,-0.21,1759343177.296946
-0.15,0.07,-0.21,1759343177.2988482
-0.15,0.07,-0.21,1759343177.300817
-0.15,0.07,-0.21,1759343177.3027515
-0.15,0.07,-0.21,1759343177.3047104
-0.15,0.07,-0.21,1759343177.3066618
-0.15,0.07,-0.21,1759343177.3085165
-0.16,0.07,-0.21,1759343177.3104515
-0.16,0.07,-0.21,1759343177.3123512
-0.16,0.07,-0.21,1759343177.31438
-0.16,0.07,-0.21,1759343177.316407
-0.16,0.07,-0.21,1759343177.3183036
-0.16,0.07,-0.21,1759343177.3201995
-0.16,0.07,-0.21,1759343177.3220646
-0.16,0.07,-0.21,1759343177.324099
-0.16,0.07,-0.21,1759343177.326271
-0.16,0.07,-0.21,1759343177.3281562
-0.16,0.07,-0.21,1759343177.3301103
-0.16,0.07,-0.21,1759343177.332032
-0.17,0.07,-0.21,1759343177.3339784
-0.17,0.07,-0.21,1759343177.3359308
-0.17,0.07,-0.22,1759343177.338006
-0.17,0.07,-0.22,1759343177.3399746
-0.17,0.07,-0.22,1759343177.342124
-0.17,0.07,-0.22,1759343177.344057
-0.17,0.07,-0.22,1759343177.345966
-0.17,0.06,-0.22,1759343177.347835
-0.18,0.06,-0.22,1759343177.3497562
-0.18,0.06,-0.23,1759343177.3516896
-0.18,0.06,-0.23,1759343177.3537056
-0.18,0.06,-0.23,1759343177.3556497
-0.18,0.06,-0.23,1759343177.3575957
-0.19,0.06,-0.23,1759343177.3594892
-0.19,0.06,-0.23,1759343177.3618753
-0.19,0.06,-0.24,1759343177.3644347
-0.19,0.06,-0.24,1759343177.3665593
-0.2,0.06,-0.24,1759343177.3685386
-0.2,0.06,-0.24,1759343177.3704607
-0.2,0.06,-0.24,1759343177.3723135
-0.2,0.06,-0.25,1759343177.374205
-0.21,0.06,-0.25,1759343177.3761308
-0.21,0.06,-0.25,1759343177.378069
-0.21,0.06,-0.25,1759343177.3800178
-0.22,0.06,-0.26,1759343177.3822482
-0.22,0.06,-0.26,1759343177.384103
-0.23,0.05,-0.26,1759343177.3860748
-0.23,0.05,-0.26,1759343177.3880053
-0.23,0.05,-0.27,1759343177.390532
-0.24,0.05,-0.27,1759343177.3926415
-0.24,0.05,-0.27,1759343177.3945212
-0.25,0.05,-0.27,1759343177.3967218
-0.25,0.05,-0.28,1759343177.398656
-0.26,0.05,-0.28,1759343177.4005296
-0.26,0.05,-0.28,1759343177.402728
-0.26,0.05,-0.28,1759343177.404677
-0.27,0.05,-0.29,1759343177.40653
-0.27,0.05,-0.29,1759343177.4085133
-0.28,0.05,-0.29,1759343177.410399
-0.29,0.05,-0.3,1759343177.4123597
-0.29,0.05,-0.3,1759343177.4143782
-0.3,0.05,-0.3,1759343177.4163876
-0.3,0.05,-0.3,1759343177.418337
-0.31,0.04,-0.31,1759343177.4201863
-0.31,0.05,-0.31,1759343177.4223604
-0.32,0.05,-0.31,1759343177.4243436
-0.32,0.05,-0.32,1759343177.4262097
-0.33,0.05,-0.32,1759343177.4280791
-0.34,0.05,-0.32,1759343177.429961
-0.34,0.05,-0.32,1759343177.4320133
-0.35,0.05,-0.33,1759343177.4338262
-0.36,0.05,-0.33,1759343177.4357984
-0.36,0.05,-0.33,1759343177.4377482
-0.37,0.05,-0.34,1759343177.4396243
-0.38,0.05,-0.34,1759343177.4417956
-0.38,0.05,-0.34,1759343177.4437184
-0.39,0.05,-0.34,1759343177.445824
-0.4,0.05,-0.35,1759343177.4476998
-0.4,0.05,-0.35,1759343177.4496405
-0.41,0.05,-0.35,1759343177.4516363
-0.42,0.05,-0.36,1759343177.4536304
-0.43,0.05,-0.36,1759343177.4555974
-0.44,0.05,-0.36,1759343177.457584
-0.44,0.06,-0.36,1759343177.459622
-0.45,0.06,-0.37,1759343177.4618142
-0.46,0.06,-0.37,1759343177.4636855
-0.47,0.06,-0.37,1759343177.4662957
-0.48,0.06,-0.38,1759343177.4684205
-0.49,0.07,-0.38,1759343177.470586
-0.5,0.07,-0.38,1759343177.472489
-0.51,0.07,-0.38,1759343177.47495
-0.52,0.07,-0.39,1759343177.4799435
-0.53,0.08,-0.39,1759343177.4848318
-0.54,0.08,-0.39,1759343177.4910724
-0.55,0.09,-0.4,1759343177.493751
-0.56,0.09,-0.4,1759343177.4957538
-0.57,0.1,-0.4,1759343177.4989946
-0.57,0.1,-0.41,1759343177.5008788
-0.58,0.11,-0.41,1759343177.503638
-0.59,0.11,-0.41,1759343177.5056083
-0.6,0.12,-0.42,1759343177.5075395
-0.61,0.12,-0.42,1759343177.5098407
-0.62,0.13,-0.42,1759343177.5124445
-0.62,0.13,-0.43,1759343177.5146272
-0.63,0.13,-0.43,1759343177.5165994
-0.64,0.14,-0.43,1759343177.5187118
-0.65,0.14,-0.43,1759343177.5207005
-0.66,0.15,-0.44,1759343177.5232472
-0.66,0.15,-0.44,1759343177.5253396
-0.67,0.16,-0.44,1759343177.528177
-0.68,0.16,-0.45,1759343177.532121
-0.69,0.17,-0.45,1759343177.5345786
-0.69,0.17,-0.45,1759343177.536544
-0.7,0.18,-0.46,1759343177.5388834
-0.71,0.18,-0.46,1759343177.5407927
-0.71,0.19,-0.46,1759343177.5433104
-0.72,0.19,-0.46,1759343177.5455692
-0.72,0.2,-0.47,1759343177.5475554
-0.73,0.21,-0.47,1759343177.5495963
-0.73,0.21,-0.47,1759343177.5517766
-0.74,0.21,-0.47,1759343177.5539355
-0.74,0.22,-0.48,1759343177.5563452
-0.75,0.22,-0.48,1759343177.5584877
-0.75,0.23,-0.48,1759343177.5606816
-0.75,0.23,-0.48,1759343177.563047
-0.76,0.23,-0.48,1759343177.5651443
-0.76,0.24,-0.49,1759343177.5670974
-0.77,0.24,-0.49,1759343177.569478
-0.77,0.25,-0.49,1759343177.5714447
-0.78,0.25,-0.49,1759343177.5740075
-0.78,0.25,-0.49,1759343177.575981
-0.78,0.26,-0.5,1759343177.577861
-0.79,0.26,-0.5,1759343177.5801027
-0.79,0.26,-0.5,1759343177.5820923
-0.8,0.27,-0.5,1759343177.5845225
-0.8,0.27,-0.51,1759343177.58646
-0.8,0.27,-0.51,1759343177.5886428
-0.8,0.28,-0.51,1759343177.5918791
-0.8,0.28,-0.51,1759343177.5955153
-0.81,0.28,-0.51,1759343177.597633
-0.81,0.28,-0.51,1759343177.5995605
-0.81,0.28,-0.51,1759343177.601639
-0.81,0.28,-0.51,1759343177.603583
-0.81,0.28,-0.51,1759343177.6058793
-0.81,0.29,-0.51,1759343177.6080792
-0.81,0.29,-0.51,1759343177.6101165
-0.81,0.29,-0.51,1759343177.612243
-0.8,0.29,-0.51,1759343177.6146066
-0.8,0.29,-0.51,1759343177.6166415
-0.8,0.29,-0.51,1759343177.6184833
-0.8,0.28,-0.51,1759343177.6268916
-0.8,0.28,-0.51,1759343177.628951
-0.8,0.28,-0.51,1759343177.6308703
-0.79,0.28,-0.51,1759343177.6332164
-0.79,0.28,-0.51,1759343177.6355996
-0.79,0.28,-0.51,1759343177.637553
-0.79,0.28,-0.51,1759343177.6394784
-0.79,0.27,-0.51,1759343177.64226
-0.78,0.27,-0.51,1759343177.6506212
-0.78,0.27,-0.5,1759343177.653003
-0.78,0.27,-0.5,1759343177.6553004
-0.77,0.27,-0.5,1759343177.657285
-0.77,0.26,-0.5,1759343177.6592538
-0.77,0.26,-0.5,1759343177.665276
-0.77,0.26,-0.5,1759343177.6709638
-0.76,0.26,-0.49,1759343177.6746452
-0.76,0.26,-0.49,1759343177.6771612
-0.76,0.25,-0.49,1759343177.6865308
-0.75,0.25,-0.49,1759343177.689042
-0.75,0.25,-0.48,1759343177.692574
-0.75,0.25,-0.48,1759343177.694903
-0.74,0.25,-0.48,1759343177.698104
-0.74,0.24,-0.48,1759343177.701156
-0.74,0.24,-0.47,1759343177.7039788
-0.73,0.24,-0.47,1759343177.7068155
-0.73,0.24,-0.47,1759343177.7096553
-0.73,0.24,-0.47,1759343177.7127185
-0.72,0.23,-0.46,1759343177.7155204
-0.72,0.23,-0.46,1759343177.7189796
-0.71,0.23,-0.46,1759343177.722596
-0.71,0.23,-0.45,1759343177.725654
-0.71,0.22,-0.45,1759343177.731067
-0.7,0.22,-0.45,1759343177.7340326
-0.7,0.22,-0.44,1759343177.7377255
-0.69,0.22,-0.44,1759343177.7417357
-0.68,0.21,-0.44,1759343177.744873
-0.68,0.21,-0.43,1759343177.74975
-0.67,0.21,-0.43,1759343177.7522242
-0.67,0.21,-0.42,1759343177.7554104
-0.66,0.2,-0.42,1759343177.7586207
-0.65,0.2,-0.42,1759343177.7613442
-0.64,0.2,-0.41,1759343177.7643807
-0.64,0.2,-0.41,1759343177.767184
-0.63,0.19,-0.4,1759343177.770077
-0.62,0.19,-0.4,1759343177.7736795
-0.62,0.19,-0.39,1759343177.7763865
-0.61,0.18,-0.39,1759343177.7793472
-0.6,0.18,-0.38,1759343177.782309
-0.59,0.17,-0.38,1759343177.7853956
-0.59,0.17,-0.38,1759343177.788396
-0.58,0.17,-0.37,1759343177.791979
-0.57,0.16,-0.37,1759343177.7948396
-0.56,0.16,-0.36,1759343177.7976997
-0.56,0.15,-0.36,1759343177.801423
-0.55,0.15,-0.35,1759343177.8046832
-0.54,0.15,-0.35,1759343177.8075004
-0.53,0.14,-0.34,1759343177.8108575
-0.52,0.14,-0.34,1759343177.8138883
-0.51,0.13,-0.34,1759343177.8175137
-0.51,0.13,-0.33,1759343177.820975
-0.5,0.12,-0.33,1759343177.8246076
-0.49,0.12,-0.32,1759343177.8283749
-0.48,0.12,-0.32,1759343177.8317947
-0.47,0.11,-0.32,1759343177.8351974
-0.46,0.11,-0.31,1759343177.8401742
-0.45,0.1,-0.31,1759343177.8440745
-0.44,0.1,-0.31,1759343177.8492725
-0.43,0.1,-0.3,1759343177.8528
-0.43,0.09,-0.3,1759343177.8555794
-0.42,0.09,-0.3,1759343177.8588908
-0.41,0.08,-0.29,1759343177.8636897
-0.4,0.08,-0.29,1759343177.8667223
-0.39,0.08,-0.29,1759343177.8694646
-0.39,0.07,-0.29,1759343177.872219
-0.38,0.07,-0.28,1759343177.8754847
-0.37,0.07,-0.28,1759343177.8785155
-0.36,0.06,-0.28,1759343177.881798
-0.36,0.06,-0.28,1759343177.8860986
-0.35,0.06,-0.27,1759343177.8893952
-0.34,0.05,-0.27,1759343177.892573
-0.34,0.05,-0.27,1759343177.8950267
-0.33,0.05,-0.27,1759343177.8986027
-0.33,0.05,-0.27,1759343177.9012475
-0.32,0.05,-0.26,1759343177.9041822
-0.31,0.04,-0.26,1759343177.9072158
-0.31,0.04,-0.26,1759343177.9101725
-0.3,0.04,-0.26,1759343177.91279
-0.3,0.04,-0.26,1759343177.9159184
-0.29,0.04,-0.25,1759343177.920066
-0.29,0.04,-0.25,1759343177.9244728
-0.29,0.04,-0.25,1759343177.9276717
-0.28,0.04,-0.25,1759343177.9320145
-0.28,0.03,-0.25,1759343177.9347692
-0.28,0.03,-0.25,1759343177.9398098
-0.27,0.03,-0.25,1759343177.9430282
-0.27,0.03,-0.25,1759343177.947626
-0.27,0.03,-0.25,1759343177.9511716
-0.26,0.04,-0.24,1759343177.9545946
-0.26,0.04,-0.24,1759343177.9583876
-0.26,0.04,-0.24,1759343177.9610252
-0.26,0.04,-0.24,1759343177.9647615
-0.26,0.04,-0.24,1759343177.967355
-0.25,0.04,-0.24,1759343177.970017
-0.25,0.04,-0.24,1759343177.9735456
-0.25,0.04,-0.24,1759343177.9765737
-0.25,0.04,-0.24,1759343177.9791336
-0.25,0.04,-0.24,1759343177.9832263
-0.25,0.04,-0.24,1759343177.985782
-0.25,0.04,-0.24,1759343177.989286
-0.24,0.05,-0.24,1759343177.9919047
-0.24,0.05,-0.24,1759343177.9953065
-0.24,0.05,-0.24,1759343177.998056
-0.24,0.05,-0.24,1759343178.0005684
-0.24,0.05,-0.24,1759343178.0040586
-0.24,0.05,-0.24,1759343178.007299
-0.24,0.05,-0.24,1759343178.010041
-0.24,0.05,-0.24,1759343178.0130568
-0.24,0.05,-0.24,1759343178.0155303
-0.24,0.05,-0.24,1759343178.01844
-0.24,0.05,-0.23,1759343178.0211494
-0.24,0.06,-0.23,1759343178.024583
-0.24,0.06,-0.23,1759343178.028919
-0.24,0.06,-0.23,1759343178.0314496
-0.24,0.06,-0.23,1759343178.0353477
-0.24,0.06,-0.23,1759343178.0388072
-0.24,0.06,-0.23,1759343178.0425005
-0.24,0.06,-0.23,1759343178.0468917
-0.24,0.06,-0.23,1759343178.05003
-0.24,0.06,-0.23,1759343178.0556672
-0.24,0.06,-0.23,1759343178.0599496
-0.24,0.06,-0.23,1759343178.0644512
-0.24,0.06,-0.23,1759343178.0685294
-0.24,0.06,-0.23,1759343178.0727308
-0.24,0.06,-0.23,1759343178.0772612
-0.24,0.06,-0.23,1759343178.0816965
-0.24,0.06,-0.23,1759343178.085142
-0.24,0.06,-0.23,1759343178.0894132
-0.24,0.06,-0.23,1759343178.0937092
-0.24,0.06,-0.23,1759343178.0980952
-0.24,0.06,-0.23,1759343178.1018133
-0.24,0.06,-0.23,1759343178.106251
-0.24,0.07,-0.22,1759343178.1104352
-0.24,0.07,-0.22,1759343178.113174
-0.24,0.07,-0.22,1759343178.1151488
-0.24,0.07,-0.22,1759343178.1176538
-0.25,0.07,-0.22,1759343178.120222
-0.25,0.07,-0.22,1759343178.12298
-0.25,0.07,-0.22,1759343178.1253347
-0.25,0.07,-0.22,1759343178.127674
-0.25,0.07,-0.22,1759343178.1299858
-0.25,0.07,-0.22,1759343178.1331055
-0.25,0.07,-0.22,1759343178.1373994
-0.25,0.07,-0.22,1759343178.1394813
-0.25,0.07,-0.22,1759343178.1419516
-0.25,0.07,-0.22,1759343178.1442091
-0.25,0.07,-0.22,1759343178.147538
-0.25,0.07,-0.22,1759343178.1504183
-0.25,0.07,-0.22,1759343178.1536252
-0.25,0.07,-0.22,1759343178.1558511
-0.25,0.07,-0.22,1759343178.1580956
-0.25,0.07,-0.22,1759343178.1607647
-0.25,0.07,-0.22,1759343178.1633143
-0.25,0.07,-0.22,1759343178.166212
-0.25,0.07,-0.22,1759343178.168682
-0.25,0.07,-0.22,1759343178.1707523
-0.25,0.07,-0.22,1759343178.1738794
-0.25,0.07,-0.22,1759343178.1769516
-0.26,0.07,-0.22,1759343178.1797297
-0.26,0.07,-0.22,1759343178.182838
-0.26,0.07,-0.22,1759343178.1866865
-0.26,0.07,-0.22,1759343178.1895485
-0.26,0.07,-0.22,1759343178.193389
-0.26,0.07,-0.22,1759343178.1994135
-0.26,0.07,-0.22,1759343178.2035234
-0.26,0.07,-0.22,1759343178.2089586
-0.26,0.07,-0.22,1759343178.212952
-0.26,0.07,-0.22,1759343178.2168746
-0.26,0.07,-0.22,1759343178.219565
-0.26,0.07,-0.22,1759343178.221741
-0.26,0.07,-0.22,1759343178.2238903
-0.26,0.07,-0.22,1759343178.2305467
-0.26,0.07,-0.22,1759343178.232444
-0.26,0.07,-0.22,1759343178.2344396
-0.26,0.07,-0.22,1759343178.236406
-0.26,0.07,-0.22,1759343178.2383811
-0.26,0.07,-0.22,1759343178.240297
-0.26,0.08,-0.22,1759343178.2430563
-0.26,0.08,-0.22,1759343178.248349
-0.26,0.08,-0.22,1759343178.25018
-0.26,0.08,-0.22,1759343178.253899
-0.26,0.08,-0.22,1759343178.2577517
-0.26,0.08,-0.22,1759343178.2617602
-0.26,0.08,-0.22,1759343178.2656405
-0.26,0.08,-0.22,1759343178.2693012
-0.26,0.08,-0.22,1759343178.2728157
-0.26,0.08,-0.22,1759343178.2766888
-0.26,0.08,-0.22,1759343178.2808406
-0.26,0.08,-0.22,1759343178.2848089
-0.26,0.08,-0.22,1759343178.2887268
-0.26,0.08,-0.22,1759343178.292535
-0.25,0.08,-0.22,1759343178.2968254
-0.25,0.08,-0.22,1759343178.3007329
-0.25,0.08,-0.21,1759343178.3045814
-0.25,0.08,-0.21,1759343178.3080883
-0.25,0.08,-0.21,1759343178.3112893
-0.25,0.08,-0.21,1759343178.3144178
-0.25,0.08,-0.21,1759343178.3173833
-0.24,0.08,-0.21,1759343178.3203478
-0.24,0.08,-0.21,1759343178.323413
-0.24,0.08,-0.21,1759343178.3266325
-0.24,0.08,-0.21,1759343178.3295865
-0.23,0.08,-0.21,1759343178.3330293
-0.23,0.08,-0.2,1759343178.336031
-0.23,0.08,-0.2,1759343178.339197
-0.22,0.08,-0.2,1759343178.3424504
-0.22,0.08,-0.2,1759343178.345464
-0.22,0.08,-0.2,1759343178.3484323
-0.21,0.09,-0.2,1759343178.3513937
-0.21,0.09,-0.2,1759343178.355285
-0.2,0.09,-0.19,1759343178.35804
-0.2,0.09,-0.19,1759343178.361519
-0.19,0.09,-0.19,1759343178.364496
-0.19,0.09,-0.19,1759343178.367434
-0.18,0.09,-0.18,1759343178.3706317
-0.18,0.09,-0.18,1759343178.3762171
-0.17,0.09,-0.18,1759343178.3799896
-0.17,0.09,-0.18,1759343178.3831286
-0.16,0.1,-0.18,1759343178.3872056
-0.15,0.1,-0.17,1759343178.3906934
-0.14,0.1,-0.17,1759343178.4051
-0.14,0.1,-0.17,1759343178.4112
-0.13,0.1,-0.16,1759343178.4158957
-0.12,0.1,-0.16,1759343178.4199634
-0.11,0.1,-0.16,1759343178.4239454
-0.1,0.1,-0.16,1759343178.426173
-0.09,0.1,-0.15,1759343178.4292836
-0.08,0.11,-0.15,1759343178.4317863
-0.07,0.11,-0.15,1759343178.4340029
-0.06,0.11,-0.15,1759343178.4367166
-0.05,0.11,-0.14,1759343178.4388742
-0.04,0.11,-0.14,1759343178.441313
-0.03,0.11,-0.14,1759343178.4449017
-0.02,0.11,-0.14,1759343178.4516218
-0.01,0.11,-0.14,1759343178.4540262
-0.0,0.11,-0.13,1759343178.4567058
0.01,0.11,-0.13,1759343178.4587865
0.02,0.11,-0.13,1759343178.463622
0.03,0.11,-0.13,1759343178.4665737
0.03,0.11,-0.13,1759343178.470549
0.04,0.11,-0.13,1759343178.4756386
0.05,0.11,-0.12,1759343178.478979
0.06,0.11,-0.12,1759343178.4841998
0.07,0.11,-0.12,1759343178.4873452
0.08,0.11,-0.12,1759343178.4895277
0.09,0.11,-0.12,1759343178.492447
0.09,0.11,-0.12,1759343178.4947474
0.1,0.11,-0.12,1759343178.498392
0.11,0.11,-0.12,1759343178.5007415
0.12,0.11,-0.12,1759343178.505653
0.12,0.11,-0.12,1759343178.509256
0.13,0.11,-0.12,1759343178.5122263
0.14,0.11,-0.12,1759343178.5147877
0.14,0.11,-0.12,1759343178.5186467
0.15,0.11,-0.12,1759343178.522392
0.15,0.11,-0.12,1759343178.5253828
0.16,0.11,-0.12,1759343178.5289822
0.17,0.11,-0.12,1759343178.5325625
0.17,0.1,-0.12,1759343178.5353148
0.18,0.1,-0.12,1759343178.5377114
0.18,0.1,-0.13,1759343178.5404391
0.18,0.1,-0.13,1759343178.542853
0.19,0.1,-0.13,1759343178.5454817
0.19,0.1,-0.13,1759343178.5481515
0.2,0.1,-0.13,1759343178.550633
0.2,0.1,-0.13,1759343178.553421
0.2,0.1,-0.13,1759343178.5558512
0.21,0.09,-0.13,1759343178.55841
0.21,0.09,-0.13,1759343178.560516
0.21,0.09,-0.14,1759343178.5628994
0.22,0.09,-0.14,1759343178.5652454
0.22,0.09,-0.14,1759343178.567332
0.22,0.09,-0.14,1759343178.5695574
0.23,0.09,-0.14,1759343178.573935
0.23,0.09,-0.14,1759343178.5772932
0.23,0.09,-0.14,1759343178.58212
0.23,0.09,-0.14,1759343178.5845442
0.24,0.09,-0.15,1759343178.5868366
0.24,0.09,-0.15,1759343178.5888488
0.24,0.09,-0.15,1759343178.591122
0.24,0.09,-0.15,1759343178.5938978
0.24,0.09,-0.15,1759343178.5964658
0.25,0.08,-0.15,1759343178.598485
0.25,0.08,-0.15,1759343178.602134
0.25,0.08,-0.15,1759343178.6062708
0.25,0.08,-0.16,1759343178.6083343
0.25,0.08,-0.16,1759343178.6116004
0.25,0.08,-0.16,1759343178.6164196
0.25,0.08,-0.16,1759343178.6203394
0.25,0.08,-0.16,1759343178.6233108
0.25,0.08,-0.16,1759343178.626897
0.25,0.08,-0.16,1759343178.629532
0.25,0.08,-0.16,1759343178.632053
0.25,0.08,-0.16,1759343178.6351511
0.24,0.07,-0.16,1759343178.6375737
0.24,0.07,-0.16,1759343178.6399088
0.24,0.07,-0.17,1759343178.6420076
0.24,0.07,-0.17,1759343178.645557
0.24,0.07,-0.17,1759343178.6491122
0.24,0.07,-0.17,1759343178.6518946
0.23,0.07,-0.17,1759343178.654013
0.23,0.07,-0.17,1759343178.6568177
0.23,0.07,-0.17,1759343178.6603787
0.23,0.07,-0.17,1759343178.6646292
0.22,0.07,-0.17,1759343178.6672
0.22,0.07,-0.17,1759343178.670814
0.22,0.07,-0.17,1759343178.6751962
0.21,0.07,-0.18,1759343178.6774511
0.21,0.07,-0.18,1759343178.6809337
0.2,0.07,-0.18,1759343178.6843505
0.2,0.07,-0.18,1759343178.6874883
0.2,0.07,-0.18,1759343178.692258
0.19,0.07,-0.18,1759343178.694898
0.19,0.07,-0.18,1759343178.6987865
0.18,0.07,-0.18,1759343178.7009563
0.18,0.07,-0.19,1759343178.7033246
0.17,0.07,-0.19,1759343178.706742
0.17,0.07,-0.19,1759343178.709617
0.16,0.07,-0.19,1759343178.713771
0.15,0.07,-0.19,1759343178.717511
0.15,0.07,-0.19,1759343178.721398
0.14,0.07,-0.19,1759343178.7235591
0.14,0.07,-0.19,1759343178.7262244
0.13,0.07,-0.2,1759343178.7286048
0.12,0.07,-0.2,1759343178.732936
0.12,0.07,-0.2,1759343178.7371426
0.11,0.07,-0.2,1759343178.7412405
0.1,0.07,-0.2,1759343178.7455127
0.1,0.07,-0.2,1759343178.7501018
0.09,0.07,-0.2,1759343178.755818
0.08,0.08,-0.2,1759343178.7580478
0.07,0.08,-0.21,1759343178.761719
0.07,0.08,-0.21,1759343178.7643683
0.06,0.08,-0.21,1759343178.7678082
0.05,0.08,-0.21,1759343178.771349
0.04,0.08,-0.21,1759343178.773603
0.03,0.08,-0.21,1759343178.7777212
0.03,0.08,-0.21,1759343178.7816856
0.02,0.08,-0.22,1759343178.7844524
0.01,0.08,-0.22,1759343178.787434
0.0,0.09,-0.22,1759343178.791149
-0.01,0.09,-0.22,1759343178.7940402
-0.01,0.09,-0.22,1759343178.7973795
-0.02,0.09,-0.22,1759343178.8001523
-0.03,0.09,-0.22,1759343178.8029952
-0.04,0.09,-0.22,1759343178.805755
-0.04,0.09,-0.23,1759343178.808562
-0.05,0.1,-0.23,1759343178.8113115
-0.06,0.1,-0.23,1759343178.8149564
-0.07,0.1,-0.23,1759343178.817922
-0.07,0.1,-0.23,1759343178.8213177
-0.08,0.1,-0.23,1759343178.824023
-0.09,0.11,-0.23,1759343178.827471
-0.09,0.11,-0.23,1759343178.8304107
-0.1,0.11,-0.23,1759343178.8328192
-0.11,0.11,-0.23,1759343178.836932
-0.11,0.11,-0.24,1759343178.8405232
-0.12,0.11,-0.24,1759343178.8442314
-0.13,0.11,-0.24,1759343178.847422
-0.13,0.12,-0.24,1759343178.8513305
-0.14,0.12,-0.24,1759343178.8547103
-0.14,0.12,-0.24,1759343178.8583946
-0.15,0.12,-0.24,1759343178.862554
-0.16,0.12,-0.24,1759343178.8657172
-0.16,0.12,-0.24,1759343178.8680117
-0.17,0.12,-0.24,1759343178.87176
-0.17,0.12,-0.24,1759343178.874066
-0.17,0.12,-0.24,1759343178.877546
-0.18,0.12,-0.24,1759343178.8806286
-0.18,0.12,-0.24,1759343178.8853347
-0.19,0.13,-0.24,1759343178.8887098
-0.19,0.13,-0.24,1759343178.8921468
-0.19,0.13,-0.24,1759343178.8962688
-0.2,0.13,-0.24,1759343178.8993304
-0.2,0.13,-0.24,1759343178.9021928
-0.2,0.13,-0.24,1759343178.9054794
-0.2,0.13,-0.24,1759343178.9082954
-0.21,0.13,-0.24,1759343178.9110522
-0.21,0.13,-0.24,1759343178.9140568
-0.21,0.13,-0.24,1759343178.917601
-0.21,0.13,-0.24,1759343178.921089
-0.21,0.13,-0.24,1759343178.9249372
-0.22,0.13,-0.24,1759343178.928214
-0.22,0.13,-0.24,1759343178.9314227
-0.22,0.13,-0.24,1759343178.933815
-0.22,0.13,-0.24,1759343178.9370074
-0.22,0.13,-0.24,1759343178.939736
-0.22,0.13,-0.24,1759343178.9432888
-0.22,0.12,-0.24,1759343178.946337
-0.22,0.12,-0.24,1759343178.9496286
-0.23,0.12,-0.24,1759343178.9526613
-0.23,0.12,-0.23,1759343178.955933
-0.23,0.12,-0.23,1759343178.9592805
-0.23,0.12,-0.23,1759343178.9631631
-0.23,0.12,-0.23,1759343178.966009
-0.23,0.12,-0.23,1759343178.970135
-0.23,0.12,-0.23,1759343178.9754865
-0.23,0.13,-0.23,1759343178.9791844
-0.23,0.13,-0.23,1759343178.9829285
-0.23,0.13,-0.23,1759343178.9877834
-0.23,0.13,-0.23,1759343178.9911983
-0.23,0.13,-0.23,1759343178.996299
-0.23,0.13,-0.23,1759343179.0017166
-0.23,0.13,-0.23,1759343179.005015
-0.23,0.13,-0.23,1759343179.0075974
-0.23,0.13,-0.23,1759343179.0116837
-0.23,0.13,-0.23,1759343179.014413
-0.23,0.13,-0.23,1759343179.0182874
-0.23,0.13,-0.23,1759343179.0201285
-0.23,0.13,-0.23,1759343179.0236182
-0.23,0.13,-0.23,1759343179.026616
-0.23,0.13,-0.23,1759343179.0288415
-0.23,0.13,-0.23,1759343179.0315857
-0.23,0.13,-0.23,1759343179.0347176
-0.23,0.13,-0.23,1759343179.0391262
-0.23,0.13,-0.24,1759343179.043929
-0.23,0.13,-0.24,1759343179.049471
-0.23,0.13,-0.24,1759343179.0531209
-0.23,0.13,-0.24,1759343179.056887
-0.22,0.13,-0.24,1759343179.060967
-0.22,0.12,-0.24,1759343179.0648005
-0.22,0.12,-0.24,1759343179.0694823
-0.22,0.12,-0.24,1759343179.073211
-0.22,0.12,-0.24,1759343179.076814
-0.22,0.12,-0.24,1759343179.0821729
-0.22,0.12,-0.24,1759343179.08507
-0.22,0.12,-0.24,1759343179.0900388
-0.22,0.12,-0.24,1759343179.0951488
-0.22,0.12,-0.24,1759343179.0984757
-0.21,0.12,-0.24,1759343179.101852
-0.21,0.12,-0.24,1759343179.1058283
-0.21,0.11,-0.24,1759343179.109217
-0.21,0.11,-0.24,1759343179.1125877
-0.21,0.11,-0.24,1759343179.1181738
-0.21,0.11,-0.24,1759343179.123369
-0.21,0.11,-0.24,1759343179.1267653
-0.21,0.11,-0.24,1759343179.1321335
-0.21,0.11,-0.24,1759343179.1371243
-0.21,0.11,-0.24,1759343179.1407003
-0.21,0.11,-0.24,1759343179.1431906
-0.21,0.11,-0.24,1759343179.145179
-0.21,0.11,-0.24,1759343179.147375
-0.21,0.1,-0.24,1759343179.1502955
-0.21,0.1,-0.24,1759343179.1541026
-0.21,0.1,-0.24,1759343179.1568508
-0.21,0.1,-0.24,1759343179.1597643
-0.21,0.1,-0.24,1759343179.1632016
-0.21,0.1,-0.24,1759343179.168061
-0.21,0.1,-0.24,1759343179.1714485
-0.21,0.1,-0.24,1759343179.1742606
-0.21,0.1,-0.25,1759343179.178009
-0.21,0.1,-0.25,1759343179.1804502
-0.21,0.1,-0.25,1759343179.185836
-0.21,0.1,-0.25,1759343179.1888046
-0.21,0.1,-0.25,1759343179.1911702
-0.21,0.1,-0.25,1759343179.1946883
-0.21,0.1,-0.25,1759343179.1982074
-0.21,0.09,-0.25,1759343179.2019138
-0.21,0.09,-0.25,1759343179.2051997
-0.21,0.09,-0.25,1759343179.209596
-0.21,0.09,-0.25,1759343179.2125115
-0.21,0.09,-0.25,1759343179.2159486
-0.22,0.09,-0.25,1759343179.21881
-0.22,0.09,-0.25,1759343179.2223356
-0.22,0.09,-0.25,1759343179.226066
-0.22,0.09,-0.25,1759343179.22998
-0.22,0.09,-0.25,1759343179.232627
-0.22,0.09,-0.25,1759343179.235484
-0.22,0.09,-0.25,1759343179.2382655
-0.22,0.09,-0.25,1759343179.243297
-0.22,0.09,-0.25,1759343179.2478805
-0.23,0.09,-0.25,1759343179.2522185
-0.23,0.09,-0.25,1759343179.2558851
-0.23,0.09,-0.25,1759343179.259836
-0.23,0.08,-0.25,1759343179.2641678
-0.23,0.08,-0.26,1759343179.267192
-0.23,0.08,-0.26,1759343179.269928
-0.23,0.08,-0.26,1759343179.2734165
-0.23,0.08,-0.26,1759343179.2794282
-0.24,0.08,-0.26,1759343179.2839165
-0.24,0.08,-0.26,1759343179.2873998
-0.24,0.08,-0.26,1759343179.2913527
-0.24,0.08,-0.26,1759343179.2940588
-0.24,0.08,-0.26,1759343179.2976542
-0.24,0.08,-0.26,1759343179.3004444
-0.25,0.08,-0.26,1759343179.303849
-0.25,0.08,-0.26,1759343179.307021
-0.25,0.08,-0.26,1759343179.3097503
-0.25,0.08,-0.26,1759343179.3122494
-0.25,0.07,-0.26,1759343179.3145518
-0.25,0.07,-0.26,1759343179.3181796
-0.26,0.07,-0.26,1759343179.3209171
-0.26,0.07,-0.26,1759343179.324917
-0.26,0.07,-0.26,1759343179.3299096
-0.26,0.07,-0.26,1759343179.3334038
-0.27,0.07,-0.26,1759343179.337213
-0.27,0.07,-0.26,1759343179.3425126
-0.27,0.07,-0.27,1759343179.3486917
-0.27,0.07,-0.27,1759343179.354149
-0.28,0.07,-0.27,1759343179.359034
-0.28,0.07,-0.27,1759343179.3631036
-0.29,0.07,-0.27,1759343179.3675926
-0.29,0.07,-0.27,1759343179.3708832
-0.29,0.07,-0.27,1759343179.3752384
-0.3,0.07,-0.27,1759343179.3784935
-0.3,0.06,-0.27,1759343179.3824918
-0.31,0.06,-0.27,1759343179.386377
-0.31,0.06,-0.27,1759343179.3895843
-0.31,0.06,-0.27,1759343179.394732
-0.32,0.06,-0.27,1759343179.3978934
-0.32,0.06,-0.27,1759343179.4010568
-0.33,0.06,-0.27,1759343179.4051769
-0.33,0.06,-0.27,1759343179.4089515
-0.34,0.06,-0.27,1759343179.412398
-0.34,0.06,-0.27,1759343179.4161909
-0.35,0.06,-0.27,1759343179.4209049
-0.36,0.06,-0.27,1759343179.4247684
-0.36,0.06,-0.27,1759343179.4283834
-0.37,0.07,-0.28,1759343179.4324677
-0.37,0.07,-0.28,1759343179.4368205
-0.38,0.07,-0.28,1759343179.440594
-0.38,0.07,-0.28,1759343179.444095
-0.39,0.07,-0.28,1759343179.4490352
-0.4,0.07,-0.28,1759343179.453102
-0.4,0.07,-0.28,1759343179.4568734
-0.41,0.07,-0.28,1759343179.4606524
-0.42,0.07,-0.28,1759343179.4640667
-0.42,0.07,-0.28,1759343179.4678771
-0.43,0.08,-0.28,1759343179.4731383
-0.43,0.08,-0.28,1759343179.4765384
-0.44,0.08,-0.28,1759343179.4801948
-0.45,0.08,-0.28,1759343179.48378
-0.45,0.08,-0.28,1759343179.4887776
-0.46,0.08,-0.28,1759343179.4934578
-0.46,0.09,-0.28,1759343179.4970205
-0.47,0.09,-0.28,1759343179.5016675
-0.47,0.09,-0.28,1759343179.506092
-0.48,0.09,-0.28,1759343179.511063
-0.48,0.09,-0.28,1759343179.514595
-0.49,0.1,-0.28,1759343179.5182014
-0.49,0.1,-0.28,1759343179.5220056
-0.5,0.1,-0.28,1759343179.5260365
-0.5,0.1,-0.28,1759343179.5301332
-0.5,0.11,-0.28,1759343179.5334823
-0.51,0.11,-0.28,1759343179.5375593
-0.51,0.11,-0.28,1759343179.541414
-0.51,0.11,-0.28,1759343179.5454223
-0.52,0.12,-0.28,1759343179.5488858
-0.52,0.12,-0.28,1759343179.5530477
-0.52,0.12,-0.28,1759343179.558659
-0.53,0.12,-0.28,1759343179.561807
-0.53,0.12,-0.28,1759343179.5642097
-0.53,0.13,-0.28,1759343179.566654
-0.53,0.13,-0.29,1759343179.5693576
-0.54,0.13,-0.29,1759343179.572364
-0.54,0.13,-0.29,1759343179.5765555
-0.54,0.14,-0.29,1759343179.579629
-0.54,0.14,-0.29,1759343179.5826144
-0.54,0.14,-0.29,1759343179.5849807
-0.54,0.14,-0.29,1759343179.5872605
-0.55,0.15,-0.29,1759343179.5898752
-0.55,0.15,-0.29,1759343179.594312
-0.55,0.15,-0.29,1759343179.596134
-0.55,0.15,-0.29,1759343179.5993035
-0.55,0.15,-0.29,1759343179.6036265
-0.55,0.16,-0.29,1759343179.6070936
-0.55,0.16,-0.29,1759343179.609848
-0.55,0.16,-0.29,1759343179.6127508
-0.55,0.16,-0.29,1759343179.6153708
-0.55,0.17,-0.29,1759343179.6178024
-0.55,0.17,-0.3,1759343179.6200795
-0.55,0.17,-0.3,1759343179.6235588
-0.55,0.17,-0.3,1759343179.6286645
-0.55,0.17,-0.3,1759343179.6334531
-0.55,0.17,-0.3,1759343179.6375966
-0.55,0.18,-0.3,1759343179.642332
-0.55,0.18,-0.3,1759343179.6473846
-0.55,0.18,-0.3,1759343179.6532855
-0.55,0.18,-0.3,1759343179.657265
-0.55,0.18,-0.3,1759343179.6630375
-0.55,0.18,-0.3,1759343179.667082
-0.54,0.18,-0.3,1759343179.6696546
-0.54,0.19,-0.3,1759343179.6736493
-0.54,0.19,-0.3,1759343179.6768477
-0.54,0.19,-0.3,1759343179.6805964
-0.54,0.19,-0.31,1759343179.683281
-0.54,0.19,-0.31,1759343179.6857033
-0.53,0.19,-0.31,1759343179.688036
-0.53,0.19,-0.31,1759343179.690826
-0.53,0.19,-0.31,1759343179.6929553
-0.53,0.19,-0.31,1759343179.6959102
-0.53,0.19,-0.31,1759343179.6987126
-0.52,0.2,-0.31,1759343179.7021255
-0.52,0.2,-0.31,1759343179.705192
-0.52,0.2,-0.31,1759343179.7079444
-0.52,0.2,-0.31,1759343179.71059
-0.51,0.2,-0.31,1759343179.7129974
-0.51,0.2,-0.31,1759343179.7152114
-0.51,0.2,-0.31,1759343179.7171123
-0.5,0.2,-0.31,1759343179.7190914
-0.5,0.2,-0.31,1759343179.721139
-0.5,0.2,-0.31,1759343179.7258704
-0.49,0.2,-0.31,1759343179.7280965
-0.49,0.2,-0.31,1759343179.730877
-0.48,0.2,-0.31,1759343179.733249
-0.48,0.2,-0.31,1759343179.7361047
-0.47,0.2,-0.31,1759343179.738474
-0.47,0.2,-0.31,1759343179.740817
-0.46,0.2,-0.31,1759343179.7440526
-0.46,0.2,-0.31,1759343179.7469776
-0.45,0.2,-0.31,1759343179.7495253
-0.45,0.2,-0.31,1759343179.753034
-0.44,0.2,-0.31,1759343179.7558022
-0.43,0.2,-0.31,1759343179.7587569
-0.43,0.2,-0.31,1759343179.761939
-0.42,0.2,-0.31,1759343179.7648523
-0.42,0.2,-0.31,1759343179.7670429
-0.41,0.2,-0.31,1759343179.7692564
-0.41,0.2,-0.3,1759343179.7715335
-0.4,0.2,-0.3,1759343179.7744489
-0.39,0.2,-0.3,1759343179.776658
-0.39,0.2,-0.3,1759343179.778801
-0.38,0.19,-0.3,1759343179.7825108
-0.37,0.19,-0.3,1759343179.7849138
-0.37,0.19,-0.3,1759343179.7874866
-0.36,0.19,-0.3,1759343179.7897744
-0.35,0.19,-0.3,1759343179.792249
-0.35,0.19,-0.3,1759343179.7942972
-0.34,0.19,-0.3,1759343179.7966473
-0.33,0.19,-0.29,1759343179.7988083
-0.32,0.19,-0.29,1759343179.8009515
-0.32,0.19,-0.29,1759343179.8033
-0.31,0.18,-0.29,1759343179.8057103
-0.3,0.18,-0.29,1759343179.8081949
-0.29,0.18,-0.29,1759343179.8102562
-0.29,0.18,-0.29,1759343179.8127248
-0.28,0.18,-0.29,1759343179.814821
-0.27,0.18,-0.29,1759343179.8174748
-0.26,0.18,-0.28,1759343179.8196402
-0.25,0.18,-0.28,1759343179.8224435
-0.25,0.17,-0.28,1759343179.824664
-0.24,0.17,-0.28,1759343179.827117
-0.23,0.17,-0.28,1759343179.8293366
-0.22,0.17,-0.28,1759343179.8314197
-0.21,0.17,-0.28,1759343179.8335793
-0.2,0.17,-0.28,1759343179.8356378
-0.2,0.17,-0.28,1759343179.8385265
-0.19,0.17,-0.28,1759343179.8407094
-0.18,0.17,-0.28,1759343179.844062
-0.17,0.17,-0.27,1759343179.846153
-0.16,0.16,-0.27,1759343179.8482432
-0.15,0.16,-0.27,1759343179.8506274
-0.15,0.16,-0.27,1759343179.8534408
-0.14,0.16,-0.27,1759343179.856583
-0.13,0.16,-0.27,1759343179.859203
-0.12,0.16,-0.27,1759343179.8615923
-0.11,0.16,-0.27,1759343179.8636143
-0.1,0.16,-0.27,1759343179.8656092
-0.09,0.16,-0.27,1759343179.8700583
-0.09,0.15,-0.27,1759343179.8728786
-0.08,0.15,-0.27,1759343179.8747373
-0.07,0.15,-0.27,1759343179.877473
-0.06,0.15,-0.27,1759343179.88091
-0.05,0.15,-0.26,1759343179.8838103
-0.04,0.15,-0.26,1759343179.887297
-0.04,0.15,-0.26,1759343179.8901763
-0.03,0.14,-0.26,1759343179.8936577
-0.02,0.14,-0.26,1759343179.8960664
-0.01,0.14,-0.26,1759343179.8982294
-0.0,0.14,-0.26,1759343179.90064
0.0,0.14,-0.26,1759343179.902793
0.01,0.13,-0.26,1759343179.9050326
0.02,0.13,-0.26,1759343179.908155
0.03,0.13,-0.26,1759343179.9103746
0.04,0.13,-0.26,1759343179.9125414
0.04,0.13,-0.26,1759343179.915053
0.05,0.12,-0.26,1759343179.917376
0.06,0.12,-0.26,1759343179.9195218
0.06,0.12,-0.26,1759343179.9220164
0.07,0.12,-0.26,1759343179.9242058
0.08,0.12,-0.26,1759343179.9263246
0.09,0.11,-0.26,1759343179.9284542
0.09,0.11,-0.26,1759343179.9321325
0.1,0.11,-0.26,1759343179.9349666
0.11,0.11,-0.26,1759343179.9389577
0.11,0.1,-0.26,1759343179.9420168
0.12,0.1,-0.26,1759343179.9452744
0.12,0.1,-0.26,1759343179.9473042
0.13,0.1,-0.26,1759343179.9497962
0.14,0.09,-0.26,1759343179.952256
0.14,0.09,-0.26,1759343179.9547117
0.15,0.09,-0.26,1759343179.9567356
0.15,0.09,-0.26,1759343179.9592552
0.16,0.08,-0.26,1759343179.9612358
0.16,0.08,-0.26,1759343179.9636111
0.17,0.08,-0.26,1759343179.9655442
0.17,0.08,-0.26,1759343179.967703
0.18,0.07,-0.26,1759343179.969748
0.18,0.07,-0.27,1759343179.9737182
0.18,0.07,-0.27,1759343179.9773989
0.19,0.07,-0.27,1759343179.9808023
0.19,0.06,-0.27,1759343179.9841752
0.19,0.06,-0.27,1759343179.986607
0.2,0.06,-0.27,1759343179.989275
0.2,0.06,-0.27,1759343179.992149
0.2,0.06,-0.27,1759343179.9948246
0.21,0.05,-0.27,1759343179.9982896
0.21,0.05,-0.27,1759343180.0017087
0.21,0.05,-0.27,1759343180.0054426
0.21,0.05,-0.28,1759343180.008372
0.21,0.04,-0.28,1759343180.0109763
0.22,0.04,-0.28,1759343180.013972
0.22,0.04,-0.28,1759343180.0161102
0.22,0.04,-0.28,1759343180.0205052
0.22,0.04,-0.28,1759343180.023866
0.22,0.03,-0.28,1759343180.0270102
0.22,0.03,-0.28,1759343180.0302536
0.22,0.03,-0.28,1759343180.033331
0.22,0.03,-0.29,1759343180.035843
0.22,0.03,-0.29,1759343180.0391676
0.22,0.03,-0.29,1759343180.042843
0.22,0.02,-0.29,1759343180.0467782
0.22,0.02,-0.29,1759343180.0500965
0.22,0.02,-0.29,1759343180.054002
0.22,0.02,-0.29,1759343180.0573025
0.22,0.02,-0.29,1759343180.0611508
0.22,0.02,-0.3,1759343180.063979
0.21,0.01,-0.3,1759343180.068267
0.21,0.01,-0.3,1759343180.0719764
0.21,0.01,-0.3,1759343180.0754938
0.21,0.01,-0.3,1759343180.078553
0.21,0.01,-0.3,1759343180.081768
0.2,0.01,-0.3,1759343180.084323
0.2,0.01,-0.3,1759343180.0872314
0.2,0.01,-0.3,1759343180.089748
0.2,0.01,-0.3,1759343180.0922723
0.19,0.0,-0.31,1759343180.095077
0.19,0.0,-0.31,1759343180.0982385
0.19,0.0,-0.31,1759343180.1006496
0.18,0.0,-0.31,1759343180.1030977
0.18,0.0,-0.31,1759343180.1061494
0.17,0.0,-0.31,1759343180.108709
0.17,0.0,-0.31,1759343180.111764
0.17,0.0,-0.31,1759343180.1160488
0.16,0.0,-0.31,1759343180.1189315
0.16,0.0,-0.31,1759343180.1229875
0.15,0.0,-0.31,1759343180.1263905
0.15,0.0,-0.32,1759343180.1304257
0.14,0.0,-0.32,1759343180.1338615
0.14,0.0,-0.32,1759343180.1364512
0.13,0.01,-0.32,1759343180.139097
0.13,0.01,-0.32,1759343180.1422713
0.12,0.01,-0.32,1759343180.1460943
0.11,0.01,-0.32,1759343180.1491518
0.11,0.01,-0.32,1759343180.1521013
0.1,0.01,-0.32,1759343180.154557
0.1,0.01,-0.32,1759343180.1574414
0.09,0.02,-0.32,1759343180.1601026
0.08,0.02,-0.33,1759343180.163097
0.08,0.02,-0.33,1759343180.1655557
0.07,0.02,-0.33,1759343180.1681452
0.07,0.02,-0.33,1759343180.171135
0.06,0.03,-0.33,1759343180.173655
0.05,0.03,-0.33,1759343180.1757889
0.05,0.03,-0.33,1759343180.178208
0.04,0.03,-0.33,1759343180.1802397
0.03,0.04,-0.33,1759343180.182479
0.03,0.04,-0.33,1759343180.1847525
0.02,0.04,-0.33,1759343180.187149
0.01,0.04,-0.33,1759343180.18986
0.01,0.05,-0.34,1759343180.1943235
0.0,0.05,-0.34,1759343180.1968043
-0.01,0.05,-0.34,1759343180.1997178
-0.01,0.05,-0.34,1759343180.20378
-0.02,0.06,-0.34,1759343180.206981
-0.03,0.06,-0.34,1759343180.2097
-0.03,0.06,-0.34,1759343180.212772
-0.04,0.06,-0.34,1759343180.2156205
-0.05,0.07,-0.34,1759343180.2184615
-0.06,0.07,-0.34,1759343180.2219963
-0.06,0.07,-0.34,1759343180.225635
-0.07,0.07,-0.34,1759343180.2281582
-0.08,0.08,-0.34,1759343180.2301717
-0.08,0.08,-0.34,1759343180.2332442
-0.09,0.08,-0.35,1759343180.2359307
-0.09,0.09,-0.35,1759343180.238695
-0.1,0.09,-0.35,1759343180.241785
-0.11,0.09,-0.35,1759343180.244383
-0.11,0.1,-0.35,1759343180.2476425
-0.12,0.1,-0.35,1759343180.2516267
-0.13,0.1,-0.35,1759343180.2546418
-0.14,0.1,-0.35,1759343180.2583344
-0.14,0.1,-0.35,1759343180.261155
-0.15,0.11,-0.35,1759343180.2643375
-0.15,0.11,-0.35,1759343180.2672367
-0.16,0.11,-0.35,1759343180.2700987
-0.17,0.11,-0.35,1759343180.2740102
-0.17,0.12,-0.35,1759343180.2779891
-0.18,0.12,-0.35,1759343180.2815816
-0.18,0.12,-0.35,1759343180.2843106
-0.19,0.13,-0.35,1759343180.2869885
-0.2,0.13,-0.35,1759343180.2902565
-0.2,0.13,-0.35,1759343180.2938018
-0.21,0.13,-0.35,1759343180.295764
-0.21,0.13,-0.35,1759343180.2988863
-0.21,0.14,-0.35,1759343180.3008482
-0.22,0.14,-0.35,1759343180.3037837
-0.22,0.14,-0.35,1759343180.3057632
-0.23,0.14,-0.35,1759343180.3087006
-0.23,0.15,-0.35,1759343180.3109906
-0.24,0.15,-0.35,1759343180.3132057
-0.24,0.15,-0.35,1759343180.315989
-0.25,0.15,-0.35,1759343180.319171
-0.25,0.16,-0.35,1759343180.322214
-0.26,0.16,-0.35,1759343180.3244407
-0.26,0.16,-0.35,1759343180.327603
-0.26,0.16,-0.35,1759343180.331704
-0.27,0.17,-0.35,1759343180.334375
-0.27,0.17,-0.35,1759343180.3372266
-0.28,0.17,-0.35,1759343180.3397825
-0.28,0.17,-0.35,1759343180.3417792
-0.28,0.18,-0.35,1759343180.343761
-0.29,0.18,-0.35,1759343180.3456447
-0.29,0.18,-0.35,1759343180.3492382
-0.29,0.18,-0.35,1759343180.3517098
-0.3,0.19,-0.35,1759343180.3542516
-0.3,0.19,-0.35,1759343180.356392
-0.3,0.19,-0.35,1759343180.3581529
-0.31,0.19,-0.35,1759343180.360258
-0.31,0.19,-0.35,1759343180.3679032
-0.31,0.2,-0.35,1759343180.369873
-0.32,0.2,-0.35,1759343180.3726487
-0.32,0.2,-0.35,1759343180.3746357
-0.32,0.2,-0.35,1759343180.376829
-0.32,0.2,-0.35,1759343180.3789148
-0.33,0.21,-0.35,1759343180.3819232
-0.33,0.21,-0.35,1759343180.383877
-0.33,0.21,-0.35,1759343180.386197
-0.33,0.21,-0.35,1759343180.3884966
-0.33,0.21,-0.35,1759343180.390344
-0.34,0.21,-0.35,1759343180.3925743
-0.34,0.21,-0.36,1759343180.3955686
-0.34,0.22,-0.36,1759343180.3979046
-0.34,0.22,-0.36,1759343180.399578
-0.34,0.22,-0.36,1759343180.402269
-0.34,0.22,-0.36,1759343180.4041023
-0.34,0.22,-0.36,1759343180.4065638
-0.34,0.22,-0.36,1759343180.40916
-0.34,0.22,-0.36,1759343180.4121842
-0.34,0.22,-0.36,1759343180.4147308
-0.34,0.22,-0.36,1759343180.417435
-0.35,0.22,-0.36,1759343180.41917
-0.35,0.22,-0.36,1759343180.4216535
-0.35,0.23,-0.36,1759343180.4251535
-0.35,0.23,-0.36,1759343180.428008
-0.35,0.23,-0.36,1759343180.4299395
-0.35,0.23,-0.36,1759343180.4325073
-0.35,0.23,-0.36,1759343180.434464
-0.34,0.23,-0.36,1759343180.4365654
-0.34,0.23,-0.36,1759343180.438869
-0.34,0.23,-0.36,1759343180.4406016
-0.34,0.23,-0.36,1759343180.4428265
-0.34,0.23,-0.36,1759343180.4446976
-0.34,0.23,-0.36,1759343180.4464483
-0.34,0.23,-0.36,1759343180.4490795
-0.34,0.23,-0.36,1759343180.4512978
-0.34,0.23,-0.36,1759343180.4538448
-0.34,0.23,-0.36,1759343180.4572787
-0.34,0.23,-0.36,1759343180.4604528
-0.34,0.22,-0.36,1759343180.4635005
-0.34,0.22,-0.36,1759343180.4671805
-0.34,0.22,-0.36,1759343180.4698167
-0.34,0.22,-0.36,1759343180.4722216
-0.33,0.22,-0.36,1759343180.4743755
-0.33,0.22,-0.36,1759343180.4771748
-0.33,0.22,-0.36,1759343180.4788556
-0.33,0.22,-0.36,1759343180.481095
-0.33,0.22,-0.36,1759343180.483341
-0.33,0.22,-0.36,1759343180.4859028
-0.33,0.22,-0.36,1759343180.489045
-0.32,0.22,-0.36,1759343180.4917593
-0.32,0.22,-0.36,1759343180.4947865
-0.32,0.22,-0.36,1759343180.4971678
-0.32,0.22,-0.36,1759343180.4992845
-0.32,0.22,-0.36,1759343180.5011494
-0.32,0.22,-0.36,1759343180.504769
-0.32,0.22,-0.36,1759343180.5075777
-0.31,0.22,-0.36,1759343180.5108757
-0.31,0.21,-0.36,1759343180.5140092
-0.31,0.21,-0.36,1759343180.5182188
-0.31,0.21,-0.36,1759343180.5211687
-0.31,0.21,-0.36,1759343180.5247433
-0.31,0.21,-0.36,1759343180.5280943
-0.3,0.21,-0.36,1759343180.5316734
-0.3,0.21,-0.36,1759343180.5345027
-0.3,0.21,-0.36,1759343180.5376203
-0.3,0.21,-0.36,1759343180.54128
-0.3,0.21,-0.36,1759343180.5449076
-0.29,0.2,-0.36,1759343180.547892
-0.29,0.2,-0.36,1759343180.5509038
-0.29,0.2,-0.36,1759343180.5539718
-0.29,0.2,-0.36,1759343180.5568492
-0.28,0.2,-0.36,1759343180.5610442
-0.28,0.2,-0.36,1759343180.5639982
-0.28,0.19,-0.36,1759343180.5667934
-0.28,0.19,-0.36,1759343180.569527
-0.28,0.19,-0.36,1759343180.5723412
-0.27,0.19,-0.36,1759343180.5752594
-0.27,0.19,-0.36,1759343180.5786624
-0.27,0.19,-0.36,1759343180.5831282
-0.27,0.18,-0.36,1759343180.5860813
-0.26,0.18,-0.36,1759343180.5889616
-0.26,0.18,-0.36,1759343180.5924263
-0.26,0.18,-0.36,1759343180.5954423
-0.26,0.18,-0.36,1759343180.598951
-0.25,0.18,-0.36,1759343180.6018846
-0.25,0.17,-0.36,1759343180.605598
-0.25,0.17,-0.36,1759343180.60921
-0.24,0.17,-0.36,1759343180.6122184
-0.24,0.17,-0.36,1759343180.615089
-0.24,0.17,-0.36,1759343180.617607
-0.24,0.17,-0.36,1759343180.6200364
-0.23,0.16,-0.36,1759343180.6228018
-0.23,0.16,-0.36,1759343180.625728
-0.23,0.16,-0.35,1759343180.6287875
-0.22,0.16,-0.35,1759343180.6333318
-0.22,0.16,-0.35,1759343180.63638
-0.22,0.16,-0.35,1759343180.638203
-0.21,0.16,-0.35,1759343180.640234
-0.21,0.15,-0.35,1759343180.642706
-0.21,0.15,-0.35,1759343180.6454337
-0.21,0.15,-0.35,1759343180.6473618
-0.2,0.15,-0.35,1759343180.6493225
-0.2,0.15,-0.35,1759343180.651266
-0.2,0.14,-0.35,1759343180.6560218
-0.19,0.14,-0.35,1759343180.659207
-0.19,0.14,-0.35,1759343180.6610231
-0.19,0.14,-0.35,1759343180.6636071
-0.19,0.14,-0.35,1759343180.6657708
-0.18,0.14,-0.35,1759343180.668363
-0.18,0.13,-0.34,1759343180.6706846
-0.18,0.13,-0.34,1759343180.673139
-0.17,0.13,-0.34,1759343180.6763537
-0.17,0.13,-0.34,1759343180.6788807
-0.17,0.13,-0.34,1759343180.681546
-0.17,0.13,-0.34,1759343180.683926
-0.16,0.13,-0.34,1759343180.6867669
-0.16,0.12,-0.34,1759343180.689227
-0.16,0.12,-0.34,1759343180.6918125
-0.15,0.12,-0.34,1759343180.6942692
-0.15,0.12,-0.34,1759343180.696786
-0.15,0.12,-0.34,1759343180.699134
-0.15,0.12,-0.34,1759343180.7015204
-0.14,0.12,-0.34,1759343180.7041762
-0.14,0.12,-0.33,1759343180.706039
-0.14,0.11,-0.33,1759343180.7083654
-0.14,0.11,-0.33,1759343180.710734
-0.13,0.11,-0.33,1759343180.7129283
-0.13,0.11,-0.33,1759343180.7148857
-0.13,0.11,-0.33,1759343180.717117
-0.12,0.11,-0.33,1759343180.71903
-0.12,0.11,-0.33,1759343180.7213492
-0.12,0.11,-0.33,1759343180.7232969
-0.12,0.11,-0.33,1759343180.7250266
-0.11,0.11,-0.33,1759343180.7271807
-0.11,0.1,-0.33,1759343180.7297826
-0.11,0.1,-0.33,1759343180.7320552
-0.11,0.1,-0.32,1759343180.735124
-0.1,0.1,-0.32,1759343180.7392054
-0.1,0.1,-0.32,1759343180.74255
-0.1,0.1,-0.32,1759343180.7452688
-0.1,0.1,-0.32,1759343180.748805
-0.09,0.1,-0.32,1759343180.751775
-0.09,0.1,-0.32,1759343180.75464
-0.09,0.1,-0.32,1759343180.7574697
-0.09,0.1,-0.32,1759343180.7601504
-0.08,0.1,-0.32,1759343180.7630231
-0.08,0.1,-0.32,1759343180.7656624
-0.08,0.1,-0.32,1759343180.7692666
-0.08,0.1,-0.31,1759343180.773847
-0.08,0.1,-0.31,1759343180.7768705
-0.07,0.1,-0.31,1759343180.7793117
-0.07,0.1,-0.31,1759343180.7819736
-0.07,0.1,-0.31,1759343180.7848277
-0.07,0.1,-0.31,1759343180.7872114
-0.07,0.1,-0.31,1759343180.7893744
-0.06,0.1,-0.31,1759343180.791911
-0.06,0.1,-0.31,1759343180.7941422
-0.06,0.1,-0.31,1759343180.7968051
-0.06,0.1,-0.31,1759343180.7989612
-0.06,0.1,-0.3,1759343180.8014348
-0.06,0.1,-0.3,1759343180.8039062
-0.05,0.1,-0.3,1759343180.8062036
-0.05,0.1,-0.3,1759343180.8083973
-0.05,0.1,-0.3,1759343180.8106427
-0.05,0.1,-0.3,1759343180.813191
-0.05,0.1,-0.3,1759343180.8166313
-0.05,0.1,-0.3,1759343180.819332
-0.04,0.1,-0.3,1759343180.82232
-0.04,0.1,-0.3,1759343180.8246012
-0.04,0.1,-0.3,1759343180.8272376
-0.04,0.1,-0.3,1759343180.8296752
-0.04,0.1,-0.29,1759343180.8323932
-0.04,0.1,-0.29,1759343180.8358543
-0.03,0.1,-0.29,1759343180.8386157
-0.03,0.1,-0.29,1759343180.8415818
-0.03,0.1,-0.29,1759343180.8442595
-0.03,0.1,-0.29,1759343180.847274
-0.03,0.1,-0.29,1759343180.8497343
-0.03,0.1,-0.29,1759343180.8523529
-0.03,0.1,-0.29,1759343180.854768
-0.03,0.11,-0.29,1759343180.857417
-0.02,0.11,-0.29,1759343180.8599217
-0.02,0.11,-0.29,1759343180.8623843
-0.02,0.11,-0.29,1759343180.865315
-0.02,0.11,-0.28,1759343180.8678482
-0.02,0.11,-0.28,1759343180.870056
-0.02,0.11,-0.28,1759343180.8730023
-0.02,0.11,-0.28,1759343180.8753555
-0.02,0.11,-0.28,1759343180.8783948
-0.02,0.11,-0.28,1759343180.8804548
-0.01,0.11,-0.28,1759343180.882703
-0.01,0.11,-0.28,1759343180.8860967
-0.01,0.11,-0.28,1759343180.8895912
-0.01,0.11,-0.28,1759343180.892176
-0.01,0.12,-0.28,1759343180.8952384
-0.01,0.12,-0.28,1759343180.898004
-0.01,0.12,-0.27,1759343180.9002838
-0.01,0.12,-0.27,1759343180.902734
-0.01,0.12,-0.27,1759343180.906221
-0.01,0.12,-0.27,1759343180.9083464
-0.01,0.12,-0.27,1759343180.9111586
-0.01,0.12,-0.27,1759343180.9136307
-0.01,0.12,-0.27,1759343180.916007
-0.01,0.12,-0.27,1759343180.9185965
-0.01,0.12,-0.27,1759343180.9213018
-0.0,0.13,-0.27,1759343180.923867
-0.0,0.13,-0.27,1759343180.9264383
-0.0,0.13,-0.27,1759343180.9290447
-0.0,0.13,-0.27,1759343180.9315667
-0.0,0.13,-0.27,1759343180.9343286
-0.0,0.13,-0.26,1759343180.9372337
-0.0,0.13,-0.26,1759343180.9393446
-0.0,0.13,-0.26,1759343180.942029
-0.0,0.13,-0.26,1759343180.945725
-0.0,0.14,-0.26,1759343180.948501
-0.0,0.14,-0.26,1759343180.9506147
-0.0,0.14,-0.26,1759343180.9535322
-0.0,0.14,-0.26,1759343180.9562416
-0.0,0.14,-0.26,1759343180.958857
-0.0,0.14,-0.26,1759343180.96098
-0.0,0.14,-0.26,1759343180.9636805
-0.0,0.14,-0.26,1759343180.9660854
-0.0,0.14,-0.26,1759343180.9689176
-0.0,0.15,-0.26,1759343180.9713454
-0.0,0.15,-0.26,1759343180.973941
-0.0,0.15,-0.26,1759343180.9763627
-0.0,0.15,-0.26,1759343180.9789226
-0.0,0.15,-0.25,1759343180.981025
-0.0,0.15,-0.25,1759343180.9847262
-0.0,0.15,-0.25,1759343180.987383
-0.0,0.15,-0.25,1759343180.9901588
-0.0,0.16,-0.25,1759343180.9926658
-0.0,0.16,-0.25,1759343180.994854
-0.0,0.16,-0.25,1759343180.9978647
-0.0,0.16,-0.25,1759343181.001129
-0.0,0.16,-0.25,1759343181.0040236
-0.0,0.16,-0.25,1759343181.006318
-0.0,0.16,-0.25,1759343181.0085728
-0.0,0.16,-0.25,1759343181.0109873
-0.0,0.17,-0.25,1759343181.0134394
-0.0,0.17,-0.25,1759343181.0156524
-0.0,0.17,-0.25,1759343181.0179825
-0.0,0.17,-0.25,1759343181.0205886
-0.0,0.17,-0.25,1759343181.0228891
-0.0,0.17,-0.25,1759343181.0248606
-0.0,0.17,-0.25,1759343181.0271378
-0.0,0.18,-0.25,1759343181.0296905
-0.0,0.18,-0.25,1759343181.03185
-0.0,0.18,-0.25,1759343181.0341942
-0.01,0.18,-0.25,1759343181.0364685
-0.01,0.18,-0.25,1759343181.0387533
-0.01,0.18,-0.25,1759343181.0410256
-0.01,0.18,-0.25,1759343181.043481
-0.01,0.19,-0.25,1759343181.045754
-0.01,0.19,-0.25,1759343181.0483155
-0.01,0.19,-0.25,1759343181.0502672
-0.01,0.19,-0.25,1759343181.0528889
-0.01,0.19,-0.25,1759343181.0547547
-0.01,0.19,-0.24,1759343181.0569437
-0.01,0.19,-0.24,1759343181.0592372
-0.01,0.19,-0.24,1759343181.0612264
-0.01,0.2,-0.24,1759343181.063741
-0.01,0.2,-0.24,1759343181.0659509
-0.01,0.2,-0.24,1759343181.067947
-0.01,0.2,-0.24,1759343181.070253
-0.01,0.2,-0.24,1759343181.07258
-0.01,0.2,-0.24,1759343181.0748038
-0.01,0.2,-0.24,1759343181.0770662
-0.01,0.2,-0.24,1759343181.079352
-0.01,0.2,-0.24,1759343181.0818732
-0.01,0.21,-0.24,1759343181.0841658
-0.01,0.21,-0.24,1759343181.0864162
-0.01,0.21,-0.24,1759343181.0886784
-0.01,0.21,-0.24,1759343181.090912
-0.01,0.21,-0.24,1759343181.093289
-0.01,0.21,-0.24,1759343181.0954535
-0.01,0.21,-0.24,1759343181.097664
-0.01,0.21,-0.24,1759343181.0995262
-0.02,0.21,-0.24,1759343181.101902
-0.02,0.21,-0.24,1759343181.1043572
-0.02,0.22,-0.24,1759343181.1061387
-0.02,0.22,-0.24,1759343181.1084352
-0.02,0.22,-0.24,1759343181.1110358
-0.02,0.22,-0.24,1759343181.1133454
-0.02,0.22,-0.24,1759343181.11593
-0.02,0.22,-0.24,1759343181.117948
-0.02,0.22,-0.24,1759343181.1202335
-0.02,0.22,-0.24,1759343181.1226325
-0.02,0.22,-0.24,1759343181.124904
-0.02,0.22,-0.24,1759343181.1271756
-0.02,0.22,-0.24,1759343181.12946
-0.02,0.22,-0.24,1759343181.131808
-0.02,0.22,-0.24,1759343181.1341164
-0.02,0.23,-0.24,1759343181.136474
-0.02,0.23,-0.24,1759343181.1387498
-0.02,0.23,-0.24,1759343181.141405
-0.02,0.23,-0.24,1759343181.1441288
-0.02,0.23,-0.24,1759343181.1465008
-0.02,0.23,-0.24,1759343181.148755
-0.02,0.23,-0.24,1759343181.1507614
-0.02,0.23,-0.24,1759343181.1531603
-0.02,0.23,-0.24,1759343181.1557417
-0.02,0.23,-0.24,1759343181.157715
-0.02,0.23,-0.24,1759343181.159996
-0.02,0.23,-0.24,1759343181.1622603
-0.02,0.23,-0.24,1759343181.164834
-0.02,0.23,-0.23,1759343181.167127
-0.02,0.24,-0.23,1759343181.1694105
-0.02,0.24,-0.23,1759343181.1718843
-0.02,0.24,-0.23,1759343181.1738615
-0.02,0.24,-0.23,1759343181.176163
-0.02,0.24,-0.23,1759343181.1784484
-0.02,0.24,-0.23,1759343181.1810217
-0.02,0.24,-0.23,1759343181.1833658
-0.02,0.24,-0.23,1759343181.1853518
-0.02,0.24,-0.23,1759343181.1879244
-0.02,0.24,-0.23,1759343181.190205
-0.02,0.24,-0.23,1759343181.1924713
-0.02,0.24,-0.23,1759343181.1947742
-0.02,0.24,-0.23,1759343181.1967735
-0.02,0.25,-0.23,1759343181.199037
-0.02,0.25,-0.23,1759343181.20141
-0.02,0.25,-0.23,1759343181.203759
-0.02,0.25,-0.23,1759343181.206046
-0.02,0.25,-0.23,1759343181.2086003
-0.02,0.25,-0.23,1759343181.2108452
-0.02,0.25,-0.23,1759343181.2134218
-0.02,0.25,-0.23,1759343181.2154012
-0.02,0.25,-0.23,1759343181.2179742
-0.02,0.25,-0.23,1759343181.2199748
-0.02,0.25,-0.23,1759343181.222233
-0.02,0.25,-0.23,1759343181.2244928
-0.02,0.25,-0.23,1759343181.2267597
-0.02,0.26,-0.23,1759343181.2290466
-0.02,0.26,-0.23,1759343181.2313497
-0.02,0.26,-0.23,1759343181.233807
-0.02,0.26,-0.23,1759343181.236068
-0.02,0.26,-0.23,1759343181.2383711
-0.02,0.26,-0.23,1759343181.240652
-0.02,0.26,-0.23,1759343181.243135
-0.02,0.26,-0.23,1759343181.2454207
-0.02,0.26,-0.23,1759343181.2477314
-0.02,0.26,-0.23,1759343181.2500162
-0.02,0.26,-0.23,1759343181.2523243
-0.02,0.26,-0.23,1759343181.254885
-0.02,0.26,-0.23,1759343181.2571309
-0.02,0.26,-0.23,1759343181.259391
-0.02,0.26,-0.23,1759343181.261366
-0.02,0.26,-0.23,1759343181.264022
-0.02,0.26,-0.23,1759343181.2660177
-0.02,0.26,-0.23,1759343181.2683058
-0.02,0.26,-0.23,1759343181.2705953
-0.02,0.26,-0.23,1759343181.273183
-0.02,0.26,-0.23,1759343181.2751791
-0.02,0.26,-0.23,1759343181.2774336
-0.02,0.26,-0.23,1759343181.2797372
-0.02,0.26,-0.23,1759343181.282133
-0.02,0.26,-0.23,1759343181.2844715
-0.02,0.26,-0.23,1759343181.286756
-0.02,0.26,-0.23,1759343181.2893238
-0.02,0.26,-0.23,1759343181.2913065
-0.02,0.26,-0.23,1759343181.2936394
-0.02,0.26,-0.23,1759343181.295919
-0.02,0.26,-0.23,1759343181.2981975
-0.02,0.26,-0.23,1759343181.3005586
-0.02,0.26,-0.23,1759343181.302854
-0.02,0.26,-0.23,1759343181.3054235
-0.02,0.26,-0.23,1759343181.307425
-0.02,0.26,-0.23,1759343181.3097012
-0.02,0.26,-0.23,1759343181.3119764
-0.02,0.26,-0.23,1759343181.3142984
-0.02,0.26,-0.23,1759343181.3165653
-0.02,0.26,-0.23,1759343181.3191366
-0.02,0.26,-0.23,1759343181.3211195
-0.02,0.26,-0.23,1759343181.3238437
-0.02,0.26,-0.23,1759343181.326119
-0.02,0.26,-0.23,1759343181.328411
-0.02,0.26,-0.23,1759343181.3307104
-0.02,0.26,-0.23,1759343181.3327408
-0.02,0.26,-0.23,1759343181.3350835
-0.02,0.26,-0.23,1759343181.3376603
-0.02,0.26,-0.23,1759343181.3396022
-0.02,0.26,-0.23,1759343181.342033
-0.02,0.26,-0.23,1759343181.3446193
-0.02,0.26,-0.23,1759343181.346841
-0.02,0.26,-0.22,1759343181.3490927
-0.02,0.26,-0.22,1759343181.3513775
-0.02,0.26,-0.22,1759343181.357438
-0.02,0.26,-0.22,1759343181.3597724
-0.02,0.26,-0.22,1759343181.3624115
-0.02,0.26,-0.22,1759343181.364688
-0.02,0.26,-0.22,1759343181.3669326
-0.02,0.26,-0.22,1759343181.3692236
-0.02,0.26,-0.22,1759343181.3714542
-0.01,0.26,-0.22,1759343181.3737552
-0.01,0.26,-0.22,1759343181.3756926
-0.01,0.26,-0.22,1759343181.3779137
-0.01,0.26,-0.22,1759343181.380158
-0.01,0.25,-0.22,1759343181.382432
-0.01,0.25,-0.22,1759343181.3847294
-0.01,0.25,-0.22,1759343181.387009
-0.01,0.25,-0.22,1759343181.389934
-0.01,0.25,-0.22,1759343181.392843
-0.01,0.25,-0.22,1759343181.3956492
-0.01,0.25,-0.22,1759343181.398456
-0.01,0.25,-0.22,1759343181.4015975
-0.01,0.25,-0.22,1759343181.403432
-0.01,0.25,-0.22,1759343181.4055169
-0.01,0.25,-0.22,1759343181.4080467
-0.01,0.25,-0.22,1759343181.4103563
-0.01,0.25,-0.22,1759343181.412376
-0.01,0.25,-0.22,1759343181.4142532
-0.01,0.25,-0.22,1759343181.417184
-0.01,0.25,-0.22,1759343181.4198215
-0.01,0.25,-0.22,1759343181.4218934
-0.01,0.25,-0.22,1759343181.4255955
-0.01,0.25,-0.22,1759343181.428282
-0.01,0.25,-0.22,1759343181.4310365
-0.01,0.25,-0.22,1759343181.433491
-0.01,0.25,-0.22,1759343181.436363
-0.01,0.25,-0.22,1759343181.4386387
-0.01,0.25,-0.22,1759343181.441331
-0.01,0.25,-0.22,1759343181.446524
-0.01,0.25,-0.22,1759343181.4482737
-0.01,0.25,-0.22,1759343181.4502716
-0.01,0.24,-0.22,1759343181.452782
-0.01,0.24,-0.22,1759343181.4543805
-0.01,0.24,-0.22,1759343181.4564342
-0.01,0.24,-0.22,1759343181.4598207
-0.01,0.24,-0.22,1759343181.4615667
-0.01,0.24,-0.22,1759343181.4644384
-0.01,0.24,-0.22,1759343181.4665737
-0.01,0.24,-0.22,1759343181.4686675
-0.01,0.24,-0.22,1759343181.470932
-0.01,0.24,-0.21,1759343181.4734576
-0.01,0.24,-0.21,1759343181.4752777
-0.01,0.24,-0.21,1759343181.477724
-0.01,0.24,-0.21,1759343181.4814355
-0.01,0.24,-0.21,1759343181.48319
-0.01,0.24,-0.21,1759343181.486683
-0.01,0.24,-0.21,1759343181.4889128
-0.01,0.24,-0.21,1759343181.491032
-0.01,0.24,-0.21,1759343181.492704
-0.01,0.24,-0.21,1759343181.494563
-0.01,0.24,-0.21,1759343181.4966447
-0.01,0.24,-0.21,1759343181.4989674
-0.01,0.24,-0.21,1759343181.500747
-0.01,0.24,-0.21,1759343181.5032942
-0.01,0.23,-0.21,1759343181.5053153
-0.01,0.23,-0.21,1759343181.5074694
-0.01,0.23,-0.21,1759343181.510334
-0.01,0.23,-0.21,1759343181.512377
-0.01,0.23,-0.21,1759343181.5144908
-0.01,0.23,-0.21,1759343181.5160837
-0.01,0.23,-0.21,1759343181.5183227
-0.01,0.23,-0.21,1759343181.5212677
-0.01,0.23,-0.21,1759343181.523508
-0.01,0.23,-0.21,1759343181.52562
-0.01,0.23,-0.21,1759343181.5277276
-0.01,0.23,-0.21,1759343181.5308847
-0.01,0.23,-0.21,1759343181.5335777
-0.01,0.23,-0.21,1759343181.5365329
-0.01,0.23,-0.21,1759343181.5393798
-0.01,0.23,-0.21,1759343181.5424063
-0.01,0.23,-0.21,1759343181.5448425
-0.01,0.23,-0.21,1759343181.5473752
-0.01,0.23,-0.21,1759343181.549813
-0.01,0.23,-0.21,1759343181.5516212
-0.01,0.23,-0.21,1759343181.553897
-0.01,0.23,-0.21,1759343181.5558677
-0.01,0.23,-0.21,1759343181.5579102
-0.01,0.23,-0.21,1759343181.559883
-0.01,0.23,-0.21,1759343181.5626252
-0.01,0.23,-0.21,1759343181.5666358
-0.01,0.23,-0.21,1759343181.569068
-0.01,0.23,-0.21,1759343181.5709016
-0.01,0.23,-0.21,1759343181.573721
-0.01,0.22,-0.21,1759343181.576548
-0.01,0.22,-0.21,1759343181.5787077
-0.01,0.22,-0.21,1759343181.581861
-0.01,0.22,-0.21,1759343181.5847225
-0.01,0.22,-0.21,1759343181.587536
-0.01,0.22,-0.21,1759343181.590083
-0.01,0.22,-0.21,1759343181.5923052
-0.01,0.22,-0.21,1759343181.5954452
-0.01,0.22,-0.21,1759343181.5973694
-0.01,0.22,-0.21,1759343181.599257
-0.01,0.22,-0.2,1759343181.602283
-0.01,0.22,-0.2,1759343181.6051142
-0.01,0.22,-0.2,1759343181.6081762
-0.01,0.22,-0.2,1759343181.61048
-0.01,0.22,-0.2,1759343181.6135082
-0.01,0.22,-0.2,1759343181.6157818
-0.01,0.22,-0.2,1759343181.6177857
-0.01,0.22,-0.2,1759343181.6202536
-0.01,0.22,-0.2,1759343181.6224043
-0.01,0.22,-0.2,1759343181.625142
-0.01,0.22,-0.2,1759343181.6270304
-0.01,0.22,-0.2,1759343181.6292052
-0.01,0.22,-0.2,1759343181.6322412
-0.01,0.22,-0.2,1759343181.634831
-0.01,0.22,-0.2,1759343181.6364453
-0.01,0.22,-0.2,1759343181.6393652
-0.01,0.22,-0.2,1759343181.641641
-0.01,0.22,-0.2,1759343181.644132
-0.01,0.22,-0.2,1759343181.6460507
-0.01,0.22,-0.2,1759343181.6481438
-0.01,0.22,-0.2,1759343181.6507237
-0.01,0.22,-0.2,1759343181.6531656
-0.01,0.22,-0.2,1759343181.655058
-0.01,0.22,-0.2,1759343181.6569717
-0.01,0.22,-0.2,1759343181.6589353
-0.01,0.22,-0.2,1759343181.6613212
-0.01,0.22,-0.2,1759343181.66335
-0.01,0.22,-0.2,1759343181.6664476
-0.01,0.22,-0.2,1759343181.6693597
-0.01,0.22,-0.2,1759343181.6709723
-0.01,0.22,-0.2,1759343181.6728609
-0.01,0.22,-0.2,1759343181.6747563
-0.01,0.22,-0.2,1759343181.6769118
-0.01,0.22,-0.2,1759343181.6793811
-0.01,0.22,-0.2,1759343181.6809824
-0.01,0.22,-0.2,1759343181.6831868
-0.01,0.22,-0.2,1759343181.6850622
-0.01,0.22,-0.2,1759343181.6872568
-0.01,0.22,-0.2,1759343181.688866
-0.01,0.22,-0.2,1759343181.6908526
-0.01,0.22,-0.2,1759343181.6933856
-0.01,0.22,-0.2,1759343181.6954093
-0.01,0.22,-0.2,1759343181.6972933
-0.01,0.22,-0.2,1759343181.6997952
-0.01,0.22,-0.2,1759343181.7019482
-0.01,0.22,-0.2,1759343181.7038877
-0.01,0.22,-0.2,1759343181.7060292
-0.01,0.22,-0.2,1759343181.7085829
-0.01,0.22,-0.2,1759343181.7115042
-0.01,0.22,-0.2,1759343181.7131193
-0.01,0.22,-0.2,1759343181.7149909
-0.01,0.22,-0.2,1759343181.7169747
-0.01,0.22,-0.2,1759343181.7191522
-0.01,0.22,-0.2,1759343181.7226503
-0.01,0.22,-0.2,1759343181.7242737
-0.01,0.22,-0.2,1759343181.7264936
-0.01,0.22,-0.2,1759343181.7294056
-0.01,0.22,-0.2,1759343181.7318847
-0.01,0.22,-0.2,1759343181.7337606
-0.01,0.22,-0.2,1759343181.7358887
-0.01,0.22,-0.2,1759343181.7377975
-0.01,0.22,-0.2,1759343181.7400095
-0.01,0.22,-0.2,1759343181.741747
-0.01,0.22,-0.2,1759343181.7443304
-0.01,0.22,-0.2,1759343181.7459517
-0.01,0.22,-0.2,1759343181.747828
-0.01,0.22,-0.2,1759343181.7497327
-0.01,0.22,-0.2,1759343181.7516844
-0.01,0.22,-0.2,1759343181.7535594
-0.01,0.22,-0.2,1759343181.755428
-0.01,0.22,-0.2,1759343181.7572966
-0.01,0.22,-0.2,1759343181.7591856
-0.01,0.22,-0.2,1759343181.7610772
-0.01,0.22,-0.2,1759343181.763226
-0.01,0.22,-0.2,1759343181.765169
-0.01,0.22,-0.2,1759343181.7670853
-0.01,0.22,-0.2,1759343181.7692492
-0.01,0.22,-0.2,1759343181.770845
-0.01,0.22,-0.2,1759343181.772931
-0.01,0.22,-0.2,1759343181.7748022
-0.01,0.22,-0.2,1759343181.77669
-0.01,0.22,-0.2,1759343181.778955
-0.01,0.22,-0.2,1759343181.780946
-0.01,0.22,-0.2,1759343181.7843728
-0.01,0.22,-0.2,1759343181.7868218
-0.01,0.22,-0.2,1759343181.7897584
-0.01,0.23,-0.2,1759343181.7923265
-0.01,0.23,-0.2,1759343181.7944608
-0.01,0.23,-0.2,1759343181.7969267
-0.01,0.23,-0.2,1759343181.8010309
-0.01,0.23,-0.2,1759343181.8036497
-0.01,0.23,-0.2,1759343181.806172
-0.01,0.23,-0.2,1759343181.8087332
-0.01,0.23,-0.2,1759343181.811782
-0.01,0.23,-0.2,1759343181.8139994
-0.01,0.23,-0.2,1759343181.8159745
-0.01,0.23,-0.2,1759343181.8188546
-0.01,0.23,-0.2,1759343181.820454
-0.01,0.23,-0.2,1759343181.8227563
-0.01,0.23,-0.2,1759343181.8247406
-0.01,0.23,-0.2,1759343181.826648
-0.01,0.23,-0.2,1759343181.8285348
-0.01,0.23,-0.2,1759343181.8304677
-0.01,0.23,-0.2,1759343181.8323572
-0.01,0.23,-0.2,1759343181.8343148
-0.01,0.23,-0.2,1759343181.8365088
-0.01,0.23,-0.2,1759343181.8381288
-0.01,0.23,-0.2,1759343181.8400657
-0.01,0.23,-0.2,1759343181.842388
-0.01,0.23,-0.2,1759343181.8457313
-0.01,0.23,-0.2,1759343181.8481648
-0.01,0.23,-0.2,1759343181.850701
-0.01,0.23,-0.2,1759343181.853617
-0.01,0.23,-0.2,1759343181.8562348
-0.01,0.23,-0.2,1759343181.859233
-0.01,0.23,-0.2,1759343181.8629527
-0.01,0.23,-0.2,1759343181.8654034
-0.01,0.23,-0.2,1759343181.8684456
-0.01,0.23,-0.2,1759343181.8708148
-0.01,0.23,-0.21,1759343181.8734152
-0.01,0.23,-0.21,1759343181.8766315
-0.01,0.23,-0.21,1759343181.8792958
-0.01,0.23,-0.21,1759343181.8818495
-0.01,0.23,-0.21,1759343181.884426
-0.01,0.23,-0.21,1759343181.888407
-0.01,0.23,-0.21,1759343181.8912127
-0.01,0.23,-0.21,1759343181.8943198
-0.01,0.23,-0.21,1759343181.8974445
-0.01,0.23,-0.21,1759343181.900756
-0.01,0.23,-0.21,1759343181.9041655
-0.01,0.23,-0.21,1759343181.9074397
-0.01,0.23,-0.21,1759343181.910543
-0.01,0.23,-0.21,1759343181.914427
-0.01,0.23,-0.21,1759343181.9174848
-0.01,0.23,-0.21,1759343181.921206
-0.01,0.23,-0.21,1759343181.9248366
-0.01,0.23,-0.21,1759343181.9286666
-0.01,0.23,-0.21,1759343181.9319055
-0.01,0.23,-0.21,1759343181.9353948
-0.01,0.23,-0.21,1759343181.9385464
-0.01,0.23,-0.21,1759343181.9411993
-0.01,0.23,-0.21,1759343181.9439654
-0.01,0.23,-0.21,1759343181.9465096
-0.01,0.23,-0.21,1759343181.9491932
-0.01,0.23,-0.21,1759343181.9519534
-0.01,0.23,-0.21,1759343181.9543731
-0.01,0.23,-0.21,1759343181.956742
-0.01,0.23,-0.21,1759343181.9591367
-0.01,0.23,-0.21,1759343181.9613726
-0.01,0.23,-0.21,1759343181.964117
-0.01,0.23,-0.21,1759343181.9668863
-0.01,0.23,-0.21,1759343181.9693894
-0.01,0.23,-0.21,1759343181.9721267
-0.01,0.23,-0.21,1759343181.9745507
-0.01,0.23,-0.21,1759343181.9772625
-0.01,0.23,-0.21,1759343181.9798284
-0.01,0.23,-0.21,1759343181.9825604
-0.01,0.23,-0.21,1759343181.985623
-0.01,0.23,-0.21,1759343181.9884124
-0.01,0.23,-0.21,1759343181.990797
-0.01,0.23,-0.21,1759343181.9938576
-0.01,0.23,-0.21,1759343181.9962244
-0.01,0.23,-0.21,1759343181.9989526
-0.01,0.23,-0.21,1759343182.001404
-0.01,0.23,-0.21,1759343182.004355
-0.01,0.23,-0.21,1759343182.0065365
-0.01,0.23,-0.21,1759343182.0089412
-0.01,0.23,-0.21,1759343182.0117042
-0.01,0.23,-0.21,1759343182.0141542
-0.01,0.23,-0.21,1759343182.0165875
-0.01,0.23,-0.21,1759343182.0191796
-0.01,0.23,-0.21,1759343182.0217664
-0.01,0.23,-0.21,1759343182.0243134
-0.01,0.23,-0.21,1759343182.0275767
-0.01,0.23,-0.21,1759343182.0308158
-0.01,0.23,-0.21,1759343182.0339622
-0.01,0.23,-0.21,1759343182.0369215
-0.01,0.23,-0.21,1759343182.040164
-0.01,0.23,-0.21,1759343182.0432186
-0.01,0.23,-0.21,1759343182.0462005
-0.01,0.23,-0.21,1759343182.0492723
-0.01,0.23,-0.21,1759343182.0522487
-0.01,0.23,-0.21,1759343182.055191
-0.01,0.23,-0.21,1759343182.058481
-0.01,0.23,-0.21,1759343182.061196
-0.01,0.23,-0.21,1759343182.063866
-0.01,0.23,-0.21,1759343182.066924
-0.01,0.23,-0.21,1759343182.0696735
-0.01,0.23,-0.21,1759343182.0727994
-0.01,0.23,-0.21,1759343182.0761962
-0.01,0.23,-0.21,1759343182.0788765
-0.01,0.23,-0.21,1759343182.081811
-0.01,0.23,-0.21,1759343182.0834413
-0.01,0.23,-0.21,1759343182.0854723
-0.01,0.23,-0.21,1759343182.0874505
-0.01,0.23,-0.21,1759343182.0894394
-0.01,0.23,-0.21,1759343182.0913825
-0.01,0.23,-0.21,1759343182.0951078
-0.01,0.23,-0.21,1759343182.0977166
-0.01,0.23,-0.21,1759343182.1003847
-0.01,0.23,-0.21,1759343182.1036625
-0.01,0.23,-0.21,1759343182.1063604
-0.01,0.23,-0.21,1759343182.1097517
-0.01,0.23,-0.21,1759343182.1128907
-0.01,0.23,-0.21,1759343182.115704
-0.01,0.23,-0.21,1759343182.1183877
-0.01,0.23,-0.21,1759343182.121202
-0.01,0.23,-0.21,1759343182.1245725
-0.01,0.23,-0.21,1759343182.1279726
-0.01,0.23,-0.21,1759343182.1305373
-0.01,0.23,-0.21,1759343182.1339808
-0.01,0.23,-0.21,1759343182.13667
-0.01,0.23,-0.21,1759343182.1398144
-0.01,0.23,-0.21,1759343182.142994
-0.01,0.23,-0.21,1759343182.146097
-0.01,0.23,-0.21,1759343182.1489778
-0.01,0.23,-0.21,1759343182.1524563
-0.01,0.23,-0.21,1759343182.1548142
-0.01,0.23,-0.21,1759343182.1578834
-0.01,0.23,-0.21,1759343182.160956
-0.01,0.23,-0.21,1759343182.164014
-0.01,0.23,-0.21,1759343182.1673813
-0.01,0.23,-0.21,1759343182.1704566
-0.01,0.23,-0.21,1759343182.1733518
-0.01,0.23,-0.21,1759343182.176089
-0.01,0.23,-0.21,1759343182.1790607
-0.01,0.23,-0.21,1759343182.182255
-0.01,0.23,-0.21,1759343182.1848907
-0.01,0.23,-0.21,1759343182.1876178
-0.01,0.23,-0.21,1759343182.1910632
-0.01,0.23,-0.21,1759343182.1929595
-0.01,0.23,-0.21,1759343182.1947353
-0.01,0.23,-0.21,1759343182.1965346
-0.01,0.23,-0.21,1759343182.1983504
-0.01,0.23,-0.21,1759343182.200457
-0.01,0.23,-0.21,1759343182.2023342
-0.01,0.23,-0.21,1759343182.2042203
-0.01,0.23,-0.21,1759343182.2062972
-0.01,0.23,-0.21,1759343182.2080414
-0.01,0.23,-0.21,1759343182.2098489
-0.01,0.23,-0.21,1759343182.2116723
-0.01,0.23,-0.21,1759343182.2141716
-0.01,0.23,-0.21,1759343182.2159042
-0.01,0.23,-0.21,1759343182.217651
-0.01,0.23,-0.21,1759343182.2197971
-0.01,0.23,-0.21,1759343182.221667
-0.01,0.23,-0.21,1759343182.2234535
-0.01,0.23,-0.21,1759343182.226394
-0.01,0.23,-0.21,1759343182.2286396
-0.01,0.23,-0.21,1759343182.230798
-0.01,0.23,-0.21,1759343182.233162
-0.01,0.23,-0.21,1759343182.2352753
-0.01,0.23,-0.21,1759343182.236982
-0.01,0.23,-0.21,1759343182.238694
-0.01,0.23,-0.21,1759343182.2405334
-0.01,0.23,-0.21,1759343182.2435484
-0.01,0.23,-0.21,1759343182.2459824
-0.01,0.23,-0.21,1759343182.2477975
-0.01,0.23,-0.21,1759343182.2498777
-0.01,0.23,-0.21,1759343182.252374
-0.01,0.23,-0.21,1759343182.2547154
-0.01,0.23,-0.21,1759343182.257137
-0.01,0.23,-0.21,1759343182.2588866
-0.01,0.23,-0.21,1759343182.260744
-0.01,0.23,-0.21,1759343182.262659
-0.01,0.23,-0.21,1759343182.2644837
-0.01,0.23,-0.21,1759343182.26737
-0.01,0.23,-0.21,1759343182.2700014
-0.01,0.23,-0.21,1759343182.272745
-0.01,0.23,-0.21,1759343182.2751946
-0.01,0.23,-0.21,1759343182.278031
-0.01,0.23,-0.21,1759343182.2808745
-0.01,0.23,-0.21,1759343182.2834558
-0.01,0.23,-0.21,1759343182.2859669
-0.01,0.23,-0.21,1759343182.2877133
-0.01,0.23,-0.21,1759343182.2894278
-0.01,0.23,-0.21,1759343182.2912154
-0.01,0.23,-0.21,1759343182.2937193
-0.01,0.23,-0.21,1759343182.2960055
-0.01,0.23,-0.21,1759343182.2982366
-0.01,0.23,-0.21,1759343182.300461
-0.01,0.23,-0.21,1759343182.3022125
-0.01,0.23,-0.21,1759343182.3039863
-0.01,0.23,-0.21,1759343182.3057103
-0.01,0.23,-0.21,1759343182.3075604
-0.01,0.23,-0.21,1759343182.3094115
-0.01,0.23,-0.21,1759343182.3112736
-0.01,0.23,-0.21,1759343182.3132904
-0.01,0.23,-0.21,1759343182.3152206
-0.01,0.23,-0.21,1759343182.3169258
-0.01,0.23,-0.21,1759343182.319258
-0.01,0.23,-0.21,1759343182.322153
-0.01,0.23,-0.21,1759343182.3242865
-0.01,0.23,-0.21,1759343182.3260148
-0.01,0.23,-0.21,1759343182.3279529
-0.01,0.23,-0.21,1759343182.3298943
-0.01,0.23,-0.21,1759343182.3319104
-0.01,0.23,-0.21,1759343182.3338134
-0.01,0.23,-0.21,1759343182.33578
-0.01,0.23,-0.21,1759343182.3377314
-0.01,0.23,-0.21,1759343182.3396916
-0.01,0.23,-0.21,1759343182.3419204
-0.01,0.23,-0.21,1759343182.3436306
-0.01,0.23,-0.21,1759343182.345605
-0.01,0.23,-0.21,1759343182.347538
-0.01,0.23,-0.21,1759343182.349506
-0.01,0.23,-0.21,1759343182.351521
-0.01,0.23,-0.21,1759343182.353414
-0.01,0.23,-0.21,1759343182.3553832
-0.01,0.23,-0.21,1759343182.3578458
-0.01,0.23,-0.21,1759343182.360326
-0.01,0.23,-0.21,1759343182.362656
-0.01,0.23,-0.21,1759343182.364429
-0.01,0.23,-0.21,1759343182.3667026
-0.01,0.23,-0.21,1759343182.36842
-0.01,0.23,-0.21,1759343182.3701448
-0.01,0.23,-0.21,1759343182.3718903
-0.01,0.23,-0.21,1759343182.3735907
-0.01,0.23,-0.21,1759343182.375299
-0.01,0.23,-0.21,1759343182.3775008
-0.01,0.23,-0.21,1759343182.37927
-0.01,0.23,-0.21,1759343182.380983
-0.01,0.23,-0.21,1759343182.383189
-0.01,0.23,-0.21,1759343182.3859563
-0.01,0.23,-0.21,1759343182.3879876
-0.01,0.23,-0.21,1759343182.389861
-0.01,0.23,-0.21,1759343182.3920157
-0.01,0.23,-0.21,1759343182.3937635
-0.01,0.23,-0.21,1759343182.39547
-0.01,0.23,-0.21,1759343182.3978174
-0.01,0.23,-0.21,1759343182.400601
-0.01,0.23,-0.21,1759343182.402387
-0.01,0.23,-0.21,1759343182.4047987
-0.01,0.23,-0.21,1759343182.4070437
-0.01,0.23,-0.21,1759343182.4092472
-0.01,0.23,-0.21,1759343182.4113991
-0.01,0.23,-0.21,1759343182.4144263
-0.01,0.23,-0.21,1759343182.4167852
-0.01,0.23,-0.21,1759343182.419087
-0.01,0.23,-0.21,1759343182.4209664
-0.01,0.23,-0.21,1759343182.423875
-0.01,0.23,-0.21,1759343182.4260228
-0.01,0.23,-0.21,1759343182.4278078
-0.01,0.23,-0.21,1759343182.4295058
-0.01,0.23,-0.21,1759343182.431368
-0.01,0.23,-0.21,1759343182.433142
-0.01,0.23,-0.21,1759343182.4348445
-0.01,0.23,-0.21,1759343182.436711
-0.01,0.23,-0.21,1759343182.4386358
-0.01,0.23,-0.21,1759343182.4405885
-0.01,0.23,-0.21,1759343182.442813
-0.01,0.23,-0.21,1759343182.44455
-0.01,0.23,-0.21,1759343182.4464557
-0.01,0.23,-0.21,1759343182.4484649
-0.01,0.23,-0.21,1759343182.4504912
-0.01,0.23,-0.21,1759343182.4525118
-0.01,0.23,-0.21,1759343182.454497
-0.01,0.23,-0.21,1759343182.456337
-0.01,0.23,-0.21,1759343182.4587076
-0.01,0.23,-0.21,1759343182.460531
-0.01,0.23,-0.21,1759343182.462849
-0.01,0.23,-0.21,1759343182.4653754
-0.01,0.23,-0.21,1759343182.4675324
-0.01,0.23,-0.21,1759343182.4708116
-0.01,0.23,-0.21,1759343182.473766
-0.01,0.23,-0.21,1759343182.4763544
-0.01,0.23,-0.21,1759343182.4785397
-0.01,0.23,-0.21,1759343182.480985
-0.01,0.23,-0.21,1759343182.483464
-0.01,0.23,-0.21,1759343182.4857154
-0.01,0.23,-0.21,1759343182.488211
-0.01,0.23,-0.21,1759343182.4903622
-0.01,0.23,-0.21,1759343182.4929416
-0.01,0.23,-0.21,1759343182.4951737
-0.01,0.23,-0.21,1759343182.497678
-0.01,0.23,-0.21,1759343182.4998746
-0.01,0.23,-0.21,1759343182.5022874
-0.01,0.23,-0.21,1759343182.5049117
-0.01,0.23,-0.21,1759343182.5072012
-0.01,0.23,-0.21,1759343182.5098834
-0.01,0.23,-0.21,1759343182.5127068
-0.01,0.23,-0.21,1759343182.51552
-0.01,0.23,-0.21,1759343182.518234
-0.01,0.23,-0.21,1759343182.521318
-0.01,0.23,-0.21,1759343182.523449
-0.01,0.23,-0.21,1759343182.5266275
-0.01,0.23,-0.21,1759343182.5291004
-0.01,0.23,-0.21,1759343182.5319374
-0.01,0.23,-0.21,1759343182.5338876
-0.01,0.23,-0.21,1759343182.536321
-0.01,0.23,-0.21,1759343182.538766
-0.01,0.23,-0.21,1759343182.541006
-0.01,0.23,-0.21,1759343182.5438378
-0.01,0.23,-0.21,1759343182.5459692
-0.01,0.23,-0.21,1759343182.5490236
-0.01,0.23,-0.21,1759343182.5509796
-0.01,0.23,-0.21,1759343182.5530686
-0.01,0.23,-0.21,1759343182.554921
-0.01,0.23,-0.21,1759343182.5567842
-0.01,0.23,-0.21,1759343182.558936
-0.01,0.23,-0.21,1759343182.5610752
-0.01,0.23,-0.21,1759343182.563024
-0.01,0.23,-0.21,1759343182.5649216
-0.01,0.23,-0.21,1759343182.567062
-0.01,0.23,-0.21,1759343182.5689142
-0.01,0.23,-0.21,1759343182.571455
-0.01,0.23,-0.21,1759343182.5745258
-0.01,0.23,-0.21,1759343182.5766375
-0.01,0.23,-0.21,1759343182.5784712
-0.01,0.23,-0.21,1759343182.580307
-0.01,0.23,-0.21,1759343182.5827
-0.01,0.23,-0.21,1759343182.5848434
-0.01,0.23,-0.21,1759343182.5876546
-0.01,0.23,-0.21,1759343182.5909688
-0.01,0.23,-0.21,1759343182.5936868
-0.01,0.23,-0.21,1759343182.5960886
-0.01,0.23,-0.21,1759343182.5983725
-0.01,0.23,-0.21,1759343182.600812
-0.01,0.23,-0.21,1759343182.6032295
-0.01,0.23,-0.21,1759343182.60554
-0.01,0.23,-0.21,1759343182.6075797
-0.01,0.23,-0.21,1759343182.610077
-0.01,0.23,-0.21,1759343182.6133668
-0.01,0.23,-0.21,1759343182.615684
-0.01,0.23,-0.21,1759343182.6180537
-0.01,0.23,-0.21,1759343182.6198006
-0.01,0.23,-0.21,1759343182.622325
-0.01,0.23,-0.21,1759343182.6240206
-0.01,0.23,-0.21,1759343182.6265595
-0.01,0.23,-0.21,1759343182.6286888
-0.01,0.23,-0.21,1759343182.6304207
-0.01,0.23,-0.21,1759343182.6328392
-0.01,0.23,-0.21,1759343182.6355443
-0.01,0.23,-0.21,1759343182.6379397
-0.01,0.23,-0.21,1759343182.6403754
-0.01,0.23,-0.21,1759343182.6426508
-0.01,0.23,-0.21,1759343182.645541
-0.01,0.23,-0.21,1759343182.6486678
-0.01,0.23,-0.21,1759343182.650346
-0.01,0.23,-0.21,1759343182.6521378
-0.01,0.23,-0.21,1759343182.6538527
-0.01,0.23,-0.21,1759343182.656283
-0.01,0.23,-0.21,1759343182.6580553
-0.01,0.23,-0.21,1759343182.6604474
-0.01,0.23,-0.21,1759343182.6624162
-0.01,0.23,-0.21,1759343182.6647456
-0.01,0.23,-0.21,1759343182.6668766
-0.01,0.23,-0.21,1759343182.6695302
-0.01,0.23,-0.21,1759343182.6720607
-0.01,0.23,-0.21,1759343182.6748145
-0.01,0.23,-0.21,1759343182.677031
-0.01,0.23,-0.21,1759343182.6788044
-0.01,0.23,-0.21,1759343182.681002
-0.01,0.23,-0.21,1759343182.6829202
-0.01,0.23,-0.21,1759343182.6850624
-0.01,0.23,-0.21,1759343182.686816
-0.01,0.23,-0.21,1759343182.6894825
-0.01,0.23,-0.21,1759343182.6929314
-0.01,0.23,-0.21,1759343182.6953268
-0.01,0.23,-0.21,1759343182.6971428
-0.01,0.23,-0.21,1759343182.6987257
-0.01,0.23,-0.21,1759343182.7012253
-0.01,0.23,-0.21,1759343182.7035642
-0.01,0.23,-0.21,1759343182.705773
-0.01,0.23,-0.21,1759343182.7099168
-0.01,0.23,-0.21,1759343182.7118733
-0.01,0.23,-0.21,1759343182.714338
-0.01,0.23,-0.21,1759343182.7167928
-0.01,0.23,-0.21,1759343182.7193472
-0.01,0.23,-0.21,1759343182.7210207
-0.01,0.23,-0.21,1759343182.7236378
-0.01,0.23,-0.21,1759343182.7263124
-0.01,0.23,-0.21,1759343182.7286506
-0.01,0.23,-0.21,1759343182.7308457
-0.01,0.23,-0.21,1759343182.7342412
-0.01,0.23,-0.21,1759343182.7367225
-0.01,0.23,-0.21,1759343182.739184
-0.01,0.23,-0.21,1759343182.7418742
-0.01,0.23,-0.21,1759343182.7449968
-0.01,0.23,-0.21,1759343182.7480433
-0.01,0.23,-0.21,1759343182.751022
-0.01,0.23,-0.21,1759343182.753702
-0.01,0.23,-0.21,1759343182.7559276
-0.01,0.23,-0.21,1759343182.758152
-0.01,0.23,-0.21,1759343182.7604845
-0.01,0.23,-0.21,1759343182.7643154
-0.01,0.23,-0.21,1759343182.766809
-0.01,0.23,-0.21,1759343182.7691123
-0.01,0.23,-0.21,1759343182.7712846
-0.01,0.23,-0.21,1759343182.7734053
-0.01,0.23,-0.21,1759343182.775129
-0.01,0.23,-0.21,1759343182.7768526
-0.01,0.23,-0.21,1759343182.7785602
-0.01,0.23,-0.21,1759343182.7800872
-0.01,0.23,-0.21,1759343182.782756
-0.01,0.23,-0.21,1759343182.784752
-0.01,0.23,-0.21,1759343182.7871835
-0.01,0.23,-0.21,1759343182.7896156
-0.01,0.23,-0.21,1759343182.7920926
-0.01,0.23,-0.21,1759343182.7941377
-0.01,0.23,-0.21,1759343182.79582
-0.01,0.23,-0.21,1759343182.7978392
-0.01,0.23,-0.21,1759343182.7998166
-0.01,0.23,-0.21,1759343182.8023052
-0.01,0.23,-0.21,1759343182.804015
-0.01,0.23,-0.21,1759343182.8056586
-0.01,0.23,-0.21,1759343182.8078506
-0.01,0.23,-0.21,1759343182.8099222
-0.01,0.23,-0.21,1759343182.811919
-0.01,0.23,-0.21,1759343182.813578
-0.01,0.23,-0.21,1759343182.8155942
-0.01,0.23,-0.21,1759343182.8178344
-0.01,0.23,-0.21,1759343182.8199303
-0.01,0.23,-0.21,1759343182.8229957
-0.01,0.23,-0.21,1759343182.8259065
-0.01,0.23,-0.21,1759343182.827902
-0.01,0.23,-0.21,1759343182.8296466
-0.01,0.23,-0.21,1759343182.8320365
-0.01,0.23,-0.21,1759343182.8339772
-0.01,0.23,-0.21,1759343182.8357396
-0.01,0.23,-0.21,1759343182.8380032
-0.01,0.23,-0.21,1759343182.8397596
-0.01,0.23,-0.21,1759343182.8416224
-0.01,0.23,-0.21,1759343182.8432302
-0.01,0.23,-0.21,1759343182.8454711
-0.01,0.23,-0.21,1759343182.8476515
-0.01,0.23,-0.21,1759343182.8503046
-0.01,0.23,-0.21,1759343182.8522258
-0.01,0.23,-0.21,1759343182.8539605
-0.01,0.23,-0.21,1759343182.8560224
-0.01,0.23,-0.21,1759343182.8576238
-0.01,0.23,-0.21,1759343182.8593106
-0.01,0.23,-0.21,1759343182.861137
-0.01,0.23,-0.21,1759343182.8639722
-0.01,0.23,-0.21,1759343182.8676624
-0.01,0.23,-0.21,1759343182.869835
-0.01,0.23,-0.21,1759343182.8730168
-0.01,0.23,-0.21,1759343182.875348
-0.01,0.23,-0.21,1759343182.877577
-0.01,0.23,-0.21,1759343182.8799565
-0.01,0.23,-0.21,1759343182.8819084
-0.01,0.23,-0.21,1759343182.8854678
-0.01,0.23,-0.21,1759343182.88807
-0.01,0.23,-0.21,1759343182.8898451
-0.01,0.23,-0.21,1759343182.8928638
