roll,pitch,yaw,timestamp
0.06,-0.1,-1.14,1758762174.845616
0.06,-0.1,-1.14,1758762174.8493116
0.06,-0.1,-1.14,1758762174.8538663
0.06,-0.1,-1.14,1758762174.86329
0.06,-0.1,-1.14,1758762174.872995
0.06,-0.1,-1.14,1758762174.8795278
0.06,-0.1,-1.14,1758762174.8877287
0.06,-0.1,-1.14,1758762174.8900723
0.06,-0.1,-1.14,1758762174.893123
0.06,-0.1,-1.14,1758762174.9095647
0.06,-0.1,-1.14,1758762174.914952
0.06,-0.1,-1.14,1758762174.9197116
0.06,-0.1,-1.14,1758762174.9229984
0.06,-0.1,-1.14,1758762174.9280074
0.06,-0.1,-1.14,1758762174.9318137
0.06,-0.1,-1.14,1758762174.940399
0.06,-0.1,-1.14,1758762174.9442155
0.06,-0.1,-1.14,1758762174.9527507
0.06,-0.1,-1.14,1758762174.9611456
0.06,-0.1,-1.14,1758762174.9689467
0.06,-0.1,-1.14,1758762174.9847436
0.06,-0.1,-1.14,1758762174.993886
0.06,-0.1,-1.14,1758762175.0015388
0.06,-0.1,-1.14,1758762175.003941
0.06,-0.1,-1.14,1758762175.0061116
0.06,-0.1,-1.14,1758762175.0121267
0.06,-0.1,-1.14,1758762175.0289395
0.06,-0.1,-1.14,1758762175.034478
0.06,-0.1,-1.14,1758762175.0380754
0.06,-0.1,-1.14,1758762175.0458524
0.06,-0.1,-1.14,1758762175.050294
0.06,-0.1,-1.14,1758762175.0561109
0.06,-0.1,-1.14,1758762175.0639772
0.06,-0.1,-1.14,1758762175.0700605
0.06,-0.1,-1.14,1758762175.0770278
0.06,-0.1,-1.14,1758762175.0802586
0.06,-0.1,-1.14,1758762175.095882
0.06,-0.1,-1.14,1758762175.1054015
0.06,-0.1,-1.14,1758762175.1131864
0.06,-0.1,-1.14,1758762175.120146
0.06,-0.1,-1.14,1758762175.1290898
0.06,-0.1,-1.14,1758762175.1390553
0.06,-0.1,-1.14,1758762175.1481557
0.06,-0.1,-1.14,1758762175.153765
0.06,-0.1,-1.14,1758762175.1663125
0.06,-0.1,-1.14,1758762175.176509
0.06,-0.1,-1.14,1758762175.1852093
0.06,-0.1,-1.14,1758762175.19493
0.06,-0.1,-1.14,1758762175.2001095
0.06,-0.1,-1.14,1758762175.2086272
0.06,-0.1,-1.14,1758762175.2171323
0.06,-0.1,-1.14,1758762175.2197702
0.06,-0.1,-1.14,1758762175.2241085
0.06,-0.1,-1.14,1758762175.228271
0.06,-0.1,-1.14,1758762175.231684
0.06,-0.1,-1.14,1758762175.2366612
0.06,-0.1,-1.14,1758762175.2456155
0.06,-0.1,-1.14,1758762175.2502944
0.06,-0.1,-1.14,1758762175.2549372
0.06,-0.1,-1.14,1758762175.2630298
0.06,-0.1,-1.14,1758762175.2705762
0.06,-0.1,-1.14,1758762175.27808
0.06,-0.1,-1.14,1758762175.285293
0.06,-0.1,-1.14,1758762175.2898896
0.06,-0.1,-1.14,1758762175.2953184
0.06,-0.1,-1.14,1758762175.3030598
0.06,-0.1,-1.14,1758762175.307717
0.06,-0.1,-1.14,1758762175.3157992
0.05,-0.1,-1.14,1758762175.3217216
0.05,-0.1,-1.14,1758762175.3276615
0.05,-0.1,-1.14,1758762175.3342502
0.05,-0.1,-1.14,1758762175.3396344
0.05,-0.1,-1.14,1758762175.3441918
0.05,-0.1,-1.14,1758762175.349232
0.06,-0.1,-1.14,1758762175.3559155
0.06,-0.1,-1.14,1758762175.3604767
0.06,-0.1,-1.14,1758762175.3658323
0.06,-0.09,-1.14,1758762175.375854
0.06,-0.08,-1.14,1758762175.3815994
0.06,-0.08,-1.14,1758762175.3879726
0.06,-0.08,-1.14,1758762175.393049
0.06,-0.08,-1.14,1758762175.398764
0.06,-0.08,-1.14,1758762175.403266
0.07,-0.08,-1.14,1758762175.4084666
0.06,-0.07,-1.14,1758762175.4136689
0.06,-0.07,-1.14,1758762175.421898
0.07,-0.07,-1.14,1758762175.427324
0.07,-0.07,-1.14,1758762175.4316945
0.07,-0.07,-1.14,1758762175.436242
0.07,-0.06,-1.14,1758762175.4405298
0.07,-0.06,-1.14,1758762175.4464447
0.07,-0.06,-1.14,1758762175.44874
0.08,-0.05,-1.14,1758762175.4512231
0.08,-0.05,-1.14,1758762175.4544594
0.08,-0.05,-1.14,1758762175.4581664
0.08,-0.05,-1.14,1758762175.4607725
0.08,-0.05,-1.14,1758762175.4634986
0.09,-0.04,-1.14,1758762175.4676442
0.09,-0.04,-1.14,1758762175.471183
0.1,-0.03,-1.14,1758762175.4739134
0.1,-0.03,-1.14,1758762175.4801338
0.1,-0.03,-1.14,1758762175.48324
0.11,-0.03,-1.14,1758762175.487299
0.11,-0.03,-1.14,1758762175.489843
0.11,-0.02,-1.14,1758762175.4938805
0.12,-0.02,-1.14,1758762175.497264
0.12,-0.03,-1.14,1758762175.500221
0.12,-0.02,-1.14,1758762175.501994
0.12,-0.02,-1.14,1758762175.506446
0.13,-0.02,-1.14,1758762175.5107806
0.13,-0.02,-1.14,1758762175.5135746
0.13,-0.01,-1.14,1758762175.5166748
0.13,-0.01,-1.14,1758762175.519167
0.13,-0.01,-1.14,1758762175.522258
0.14,-0.01,-1.14,1758762175.5241086
0.14,-0.0,-1.14,1758762175.5264487
0.14,-0.0,-1.14,1758762175.528751
0.14,-0.0,-1.14,1758762175.532147
0.15,0.0,-1.14,1758762175.5340962
0.15,0.01,-1.14,1758762175.5368917
0.15,0.0,-1.14,1758762175.538833
0.15,0.01,-1.14,1758762175.5410311
0.15,0.01,-1.14,1758762175.5428631
0.15,0.01,-1.14,1758762175.5452003
0.16,0.01,-1.14,1758762175.547649
0.16,0.01,-1.14,1758762175.5498652
0.16,0.01,-1.14,1758762175.5521746
0.16,0.01,-1.14,1758762175.5547342
0.17,0.01,-1.14,1758762175.5565956
0.16,0.01,-1.15,1758762175.5587857
0.16,0.01,-1.15,1758762175.5610037
0.16,0.02,-1.14,1758762175.563049
0.16,0.02,-1.14,1758762175.5650346
0.16,0.03,-1.14,1758762175.568434
0.16,0.02,-1.15,1758762175.571328
0.16,0.03,-1.15,1758762175.576116
0.15,0.03,-1.15,1758762175.5793705
0.15,0.03,-1.15,1758762175.583958
0.15,0.03,-1.15,1758762175.5859604
0.14,0.03,-1.15,1758762175.5880315
0.13,0.03,-1.15,1758762175.5903718
0.14,0.03,-1.15,1758762175.5924287
0.15,0.03,-1.15,1758762175.5950413
0.15,0.03,-1.15,1758762175.5967011
0.14,0.03,-1.15,1758762175.599363
0.14,0.02,-1.15,1758762175.6010933
0.14,0.02,-1.15,1758762175.603974
0.14,0.02,-1.15,1758762175.6058552
0.15,0.02,-1.15,1758762175.6079824
0.15,0.02,-1.15,1758762175.609831
0.15,0.02,-1.15,1758762175.6120622
0.15,0.02,-1.15,1758762175.6148317
0.14,0.02,-1.15,1758762175.617309
0.14,0.03,-1.15,1758762175.6204257
0.13,0.03,-1.15,1758762175.6229424
0.13,0.04,-1.15,1758762175.6248198
0.12,0.03,-1.15,1758762175.62763
0.12,0.03,-1.15,1758762175.6297388
0.11,0.03,-1.15,1758762175.63224
0.11,0.04,-1.15,1758762175.6345649
0.11,0.03,-1.15,1758762175.6368008
0.11,0.03,-1.15,1758762175.6386952
0.12,0.04,-1.15,1758762175.641049
0.11,0.04,-1.15,1758762175.6454942
0.11,0.03,-1.15,1758762175.6479218
0.11,0.04,-1.15,1758762175.6499958
0.11,0.05,-1.15,1758762175.6524725
0.12,0.05,-1.15,1758762175.6550877
0.12,0.04,-1.15,1758762175.6571052
0.12,0.03,-1.16,1758762175.6596162
0.13,0.03,-1.16,1758762175.6617258
0.13,0.03,-1.16,1758762175.6643083
0.12,0.04,-1.16,1758762175.6681025
0.13,0.03,-1.16,1758762175.6710794
0.12,0.03,-1.16,1758762175.6747177
0.12,0.03,-1.16,1758762175.678199
0.12,0.04,-1.16,1758762175.6871111
0.12,0.04,-1.16,1758762175.6974652
0.12,0.04,-1.16,1758762175.7022555
0.12,0.04,-1.16,1758762175.713038
0.12,0.04,-1.16,1758762175.7185297
0.12,0.04,-1.16,1758762175.7245831
0.13,0.04,-1.16,1758762175.728495
0.13,0.05,-1.16,1758762175.7320771
0.12,0.04,-1.16,1758762175.7374218
0.12,0.04,-1.16,1758762175.750527
0.12,0.04,-1.16,1758762175.7556396
0.12,0.04,-1.16,1758762175.760853
0.12,0.05,-1.16,1758762175.768344
0.12,0.05,-1.16,1758762175.7739336
0.12,0.05,-1.16,1758762175.7772307
0.12,0.05,-1.16,1758762175.782044
0.12,0.05,-1.16,1758762175.7866795
0.13,0.05,-1.16,1758762175.7911422
0.13,0.05,-1.16,1758762175.7959335
0.13,0.06,-1.16,1758762175.8018992
0.13,0.06,-1.15,1758762175.806762
0.13,0.06,-1.15,1758762175.8154016
0.12,0.07,-1.15,1758762175.8234787
0.12,0.06,-1.15,1758762175.8299963
0.12,0.06,-1.15,1758762175.8359373
0.12,0.06,-1.15,1758762175.844796
0.11,0.06,-1.15,1758762175.8479817
0.11,0.06,-1.15,1758762175.8540933
0.11,0.06,-1.15,1758762175.858529
0.11,0.06,-1.15,1758762175.8658516
0.11,0.06,-1.15,1758762175.8724377
0.11,0.06,-1.15,1758762175.876127
0.1,0.06,-1.15,1758762175.8797038
0.1,0.06,-1.15,1758762175.8864548
0.1,0.06,-1.15,1758762175.8912385
0.09,0.06,-1.15,1758762175.8943665
0.1,0.06,-1.15,1758762175.897872
0.1,0.06,-1.15,1758762175.900998
0.1,0.06,-1.15,1758762175.9041965
0.09,0.06,-1.15,1758762175.9098463
0.09,0.06,-1.15,1758762175.913879
0.09,0.06,-1.15,1758762175.9170609
0.09,0.06,-1.15,1758762175.9201238
0.09,0.06,-1.15,1758762175.9230075
0.09,0.06,-1.15,1758762175.926007
0.09,0.06,-1.15,1758762175.9307256
0.09,0.06,-1.15,1758762175.9342294
0.09,0.07,-1.15,1758762175.9368055
0.09,0.07,-1.15,1758762175.939154
0.08,0.07,-1.15,1758762175.941193
0.09,0.08,-1.15,1758762175.9433131
0.09,0.07,-1.15,1758762175.9457498
0.09,0.07,-1.15,1758762175.9494426
0.08,0.06,-1.15,1758762175.9515402
0.08,0.06,-1.15,1758762175.9536347
0.08,0.06,-1.15,1758762175.9557738
0.08,0.05,-1.15,1758762175.9584708
0.08,0.05,-1.15,1758762175.9625998
0.08,0.04,-1.15,1758762175.9656832
0.08,0.04,-1.15,1758762175.967903
0.07,0.04,-1.15,1758762175.9702911
0.07,0.04,-1.15,1758762175.9720156
0.07,0.03,-1.15,1758762175.9743783
0.07,0.03,-1.15,1758762175.976398
0.07,0.03,-1.15,1758762175.979459
0.07,0.04,-1.15,1758762175.984764
0.07,0.04,-1.15,1758762175.9884157
0.07,0.04,-1.15,1758762175.9943
0.06,0.04,-1.15,1758762176.0028968
0.06,0.03,-1.15,1758762176.0064974
0.06,0.03,-1.15,1758762176.0108368
0.06,0.02,-1.15,1758762176.0163288
0.06,0.02,-1.15,1758762176.0198698
0.06,0.02,-1.15,1758762176.0258892
0.06,0.02,-1.15,1758762176.0332215
0.06,0.01,-1.15,1758762176.0373468
0.06,0.01,-1.15,1758762176.0412152
0.06,0.01,-1.15,1758762176.0470717
0.06,0.01,-1.15,1758762176.0493948
0.06,0.02,-1.15,1758762176.051562
0.06,0.02,-1.15,1758762176.053409
0.06,0.01,-1.15,1758762176.0555248
0.06,0.01,-1.15,1758762176.057731
0.06,0.01,-1.15,1758762176.0607874
0.06,0.0,-1.15,1758762176.062769
0.06,0.01,-1.15,1758762176.0651517
0.06,0.01,-1.15,1758762176.069321
0.07,0.01,-1.15,1758762176.0716124
0.06,0.0,-1.15,1758762176.0745103
0.06,-0.0,-1.15,1758762176.0783043
0.06,-0.0,-1.15,1758762176.0821946
0.06,-0.0,-1.15,1758762176.0856206
0.06,-0.01,-1.15,1758762176.0891285
0.06,-0.01,-1.15,1758762176.0962894
0.05,-0.01,-1.15,1758762176.0998075
0.06,-0.01,-1.15,1758762176.1061888
0.06,-0.01,-1.15,1758762176.1103144
0.05,-0.01,-1.15,1758762176.1137793
0.05,-0.01,-1.15,1758762176.1179483
0.05,-0.01,-1.15,1758762176.1213112
0.05,-0.01,-1.15,1758762176.1253157
0.06,-0.02,-1.15,1758762176.1283455
0.06,-0.02,-1.15,1758762176.131404
0.06,-0.02,-1.15,1758762176.1334238
0.06,-0.01,-1.15,1758762176.136206
0.06,-0.01,-1.15,1758762176.1382482
0.05,-0.02,-1.14,1758762176.141212
0.06,-0.02,-1.14,1758762176.143831
0.06,-0.01,-1.14,1758762176.1466358
0.06,-0.02,-1.14,1758762176.1497254
0.06,-0.02,-1.14,1758762176.1537974
0.05,-0.02,-1.14,1758762176.159169
0.05,-0.02,-1.14,1758762176.1617608
0.06,-0.02,-1.14,1758762176.1658351
0.06,-0.02,-1.14,1758762176.1698258
0.07,-0.03,-1.14,1758762176.172916
0.06,-0.04,-1.14,1758762176.1771436
0.07,-0.04,-1.14,1758762176.1875944
0.08,-0.04,-1.14,1758762176.1915658
0.08,-0.04,-1.14,1758762176.194377
0.07,-0.04,-1.14,1758762176.1967397
0.08,-0.04,-1.14,1758762176.2015233
0.08,-0.04,-1.14,1758762176.204683
0.08,-0.04,-1.14,1758762176.2077963
0.08,-0.05,-1.14,1758762176.2109013
0.08,-0.05,-1.14,1758762176.2153008
0.07,-0.04,-1.14,1758762176.2183502
0.07,-0.04,-1.14,1758762176.2216787
0.07,-0.05,-1.14,1758762176.2246647
0.07,-0.05,-1.14,1758762176.229041
0.07,-0.05,-1.14,1758762176.2313752
0.08,-0.05,-1.14,1758762176.2341964
0.08,-0.05,-1.14,1758762176.2371905
0.07,-0.05,-1.14,1758762176.2397847
0.08,-0.06,-1.14,1758762176.2423162
0.08,-0.06,-1.14,1758762176.2447722
0.08,-0.06,-1.14,1758762176.2482345
0.08,-0.06,-1.14,1758762176.2522075
0.08,-0.05,-1.14,1758762176.254974
0.08,-0.06,-1.14,1758762176.2571704
0.08,-0.05,-1.14,1758762176.2596588
0.08,-0.05,-1.14,1758762176.263152
0.07,-0.05,-1.13,1758762176.2669704
0.07,-0.05,-1.13,1758762176.2705426
0.07,-0.05,-1.13,1758762176.2754345
0.07,-0.05,-1.13,1758762176.279749
0.07,-0.05,-1.13,1758762176.2847354
0.07,-0.05,-1.13,1758762176.2921882
0.07,-0.06,-1.13,1758762176.2963274
0.07,-0.06,-1.13,1758762176.2987237
0.07,-0.07,-1.13,1758762176.3018515
0.07,-0.07,-1.13,1758762176.3049262
0.07,-0.07,-1.13,1758762176.307112
0.07,-0.07,-1.13,1758762176.3096094
0.07,-0.06,-1.13,1758762176.31629
0.07,-0.06,-1.13,1758762176.3254085
0.07,-0.07,-1.13,1758762176.333112
0.07,-0.07,-1.13,1758762176.3431454
0.06,-0.07,-1.13,1758762176.3476195
0.07,-0.06,-1.13,1758762176.3529956
0.07,-0.06,-1.13,1758762176.3546674
0.07,-0.06,-1.13,1758762176.3583374
0.07,-0.07,-1.13,1758762176.3632915
0.07,-0.07,-1.13,1758762176.3660054
0.06,-0.08,-1.13,1758762176.36925
0.06,-0.07,-1.13,1758762176.3711293
0.06,-0.07,-1.13,1758762176.3781304
0.06,-0.07,-1.13,1758762176.3830726
0.06,-0.07,-1.13,1758762176.3895082
0.06,-0.08,-1.13,1758762176.3948035
0.06,-0.07,-1.13,1758762176.4013326
0.06,-0.07,-1.13,1758762176.406382
0.07,-0.08,-1.13,1758762176.4098873
0.07,-0.08,-1.13,1758762176.413244
0.07,-0.09,-1.13,1758762176.416456
0.08,-0.09,-1.13,1758762176.421744
0.08,-0.1,-1.13,1758762176.427964
0.08,-0.1,-1.13,1758762176.4321158
0.08,-0.09,-1.13,1758762176.4388323
0.07,-0.09,-1.13,1758762176.4410777
0.07,-0.1,-1.13,1758762176.4447691
0.08,-0.09,-1.13,1758762176.4494183
0.08,-0.1,-1.13,1758762176.4530306
0.08,-0.1,-1.13,1758762176.4567094
0.08,-0.1,-1.13,1758762176.4603598
0.08,-0.11,-1.13,1758762176.4632204
0.08,-0.1,-1.13,1758762176.4671085
0.07,-0.1,-1.13,1758762176.4757695
0.07,-0.09,-1.13,1758762176.4806528
0.07,-0.1,-1.13,1758762176.4850135
0.07,-0.1,-1.13,1758762176.4900906
0.06,-0.09,-1.13,1758762176.4944613
0.06,-0.09,-1.13,1758762176.4979155
0.06,-0.09,-1.13,1758762176.5013816
0.06,-0.1,-1.13,1758762176.5057056
0.06,-0.1,-1.13,1758762176.509088
0.06,-0.1,-1.13,1758762176.5127494
0.06,-0.1,-1.13,1758762176.5167274
0.06,-0.1,-1.13,1758762176.5208
0.06,-0.1,-1.13,1758762176.5247822
0.06,-0.1,-1.13,1758762176.5288093
0.06,-0.1,-1.13,1758762176.532702
0.06,-0.1,-1.13,1758762176.5370522
0.06,-0.1,-1.13,1758762176.5406942
0.06,-0.1,-1.13,1758762176.5453615
0.05,-0.1,-1.13,1758762176.5491476
0.06,-0.1,-1.13,1758762176.5526476
0.06,-0.1,-1.13,1758762176.557233
0.06,-0.1,-1.13,1758762176.5606663
0.06,-0.1,-1.13,1758762176.5652633
0.06,-0.11,-1.14,1758762176.5691075
0.06,-0.11,-1.14,1758762176.573558
0.07,-0.11,-1.14,1758762176.5781217
0.06,-0.12,-1.14,1758762176.5820937
0.07,-0.12,-1.14,1758762176.5869615
0.07,-0.12,-1.14,1758762176.593959
0.07,-0.11,-1.14,1758762176.5988245
0.07,-0.11,-1.14,1758762176.6052
0.07,-0.12,-1.14,1758762176.613164
0.07,-0.12,-1.14,1758762176.6175723
0.08,-0.12,-1.14,1758762176.6230202
0.08,-0.12,-1.14,1758762176.6309326
0.08,-0.12,-1.14,1758762176.6397178
0.08,-0.12,-1.14,1758762176.6443477
0.08,-0.12,-1.14,1758762176.6511655
0.08,-0.12,-1.14,1758762176.65844
0.08,-0.12,-1.14,1758762176.6678803
0.08,-0.12,-1.14,1758762176.6725056
0.08,-0.12,-1.14,1758762176.679731
0.08,-0.12,-1.14,1758762176.6873431
0.08,-0.13,-1.14,1758762176.6944995
0.08,-0.13,-1.15,1758762176.7049673
0.09,-0.13,-1.15,1758762176.7153914
0.09,-0.13,-1.15,1758762176.7268286
0.08,-0.13,-1.15,1758762176.7358253
0.08,-0.13,-1.15,1758762176.7487943
0.08,-0.13,-1.15,1758762176.7553046
0.09,-0.13,-1.15,1758762176.759755
0.09,-0.12,-1.15,1758762176.766895
0.09,-0.13,-1.15,1758762176.7715638
0.09,-0.13,-1.15,1758762176.7769227
0.09,-0.14,-1.15,1758762176.784893
0.09,-0.14,-1.15,1758762176.7900355
0.09,-0.14,-1.15,1758762176.796439
0.09,-0.14,-1.15,1758762176.8036327
0.09,-0.15,-1.15,1758762176.80931
0.09,-0.14,-1.15,1758762176.8184247
0.09,-0.14,-1.15,1758762176.8241491
0.09,-0.13,-1.15,1758762176.829592
0.1,-0.13,-1.15,1758762176.8391457
0.09,-0.14,-1.15,1758762176.848364
0.09,-0.14,-1.15,1758762176.8530338
0.1,-0.13,-1.15,1758762176.8589454
0.09,-0.13,-1.15,1758762176.8653967
0.1,-0.13,-1.15,1758762176.8715837
0.1,-0.14,-1.15,1758762176.8760197
0.1,-0.14,-1.15,1758762176.8814862
0.1,-0.15,-1.15,1758762176.8894763
0.09,-0.15,-1.15,1758762176.8941002
0.09,-0.14,-1.15,1758762176.901612
0.1,-0.14,-1.15,1758762176.9097283
0.1,-0.15,-1.15,1758762176.9155383
0.1,-0.15,-1.15,1758762176.9243884
0.1,-0.15,-1.15,1758762176.9325008
0.1,-0.15,-1.15,1758762176.9400997
0.1,-0.15,-1.15,1758762176.9488893
0.1,-0.14,-1.15,1758762176.9541974
0.1,-0.14,-1.15,1758762176.9621377
0.11,-0.14,-1.15,1758762176.966407
0.11,-0.14,-1.15,1758762176.9701006
0.11,-0.13,-1.15,1758762176.9728816
0.12,-0.14,-1.15,1758762176.9758162
0.12,-0.14,-1.15,1758762176.9801557
0.12,-0.13,-1.15,1758762176.9846115
0.12,-0.14,-1.15,1758762176.9886136
0.12,-0.14,-1.15,1758762176.9935255
0.12,-0.14,-1.15,1758762176.9970288
0.11,-0.15,-1.15,1758762177.0009325
0.11,-0.15,-1.15,1758762177.005925
0.12,-0.16,-1.15,1758762177.0094426
0.12,-0.16,-1.15,1758762177.0144658
0.12,-0.16,-1.15,1758762177.0180702
0.11,-0.15,-1.15,1758762177.021791
0.11,-0.15,-1.15,1758762177.0259423
0.11,-0.16,-1.15,1758762177.0300512
0.11,-0.16,-1.15,1758762177.0338483
0.11,-0.16,-1.15,1758762177.038037
0.12,-0.16,-1.15,1758762177.042487
0.12,-0.16,-1.15,1758762177.0462558
0.12,-0.17,-1.15,1758762177.0506215
0.12,-0.17,-1.15,1758762177.0545628
0.12,-0.16,-1.15,1758762177.0589423
0.12,-0.16,-1.15,1758762177.0611153
0.12,-0.16,-1.15,1758762177.0678892
0.12,-0.16,-1.15,1758762177.0709758
0.12,-0.16,-1.15,1758762177.0754223
0.12,-0.17,-1.15,1758762177.077931
0.12,-0.16,-1.15,1758762177.081408
0.12,-0.17,-1.15,1758762177.0845957
0.13,-0.16,-1.15,1758762177.0874002
0.12,-0.15,-1.15,1758762177.09105
0.12,-0.16,-1.15,1758762177.0939448
0.12,-0.16,-1.15,1758762177.096822
0.12,-0.17,-1.15,1758762177.0998285
0.11,-0.16,-1.15,1758762177.1030288
0.11,-0.17,-1.15,1758762177.1070704
0.11,-0.16,-1.15,1758762177.110212
0.1,-0.16,-1.15,1758762177.1150837
0.11,-0.16,-1.15,1758762177.1189456
0.11,-0.16,-1.15,1758762177.1220562
0.1,-0.17,-1.15,1758762177.1274824
0.1,-0.17,-1.15,1758762177.1329591
0.1,-0.17,-1.15,1758762177.136983
0.1,-0.16,-1.15,1758762177.1408162
0.1,-0.17,-1.15,1758762177.1436543
0.1,-0.17,-1.15,1758762177.1493726
0.11,-0.16,-1.15,1758762177.1554966
0.11,-0.17,-1.15,1758762177.1623833
0.11,-0.16,-1.15,1758762177.168561
0.11,-0.16,-1.15,1758762177.1733606
0.11,-0.17,-1.15,1758762177.1753073
0.11,-0.16,-1.15,1758762177.179257
0.11,-0.17,-1.15,1758762177.1819282
0.11,-0.17,-1.15,1758762177.1897523
0.11,-0.16,-1.15,1758762177.1974745
0.11,-0.17,-1.15,1758762177.207846
0.11,-0.17,-1.15,1758762177.2128708
0.11,-0.16,-1.15,1758762177.2177098
0.11,-0.16,-1.15,1758762177.2229652
0.11,-0.16,-1.15,1758762177.2282696
0.11,-0.16,-1.15,1758762177.2368128
0.11,-0.17,-1.15,1758762177.243006
0.11,-0.16,-1.15,1758762177.2480445
0.1,-0.17,-1.15,1758762177.2531536
0.1,-0.17,-1.15,1758762177.2571478
0.11,-0.17,-1.15,1758762177.2605782
0.1,-0.16,-1.15,1758762177.265029
0.1,-0.16,-1.15,1758762177.2687252
0.1,-0.16,-1.15,1758762177.276662
0.1,-0.16,-1.15,1758762177.2858222
0.1,-0.16,-1.15,1758762177.2915938
0.1,-0.16,-1.15,1758762177.2950766
0.1,-0.16,-1.15,1758762177.3011184
0.1,-0.16,-1.15,1758762177.306656
0.1,-0.16,-1.15,1758762177.311101
0.1,-0.15,-1.15,1758762177.314933
0.1,-0.15,-1.14,1758762177.3186316
0.11,-0.16,-1.15,1758762177.3265412
0.1,-0.16,-1.15,1758762177.3287797
0.1,-0.16,-1.15,1758762177.3323088
0.1,-0.17,-1.15,1758762177.3360436
0.1,-0.17,-1.15,1758762177.3393197
0.1,-0.17,-1.15,1758762177.3432908
0.1,-0.17,-1.15,1758762177.350342
0.1,-0.17,-1.15,1758762177.3560166
0.09,-0.18,-1.15,1758762177.3618212
0.09,-0.18,-1.15,1758762177.3676205
0.09,-0.18,-1.15,1758762177.372506
0.09,-0.19,-1.15,1758762177.3770266
0.09,-0.18,-1.15,1758762177.3822513
0.09,-0.18,-1.15,1758762177.385744
0.1,-0.17,-1.15,1758762177.3931932
0.1,-0.18,-1.15,1758762177.4004784
0.1,-0.17,-1.15,1758762177.405126
0.1,-0.18,-1.15,1758762177.40982
0.09,-0.17,-1.15,1758762177.4173768
0.1,-0.18,-1.15,1758762177.4218426
0.09,-0.18,-1.15,1758762177.428574
0.09,-0.19,-1.15,1758762177.4360445
0.09,-0.18,-1.15,1758762177.4426217
0.08,-0.18,-1.15,1758762177.4466574
0.08,-0.17,-1.15,1758762177.4514987
0.08,-0.16,-1.15,1758762177.4552512
0.08,-0.16,-1.15,1758762177.460381
0.08,-0.15,-1.15,1758762177.4651124
0.09,-0.14,-1.15,1758762177.4703274
0.08,-0.14,-1.15,1758762177.4739013
0.08,-0.14,-1.15,1758762177.4797103
0.08,-0.14,-1.15,1758762177.4828382
0.08,-0.14,-1.15,1758762177.4885073
0.08,-0.14,-1.15,1758762177.493094
0.08,-0.14,-1.15,1758762177.5038478
0.08,-0.14,-1.15,1758762177.5108857
0.08,-0.14,-1.15,1758762177.5184743
0.08,-0.15,-1.15,1758762177.5273209
0.08,-0.14,-1.15,1758762177.535966
0.08,-0.13,-1.15,1758762177.5471148
0.08,-0.14,-1.15,1758762177.5515692
0.07,-0.14,-1.15,1758762177.5547802
0.07,-0.14,-1.15,1758762177.5584905
0.07,-0.15,-1.15,1758762177.561682
0.07,-0.15,-1.15,1758762177.5668466
0.07,-0.14,-1.15,1758762177.5727034
0.07,-0.14,-1.15,1758762177.577461
0.07,-0.13,-1.15,1758762177.5830927
0.07,-0.13,-1.15,1758762177.5876417
0.07,-0.13,-1.15,1758762177.5918393
0.07,-0.13,-1.15,1758762177.5968156
0.08,-0.14,-1.15,1758762177.6012552
0.08,-0.13,-1.15,1758762177.6085472
0.08,-0.13,-1.15,1758762177.624761
0.08,-0.13,-1.15,1758762177.6285262
0.08,-0.13,-1.15,1758762177.6338644
0.08,-0.14,-1.15,1758762177.6368642
0.08,-0.13,-1.15,1758762177.640172
0.08,-0.13,-1.15,1758762177.6462162
0.08,-0.12,-1.15,1758762177.65431
0.08,-0.13,-1.15,1758762177.6609418
0.08,-0.13,-1.15,1758762177.6643271
0.08,-0.13,-1.15,1758762177.6682837
0.08,-0.13,-1.15,1758762177.6723387
0.08,-0.13,-1.15,1758762177.676301
0.08,-0.12,-1.15,1758762177.6802783
0.08,-0.12,-1.15,1758762177.683628
0.08,-0.12,-1.15,1758762177.6888597
0.08,-0.12,-1.15,1758762177.6937418
0.08,-0.12,-1.15,1758762177.697469
0.08,-0.12,-1.15,1758762177.7016428
0.08,-0.12,-1.15,1758762177.708076
0.08,-0.12,-1.15,1758762177.7123768
0.09,-0.12,-1.15,1758762177.7195284
0.09,-0.12,-1.15,1758762177.7258122
0.08,-0.12,-1.15,1758762177.7302847
0.08,-0.12,-1.15,1758762177.734769
0.08,-0.12,-1.15,1758762177.7422214
0.08,-0.12,-1.15,1758762177.7485266
0.07,-0.12,-1.15,1758762177.752359
0.07,-0.12,-1.15,1758762177.758611
0.06,-0.12,-1.15,1758762177.7629535
0.06,-0.12,-1.15,1758762177.7709162
0.06,-0.12,-1.15,1758762177.77471
0.06,-0.12,-1.15,1758762177.7811494
0.06,-0.12,-1.15,1758762177.7863762
0.06,-0.12,-1.15,1758762177.7899947
0.06,-0.12,-1.15,1758762177.7955527
0.06,-0.13,-1.15,1758762177.7995114
0.06,-0.13,-1.15,1758762177.8064685
0.06,-0.13,-1.15,1758762177.810433
0.06,-0.13,-1.15,1758762177.8158789
0.05,-0.13,-1.15,1758762177.8218684
0.05,-0.14,-1.15,1758762177.8256886
0.05,-0.14,-1.15,1758762177.8304129
0.05,-0.15,-1.15,1758762177.8356206
0.04,-0.15,-1.15,1758762177.844027
0.05,-0.15,-1.15,1758762177.847673
0.05,-0.15,-1.15,1758762177.8540022
0.04,-0.15,-1.15,1758762177.861824
0.05,-0.15,-1.15,1758762177.8658557
0.04,-0.15,-1.15,1758762177.873326
0.04,-0.15,-1.15,1758762177.8780327
0.03,-0.15,-1.15,1758762177.884579
0.04,-0.14,-1.15,1758762177.8873494
0.04,-0.15,-1.15,1758762177.895257
0.03,-0.15,-1.15,1758762177.899857
0.04,-0.15,-1.15,1758762177.9047954
0.03,-0.15,-1.15,1758762177.9090338
0.03,-0.15,-1.15,1758762177.9132106
0.03,-0.15,-1.15,1758762177.9237106
0.03,-0.15,-1.15,1758762177.927323
0.03,-0.15,-1.15,1758762177.9353125
0.02,-0.15,-1.15,1758762177.9392834
0.02,-0.16,-1.15,1758762177.9463017
0.02,-0.16,-1.15,1758762177.951934
0.03,-0.16,-1.16,1758762177.961593
0.02,-0.16,-1.16,1758762177.96641
0.02,-0.16,-1.16,1758762177.9725063
0.02,-0.17,-1.16,1758762177.9765449
0.02,-0.17,-1.16,1758762177.9827647
0.02,-0.18,-1.16,1758762177.988199
0.01,-0.18,-1.16,1758762177.99567
0.01,-0.18,-1.16,1758762178.0052395
0.01,-0.18,-1.16,1758762178.0122726
0.02,-0.18,-1.16,1758762178.0290058
0.02,-0.18,-1.16,1758762178.0388012
0.02,-0.18,-1.16,1758762178.04628
0.02,-0.18,-1.16,1758762178.0511246
0.02,-0.18,-1.16,1758762178.056152
0.02,-0.17,-1.16,1758762178.063354
0.02,-0.18,-1.16,1758762178.066375
0.02,-0.18,-1.16,1758762178.070186
0.01,-0.18,-1.16,1758762178.0755196
0.02,-0.18,-1.16,1758762178.0794272
0.01,-0.18,-1.16,1758762178.0876715
0.01,-0.18,-1.16,1758762178.0949895
0.01,-0.18,-1.16,1758762178.1008852
0.01,-0.18,-1.16,1758762178.1115253
0.01,-0.18,-1.16,1758762178.1160722
0.01,-0.18,-1.16,1758762178.121418
0.01,-0.18,-1.16,1758762178.1323068
0.02,-0.18,-1.16,1758762178.1413915
0.02,-0.19,-1.16,1758762178.14932
0.02,-0.19,-1.16,1758762178.1597612
0.03,-0.18,-1.16,1758762178.1688604
0.02,-0.19,-1.16,1758762178.1817746
0.03,-0.19,-1.16,1758762178.1909854
0.02,-0.18,-1.16,1758762178.1968637
0.02,-0.18,-1.16,1758762178.204023
0.03,-0.18,-1.16,1758762178.2100682
0.03,-0.17,-1.16,1758762178.2152195
0.03,-0.17,-1.16,1758762178.2246275
0.02,-0.16,-1.16,1758762178.2327566
0.03,-0.16,-1.16,1758762178.2355447
0.03,-0.16,-1.16,1758762178.2400792
0.03,-0.16,-1.16,1758762178.2429326
0.04,-0.16,-1.16,1758762178.247917
0.03,-0.16,-1.16,1758762178.250756
0.03,-0.16,-1.16,1758762178.2596245
0.03,-0.15,-1.16,1758762178.2708018
0.03,-0.15,-1.16,1758762178.2760243
0.03,-0.15,-1.16,1758762178.2819889
0.04,-0.15,-1.16,1758762178.2879007
0.03,-0.15,-1.16,1758762178.294493
0.03,-0.15,-1.16,1758762178.2997968
0.04,-0.15,-1.16,1758762178.30678
0.04,-0.15,-1.16,1758762178.310351
0.04,-0.15,-1.16,1758762178.3141534
0.04,-0.15,-1.16,1758762178.3184855
0.04,-0.15,-1.16,1758762178.3230903
0.04,-0.15,-1.16,1758762178.328551
0.05,-0.15,-1.16,1758762178.3328004
0.05,-0.15,-1.16,1758762178.3360596
0.06,-0.15,-1.16,1758762178.3397276
0.05,-0.15,-1.16,1758762178.343745
0.05,-0.15,-1.16,1758762178.348833
0.05,-0.15,-1.16,1758762178.352009
0.05,-0.15,-1.16,1758762178.3562438
0.05,-0.15,-1.16,1758762178.3595688
0.05,-0.15,-1.15,1758762178.3634603
0.05,-0.15,-1.15,1758762178.367385
0.05,-0.15,-1.15,1758762178.3708034
0.04,-0.16,-1.15,1758762178.3748932
0.04,-0.16,-1.15,1758762178.3784811
0.05,-0.16,-1.15,1758762178.3814106
0.05,-0.16,-1.15,1758762178.3856628
0.05,-0.16,-1.15,1758762178.3888204
0.05,-0.16,-1.15,1758762178.3929567
0.05,-0.16,-1.15,1758762178.3958488
0.05,-0.16,-1.15,1758762178.3989606
0.04,-0.16,-1.15,1758762178.4027505
0.03,-0.16,-1.15,1758762178.4064784
0.03,-0.17,-1.15,1758762178.4101024
0.03,-0.17,-1.15,1758762178.413194
0.04,-0.16,-1.15,1758762178.417034
0.05,-0.16,-1.15,1758762178.4207473
0.05,-0.16,-1.15,1758762178.4246185
0.04,-0.17,-1.15,1758762178.4293563
0.05,-0.16,-1.15,1758762178.433189
0.05,-0.16,-1.15,1758762178.4376798
0.05,-0.16,-1.15,1758762178.4421108
0.05,-0.15,-1.15,1758762178.447001
0.06,-0.15,-1.15,1758762178.4524162
0.06,-0.15,-1.15,1758762178.4571247
0.06,-0.15,-1.15,1758762178.4608624
0.06,-0.15,-1.15,1758762178.4656882
0.06,-0.16,-1.15,1758762178.4687302
0.06,-0.15,-1.15,1758762178.472026
0.06,-0.15,-1.15,1758762178.4767904
0.06,-0.16,-1.15,1758762178.4800894
0.06,-0.16,-1.15,1758762178.4849546
0.06,-0.16,-1.15,1758762178.4892356
0.06,-0.16,-1.15,1758762178.4917457
0.06,-0.17,-1.15,1758762178.4961348
0.06,-0.17,-1.15,1758762178.5006328
0.06,-0.17,-1.15,1758762178.504049
0.06,-0.18,-1.15,1758762178.5089502
0.06,-0.17,-1.15,1758762178.5129075
0.06,-0.18,-1.15,1758762178.5161324
0.06,-0.17,-1.14,1758762178.5196226
0.06,-0.17,-1.14,1758762178.5256832
0.05,-0.16,-1.14,1758762178.5309663
0.05,-0.17,-1.14,1758762178.5351512
0.05,-0.16,-1.14,1758762178.542437
0.05,-0.17,-1.14,1758762178.549947
0.05,-0.17,-1.14,1758762178.5572553
0.04,-0.17,-1.14,1758762178.561581
0.05,-0.16,-1.14,1758762178.575143
0.06,-0.17,-1.14,1758762178.5804367
0.06,-0.17,-1.14,1758762178.5954866
0.06,-0.17,-1.14,1758762178.6013849
0.06,-0.16,-1.14,1758762178.6049826
0.06,-0.16,-1.14,1758762178.607803
0.06,-0.16,-1.14,1758762178.6115177
0.06,-0.17,-1.14,1758762178.6158807
0.05,-0.17,-1.14,1758762178.6230545
0.06,-0.17,-1.14,1758762178.6274543
0.06,-0.17,-1.14,1758762178.633401
0.06,-0.17,-1.14,1758762178.6442635
0.06,-0.16,-1.14,1758762178.6626284
0.06,-0.16,-1.14,1758762178.6746814
0.06,-0.15,-1.14,1758762178.679734
0.06,-0.16,-1.14,1758762178.6854606
0.05,-0.16,-1.14,1758762178.6897368
0.06,-0.16,-1.14,1758762178.6945066
0.06,-0.16,-1.14,1758762178.6991186
0.06,-0.15,-1.14,1758762178.7013452
0.07,-0.15,-1.14,1758762178.7068288
0.06,-0.15,-1.14,1758762178.7136412
0.06,-0.15,-1.14,1758762178.7168744
0.06,-0.15,-1.14,1758762178.720342
0.07,-0.15,-1.14,1758762178.7249186
0.06,-0.15,-1.14,1758762178.732976
0.06,-0.15,-1.14,1758762178.7382798
0.06,-0.15,-1.15,1758762178.7411811
0.06,-0.16,-1.15,1758762178.7448962
0.06,-0.16,-1.15,1758762178.7481446
0.07,-0.16,-1.15,1758762178.7517288
0.07,-0.17,-1.15,1758762178.753834
0.07,-0.16,-1.15,1758762178.756034
0.07,-0.17,-1.15,1758762178.7616365
0.07,-0.17,-1.15,1758762178.7650435
0.07,-0.17,-1.15,1758762178.7686007
0.07,-0.18,-1.15,1758762178.772354
0.07,-0.17,-1.15,1758762178.7768652
0.07,-0.18,-1.15,1758762178.7828546
0.07,-0.17,-1.15,1758762178.7860627
0.06,-0.18,-1.15,1758762178.7899418
0.07,-0.17,-1.15,1758762178.7938385
0.07,-0.17,-1.15,1758762178.798537
0.06,-0.17,-1.15,1758762178.8039308
0.06,-0.17,-1.15,1758762178.8069694
0.07,-0.17,-1.15,1758762178.812584
0.06,-0.17,-1.15,1758762178.8159797
0.07,-0.17,-1.15,1758762178.819527
0.06,-0.17,-1.15,1758762178.824294
0.07,-0.17,-1.15,1758762178.8286777
0.07,-0.17,-1.15,1758762178.832743
0.07,-0.17,-1.15,1758762178.8351848
0.07,-0.17,-1.15,1758762178.8402746
0.07,-0.17,-1.15,1758762178.843629
0.07,-0.17,-1.15,1758762178.8471675
0.07,-0.17,-1.15,1758762178.851608
0.07,-0.17,-1.15,1758762178.8546526
0.07,-0.18,-1.15,1758762178.857818
0.07,-0.18,-1.15,1758762178.8610928
0.07,-0.18,-1.15,1758762178.8653674
0.07,-0.17,-1.15,1758762178.8698666
0.06,-0.18,-1.16,1758762178.8797472
0.06,-0.18,-1.16,1758762178.8853495
0.06,-0.18,-1.16,1758762178.8913283
0.06,-0.18,-1.16,1758762178.895017
0.06,-0.18,-1.16,1758762178.902112
0.06,-0.18,-1.16,1758762178.9083135
0.06,-0.19,-1.16,1758762178.9174457
0.06,-0.19,-1.16,1758762178.9277122
0.06,-0.2,-1.16,1758762178.9416544
0.06,-0.2,-1.16,1758762178.9472723
0.06,-0.2,-1.16,1758762178.9523444
0.07,-0.2,-1.16,1758762178.9563427
0.06,-0.19,-1.16,1758762178.9624722
0.06,-0.19,-1.16,1758762178.96742
0.06,-0.19,-1.16,1758762178.9726348
0.06,-0.2,-1.16,1758762178.9756627
0.06,-0.19,-1.16,1758762178.9796662
0.07,-0.19,-1.16,1758762178.98469
0.07,-0.18,-1.16,1758762178.988989
0.07,-0.18,-1.16,1758762178.9915206
0.07,-0.18,-1.16,1758762178.9944544
0.07,-0.17,-1.16,1758762178.9978912
0.06,-0.17,-1.16,1758762179.0009823
0.06,-0.18,-1.16,1758762179.004338
0.06,-0.17,-1.16,1758762179.0089655
0.06,-0.18,-1.16,1758762179.0132186
0.06,-0.18,-1.16,1758762179.017461
0.06,-0.18,-1.16,1758762179.025917
0.06,-0.18,-1.16,1758762179.0426114
0.07,-0.18,-1.16,1758762179.0500288
0.07,-0.18,-1.16,1758762179.0566716
0.07,-0.19,-1.16,1758762179.0632074
0.06,-0.19,-1.17,1758762179.073957
0.07,-0.19,-1.17,1758762179.0810626
0.07,-0.19,-1.17,1758762179.0853016
0.07,-0.19,-1.17,1758762179.0900128
0.07,-0.19,-1.17,1758762179.0946631
0.08,-0.19,-1.17,1758762179.0975325
0.07,-0.19,-1.17,1758762179.101382
0.07,-0.18,-1.17,1758762179.1061132
0.06,-0.18,-1.17,1758762179.1104422
0.06,-0.17,-1.17,1758762179.114432
0.06,-0.18,-1.17,1758762179.1174676
0.06,-0.17,-1.17,1758762179.1260831
0.06,-0.18,-1.17,1758762179.1307647
0.06,-0.17,-1.17,1758762179.138441
0.05,-0.17,-1.17,1758762179.150435
0.05,-0.17,-1.17,1758762179.1558142
0.05,-0.17,-1.17,1758762179.1634386
0.05,-0.17,-1.17,1758762179.174742
0.05,-0.17,-1.17,1758762179.1799238
0.05,-0.17,-1.17,1758762179.18933
0.05,-0.18,-1.17,1758762179.1957846
0.05,-0.17,-1.17,1758762179.199756
0.05,-0.17,-1.17,1758762179.2054949
0.05,-0.17,-1.17,1758762179.2081878
0.05,-0.17,-1.17,1758762179.2130065
0.05,-0.17,-1.17,1758762179.2170205
0.05,-0.17,-1.17,1758762179.2198088
0.05,-0.17,-1.17,1758762179.2222245
0.05,-0.17,-1.17,1758762179.2249055
0.05,-0.17,-1.17,1758762179.2304258
0.05,-0.17,-1.17,1758762179.2374008
0.05,-0.18,-1.17,1758762179.2410495
0.05,-0.17,-1.17,1758762179.244935
0.05,-0.17,-1.17,1758762179.247573
0.05,-0.17,-1.17,1758762179.252125
0.05,-0.18,-1.17,1758762179.2573552
0.05,-0.18,-1.17,1758762179.2648351
0.06,-0.18,-1.17,1758762179.270303
0.06,-0.18,-1.17,1758762179.2762733
0.06,-0.18,-1.17,1758762179.280051
0.06,-0.18,-1.17,1758762179.2901337
0.05,-0.18,-1.17,1758762179.2954557
0.05,-0.17,-1.17,1758762179.301246
0.05,-0.17,-1.17,1758762179.3076322
0.04,-0.17,-1.17,1758762179.3134162
0.04,-0.17,-1.17,1758762179.3170445
0.04,-0.17,-1.17,1758762179.3210862
0.04,-0.17,-1.17,1758762179.3259904
0.04,-0.16,-1.16,1758762179.3286338
0.04,-0.16,-1.16,1758762179.3329344
0.05,-0.16,-1.16,1758762179.3380542
0.05,-0.16,-1.16,1758762179.3442726
0.05,-0.17,-1.16,1758762179.3521526
0.05,-0.16,-1.16,1758762179.3554556
0.05,-0.17,-1.16,1758762179.3589258
0.05,-0.17,-1.16,1758762179.3639195
0.04,-0.17,-1.16,1758762179.3678694
0.04,-0.17,-1.16,1758762179.374351
0.04,-0.16,-1.16,1758762179.3794076
0.04,-0.16,-1.16,1758762179.3847437
0.04,-0.17,-1.16,1758762179.392936
0.04,-0.18,-1.16,1758762179.396783
0.04,-0.17,-1.16,1758762179.4009092
0.03,-0.18,-1.16,1758762179.403944
0.03,-0.18,-1.16,1758762179.406298
0.04,-0.18,-1.16,1758762179.4094045
0.03,-0.18,-1.16,1758762179.4122038
0.03,-0.18,-1.16,1758762179.4168923
0.03,-0.17,-1.16,1758762179.4213696
0.03,-0.18,-1.16,1758762179.4255276
0.03,-0.17,-1.16,1758762179.4296274
0.03,-0.18,-1.16,1758762179.4340646
0.03,-0.17,-1.16,1758762179.437723
0.03,-0.18,-1.16,1758762179.4415908
0.03,-0.18,-1.16,1758762179.444914
0.04,-0.19,-1.16,1758762179.4504356
0.04,-0.18,-1.16,1758762179.4549787
0.04,-0.18,-1.16,1758762179.458814
0.05,-0.18,-1.16,1758762179.4649618
0.05,-0.18,-1.16,1758762179.468402
0.05,-0.18,-1.16,1758762179.4729114
0.05,-0.18,-1.16,1758762179.476966
0.06,-0.18,-1.16,1758762179.4808812
0.06,-0.18,-1.16,1758762179.484627
0.06,-0.18,-1.16,1758762179.4874015
0.06,-0.18,-1.16,1758762179.491542
0.07,-0.18,-1.16,1758762179.495836
0.07,-0.18,-1.16,1758762179.5005865
0.07,-0.18,-1.16,1758762179.505242
0.06,-0.18,-1.16,1758762179.509979
0.06,-0.17,-1.16,1758762179.5138297
0.07,-0.17,-1.16,1758762179.516539
0.07,-0.17,-1.16,1758762179.5192325
0.07,-0.17,-1.16,1758762179.5224464
0.07,-0.16,-1.16,1758762179.5254323
0.06,-0.16,-1.16,1758762179.52827
0.06,-0.17,-1.16,1758762179.5308647
0.07,-0.17,-1.16,1758762179.5354998
0.07,-0.17,-1.16,1758762179.5397637
0.07,-0.16,-1.16,1758762179.542446
0.06,-0.16,-1.16,1758762179.546142
0.07,-0.15,-1.16,1758762179.548879
0.06,-0.16,-1.16,1758762179.5523822
0.06,-0.16,-1.16,1758762179.5553524
0.06,-0.16,-1.16,1758762179.5582478
0.05,-0.16,-1.16,1758762179.5613246
0.06,-0.15,-1.16,1758762179.5649035
0.06,-0.15,-1.16,1758762179.5682976
0.06,-0.16,-1.16,1758762179.572401
0.06,-0.16,-1.16,1758762179.5761895
0.05,-0.16,-1.16,1758762179.5807168
0.05,-0.16,-1.16,1758762179.5846517
0.05,-0.15,-1.16,1758762179.588152
0.05,-0.16,-1.16,1758762179.5915787
0.05,-0.16,-1.16,1758762179.5951998
0.05,-0.16,-1.15,1758762179.5983915
0.05,-0.15,-1.15,1758762179.6017718
0.05,-0.15,-1.15,1758762179.6055048
0.05,-0.16,-1.15,1758762179.6094034
0.05,-0.16,-1.15,1758762179.6129537
0.05,-0.16,-1.15,1758762179.616397
0.04,-0.16,-1.15,1758762179.6212163
0.05,-0.16,-1.15,1758762179.6259692
0.05,-0.16,-1.15,1758762179.629609
0.05,-0.16,-1.15,1758762179.6344173
0.06,-0.15,-1.15,1758762179.6437027
0.06,-0.15,-1.15,1758762179.6516702
0.06,-0.15,-1.15,1758762179.6552138
0.06,-0.16,-1.15,1758762179.6586173
0.06,-0.16,-1.15,1758762179.6624713
0.05,-0.16,-1.15,1758762179.6661518
0.05,-0.17,-1.15,1758762179.6700351
0.05,-0.16,-1.15,1758762179.6733086
0.05,-0.16,-1.15,1758762179.6774852
0.04,-0.16,-1.15,1758762179.681453
0.03,-0.16,-1.15,1758762179.6853964
0.03,-0.16,-1.15,1758762179.688872
0.03,-0.16,-1.15,1758762179.6919863
0.03,-0.16,-1.15,1758762179.6960096
0.03,-0.16,-1.15,1758762179.6994398
0.03,-0.16,-1.15,1758762179.7032273
0.03,-0.16,-1.15,1758762179.7069397
0.03,-0.16,-1.15,1758762179.7103844
0.02,-0.16,-1.15,1758762179.7143142
0.03,-0.17,-1.15,1758762179.7183125
0.03,-0.16,-1.15,1758762179.7224789
0.03,-0.17,-1.15,1758762179.7262695
0.03,-0.16,-1.15,1758762179.730105
0.03,-0.17,-1.15,1758762179.7334335
0.03,-0.17,-1.15,1758762179.7367942
0.04,-0.16,-1.15,1758762179.7406497
0.04,-0.17,-1.15,1758762179.74466
0.04,-0.17,-1.15,1758762179.7479825
0.04,-0.17,-1.15,1758762179.7518249
0.04,-0.17,-1.15,1758762179.7555077
0.04,-0.18,-1.15,1758762179.758827
0.04,-0.17,-1.15,1758762179.762752
0.04,-0.17,-1.15,1758762179.7668068
0.04,-0.17,-1.15,1758762179.7702606
0.04,-0.17,-1.15,1758762179.774236
0.04,-0.17,-1.15,1758762179.777475
0.05,-0.17,-1.15,1758762179.7813838
0.05,-0.17,-1.15,1758762179.7859204
0.04,-0.18,-1.15,1758762179.790415
0.04,-0.18,-1.15,1758762179.794419
0.04,-0.18,-1.15,1758762179.7990704
0.04,-0.18,-1.15,1758762179.8029802
0.04,-0.18,-1.15,1758762179.8080456
0.04,-0.18,-1.15,1758762179.8114986
0.04,-0.18,-1.15,1758762179.8154285
0.04,-0.19,-1.15,1758762179.8198338
0.04,-0.19,-1.15,1758762179.8236394
0.04,-0.19,-1.15,1758762179.8275225
0.04,-0.19,-1.15,1758762179.8308897
0.04,-0.19,-1.15,1758762179.8359008
0.04,-0.18,-1.15,1758762179.840253
0.03,-0.18,-1.15,1758762179.8493607
0.04,-0.19,-1.15,1758762179.8525114
0.04,-0.19,-1.15,1758762179.855992
0.04,-0.19,-1.15,1758762179.8633337
0.04,-0.19,-1.15,1758762179.867256
0.04,-0.19,-1.15,1758762179.8724048
0.04,-0.18,-1.15,1758762179.8775492
0.04,-0.18,-1.15,1758762179.882871
0.04,-0.18,-1.15,1758762179.8892355
0.03,-0.18,-1.15,1758762179.896175
0.04,-0.18,-1.15,1758762179.9016707
0.03,-0.18,-1.15,1758762179.9062817
0.03,-0.18,-1.15,1758762179.91228
0.03,-0.19,-1.15,1758762179.9164069
0.03,-0.19,-1.15,1758762179.9239595
0.03,-0.19,-1.15,1758762179.9275696
0.03,-0.18,-1.15,1758762179.932274
0.03,-0.18,-1.15,1758762179.9350598
0.02,-0.18,-1.15,1758762179.94238
0.03,-0.17,-1.15,1758762179.9517655
0.02,-0.17,-1.15,1758762179.95728
0.03,-0.18,-1.15,1758762179.971855
0.03,-0.18,-1.15,1758762179.9768963
0.02,-0.18,-1.15,1758762179.982164
0.02,-0.18,-1.15,1758762180.0057662
0.02,-0.19,-1.15,1758762180.0172646
0.02,-0.18,-1.15,1758762180.0221643
0.02,-0.18,-1.15,1758762180.0318134
0.02,-0.18,-1.15,1758762180.0365489
0.01,-0.18,-1.15,1758762180.0401907
0.01,-0.19,-1.15,1758762180.0459378
0.01,-0.19,-1.15,1758762180.058596
0.01,-0.18,-1.15,1758762180.0633152
0.01,-0.19,-1.15,1758762180.0734477
0.02,-0.19,-1.15,1758762180.0779166
0.02,-0.2,-1.15,1758762180.0854502
0.01,-0.2,-1.15,1758762180.0890405
0.01,-0.21,-1.15,1758762180.0950212
0.01,-0.21,-1.15,1758762180.1043935
0.0,-0.21,-1.15,1758762180.1064584
0.0,-0.21,-1.15,1758762180.1086738
0.0,-0.21,-1.15,1758762180.119209
0.0,-0.21,-1.15,1758762180.126943
-0.0,-0.21,-1.15,1758762180.1333704
-0.0,-0.2,-1.15,1758762180.1385946
0.0,-0.2,-1.15,1758762180.1408465
0.0,-0.2,-1.15,1758762180.1455965
0.0,-0.2,-1.15,1758762180.1527815
0.0,-0.2,-1.15,1758762180.155187
-0.0,-0.19,-1.15,1758762180.159835
0.0,-0.19,-1.15,1758762180.1677248
0.01,-0.18,-1.15,1758762180.1715555
0.0,-0.18,-1.15,1758762180.174297
0.0,-0.19,-1.15,1758762180.180256
-0.0,-0.19,-1.15,1758762180.1848783
0.0,-0.19,-1.15,1758762180.191957
0.0,-0.19,-1.15,1758762180.2064583
0.0,-0.19,-1.15,1758762180.2158556
0.0,-0.19,-1.15,1758762180.2218857
-0.0,-0.19,-1.15,1758762180.2259984
-0.01,-0.2,-1.15,1758762180.22896
-0.01,-0.19,-1.15,1758762180.231965
-0.01,-0.19,-1.15,1758762180.234505
-0.0,-0.18,-1.15,1758762180.237493
-0.0,-0.19,-1.15,1758762180.2397037
0.0,-0.18,-1.15,1758762180.2420845
-0.0,-0.18,-1.15,1758762180.2443469
-0.01,-0.18,-1.15,1758762180.2466795
-0.0,-0.18,-1.15,1758762180.2494476
-0.01,-0.18,-1.15,1758762180.2516634
-0.01,-0.18,-1.15,1758762180.2540348
-0.01,-0.17,-1.15,1758762180.2562969
-0.01,-0.16,-1.15,1758762180.2599337
-0.0,-0.17,-1.15,1758762180.2641249
-0.01,-0.17,-1.15,1758762180.2685163
0.0,-0.18,-1.16,1758762180.2720685
0.01,-0.18,-1.15,1758762180.2748938
0.0,-0.18,-1.16,1758762180.2774854
0.01,-0.19,-1.16,1758762180.2798934
0.01,-0.18,-1.16,1758762180.282893
0.01,-0.19,-1.16,1758762180.2874832
0.01,-0.18,-1.16,1758762180.290786
0.0,-0.18,-1.16,1758762180.2934315
0.01,-0.18,-1.16,1758762180.2962496
0.01,-0.19,-1.16,1758762180.299308
0.01,-0.19,-1.16,1758762180.3043573
0.01,-0.19,-1.16,1758762180.3077683
0.01,-0.2,-1.16,1758762180.311017
0.01,-0.21,-1.16,1758762180.32068
0.02,-0.21,-1.16,1758762180.3256247
0.02,-0.22,-1.16,1758762180.3292265
0.01,-0.22,-1.16,1758762180.3327448
0.01,-0.21,-1.16,1758762180.340106
0.01,-0.21,-1.16,1758762180.3441384
0.02,-0.21,-1.16,1758762180.3493185
0.02,-0.21,-1.16,1758762180.3559463
0.02,-0.21,-1.16,1758762180.3595629
0.02,-0.22,-1.16,1758762180.3656356
0.02,-0.23,-1.16,1758762180.370376
0.03,-0.23,-1.16,1758762180.3743603
0.03,-0.23,-1.16,1758762180.38454
0.03,-0.23,-1.16,1758762180.3889425
0.03,-0.23,-1.16,1758762180.3930264
0.03,-0.23,-1.16,1758762180.3975706
0.03,-0.23,-1.16,1758762180.4010248
0.04,-0.23,-1.16,1758762180.4065762
0.05,-0.24,-1.16,1758762180.4110296
0.05,-0.24,-1.16,1758762180.419065
0.06,-0.24,-1.16,1758762180.4243362
0.07,-0.25,-1.17,1758762180.4270303
0.07,-0.25,-1.17,1758762180.4305973
0.07,-0.25,-1.17,1758762180.433996
0.07,-0.25,-1.17,1758762180.4373882
0.07,-0.25,-1.17,1758762180.441681
0.07,-0.25,-1.17,1758762180.4454467
0.07,-0.24,-1.17,1758762180.4501655
0.07,-0.25,-1.17,1758762180.4566762
0.07,-0.25,-1.17,1758762180.4608326
0.07,-0.25,-1.17,1758762180.4644082
0.07,-0.25,-1.17,1758762180.469125
0.07,-0.25,-1.17,1758762180.4755535
0.07,-0.25,-1.17,1758762180.4847283
0.07,-0.25,-1.17,1758762180.491727
0.07,-0.24,-1.17,1758762180.499535
0.07,-0.24,-1.17,1758762180.5043826
0.07,-0.24,-1.17,1758762180.5087087
0.07,-0.24,-1.17,1758762180.515275
0.06,-0.24,-1.17,1758762180.521123
0.07,-0.24,-1.17,1758762180.5252175
0.07,-0.24,-1.17,1758762180.529523
0.06,-0.24,-1.17,1758762180.5339928
0.07,-0.24,-1.17,1758762180.5372443
0.07,-0.24,-1.17,1758762180.5400994
0.06,-0.25,-1.17,1758762180.5429409
0.06,-0.25,-1.17,1758762180.5456543
0.07,-0.26,-1.17,1758762180.5483286
0.07,-0.25,-1.17,1758762180.5519147
0.06,-0.25,-1.17,1758762180.554563
0.07,-0.25,-1.17,1758762180.559156
0.07,-0.26,-1.17,1758762180.5633335
0.06,-0.26,-1.17,1758762180.5674577
0.05,-0.25,-1.17,1758762180.5711057
0.06,-0.25,-1.17,1758762180.5755107
0.05,-0.25,-1.17,1758762180.5797143
0.05,-0.25,-1.17,1758762180.5838895
0.05,-0.26,-1.17,1758762180.5886588
0.05,-0.25,-1.17,1758762180.593497
0.06,-0.26,-1.17,1758762180.597977
0.06,-0.25,-1.17,1758762180.6026125
0.06,-0.26,-1.17,1758762180.6058311
0.06,-0.25,-1.17,1758762180.608189
0.05,-0.25,-1.17,1758762180.6109924
0.05,-0.25,-1.17,1758762180.6141572
0.06,-0.25,-1.16,1758762180.619905
0.06,-0.26,-1.17,1758762180.624964
0.05,-0.26,-1.16,1758762180.6290922
0.05,-0.26,-1.16,1758762180.6331515
0.05,-0.26,-1.16,1758762180.635775
0.05,-0.27,-1.16,1758762180.6391523
0.05,-0.27,-1.16,1758762180.641652
0.05,-0.26,-1.16,1758762180.644345
0.05,-0.27,-1.16,1758762180.6473026
0.05,-0.26,-1.16,1758762180.64988
0.05,-0.26,-1.16,1758762180.6528654
0.06,-0.26,-1.16,1758762180.6561265
0.05,-0.26,-1.16,1758762180.6595068
0.05,-0.26,-1.16,1758762180.6624022
0.06,-0.27,-1.16,1758762180.6653092
0.05,-0.26,-1.16,1758762180.6682827
0.05,-0.26,-1.16,1758762180.6721094
0.06,-0.26,-1.16,1758762180.6758826
0.06,-0.27,-1.16,1758762180.6796565
0.06,-0.27,-1.16,1758762180.6830764
0.06,-0.27,-1.16,1758762180.6866505
0.06,-0.28,-1.16,1758762180.689586
0.06,-0.27,-1.16,1758762180.691718
0.06,-0.27,-1.16,1758762180.69412
0.05,-0.28,-1.16,1758762180.6975772
0.05,-0.28,-1.16,1758762180.702641
0.05,-0.29,-1.16,1758762180.7064755
0.05,-0.28,-1.16,1758762180.7109282
0.05,-0.28,-1.16,1758762180.7157636
0.05,-0.28,-1.16,1758762180.7195237
0.05,-0.28,-1.16,1758762180.7235515
0.05,-0.27,-1.16,1758762180.7270956
0.05,-0.27,-1.16,1758762180.730613
0.04,-0.27,-1.16,1758762180.734166
0.05,-0.26,-1.16,1758762180.7412975
0.05,-0.27,-1.16,1758762180.7473595
0.04,-0.26,-1.16,1758762180.755134
0.04,-0.26,-1.16,1758762180.7609868
0.04,-0.26,-1.16,1758762180.766492
0.04,-0.26,-1.16,1758762180.7706392
0.04,-0.26,-1.16,1758762180.7752905
0.04,-0.27,-1.16,1758762180.7806096
0.04,-0.27,-1.16,1758762180.785574
0.04,-0.27,-1.16,1758762180.7907314
0.04,-0.27,-1.16,1758762180.7965307
0.03,-0.26,-1.16,1758762180.7997096
0.03,-0.27,-1.16,1758762180.8046963
0.03,-0.27,-1.16,1758762180.8094246
0.02,-0.27,-1.16,1758762180.8153124
0.02,-0.27,-1.16,1758762180.8210902
0.03,-0.27,-1.16,1758762180.8261132
0.02,-0.26,-1.16,1758762180.8301682
0.02,-0.25,-1.16,1758762180.8351955
0.02,-0.26,-1.16,1758762180.8419125
0.01,-0.26,-1.16,1758762180.8480082
0.0,-0.27,-1.16,1758762180.853202
-0.0,-0.27,-1.16,1758762180.8557725
-0.0,-0.27,-1.16,1758762180.8593512
-0.0,-0.26,-1.16,1758762180.864036
-0.0,-0.26,-1.16,1758762180.8681805
-0.0,-0.27,-1.16,1758762180.8759096
0.0,-0.27,-1.15,1758762180.8818777
0.01,-0.26,-1.15,1758762180.8887434
0.01,-0.26,-1.15,1758762180.8947098
0.01,-0.26,-1.15,1758762180.8989165
0.0,-0.25,-1.15,1758762180.9062262
0.01,-0.25,-1.15,1758762180.9109538
0.0,-0.25,-1.15,1758762180.916768
0.01,-0.24,-1.16,1758762180.9222906
0.0,-0.24,-1.16,1758762180.9278402
0.01,-0.24,-1.16,1758762180.9328842
0.01,-0.24,-1.16,1758762180.9380257
0.01,-0.24,-1.16,1758762180.9418175
0.01,-0.24,-1.16,1758762180.9458938
0.0,-0.25,-1.16,1758762180.949458
0.01,-0.25,-1.16,1758762180.954173
0.0,-0.25,-1.16,1758762180.958105
0.0,-0.24,-1.16,1758762180.9623964
0.0,-0.24,-1.16,1758762180.9652
0.0,-0.24,-1.16,1758762180.9694648
0.01,-0.24,-1.16,1758762180.9740894
0.01,-0.23,-1.16,1758762180.9787512
0.01,-0.23,-1.16,1758762180.9816809
0.0,-0.23,-1.16,1758762180.9874463
0.0,-0.22,-1.16,1758762180.9916124
-0.01,-0.22,-1.16,1758762180.9957716
-0.01,-0.23,-1.16,1758762181.000347
-0.01,-0.23,-1.16,1758762181.0063314
-0.01,-0.22,-1.16,1758762181.0101645
-0.01,-0.23,-1.16,1758762181.014768
-0.01,-0.22,-1.16,1758762181.0200653
-0.01,-0.22,-1.16,1758762181.0251694
-0.01,-0.21,-1.16,1758762181.0302382
-0.01,-0.21,-1.16,1758762181.0344405
-0.01,-0.22,-1.16,1758762181.038351
-0.01,-0.22,-1.16,1758762181.0427942
-0.01,-0.21,-1.16,1758762181.046851
-0.0,-0.21,-1.16,1758762181.0504005
-0.01,-0.22,-1.16,1758762181.056375
-0.01,-0.21,-1.17,1758762181.0629177
-0.01,-0.21,-1.17,1758762181.0672126
-0.01,-0.22,-1.17,1758762181.0718586
-0.01,-0.21,-1.17,1758762181.079279
-0.01,-0.21,-1.17,1758762181.0835354
-0.01,-0.21,-1.17,1758762181.0902932
-0.01,-0.22,-1.17,1758762181.0963311
-0.0,-0.21,-1.17,1758762181.1018095
-0.0,-0.21,-1.17,1758762181.1061246
0.0,-0.2,-1.17,1758762181.1102264
0.0,-0.21,-1.17,1758762181.113438
0.0,-0.21,-1.17,1758762181.119899
0.01,-0.21,-1.17,1758762181.1262617
0.01,-0.21,-1.17,1758762181.133053
0.01,-0.2,-1.17,1758762181.1416187
0.01,-0.2,-1.17,1758762181.1491675
0.02,-0.21,-1.17,1758762181.1551375
0.02,-0.2,-1.18,1758762181.1634345
0.01,-0.2,-1.18,1758762181.1690085
0.02,-0.2,-1.18,1758762181.174801
0.01,-0.2,-1.18,1758762181.180046
0.02,-0.2,-1.18,1758762181.1849256
0.02,-0.2,-1.18,1758762181.1903806
0.02,-0.2,-1.18,1758762181.1959567
0.02,-0.2,-1.18,1758762181.2001293
0.02,-0.2,-1.18,1758762181.206445
0.01,-0.2,-1.18,1758762181.2113748
0.01,-0.19,-1.18,1758762181.215018
0.01,-0.19,-1.18,1758762181.2206457
0.01,-0.19,-1.18,1758762181.226572
0.0,-0.19,-1.18,1758762181.2307367
-0.0,-0.19,-1.18,1758762181.233641
-0.01,-0.19,-1.18,1758762181.2372222
0.0,-0.19,-1.18,1758762181.2408936
-0.0,-0.18,-1.18,1758762181.2538457
-0.0,-0.18,-1.18,1758762181.259829
-0.01,-0.18,-1.18,1758762181.2655048
-0.0,-0.18,-1.19,1758762181.2711203
-0.0,-0.18,-1.19,1758762181.2765718
0.0,-0.18,-1.19,1758762181.281012
0.0,-0.18,-1.19,1758762181.2861247
0.01,-0.18,-1.19,1758762181.2894945
0.01,-0.18,-1.19,1758762181.2937157
0.01,-0.17,-1.19,1758762181.2985723
0.0,-0.17,-1.19,1758762181.3041394
0.01,-0.17,-1.19,1758762181.3113515
0.01,-0.17,-1.19,1758762181.324297
0.01,-0.17,-1.19,1758762181.3387153
0.01,-0.17,-1.19,1758762181.3467388
0.01,-0.17,-1.19,1758762181.350266
0.01,-0.17,-1.19,1758762181.3572404
0.01,-0.17,-1.19,1758762181.3609538
0.01,-0.17,-1.19,1758762181.3661833
0.01,-0.16,-1.19,1758762181.3717246
0.01,-0.16,-1.19,1758762181.3741264
0.01,-0.16,-1.19,1758762181.377576
0.01,-0.16,-1.19,1758762181.383076
0.01,-0.16,-1.19,1758762181.3887925
0.02,-0.16,-1.19,1758762181.3960187
0.02,-0.16,-1.19,1758762181.4016645
0.02,-0.17,-1.19,1758762181.406553
0.02,-0.17,-1.19,1758762181.4103286
0.02,-0.16,-1.19,1758762181.4149742
0.02,-0.16,-1.19,1758762181.4200246
0.02,-0.15,-1.19,1758762181.42442
0.02,-0.15,-1.19,1758762181.4292078
0.02,-0.15,-1.19,1758762181.4334538
0.02,-0.15,-1.19,1758762181.4381075
0.02,-0.15,-1.19,1758762181.4414124
0.02,-0.15,-1.19,1758762181.4461503
0.01,-0.15,-1.19,1758762181.4556909
0.01,-0.14,-1.19,1758762181.4638658
0.01,-0.14,-1.19,1758762181.4710467
0.01,-0.15,-1.19,1758762181.4768
0.01,-0.14,-1.19,1758762181.4815836
0.01,-0.14,-1.19,1758762181.4881008
0.01,-0.14,-1.19,1758762181.492215
0.01,-0.13,-1.19,1758762181.503613
0.01,-0.13,-1.19,1758762181.514728
0.0,-0.12,-1.19,1758762181.52236
0.01,-0.12,-1.19,1758762181.5304012
0.01,-0.13,-1.19,1758762181.5369914
0.0,-0.12,-1.19,1758762181.541747
0.0,-0.12,-1.18,1758762181.548065
0.01,-0.12,-1.18,1758762181.5549705
0.0,-0.13,-1.18,1758762181.5687332
0.0,-0.13,-1.18,1758762181.5763428
-0.0,-0.12,-1.18,1758762181.5798168
0.0,-0.13,-1.18,1758762181.5823028
0.0,-0.13,-1.18,1758762181.586517
0.0,-0.12,-1.18,1758762181.59062
0.01,-0.12,-1.18,1758762181.594175
0.01,-0.12,-1.18,1758762181.597052
0.01,-0.11,-1.18,1758762181.6086066
0.01,-0.11,-1.18,1758762181.61348
0.0,-0.11,-1.18,1758762181.6176486
0.01,-0.11,-1.18,1758762181.6242416
-0.0,-0.11,-1.18,1758762181.6283708
-0.0,-0.11,-1.18,1758762181.6333506
-0.0,-0.1,-1.18,1758762181.6367283
-0.0,-0.1,-1.18,1758762181.6406147
-0.0,-0.1,-1.18,1758762181.6462295
-0.01,-0.11,-1.18,1758762181.6535351
-0.01,-0.1,-1.18,1758762181.6598885
-0.0,-0.1,-1.17,1758762181.6783886
-0.01,-0.1,-1.17,1758762181.685942
-0.0,-0.11,-1.17,1758762181.6911633
-0.01,-0.1,-1.17,1758762181.6952865
-0.0,-0.11,-1.17,1758762181.7009935
-0.0,-0.12,-1.17,1758762181.7051096
-0.0,-0.11,-1.17,1758762181.7094524
-0.0,-0.11,-1.17,1758762181.712697
-0.0,-0.12,-1.17,1758762181.7164726
-0.01,-0.12,-1.17,1758762181.7213893
-0.0,-0.12,-1.17,1758762181.7299874
-0.01,-0.12,-1.17,1758762181.7343092
-0.01,-0.12,-1.17,1758762181.7378187
-0.02,-0.13,-1.17,1758762181.7437713
-0.02,-0.13,-1.17,1758762181.7546833
-0.02,-0.13,-1.17,1758762181.7611706
-0.02,-0.13,-1.17,1758762181.764916
-0.02,-0.13,-1.17,1758762181.7693331
-0.03,-0.12,-1.17,1758762181.779544
-0.03,-0.12,-1.17,1758762181.784859
-0.04,-0.12,-1.17,1758762181.7888725
-0.04,-0.12,-1.17,1758762181.792503
-0.04,-0.12,-1.17,1758762181.7963314
-0.04,-0.12,-1.17,1758762181.8011825
-0.05,-0.11,-1.17,1758762181.805333
-0.05,-0.1,-1.17,1758762181.8144293
-0.05,-0.11,-1.17,1758762181.8221035
-0.05,-0.11,-1.17,1758762181.8270023
-0.05,-0.1,-1.17,1758762181.836687
-0.05,-0.1,-1.17,1758762181.854839
-0.05,-0.1,-1.17,1758762181.8605878
-0.05,-0.1,-1.17,1758762181.8647623
-0.05,-0.09,-1.17,1758762181.8683603
-0.04,-0.09,-1.17,1758762181.8716283
-0.05,-0.09,-1.17,1758762181.8759634
-0.04,-0.08,-1.17,1758762181.8795605
-0.04,-0.08,-1.17,1758762181.8848968
-0.04,-0.07,-1.17,1758762181.8904154
-0.04,-0.07,-1.17,1758762181.8970218
-0.03,-0.07,-1.17,1758762181.9015837
-0.03,-0.07,-1.17,1758762181.90636
-0.03,-0.08,-1.17,1758762181.9110026
-0.03,-0.08,-1.17,1758762181.9151514
-0.03,-0.08,-1.17,1758762181.920571
-0.03,-0.08,-1.17,1758762181.9244192
-0.04,-0.08,-1.17,1758762181.9286995
-0.04,-0.08,-1.17,1758762181.9318228
-0.03,-0.08,-1.17,1758762181.9370394
-0.03,-0.08,-1.17,1758762181.9413562
-0.04,-0.08,-1.17,1758762181.9459271
-0.03,-0.07,-1.17,1758762181.949255
-0.03,-0.08,-1.17,1758762181.9554448
-0.03,-0.08,-1.17,1758762181.9583774
-0.03,-0.09,-1.17,1758762181.9623797
-0.04,-0.08,-1.17,1758762181.968607
-0.04,-0.09,-1.17,1758762181.973655
-0.04,-0.09,-1.17,1758762181.9773486
-0.04,-0.09,-1.17,1758762181.9802945
-0.04,-0.09,-1.17,1758762181.9868348
-0.04,-0.09,-1.17,1758762181.9933684
-0.03,-0.09,-1.17,1758762182.0019662
-0.03,-0.09,-1.17,1758762182.0080097
-0.03,-0.1,-1.17,1758762182.0120113
-0.03,-0.1,-1.17,1758762182.021906
-0.02,-0.1,-1.17,1758762182.0257697
-0.02,-0.1,-1.17,1758762182.0274649
-0.02,-0.09,-1.17,1758762182.0294948
-0.02,-0.09,-1.17,1758762182.0318472
-0.02,-0.08,-1.17,1758762182.035219
-0.01,-0.08,-1.17,1758762182.038529
-0.02,-0.07,-1.17,1758762182.043638
-0.02,-0.07,-1.17,1758762182.0469718
-0.02,-0.07,-1.17,1758762182.0506885
-0.02,-0.07,-1.17,1758762182.054288
-0.02,-0.07,-1.17,1758762182.0575984
-0.02,-0.07,-1.17,1758762182.0611444
-0.02,-0.07,-1.17,1758762182.0634716
-0.02,-0.07,-1.17,1758762182.065951
-0.01,-0.06,-1.17,1758762182.0689845
-0.01,-0.06,-1.17,1758762182.0715744
-0.01,-0.06,-1.17,1758762182.0749786
-0.01,-0.07,-1.17,1758762182.080424
-0.01,-0.07,-1.17,1758762182.083574
-0.02,-0.07,-1.17,1758762182.090073
-0.02,-0.07,-1.17,1758762182.0944233
-0.03,-0.07,-1.17,1758762182.1009264
-0.03,-0.07,-1.17,1758762182.1073248
-0.02,-0.07,-1.17,1758762182.1128314
-0.02,-0.07,-1.17,1758762182.1184618
-0.02,-0.06,-1.17,1758762182.1224823
-0.02,-0.06,-1.17,1758762182.1265025
-0.02,-0.06,-1.17,1758762182.1294286
-0.01,-0.07,-1.17,1758762182.1313045
-0.01,-0.07,-1.17,1758762182.1341052
-0.02,-0.07,-1.17,1758762182.1380217
-0.01,-0.07,-1.17,1758762182.1418383
-0.0,-0.08,-1.17,1758762182.146704
0.0,-0.08,-1.17,1758762182.1508596
-0.0,-0.08,-1.17,1758762182.1570463
-0.0,-0.09,-1.17,1758762182.1679022
-0.01,-0.09,-1.17,1758762182.17266
0.0,-0.09,-1.17,1758762182.1751158
0.0,-0.09,-1.17,1758762182.178764
0.01,-0.09,-1.17,1758762182.1823878
0.01,-0.09,-1.17,1758762182.1857514
0.01,-0.09,-1.17,1758762182.1967585
0.0,-0.09,-1.17,1758762182.2007987
0.01,-0.09,-1.17,1758762182.2071428
-0.0,-0.08,-1.16,1758762182.2121882
0.0,-0.09,-1.16,1758762182.2183003
0.0,-0.09,-1.16,1758762182.2226744
0.0,-0.08,-1.16,1758762182.22986
0.0,-0.08,-1.16,1758762182.2315896
0.0,-0.08,-1.16,1758762182.2355397
0.01,-0.08,-1.16,1758762182.2401922
0.01,-0.08,-1.16,1758762182.242979
0.01,-0.08,-1.16,1758762182.247494
0.0,-0.09,-1.16,1758762182.2497098
-0.0,-0.09,-1.16,1758762182.254678
-0.0,-0.09,-1.16,1758762182.2595584
-0.0,-0.08,-1.16,1758762182.2634
-0.0,-0.08,-1.16,1758762182.2652297
-0.01,-0.08,-1.16,1758762182.2675257
-0.01,-0.08,-1.16,1758762182.269807
-0.01,-0.08,-1.16,1758762182.2747846
-0.01,-0.08,-1.16,1758762182.278768
-0.02,-0.08,-1.16,1758762182.2832067
-0.02,-0.07,-1.16,1758762182.288267
-0.02,-0.07,-1.16,1758762182.2931943
-0.02,-0.08,-1.16,1758762182.3019972
-0.02,-0.08,-1.16,1758762182.314835
-0.01,-0.08,-1.16,1758762182.322105
-0.01,-0.07,-1.16,1758762182.3315582
-0.01,-0.07,-1.16,1758762182.337438
-0.01,-0.07,-1.16,1758762182.345135
-0.01,-0.07,-1.16,1758762182.3476827
-0.01,-0.06,-1.16,1758762182.352914
-0.01,-0.06,-1.16,1758762182.3577597
-0.01,-0.05,-1.16,1758762182.3652573
-0.01,-0.06,-1.16,1758762182.3726823
-0.01,-0.07,-1.16,1758762182.3805275
-0.01,-0.06,-1.16,1758762182.3891816
-0.01,-0.06,-1.16,1758762182.395968
-0.01,-0.06,-1.16,1758762182.4020276
-0.0,-0.06,-1.16,1758762182.4060738
-0.0,-0.06,-1.16,1758762182.4103563
0.0,-0.06,-1.16,1758762182.416367
-0.0,-0.06,-1.16,1758762182.4209938
0.01,-0.06,-1.16,1758762182.4252658
0.0,-0.05,-1.16,1758762182.429123
-0.0,-0.05,-1.16,1758762182.433613
-0.0,-0.05,-1.16,1758762182.4372234
-0.0,-0.05,-1.16,1758762182.4403095
0.0,-0.05,-1.16,1758762182.444477
0.0,-0.05,-1.15,1758762182.4492564
0.0,-0.04,-1.15,1758762182.4535077
-0.0,-0.05,-1.15,1758762182.457677
-0.0,-0.04,-1.15,1758762182.4620757
-0.0,-0.04,-1.16,1758762182.4661944
-0.0,-0.04,-1.16,1758762182.4698615
0.0,-0.05,-1.16,1758762182.4735467
-0.0,-0.05,-1.15,1758762182.477913
-0.0,-0.04,-1.16,1758762182.4818397
-0.01,-0.05,-1.16,1758762182.486059
-0.01,-0.05,-1.15,1758762182.4890523
-0.01,-0.05,-1.16,1758762182.4920633
-0.01,-0.05,-1.16,1758762182.4970982
-0.01,-0.05,-1.16,1758762182.50081
-0.0,-0.04,-1.16,1758762182.5033932
-0.01,-0.04,-1.16,1758762182.508849
-0.01,-0.03,-1.16,1758762182.5131404
-0.01,-0.03,-1.16,1758762182.5159466
-0.01,-0.03,-1.16,1758762182.5197933
-0.01,-0.03,-1.16,1758762182.5234897
-0.01,-0.03,-1.16,1758762182.5294435
0.0,-0.03,-1.16,1758762182.5328314
0.0,-0.02,-1.16,1758762182.535948
0.0,-0.02,-1.16,1758762182.5615313
0.0,-0.01,-1.16,1758762182.5702837
-0.01,-0.01,-1.16,1758762182.578833
0.0,-0.01,-1.16,1758762182.588902
0.0,-0.01,-1.16,1758762182.5958958
-0.0,-0.01,-1.16,1758762182.6111512
-0.0,-0.01,-1.16,1758762182.615009
-0.0,-0.01,-1.16,1758762182.6285846
-0.01,-0.01,-1.16,1758762182.6343217
-0.01,-0.01,-1.16,1758762182.637558
-0.01,-0.01,-1.16,1758762182.6434455
-0.01,-0.01,-1.16,1758762182.6477203
-0.01,-0.01,-1.16,1758762182.6508293
-0.0,-0.01,-1.16,1758762182.6601338
0.0,-0.01,-1.16,1758762182.6680613
-0.0,-0.01,-1.16,1758762182.6722548
-0.01,-0.01,-1.16,1758762182.677868
-0.01,-0.02,-1.16,1758762182.6828992
-0.0,-0.01,-1.16,1758762182.6878576
-0.0,-0.02,-1.16,1758762182.6916049
-0.0,-0.02,-1.16,1758762182.696862
-0.0,-0.01,-1.17,1758762182.701228
-0.01,-0.01,-1.17,1758762182.704754
-0.01,-0.01,-1.17,1758762182.709687
-0.01,-0.0,-1.17,1758762182.7150116
-0.01,-0.0,-1.17,1758762182.720687
-0.02,-0.0,-1.17,1758762182.725541
-0.02,-0.01,-1.17,1758762182.7313955
-0.01,-0.01,-1.17,1758762182.7358456
-0.01,-0.01,-1.17,1758762182.74012
-0.01,-0.01,-1.17,1758762182.745895
-0.01,-0.01,-1.17,1758762182.75466
-0.01,-0.01,-1.17,1758762182.7606516
-0.01,-0.01,-1.17,1758762182.766014
-0.01,-0.01,-1.17,1758762182.7824714
-0.01,-0.02,-1.17,1758762182.7890563
-0.01,-0.02,-1.17,1758762182.803175
-0.01,-0.01,-1.17,1758762182.8261516
-0.01,-0.01,-1.17,1758762182.8428562
-0.01,-0.02,-1.17,1758762182.8600297
-0.01,-0.02,-1.17,1758762182.865699
-0.01,-0.03,-1.17,1758762182.876354
-0.01,-0.03,-1.17,1758762182.8833818
-0.01,-0.02,-1.17,1758762182.887911
-0.01,-0.02,-1.18,1758762182.8945472
-0.02,-0.02,-1.18,1758762182.9051354
-0.01,-0.02,-1.18,1758762182.9178746
-0.01,-0.02,-1.18,1758762182.933184
-0.01,-0.01,-1.18,1758762182.95332
-0.01,-0.01,-1.18,1758762182.966015
-0.01,-0.01,-1.18,1758762182.9734137
-0.01,-0.01,-1.18,1758762182.9815829
-0.01,-0.01,-1.18,1758762182.997057
-0.01,-0.0,-1.18,1758762183.0091178
-0.01,-0.01,-1.18,1758762183.0175743
-0.02,-0.01,-1.18,1758762183.0244763
-0.02,-0.01,-1.18,1758762183.0335555
-0.02,-0.01,-1.18,1758762183.0394075
-0.02,-0.0,-1.18,1758762183.0473948
-0.02,-0.01,-1.18,1758762183.0527663
-0.02,0.0,-1.18,1758762183.0587587
-0.02,0.0,-1.18,1758762183.0639403
-0.02,0.0,-1.18,1758762183.0706224
-0.02,-0.0,-1.18,1758762183.075194
-0.02,-0.0,-1.18,1758762183.079957
-0.02,-0.01,-1.18,1758762183.0886705
-0.03,-0.02,-1.18,1758762183.0938902
-0.02,-0.02,-1.18,1758762183.099276
-0.02,-0.02,-1.18,1758762183.106218
-0.02,-0.02,-1.18,1758762183.1124654
-0.02,-0.02,-1.18,1758762183.1186306
-0.02,-0.02,-1.18,1758762183.1273055
-0.02,-0.02,-1.18,1758762183.136544
-0.02,-0.02,-1.18,1758762183.1425936
-0.01,-0.02,-1.18,1758762183.1499972
-0.01,-0.01,-1.18,1758762183.1565907
-0.01,-0.01,-1.18,1758762183.1609385
-0.01,-0.02,-1.18,1758762183.1667335
-0.01,-0.02,-1.18,1758762183.1699803
-0.01,-0.01,-1.17,1758762183.1746206
-0.0,-0.01,-1.17,1758762183.1783297
0.0,-0.01,-1.17,1758762183.1809905
0.01,-0.01,-1.17,1758762183.184735
0.0,-0.01,-1.17,1758762183.1895628
-0.0,-0.01,-1.17,1758762183.1930294
0.0,-0.0,-1.17,1758762183.1964738
0.0,0.0,-1.17,1758762183.203544
0.01,0.0,-1.17,1758762183.2071345
0.01,0.01,-1.17,1758762183.2108805
0.01,0.01,-1.17,1758762183.2230017
0.01,0.0,-1.17,1758762183.2331429
0.01,0.01,-1.17,1758762183.2446864
0.01,0.0,-1.17,1758762183.2530816
0.01,0.0,-1.17,1758762183.259493
0.02,0.0,-1.17,1758762183.2700064
0.02,0.0,-1.17,1758762183.2743788
0.02,-0.0,-1.17,1758762183.2800803
0.02,-0.0,-1.17,1758762183.2840116
0.02,-0.0,-1.17,1758762183.288065
0.02,-0.0,-1.17,1758762183.292681
0.02,-0.0,-1.17,1758762183.297259
0.02,0.0,-1.17,1758762183.3034766
0.01,0.0,-1.17,1758762183.3101282
0.01,0.01,-1.17,1758762183.3190808
0.01,0.01,-1.17,1758762183.3261998
0.02,0.02,-1.17,1758762183.3340416
0.02,0.01,-1.17,1758762183.34139
0.02,0.02,-1.17,1758762183.3486905
0.02,0.02,-1.17,1758762183.354044
0.01,0.02,-1.17,1758762183.3570774
0.01,0.01,-1.17,1758762183.3642642
0.01,0.01,-1.17,1758762183.3696015
0.01,0.01,-1.17,1758762183.373843
0.01,0.01,-1.17,1758762183.377731
0.01,0.01,-1.17,1758762183.3810036
0.01,0.01,-1.17,1758762183.3838391
0.01,0.0,-1.17,1758762183.386339
0.01,0.0,-1.17,1758762183.3897836
0.01,0.0,-1.17,1758762183.3937924
0.0,0.0,-1.17,1758762183.3985276
0.0,0.0,-1.17,1758762183.4065628
0.0,0.0,-1.17,1758762183.4107118
-0.0,0.0,-1.17,1758762183.4156816
-0.0,0.01,-1.17,1758762183.4190152
-0.0,0.0,-1.17,1758762183.4240854
-0.0,0.01,-1.16,1758762183.4276893
-0.0,0.0,-1.16,1758762183.4331896
-0.0,0.01,-1.16,1758762183.4377706
-0.0,0.0,-1.17,1758762183.4423616
-0.0,0.01,-1.17,1758762183.4476924
-0.0,0.0,-1.17,1758762183.4524393
-0.0,0.0,-1.17,1758762183.458042
-0.0,-0.0,-1.17,1758762183.4638414
-0.0,0.0,-1.17,1758762183.469269
-0.0,-0.0,-1.17,1758762183.4756465
-0.01,0.0,-1.17,1758762183.4793892
-0.0,-0.0,-1.17,1758762183.4827292
-0.01,0.0,-1.17,1758762183.492406
-0.01,0.01,-1.17,1758762183.4999444
-0.01,0.01,-1.17,1758762183.505998
-0.01,0.01,-1.17,1758762183.5126266
-0.0,0.01,-1.17,1758762183.516996
-0.01,0.0,-1.17,1758762183.5235467
-0.01,0.0,-1.17,1758762183.535331
-0.01,0.0,-1.17,1758762183.5401397
0.0,0.0,-1.17,1758762183.5446153
-0.0,0.0,-1.17,1758762183.5482645
0.01,0.0,-1.17,1758762183.552837
0.01,0.0,-1.17,1758762183.557997
0.01,0.01,-1.17,1758762183.5644689
0.01,0.01,-1.17,1758762183.5699823
0.01,0.01,-1.17,1758762183.5735345
0.01,0.01,-1.17,1758762183.577121
0.01,0.0,-1.17,1758762183.5820625
0.01,0.0,-1.17,1758762183.5865688
0.01,0.0,-1.17,1758762183.590904
0.02,0.0,-1.17,1758762183.5948722
0.02,-0.0,-1.17,1758762183.5996597
0.01,0.0,-1.17,1758762183.6050785
0.01,-0.0,-1.17,1758762183.608215
0.01,0.0,-1.17,1758762183.6118362
0.02,0.0,-1.17,1758762183.6159956
0.02,0.0,-1.17,1758762183.6195843
0.02,0.0,-1.17,1758762183.623829
0.03,0.0,-1.17,1758762183.627251
0.03,0.0,-1.17,1758762183.631279
0.03,0.01,-1.17,1758762183.634787
0.03,0.01,-1.17,1758762183.6392405
0.02,0.0,-1.17,1758762183.644583
0.02,0.0,-1.17,1758762183.6484363
0.02,0.0,-1.17,1758762183.6532276
0.02,-0.0,-1.17,1758762183.6602488
0.02,-0.0,-1.17,1758762183.664727
0.02,-0.01,-1.17,1758762183.668646
0.01,-0.0,-1.17,1758762183.673061
0.01,-0.0,-1.17,1758762183.6762874
0.02,-0.01,-1.18,1758762183.6789412
0.02,-0.01,-1.18,1758762183.6820023
0.02,-0.01,-1.18,1758762183.68582
0.03,-0.01,-1.18,1758762183.691259
0.02,-0.02,-1.18,1758762183.6948102
0.02,-0.02,-1.18,1758762183.7005022
0.02,-0.01,-1.18,1758762183.7032554
0.02,-0.01,-1.18,1758762183.7111454
0.01,-0.02,-1.18,1758762183.7155154
0.02,-0.02,-1.18,1758762183.7187817
0.02,-0.02,-1.18,1758762183.7211802
0.01,-0.03,-1.18,1758762183.7245717
0.02,-0.03,-1.18,1758762183.7279348
0.01,-0.03,-1.18,1758762183.7320242
0.01,-0.03,-1.18,1758762183.735177
0.01,-0.03,-1.18,1758762183.740387
0.01,-0.04,-1.18,1758762183.7447717
0.02,-0.04,-1.18,1758762183.7489336
0.02,-0.04,-1.18,1758762183.7522662
0.02,-0.03,-1.18,1758762183.7562263
0.02,-0.03,-1.18,1758762183.7592533
0.02,-0.03,-1.18,1758762183.7640922
0.02,-0.04,-1.18,1758762183.768798
0.03,-0.03,-1.18,1758762183.7715487
0.03,-0.03,-1.18,1758762183.7754571
0.03,-0.03,-1.18,1758762183.778515
0.03,-0.04,-1.18,1758762183.7827885
0.03,-0.04,-1.18,1758762183.7863836
0.03,-0.05,-1.18,1758762183.789661
0.02,-0.05,-1.18,1758762183.793503
0.02,-0.05,-1.18,1758762183.797711
0.02,-0.05,-1.18,1758762183.801695
0.02,-0.05,-1.18,1758762183.80758
0.02,-0.04,-1.18,1758762183.8106744
0.02,-0.04,-1.18,1758762183.8147388
0.01,-0.04,-1.18,1758762183.820691
0.01,-0.04,-1.18,1758762183.8249023
0.01,-0.05,-1.18,1758762183.8294394
0.01,-0.04,-1.18,1758762183.8329768
0.01,-0.05,-1.18,1758762183.8390574
0.01,-0.05,-1.18,1758762183.8428376
0.02,-0.05,-1.18,1758762183.8473637
0.02,-0.05,-1.18,1758762183.8510382
0.02,-0.05,-1.18,1758762183.8540905
0.02,-0.06,-1.18,1758762183.8575256
0.02,-0.06,-1.18,1758762183.861931
0.03,-0.06,-1.18,1758762183.867147
0.03,-0.06,-1.18,1758762183.8716128
0.02,-0.06,-1.18,1758762183.8750043
0.02,-0.06,-1.18,1758762183.879651
0.02,-0.06,-1.18,1758762183.88513
0.02,-0.07,-1.18,1758762183.8887615
0.02,-0.07,-1.18,1758762183.8921237
0.02,-0.08,-1.18,1758762183.8966928
0.02,-0.08,-1.18,1758762183.9021752
0.02,-0.08,-1.18,1758762183.905628
0.02,-0.08,-1.18,1758762183.908522
0.02,-0.08,-1.18,1758762183.913388
0.02,-0.08,-1.18,1758762183.9180136
0.02,-0.08,-1.17,1758762183.922903
0.02,-0.07,-1.17,1758762183.9288807
0.02,-0.07,-1.17,1758762183.932966
0.02,-0.06,-1.17,1758762183.936834
0.02,-0.06,-1.17,1758762183.9403012
0.01,-0.07,-1.17,1758762183.9462802
0.01,-0.06,-1.17,1758762183.9499822
0.01,-0.07,-1.17,1758762183.954331
0.01,-0.07,-1.17,1758762183.9569342
0.01,-0.06,-1.17,1758762183.9615853
0.01,-0.06,-1.17,1758762183.9647515
0.01,-0.06,-1.17,1758762183.9687195
0.0,-0.06,-1.17,1758762183.97448
-0.0,-0.06,-1.17,1758762183.9772391
-0.01,-0.05,-1.17,1758762183.981496
-0.01,-0.06,-1.17,1758762183.985109
-0.01,-0.06,-1.17,1758762183.9892468
-0.01,-0.06,-1.17,1758762183.9939227
-0.01,-0.05,-1.17,1758762183.99831
-0.01,-0.05,-1.17,1758762184.0015528
-0.01,-0.06,-1.17,1758762184.0051198
-0.0,-0.06,-1.17,1758762184.0089726
0.0,-0.06,-1.17,1758762184.0128973
-0.0,-0.06,-1.17,1758762184.0180874
0.01,-0.07,-1.17,1758762184.0223718
0.0,-0.06,-1.17,1758762184.0265992
0.0,-0.07,-1.17,1758762184.029996
0.0,-0.06,-1.16,1758762184.033088
0.01,-0.06,-1.16,1758762184.037704
0.01,-0.06,-1.16,1758762184.0426366
0.01,-0.06,-1.16,1758762184.045041
0.01,-0.07,-1.16,1758762184.049609
0.0,-0.07,-1.16,1758762184.0548935
0.0,-0.06,-1.16,1758762184.0581548
0.01,-0.07,-1.16,1758762184.0626893
0.01,-0.06,-1.16,1758762184.0655484
0.01,-0.06,-1.16,1758762184.070943
0.01,-0.06,-1.16,1758762184.0740404
0.01,-0.06,-1.16,1758762184.0782478
0.01,-0.06,-1.16,1758762184.085298
0.01,-0.07,-1.16,1758762184.091467
0.01,-0.07,-1.16,1758762184.0940683
0.01,-0.07,-1.16,1758762184.0989084
0.02,-0.07,-1.16,1758762184.1038454
0.02,-0.07,-1.16,1758762184.1090226
0.01,-0.07,-1.16,1758762184.1129098
0.02,-0.07,-1.16,1758762184.1206765
0.02,-0.07,-1.16,1758762184.1235547
0.02,-0.07,-1.16,1758762184.1269195
0.02,-0.06,-1.16,1758762184.1310503
0.02,-0.06,-1.16,1758762184.1359625
0.01,-0.05,-1.16,1758762184.1387851
0.01,-0.05,-1.16,1758762184.1452785
0.02,-0.05,-1.16,1758762184.151897
0.01,-0.05,-1.16,1758762184.1638138
0.02,-0.05,-1.16,1758762184.1682818
0.01,-0.05,-1.16,1758762184.170076
0.01,-0.05,-1.16,1758762184.1735368
0.02,-0.05,-1.16,1758762184.1769032
0.02,-0.05,-1.16,1758762184.180481
0.01,-0.05,-1.16,1758762184.1826005
0.01,-0.05,-1.16,1758762184.1849573
0.01,-0.05,-1.16,1758762184.1877797
0.0,-0.05,-1.16,1758762184.1909156
0.0,-0.05,-1.16,1758762184.1930108
0.0,-0.04,-1.16,1758762184.1958842
0.0,-0.04,-1.16,1758762184.1976497
-0.0,-0.04,-1.16,1758762184.2005792
-0.0,-0.04,-1.16,1758762184.202241
0.0,-0.04,-1.16,1758762184.2061832
0.0,-0.04,-1.16,1758762184.207805
-0.0,-0.04,-1.16,1758762184.2118907
-0.0,-0.04,-1.16,1758762184.215179
-0.0,-0.04,-1.16,1758762184.218176
-0.01,-0.04,-1.16,1758762184.2224393
-0.01,-0.03,-1.16,1758762184.2255948
-0.01,-0.04,-1.16,1758762184.232934
-0.01,-0.04,-1.16,1758762184.234714
-0.0,-0.04,-1.16,1758762184.2392375
-0.01,-0.04,-1.16,1758762184.2416558
-0.01,-0.04,-1.16,1758762184.2573564
-0.01,-0.03,-1.16,1758762184.2598712
-0.01,-0.03,-1.16,1758762184.261895
-0.01,-0.03,-1.16,1758762184.2649324
-0.01,-0.03,-1.16,1758762184.2674117
-0.02,-0.02,-1.16,1758762184.2691076
-0.02,-0.02,-1.16,1758762184.2719183
-0.02,-0.02,-1.16,1758762184.2758608
-0.02,-0.03,-1.16,1758762184.2787647
-0.02,-0.03,-1.16,1758762184.2808151
-0.02,-0.03,-1.16,1758762184.284447
-0.02,-0.03,-1.16,1758762184.2868216
-0.02,-0.03,-1.17,1758762184.2885177
-0.02,-0.02,-1.17,1758762184.2950256
-0.02,-0.03,-1.17,1758762184.2979302
-0.02,-0.03,-1.17,1758762184.3067052
-0.02,-0.03,-1.17,1758762184.3084602
-0.03,-0.02,-1.17,1758762184.3108656
-0.03,-0.02,-1.17,1758762184.3238368
-0.03,-0.03,-1.17,1758762184.3273013
-0.03,-0.03,-1.17,1758762184.335797
-0.03,-0.04,-1.17,1758762184.3478477
-0.03,-0.04,-1.17,1758762184.354541
-0.04,-0.05,-1.17,1758762184.3571315
-0.04,-0.05,-1.17,1758762184.360409
-0.04,-0.04,-1.17,1758762184.3629122
-0.05,-0.04,-1.17,1758762184.3655877
-0.04,-0.05,-1.17,1758762184.3849294
-0.05,-0.05,-1.17,1758762184.3964524
-0.05,-0.05,-1.17,1758762184.399407
-0.06,-0.05,-1.17,1758762184.410063
-0.06,-0.06,-1.17,1758762184.414803
-0.06,-0.06,-1.17,1758762184.4189513
-0.06,-0.06,-1.18,1758762184.423112
-0.05,-0.06,-1.18,1758762184.4383829
-0.06,-0.07,-1.18,1758762184.443493
-0.06,-0.07,-1.18,1758762184.4471762
-0.06,-0.07,-1.18,1758762184.4501178
-0.06,-0.08,-1.18,1758762184.4527617
-0.06,-0.07,-1.18,1758762184.4639246
-0.06,-0.08,-1.18,1758762184.4724183
-0.06,-0.08,-1.18,1758762184.4812558
-0.06,-0.08,-1.18,1758762184.4859135
-0.06,-0.09,-1.18,1758762184.4919748
-0.06,-0.09,-1.18,1758762184.4940186
-0.05,-0.1,-1.18,1758762184.506178
-0.05,-0.1,-1.18,1758762184.5129578
-0.05,-0.11,-1.18,1758762184.5319142
-0.05,-0.11,-1.18,1758762184.5363958
-0.05,-0.11,-1.18,1758762184.5451388
-0.05,-0.1,-1.18,1758762184.5499053
-0.05,-0.1,-1.18,1758762184.5554802
-0.05,-0.09,-1.18,1758762184.5658414
-0.05,-0.09,-1.18,1758762184.5685253
-0.05,-0.1,-1.18,1758762184.5721004
-0.06,-0.1,-1.18,1758762184.5749617
-0.06,-0.1,-1.18,1758762184.5776212
-0.06,-0.1,-1.18,1758762184.5807922
-0.06,-0.1,-1.19,1758762184.584769
-0.06,-0.1,-1.19,1758762184.6007524
-0.06,-0.1,-1.19,1758762184.6038032
-0.07,-0.1,-1.19,1758762184.6062229
-0.07,-0.11,-1.19,1758762184.6081955
-0.07,-0.1,-1.19,1758762184.6105833
-0.07,-0.1,-1.19,1758762184.613366
-0.07,-0.1,-1.19,1758762184.6169395
-0.07,-0.1,-1.19,1758762184.620906
-0.07,-0.1,-1.19,1758762184.625548
-0.07,-0.1,-1.19,1758762184.6300254
-0.07,-0.1,-1.19,1758762184.6340003
-0.07,-0.1,-1.19,1758762184.6402097
-0.07,-0.1,-1.19,1758762184.6422102
-0.07,-0.11,-1.19,1758762184.6465776
-0.07,-0.11,-1.19,1758762184.651502
-0.07,-0.11,-1.19,1758762184.654286
-0.07,-0.11,-1.19,1758762184.657823
-0.07,-0.11,-1.19,1758762184.6642444
-0.07,-0.1,-1.19,1758762184.667457
-0.08,-0.1,-1.19,1758762184.6704805
-0.07,-0.1,-1.19,1758762184.6744814
-0.07,-0.1,-1.19,1758762184.680399
-0.07,-0.1,-1.19,1758762184.6834953
-0.07,-0.11,-1.19,1758762184.6869972
-0.07,-0.11,-1.19,1758762184.6929514
-0.07,-0.11,-1.19,1758762184.6953917
-0.07,-0.1,-1.19,1758762184.6982105
-0.07,-0.09,-1.19,1758762184.700618
-0.07,-0.1,-1.19,1758762184.706911
-0.06,-0.09,-1.19,1758762184.7117205
-0.06,-0.1,-1.19,1758762184.7143502
-0.07,-0.1,-1.19,1758762184.7165716
-0.07,-0.11,-1.19,1758762184.720179
-0.07,-0.11,-1.19,1758762184.7254612
-0.06,-0.1,-1.19,1758762184.7286944
-0.06,-0.09,-1.19,1758762184.733436
-0.07,-0.09,-1.19,1758762184.73631
-0.07,-0.09,-1.19,1758762184.7399364
-0.07,-0.1,-1.19,1758762184.744345
-0.07,-0.09,-1.19,1758762184.747991
-0.07,-0.08,-1.19,1758762184.7533624
-0.07,-0.08,-1.19,1758762184.7604992
-0.08,-0.08,-1.19,1758762184.7637706
-0.07,-0.09,-1.19,1758762184.766884
-0.07,-0.09,-1.19,1758762184.7695308
-0.06,-0.09,-1.19,1758762184.775934
-0.06,-0.09,-1.19,1758762184.7783585
-0.06,-0.09,-1.19,1758762184.780417
-0.06,-0.09,-1.19,1758762184.785543
-0.06,-0.09,-1.19,1758762184.7900972
-0.07,-0.09,-1.19,1758762184.7935667
-0.07,-0.1,-1.19,1758762184.799241
-0.06,-0.1,-1.19,1758762184.801995
-0.06,-0.1,-1.19,1758762184.808547
-0.06,-0.1,-1.19,1758762184.8117788
-0.06,-0.1,-1.19,1758762184.8147612
-0.05,-0.1,-1.19,1758762184.817456
-0.05,-0.1,-1.19,1758762184.8198628
-0.06,-0.1,-1.19,1758762184.8242457
-0.06,-0.1,-1.19,1758762184.8269126
-0.06,-0.1,-1.19,1758762184.8387754
-0.06,-0.1,-1.19,1758762184.8409894
-0.06,-0.11,-1.19,1758762184.8433623
-0.06,-0.11,-1.19,1758762184.8464146
-0.06,-0.11,-1.18,1758762184.849435
-0.06,-0.11,-1.18,1758762184.8529787
-0.07,-0.11,-1.18,1758762184.858686
-0.06,-0.1,-1.18,1758762184.8617997
-0.06,-0.09,-1.19,1758762184.8670907
-0.06,-0.09,-1.19,1758762184.8718
-0.06,-0.08,-1.19,1758762184.880628
-0.06,-0.08,-1.19,1758762184.8835137
-0.05,-0.07,-1.19,1758762184.8869014
-0.05,-0.07,-1.19,1758762184.8910606
-0.05,-0.07,-1.18,1758762184.8984318
-0.05,-0.08,-1.18,1758762184.9040666
-0.05,-0.08,-1.18,1758762184.9061692
-0.06,-0.08,-1.18,1758762184.910528
-0.06,-0.08,-1.18,1758762184.913746
-0.05,-0.08,-1.18,1758762184.918308
-0.05,-0.08,-1.18,1758762184.9232576
-0.05,-0.07,-1.18,1758762184.9255743
-0.05,-0.07,-1.18,1758762184.9283023
-0.06,-0.07,-1.18,1758762184.9333255
-0.06,-0.06,-1.18,1758762184.9396343
-0.06,-0.06,-1.18,1758762184.9498289
-0.06,-0.07,-1.18,1758762184.953035
-0.06,-0.07,-1.18,1758762184.9551744
-0.05,-0.07,-1.18,1758762184.9571085
-0.06,-0.08,-1.18,1758762184.959155
-0.06,-0.08,-1.18,1758762184.961734
-0.06,-0.07,-1.18,1758762184.9645498
-0.05,-0.07,-1.18,1758762184.970426
-0.06,-0.07,-1.18,1758762184.97267
-0.06,-0.07,-1.18,1758762184.9748914
-0.05,-0.08,-1.18,1758762184.9780903
-0.06,-0.08,-1.18,1758762184.9905958
-0.05,-0.08,-1.18,1758762184.99311
-0.06,-0.08,-1.18,1758762184.9952188
-0.06,-0.09,-1.18,1758762184.9987917
-0.05,-0.09,-1.18,1758762185.0016053
-0.05,-0.08,-1.18,1758762185.0038474
-0.06,-0.08,-1.18,1758762185.0064557
-0.06,-0.08,-1.18,1758762185.0105095
-0.05,-0.08,-1.18,1758762185.013595
-0.05,-0.08,-1.18,1758762185.0223875
-0.04,-0.08,-1.18,1758762185.0251317
-0.05,-0.08,-1.17,1758762185.0283687
-0.04,-0.08,-1.17,1758762185.0302267
-0.04,-0.07,-1.17,1758762185.033499
-0.05,-0.07,-1.17,1758762185.0358627
-0.05,-0.08,-1.17,1758762185.0385647
-0.05,-0.07,-1.17,1758762185.0407572
-0.05,-0.07,-1.17,1758762185.0443838
-0.04,-0.07,-1.17,1758762185.051844
-0.05,-0.08,-1.17,1758762185.054103
-0.05,-0.08,-1.17,1758762185.0566435
-0.05,-0.09,-1.17,1758762185.0591922
-0.05,-0.09,-1.17,1758762185.0628614
-0.05,-0.09,-1.17,1758762185.0670793
-0.05,-0.08,-1.17,1758762185.0718489
-0.05,-0.08,-1.17,1758762185.0756743
-0.05,-0.09,-1.17,1758762185.081051
-0.04,-0.08,-1.17,1758762185.0855742
-0.04,-0.09,-1.17,1758762185.0879972
-0.05,-0.09,-1.17,1758762185.092394
-0.05,-0.09,-1.17,1758762185.0954654
-0.05,-0.1,-1.17,1758762185.0986865
-0.05,-0.09,-1.17,1758762185.1019423
-0.05,-0.09,-1.17,1758762185.105043
-0.05,-0.1,-1.17,1758762185.113942
-0.05,-0.1,-1.17,1758762185.1161215
-0.05,-0.1,-1.17,1758762185.1192636
-0.05,-0.09,-1.17,1758762185.1215398
-0.05,-0.09,-1.17,1758762185.1244533
-0.06,-0.09,-1.17,1758762185.1272964
-0.06,-0.09,-1.17,1758762185.1312375
-0.06,-0.09,-1.17,1758762185.1357274
-0.06,-0.09,-1.17,1758762185.1404152
-0.06,-0.09,-1.17,1758762185.1453462
-0.06,-0.09,-1.17,1758762185.1489549
-0.06,-0.09,-1.17,1758762185.1545382
-0.06,-0.1,-1.17,1758762185.161593
-0.06,-0.1,-1.17,1758762185.1657655
-0.06,-0.11,-1.17,1758762185.1681154
-0.06,-0.1,-1.17,1758762185.1705966
-0.06,-0.1,-1.17,1758762185.1734416
-0.06,-0.1,-1.17,1758762185.177323
-0.06,-0.11,-1.17,1758762185.1816723
-0.06,-0.11,-1.17,1758762185.1866348
-0.06,-0.1,-1.17,1758762185.1907067
-0.06,-0.1,-1.17,1758762185.1956582
-0.05,-0.1,-1.17,1758762185.2002006
-0.05,-0.1,-1.17,1758762185.2033267
-0.05,-0.1,-1.17,1758762185.2077484
-0.05,-0.09,-1.17,1758762185.2134335
-0.06,-0.1,-1.17,1758762185.223482
-0.05,-0.09,-1.17,1758762185.2282782
-0.05,-0.09,-1.17,1758762185.2303593
-0.05,-0.09,-1.17,1758762185.2333117
-0.05,-0.1,-1.17,1758762185.235726
-0.04,-0.1,-1.17,1758762185.2379274
-0.04,-0.1,-1.17,1758762185.243222
-0.04,-0.1,-1.17,1758762185.2454753
-0.04,-0.1,-1.17,1758762185.2476397
-0.04,-0.1,-1.17,1758762185.2522306
-0.04,-0.11,-1.17,1758762185.257086
-0.04,-0.11,-1.17,1758762185.2628725
-0.04,-0.11,-1.17,1758762185.2685568
-0.04,-0.11,-1.17,1758762185.2722468
-0.05,-0.11,-1.17,1758762185.2760432
-0.04,-0.11,-1.17,1758762185.278218
-0.03,-0.11,-1.17,1758762185.2819092
-0.04,-0.11,-1.17,1758762185.28704
-0.03,-0.1,-1.17,1758762185.292247
-0.04,-0.11,-1.17,1758762185.295581
-0.03,-0.11,-1.17,1758762185.3021812
-0.04,-0.11,-1.17,1758762185.3066266
-0.03,-0.1,-1.17,1758762185.3118708
-0.04,-0.1,-1.17,1758762185.3186502
-0.04,-0.1,-1.17,1758762185.3209977
-0.04,-0.1,-1.17,1758762185.324837
-0.04,-0.09,-1.17,1758762185.3282948
-0.05,-0.09,-1.17,1758762185.3331444
-0.04,-0.09,-1.17,1758762185.3379169
-0.04,-0.09,-1.17,1758762185.3435876
-0.04,-0.09,-1.17,1758762185.345808
-0.04,-0.09,-1.17,1758762185.3485334
-0.04,-0.09,-1.17,1758762185.3528252
-0.04,-0.1,-1.17,1758762185.3580136
-0.03,-0.1,-1.17,1758762185.3609924
-0.04,-0.11,-1.17,1758762185.3633485
-0.04,-0.11,-1.17,1758762185.366079
-0.03,-0.11,-1.17,1758762185.3696678
-0.03,-0.11,-1.17,1758762185.375293
-0.03,-0.11,-1.17,1758762185.377081
-0.03,-0.11,-1.17,1758762185.380082
-0.03,-0.11,-1.17,1758762185.3834815
-0.03,-0.11,-1.17,1758762185.3873816
-0.03,-0.11,-1.17,1758762185.3935418
-0.03,-0.11,-1.17,1758762185.3983428
-0.03,-0.11,-1.17,1758762185.4014142
-0.03,-0.11,-1.17,1758762185.4073217
-0.03,-0.12,-1.17,1758762185.4127154
-0.03,-0.12,-1.17,1758762185.4157257
-0.02,-0.11,-1.17,1758762185.4183924
-0.02,-0.11,-1.17,1758762185.4214237
-0.02,-0.11,-1.17,1758762185.424381
-0.02,-0.12,-1.17,1758762185.4274628
-0.03,-0.11,-1.17,1758762185.4347098
-0.03,-0.11,-1.17,1758762185.436618
-0.02,-0.1,-1.17,1758762185.4387274
-0.02,-0.1,-1.17,1758762185.4408665
-0.03,-0.1,-1.17,1758762185.4427862
-0.03,-0.1,-1.17,1758762185.445057
-0.03,-0.09,-1.17,1758762185.447442
-0.03,-0.1,-1.17,1758762185.4589083
-0.03,-0.1,-1.17,1758762185.46276
-0.03,-0.09,-1.17,1758762185.4647932
-0.03,-0.09,-1.17,1758762185.4670458
-0.04,-0.1,-1.17,1758762185.4691792
-0.03,-0.09,-1.17,1758762185.4717112
-0.04,-0.09,-1.17,1758762185.475756
-0.03,-0.1,-1.17,1758762185.4779694
-0.03,-0.09,-1.17,1758762185.479992
-0.04,-0.09,-1.17,1758762185.4844048
-0.04,-0.09,-1.17,1758762185.4874752
-0.03,-0.08,-1.17,1758762185.493294
-0.03,-0.08,-1.17,1758762185.4965377
-0.03,-0.09,-1.17,1758762185.5009446
-0.04,-0.09,-1.17,1758762185.503118
-0.04,-0.08,-1.17,1758762185.5116966
-0.03,-0.08,-1.17,1758762185.5149367
-0.03,-0.08,-1.17,1758762185.5171983
-0.03,-0.08,-1.17,1758762185.5213685
-0.03,-0.08,-1.17,1758762185.525292
-0.02,-0.08,-1.17,1758762185.5306463
-0.03,-0.08,-1.17,1758762185.5341456
-0.04,-0.08,-1.17,1758762185.538515
-0.03,-0.08,-1.17,1758762185.5412984
-0.04,-0.08,-1.17,1758762185.5461068
-0.04,-0.09,-1.17,1758762185.5502496
-0.04,-0.08,-1.17,1758762185.555565
-0.04,-0.09,-1.17,1758762185.5612211
-0.04,-0.09,-1.17,1758762185.5649586
-0.03,-0.08,-1.17,1758762185.5697043
-0.03,-0.08,-1.17,1758762185.576238
-0.03,-0.08,-1.17,1758762185.5790794
-0.04,-0.08,-1.17,1758762185.5846677
-0.04,-0.07,-1.17,1758762185.5881631
-0.04,-0.07,-1.17,1758762185.5920832
-0.04,-0.07,-1.17,1758762185.5991304
-0.04,-0.07,-1.17,1758762185.604154
-0.04,-0.06,-1.17,1758762185.607524
-0.04,-0.06,-1.17,1758762185.6124876
-0.04,-0.06,-1.17,1758762185.6158617
-0.04,-0.06,-1.17,1758762185.6215248
-0.04,-0.06,-1.17,1758762185.6310823
-0.03,-0.06,-1.17,1758762185.6373117
-0.03,-0.07,-1.17,1758762185.639222
-0.04,-0.06,-1.17,1758762185.6416807
-0.04,-0.06,-1.17,1758762185.6443336
-0.03,-0.06,-1.17,1758762185.6470604
-0.03,-0.06,-1.17,1758762185.6501503
-0.04,-0.06,-1.17,1758762185.654029
-0.03,-0.05,-1.18,1758762185.6592796
-0.04,-0.06,-1.18,1758762185.6629856
-0.04,-0.06,-1.17,1758762185.6680412
-0.04,-0.06,-1.18,1758762185.6718483
-0.04,-0.06,-1.18,1758762185.678556
-0.04,-0.07,-1.17,1758762185.68209
-0.04,-0.06,-1.17,1758762185.685388
-0.04,-0.07,-1.18,1758762185.6919918
-0.04,-0.06,-1.18,1758762185.6954596
-0.03,-0.06,-1.18,1758762185.6983483
-0.04,-0.06,-1.18,1758762185.7016027
-0.04,-0.06,-1.18,1758762185.7086823
-0.04,-0.06,-1.18,1758762185.711478
-0.04,-0.06,-1.18,1758762185.71938
-0.04,-0.06,-1.18,1758762185.7231092
-0.04,-0.06,-1.18,1758762185.7265184
-0.03,-0.06,-1.18,1758762185.7296994
-0.03,-0.06,-1.18,1758762185.7339573
-0.03,-0.06,-1.18,1758762185.737123
-0.03,-0.05,-1.18,1758762185.742966
-0.02,-0.05,-1.18,1758762185.7455504
-0.02,-0.05,-1.18,1758762185.7494524
-0.02,-0.05,-1.18,1758762185.7533083
-0.03,-0.05,-1.18,1758762185.759455
-0.03,-0.04,-1.18,1758762185.7624598
-0.03,-0.04,-1.18,1758762185.7657254
-0.03,-0.04,-1.18,1758762185.770119
-0.03,-0.04,-1.18,1758762185.7729096
-0.02,-0.04,-1.18,1758762185.780742
-0.02,-0.04,-1.18,1758762185.7840517
-0.03,-0.04,-1.18,1758762185.78698
-0.02,-0.04,-1.18,1758762185.7893777
-0.02,-0.04,-1.18,1758762185.7915735
-0.02,-0.04,-1.18,1758762185.7950585
-0.02,-0.04,-1.18,1758762185.7979562
-0.02,-0.04,-1.18,1758762185.8023834
-0.02,-0.03,-1.18,1758762185.804333
-0.02,-0.03,-1.18,1758762185.8061318
-0.01,-0.03,-1.18,1758762185.8084967
-0.01,-0.03,-1.18,1758762185.8133714
-0.01,-0.03,-1.18,1758762185.816736
-0.01,-0.03,-1.18,1758762185.8184662
-0.01,-0.02,-1.18,1758762185.822497
-0.01,-0.02,-1.18,1758762185.8243902
-0.01,-0.03,-1.18,1758762185.8280764
-0.0,-0.03,-1.18,1758762185.831428
-0.0,-0.03,-1.18,1758762185.8357584
-0.01,-0.03,-1.18,1758762185.8391817
-0.01,-0.02,-1.18,1758762185.8434937
-0.01,-0.03,-1.18,1758762185.8483343
-0.01,-0.02,-1.18,1758762185.851356
-0.01,-0.02,-1.18,1758762185.8551714
-0.01,-0.02,-1.18,1758762185.8585265
-0.01,-0.02,-1.18,1758762185.862753
-0.01,-0.02,-1.18,1758762185.8647263
-0.01,-0.02,-1.18,1758762185.8722465
-0.01,-0.02,-1.18,1758762185.875616
-0.02,-0.01,-1.18,1758762185.879902
-0.02,-0.01,-1.18,1758762185.8833752
-0.02,-0.01,-1.18,1758762185.8864722
-0.02,-0.02,-1.18,1758762185.8906116
-0.02,-0.01,-1.18,1758762185.8946526
-0.02,-0.01,-1.18,1758762185.898773
-0.02,-0.02,-1.18,1758762185.9005723
-0.02,-0.02,-1.18,1758762185.904856
-0.02,-0.02,-1.18,1758762185.908764
-0.02,-0.02,-1.18,1758762185.9154108
-0.02,-0.02,-1.18,1758762185.919243
-0.02,-0.01,-1.18,1758762185.9240398
-0.03,-0.02,-1.18,1758762185.9291165
-0.03,-0.01,-1.18,1758762185.938565
-0.03,-0.0,-1.18,1758762185.9408166
-0.04,-0.01,-1.18,1758762185.9468896
-0.04,-0.0,-1.18,1758762185.9486108
-0.03,0.01,-1.18,1758762185.9523337
-0.04,0.0,-1.18,1758762185.95764
-0.04,0.0,-1.18,1758762185.966041
-0.04,-0.01,-1.18,1758762185.9704237
-0.03,-0.0,-1.18,1758762185.9729822
-0.04,0.0,-1.18,1758762185.9762714
-0.04,0.01,-1.18,1758762185.9791567
-0.03,0.0,-1.18,1758762185.981083
-0.04,0.0,-1.18,1758762185.9845898
-0.04,0.0,-1.18,1758762185.9873118
-0.04,0.01,-1.19,1758762185.990459
-0.04,0.01,-1.19,1758762185.9921477
-0.03,0.01,-1.19,1758762185.995517
-0.03,0.01,-1.19,1758762185.9985752
-0.03,0.02,-1.19,1758762186.000378
-0.02,0.02,-1.19,1758762186.0041862
-0.03,0.01,-1.19,1758762186.0079637
-0.03,0.01,-1.19,1758762186.0159478
-0.04,0.01,-1.19,1758762186.0192564
-0.03,0.02,-1.19,1758762186.022458
-0.03,0.01,-1.19,1758762186.0243905
-0.03,0.0,-1.19,1758762186.0278485
-0.03,0.0,-1.19,1758762186.0322835
-0.03,0.01,-1.19,1758762186.036643
-0.02,-0.0,-1.19,1758762186.0396163
-0.02,-0.0,-1.19,1758762186.043346
-0.02,0.01,-1.19,1758762186.046867
-0.02,-0.0,-1.19,1758762186.0485785
-0.02,-0.0,-1.19,1758762186.0517154
-0.03,-0.01,-1.19,1758762186.0548227
-0.02,0.0,-1.19,1758762186.056605
-0.03,-0.01,-1.19,1758762186.0594535
-0.02,-0.01,-1.19,1758762186.0622327
-0.03,-0.0,-1.19,1758762186.064024
-0.03,-0.01,-1.19,1758762186.0672293
-0.03,-0.0,-1.19,1758762186.0699584
-0.04,0.0,-1.19,1758762186.0716994
-0.05,0.01,-1.19,1758762186.0744596
-0.05,0.01,-1.19,1758762186.0764053
-0.04,0.01,-1.19,1758762186.07925
-0.03,0.01,-1.19,1758762186.0845778
-0.03,0.01,-1.19,1758762186.0955431
-0.03,0.0,-1.19,1758762186.0994053
-0.03,0.0,-1.19,1758762186.1041665
-0.03,0.01,-1.19,1758762186.1131644
-0.03,0.01,-1.19,1758762186.1229522
-0.03,0.0,-1.19,1758762186.1270423
-0.03,0.01,-1.19,1758762186.135024
-0.03,0.02,-1.19,1758762186.1398246
-0.03,0.01,-1.19,1758762186.1439278
-0.02,0.01,-1.19,1758762186.1515007
-0.02,0.0,-1.19,1758762186.157126
-0.01,0.01,-1.19,1758762186.1606436
-0.02,0.0,-1.19,1758762186.164116
-0.02,0.0,-1.2,1758762186.1686988
-0.03,0.0,-1.2,1758762186.1738603
-0.03,0.01,-1.2,1758762186.176509
-0.02,0.01,-1.2,1758762186.180187
-0.03,0.01,-1.2,1758762186.183211
-0.03,0.01,-1.2,1758762186.1860056
-0.03,0.02,-1.2,1758762186.1876538
-0.02,0.01,-1.2,1758762186.1902714
-0.03,0.01,-1.2,1758762186.191991
-0.03,0.02,-1.2,1758762186.1958182
-0.03,0.01,-1.2,1758762186.1995313
-0.03,0.02,-1.2,1758762186.2039795
-0.03,0.01,-1.2,1758762186.2273746
-0.02,0.02,-1.2,1758762186.229709
-0.02,0.01,-1.2,1758762186.2326057
-0.02,0.02,-1.2,1758762186.236833
-0.02,0.02,-1.2,1758762186.2410958
-0.02,0.01,-1.2,1758762186.2469077
-0.03,0.01,-1.2,1758762186.2513618
-0.03,0.01,-1.2,1758762186.2532048
-0.03,0.01,-1.2,1758762186.2572513
-0.03,0.01,-1.2,1758762186.2593265
-0.03,0.01,-1.2,1758762186.2626183
-0.03,0.01,-1.2,1758762186.267362
-0.03,0.02,-1.2,1758762186.26956
-0.03,0.02,-1.2,1758762186.2717228
-0.03,0.02,-1.2,1758762186.2755966
-0.03,0.02,-1.2,1758762186.2801156
-0.03,0.01,-1.2,1758762186.283093
-0.02,0.01,-1.2,1758762186.2889106
-0.03,0.01,-1.2,1758762186.2921886
-0.03,0.01,-1.2,1758762186.2957528
-0.03,0.01,-1.2,1758762186.300253
-0.03,0.01,-1.2,1758762186.3037512
-0.03,0.01,-1.2,1758762186.307331
-0.03,0.01,-1.2,1758762186.3144352
-0.03,0.01,-1.2,1758762186.3171427
-0.03,0.01,-1.2,1758762186.3197272
-0.03,-0.0,-1.2,1758762186.3239264
-0.03,-0.01,-1.2,1758762186.3290498
-0.03,-0.0,-1.2,1758762186.3331845
-0.03,-0.0,-1.2,1758762186.3370187
-0.03,-0.0,-1.21,1758762186.3435688
-0.03,-0.0,-1.21,1758762186.3500042
-0.03,-0.01,-1.21,1758762186.354723
-0.03,-0.0,-1.21,1758762186.358888
-0.03,-0.01,-1.21,1758762186.3635502
-0.03,-0.0,-1.21,1758762186.3669152
-0.04,-0.0,-1.21,1758762186.369945
-0.03,0.0,-1.21,1758762186.3717084
-0.03,0.01,-1.21,1758762186.3758008
-0.03,0.0,-1.21,1758762186.3811436
-0.03,0.0,-1.21,1758762186.386222
-0.03,0.0,-1.21,1758762186.3915453
-0.03,0.0,-1.21,1758762186.3958647
-0.03,0.0,-1.21,1758762186.3992112
-0.03,-0.0,-1.21,1758762186.4044344
-0.02,0.0,-1.21,1758762186.4129248
-0.02,0.0,-1.21,1758762186.4221356
-0.02,0.0,-1.21,1758762186.4299524
-0.02,-0.0,-1.21,1758762186.434881
-0.02,0.0,-1.21,1758762186.437021
-0.02,0.0,-1.21,1758762186.4415247
-0.02,-0.0,-1.21,1758762186.4447217
-0.02,-0.0,-1.21,1758762186.4467132
-0.02,0.0,-1.21,1758762186.4517567
-0.02,0.0,-1.21,1758762186.453652
-0.03,-0.0,-1.21,1758762186.456423
-0.03,-0.0,-1.21,1758762186.4591277
-0.03,-0.0,-1.21,1758762186.464624
-0.03,-0.0,-1.21,1758762186.469013
-0.02,-0.0,-1.21,1758762186.473109
-0.02,0.0,-1.21,1758762186.4787843
-0.02,0.0,-1.21,1758762186.4812047
-0.02,0.0,-1.21,1758762186.485243
-0.02,0.0,-1.21,1758762186.486958
-0.02,0.0,-1.21,1758762186.4893117
-0.02,0.0,-1.21,1758762186.4929826
-0.03,0.01,-1.21,1758762186.4947722
-0.03,0.01,-1.21,1758762186.4985578
-0.03,0.01,-1.21,1758762186.501057
-0.03,0.01,-1.21,1758762186.5032382
-0.03,0.01,-1.21,1758762186.5082395
-0.03,0.01,-1.21,1758762186.511757
-0.03,0.0,-1.21,1758762186.5137732
-0.03,0.01,-1.21,1758762186.5184083
-0.03,0.01,-1.21,1758762186.5201998
-0.03,0.01,-1.21,1758762186.5255878
-0.02,0.02,-1.21,1758762186.5280983
-0.02,0.02,-1.21,1758762186.531488
-0.02,0.02,-1.21,1758762186.5341983
-0.02,0.02,-1.21,1758762186.53632
-0.02,0.02,-1.21,1758762186.53906
-0.02,0.02,-1.21,1758762186.5432894
-0.02,0.02,-1.21,1758762186.5462832
-0.02,0.02,-1.21,1758762186.5490234
-0.02,0.01,-1.21,1758762186.5509946
-0.02,0.01,-1.21,1758762186.553065
-0.02,0.01,-1.21,1758762186.556382
-0.02,0.01,-1.21,1758762186.5615053
-0.02,0.01,-1.21,1758762186.5633104
-0.01,0.01,-1.21,1758762186.56747
-0.02,0.02,-1.21,1758762186.57151
-0.02,0.01,-1.21,1758762186.5742795
-0.02,0.01,-1.21,1758762186.5858653
-0.02,0.01,-1.21,1758762186.593047
-0.02,0.02,-1.21,1758762186.595481
-0.02,0.02,-1.21,1758762186.602033
-0.02,0.03,-1.2,1758762186.6053257
-0.03,0.03,-1.2,1758762186.6097112
-0.02,0.03,-1.2,1758762186.614807
-0.02,0.02,-1.2,1758762186.6201618
-0.02,0.02,-1.2,1758762186.628554
-0.03,0.01,-1.2,1758762186.6340408
-0.02,0.02,-1.2,1758762186.642695
-0.03,0.01,-1.2,1758762186.6473951
-0.02,0.01,-1.2,1758762186.6507063
-0.02,0.01,-1.2,1758762186.6674564
-0.02,0.02,-1.2,1758762186.6713362
-0.03,0.02,-1.2,1758762186.6760025
-0.03,0.03,-1.2,1758762186.6787407
-0.02,0.03,-1.2,1758762186.6809626
-0.02,0.04,-1.2,1758762186.684435
-0.02,0.04,-1.2,1758762186.6876838
-0.02,0.04,-1.2,1758762186.690249
-0.02,0.04,-1.2,1758762186.6927874
-0.03,0.04,-1.2,1758762186.6962051
-0.03,0.05,-1.2,1758762186.6987116
-0.03,0.05,-1.2,1758762186.7061725
-0.03,0.05,-1.2,1758762186.710398
-0.03,0.05,-1.2,1758762186.7128808
-0.03,0.06,-1.2,1758762186.7163122
-0.03,0.06,-1.2,1758762186.720653
-0.03,0.05,-1.2,1758762186.725686
-0.03,0.05,-1.2,1758762186.733303
-0.02,0.05,-1.2,1758762186.7392817
-0.02,0.05,-1.2,1758762186.745072
-0.02,0.05,-1.2,1758762186.766955
-0.02,0.05,-1.2,1758762186.7731006
-0.02,0.04,-1.2,1758762186.7796605
-0.02,0.04,-1.19,1758762186.784924
-0.03,0.05,-1.19,1758762186.7903883
-0.02,0.05,-1.19,1758762186.796151
-0.02,0.05,-1.19,1758762186.80856
-0.02,0.05,-1.19,1758762186.8170424
-0.02,0.05,-1.19,1758762186.820336
-0.02,0.04,-1.19,1758762186.8257833
-0.03,0.04,-1.19,1758762186.8313692
-0.03,0.04,-1.19,1758762186.8378108
-0.02,0.05,-1.19,1758762186.841879
-0.02,0.05,-1.19,1758762186.8513277
-0.02,0.05,-1.19,1758762186.8547258
-0.01,0.05,-1.19,1758762186.8572755
-0.01,0.05,-1.19,1758762186.8602517
-0.01,0.05,-1.19,1758762186.864016
-0.0,0.05,-1.19,1758762186.8675363
0.0,0.05,-1.19,1758762186.874413
0.01,0.05,-1.19,1758762186.883246
0.01,0.06,-1.19,1758762186.8868582
0.01,0.06,-1.19,1758762186.890664
0.02,0.06,-1.19,1758762186.8945875
0.02,0.06,-1.19,1758762186.8983796
0.01,0.07,-1.19,1758762186.9018228
0.01,0.07,-1.19,1758762186.904847
0.01,0.07,-1.18,1758762186.908303
0.01,0.07,-1.18,1758762186.9134004
0.02,0.08,-1.18,1758762186.916504
0.02,0.08,-1.18,1758762186.9228642
0.03,0.08,-1.18,1758762186.9306471
0.02,0.08,-1.18,1758762186.933602
0.02,0.09,-1.18,1758762186.938898
0.02,0.09,-1.18,1758762186.9441628
0.02,0.09,-1.18,1758762186.9520144
0.01,0.09,-1.18,1758762186.956731
0.01,0.08,-1.18,1758762186.960912
0.01,0.08,-1.18,1758762186.9661849
0.02,0.09,-1.18,1758762186.970955
0.02,0.08,-1.18,1758762186.975066
0.02,0.08,-1.18,1758762186.9790504
0.02,0.09,-1.18,1758762186.9836752
0.02,0.09,-1.18,1758762186.9857674
0.02,0.09,-1.18,1758762186.9884057
0.02,0.09,-1.18,1758762186.9915226
0.02,0.09,-1.18,1758762186.9942143
0.02,0.09,-1.18,1758762186.9977229
0.03,0.09,-1.18,1758762187.0006802
0.03,0.08,-1.18,1758762187.002853
0.03,0.08,-1.18,1758762187.004949
0.03,0.08,-1.18,1758762187.0076454
0.03,0.08,-1.18,1758762187.0124087
0.03,0.08,-1.18,1758762187.0165255
0.03,0.08,-1.18,1758762187.0195148
0.03,0.07,-1.18,1758762187.0229225
0.03,0.07,-1.18,1758762187.0262115
0.03,0.07,-1.18,1758762187.0294597
0.03,0.07,-1.18,1758762187.0338805
0.03,0.07,-1.18,1758762187.0403657
0.03,0.07,-1.18,1758762187.0432873
0.03,0.07,-1.18,1758762187.045601
0.03,0.07,-1.18,1758762187.047608
0.03,0.07,-1.18,1758762187.0503056
0.03,0.07,-1.18,1758762187.052482
0.03,0.07,-1.18,1758762187.0559762
0.03,0.07,-1.18,1758762187.0604503
0.02,0.07,-1.18,1758762187.0633028
0.02,0.07,-1.18,1758762187.0669372
0.02,0.08,-1.18,1758762187.0699725
0.02,0.08,-1.18,1758762187.0719557
0.02,0.08,-1.18,1758762187.0742526
0.02,0.08,-1.18,1758762187.0762782
0.02,0.08,-1.18,1758762187.0831175
0.03,0.08,-1.18,1758762187.0881474
0.02,0.07,-1.18,1758762187.0915222
0.02,0.07,-1.18,1758762187.0950513
0.02,0.07,-1.18,1758762187.097095
0.02,0.07,-1.18,1758762187.0997622
0.01,0.07,-1.18,1758762187.1031926
0.01,0.07,-1.18,1758762187.106302
0.02,0.08,-1.18,1758762187.1096165
0.01,0.08,-1.18,1758762187.111682
0.02,0.08,-1.18,1758762187.115276
0.01,0.08,-1.18,1758762187.121995
0.01,0.08,-1.18,1758762187.1322262
0.01,0.08,-1.18,1758762187.1462846
-0.0,0.08,-1.18,1758762187.1504772
0.01,0.08,-1.18,1758762187.155702
0.01,0.08,-1.18,1758762187.1601937
0.0,0.08,-1.18,1758762187.1684847
0.0,0.08,-1.18,1758762187.177365
-0.0,0.08,-1.18,1758762187.1794508
-0.01,0.08,-1.18,1758762187.1911798
-0.01,0.08,-1.18,1758762187.2043326
-0.01,0.08,-1.18,1758762187.2101889
-0.01,0.08,-1.18,1758762187.2156007
-0.01,0.08,-1.19,1758762187.2228582
-0.01,0.08,-1.19,1758762187.2317088
-0.0,0.08,-1.19,1758762187.2381048
-0.0,0.08,-1.19,1758762187.2438114
-0.01,0.08,-1.19,1758762187.248484
-0.01,0.08,-1.19,1758762187.2561069
-0.01,0.08,-1.19,1758762187.2609167
-0.01,0.08,-1.19,1758762187.263128
-0.0,0.08,-1.19,1758762187.266483
-0.01,0.08,-1.19,1758762187.2696102
-0.01,0.08,-1.19,1758762187.2747593
-0.01,0.07,-1.19,1758762187.2798135
-0.01,0.07,-1.19,1758762187.2861953
-0.01,0.08,-1.19,1758762187.2905898
-0.0,0.08,-1.19,1758762187.296476
-0.0,0.08,-1.2,1758762187.301307
-0.0,0.07,-1.2,1758762187.305333
0.0,0.07,-1.2,1758762187.3084502
0.0,0.07,-1.2,1758762187.3116672
0.01,0.07,-1.2,1758762187.3143754
0.01,0.06,-1.2,1758762187.3181674
0.01,0.06,-1.2,1758762187.3202786
0.01,0.07,-1.2,1758762187.3236291
0.01,0.06,-1.2,1758762187.3264687
0.0,0.07,-1.2,1758762187.3298016
0.01,0.07,-1.2,1758762187.334536
0.01,0.07,-1.2,1758762187.342029
0.0,0.07,-1.2,1758762187.346309
0.0,0.07,-1.2,1758762187.3507562
0.01,0.07,-1.21,1758762187.357401
0.01,0.07,-1.21,1758762187.3594358
0.01,0.08,-1.21,1758762187.3630495
0.01,0.07,-1.21,1758762187.3663125
0.01,0.07,-1.21,1758762187.3722725
0.01,0.06,-1.21,1758762187.3746483
0.0,0.06,-1.21,1758762187.37795
0.0,0.06,-1.21,1758762187.380602
0.0,0.06,-1.21,1758762187.3832104
0.0,0.06,-1.21,1758762187.3864565
0.0,0.06,-1.21,1758762187.3898182
0.01,0.06,-1.21,1758762187.392426
0.0,0.06,-1.21,1758762187.396341
0.0,0.06,-1.21,1758762187.3987288
0.0,0.06,-1.22,1758762187.4021254
0.0,0.06,-1.22,1758762187.405594
-0.0,0.05,-1.22,1758762187.407633
-0.0,0.05,-1.22,1758762187.410812
0.0,0.06,-1.22,1758762187.4136195
-0.0,0.05,-1.22,1758762187.4169075
-0.0,0.05,-1.22,1758762187.4203885
0.0,0.06,-1.22,1758762187.4224205
-0.0,0.06,-1.22,1758762187.4248862
-0.01,0.05,-1.22,1758762187.4287188
-0.01,0.05,-1.22,1758762187.431539
-0.01,0.05,-1.22,1758762187.4380736
-0.01,0.05,-1.22,1758762187.4410777
-0.01,0.04,-1.22,1758762187.4463167
-0.01,0.04,-1.22,1758762187.4518995
-0.01,0.04,-1.23,1758762187.4551558
-0.01,0.05,-1.23,1758762187.4583857
-0.01,0.05,-1.23,1758762187.4645193
-0.02,0.05,-1.23,1758762187.473583
-0.02,0.06,-1.23,1758762187.4784973
-0.01,0.06,-1.23,1758762187.4851394
-0.01,0.06,-1.23,1758762187.4872727
-0.01,0.06,-1.23,1758762187.4903984
-0.01,0.06,-1.23,1758762187.4935555
-0.01,0.05,-1.23,1758762187.510803
-0.01,0.04,-1.23,1758762187.5167692
-0.0,0.05,-1.23,1758762187.520382
-0.01,0.05,-1.23,1758762187.5231438
-0.01,0.04,-1.23,1758762187.525438
-0.01,0.03,-1.23,1758762187.5273988
-0.01,0.04,-1.23,1758762187.5295625
-0.01,0.04,-1.23,1758762187.5325744
-0.02,0.03,-1.23,1758762187.5350437
-0.01,0.04,-1.23,1758762187.5393453
-0.02,0.04,-1.23,1758762187.544876
-0.01,0.04,-1.24,1758762187.5527868
-0.01,0.03,-1.24,1758762187.5553677
-0.01,0.03,-1.24,1758762187.557661
-0.01,0.04,-1.24,1758762187.5596309
-0.0,0.03,-1.24,1758762187.5618415
-0.01,0.03,-1.24,1758762187.5638096
-0.01,0.04,-1.24,1758762187.565739
-0.01,0.04,-1.24,1758762187.567815
-0.01,0.05,-1.24,1758762187.5697553
-0.02,0.05,-1.24,1758762187.572215
-0.02,0.04,-1.24,1758762187.5752509
-0.02,0.04,-1.24,1758762187.577327
-0.02,0.05,-1.24,1758762187.5794115
-0.01,0.05,-1.24,1758762187.5816689
-0.02,0.05,-1.24,1758762187.5845602
-0.02,0.05,-1.24,1758762187.5865571
-0.01,0.05,-1.24,1758762187.590593
-0.02,0.05,-1.24,1758762187.5940397
-0.02,0.05,-1.24,1758762187.5960217
-0.01,0.05,-1.24,1758762187.5981612
-0.01,0.05,-1.24,1758762187.6015646
-0.02,0.04,-1.24,1758762187.6042848
-0.02,0.04,-1.24,1758762187.606964
-0.02,0.04,-1.24,1758762187.6093984
-0.02,0.04,-1.24,1758762187.6118703
-0.02,0.03,-1.24,1758762187.6141033
-0.03,0.04,-1.24,1758762187.6163368
-0.02,0.04,-1.24,1758762187.6188664
-0.02,0.03,-1.24,1758762187.6221206
-0.02,0.04,-1.24,1758762187.6245544
-0.02,0.04,-1.24,1758762187.626775
-0.02,0.04,-1.24,1758762187.6287398
-0.02,0.05,-1.24,1758762187.6307056
-0.03,0.04,-1.24,1758762187.6335788
-0.03,0.04,-1.24,1758762187.6358726
-0.02,0.04,-1.24,1758762187.638378
-0.02,0.04,-1.24,1758762187.6415212
-0.02,0.04,-1.24,1758762187.6446464
-0.02,0.05,-1.24,1758762187.6490417
-0.02,0.05,-1.24,1758762187.6513631
-0.03,0.05,-1.24,1758762187.6533086
-0.03,0.05,-1.24,1758762187.6558268
-0.03,0.05,-1.24,1758762187.657786
-0.03,0.05,-1.24,1758762187.6613212
-0.03,0.05,-1.24,1758762187.6636035
-0.03,0.05,-1.24,1758762187.666919
-0.03,0.05,-1.24,1758762187.6699653
-0.03,0.04,-1.24,1758762187.6730871
-0.03,0.04,-1.24,1758762187.6758592
-0.03,0.04,-1.24,1758762187.6804094
-0.03,0.05,-1.24,1758762187.6857529
-0.02,0.05,-1.24,1758762187.6881046
-0.02,0.05,-1.24,1758762187.6913185
-0.02,0.05,-1.24,1758762187.6937242
-0.02,0.05,-1.24,1758762187.6977289
-0.02,0.05,-1.23,1758762187.700347
-0.02,0.05,-1.23,1758762187.702337
-0.02,0.05,-1.23,1758762187.7065911
-0.02,0.04,-1.23,1758762187.712196
-0.02,0.04,-1.23,1758762187.715784
-0.02,0.04,-1.23,1758762187.7203207
-0.02,0.04,-1.23,1758762187.7248912
-0.02,0.03,-1.23,1758762187.7462535
-0.02,0.03,-1.23,1758762187.7519834
-0.02,0.03,-1.23,1758762187.7560723
-0.02,0.03,-1.23,1758762187.7612593
-0.02,0.03,-1.23,1758762187.775757
-0.02,0.02,-1.23,1758762187.7909503
-0.02,0.02,-1.23,1758762187.8046937
-0.02,0.02,-1.22,1758762187.8083043
-0.02,0.02,-1.22,1758762187.8117242
-0.01,0.02,-1.22,1758762187.81575
-0.02,0.02,-1.22,1758762187.819616
-0.02,0.02,-1.22,1758762187.8242996
-0.02,0.02,-1.22,1758762187.8303542
-0.02,0.02,-1.22,1758762187.8452787
-0.02,0.03,-1.22,1758762187.8553777
-0.02,0.02,-1.22,1758762187.8607578
-0.02,0.03,-1.22,1758762187.8682616
-0.02,0.02,-1.21,1758762187.880715
-0.03,0.02,-1.21,1758762187.885647
-0.03,0.02,-1.21,1758762187.9109828
-0.04,0.02,-1.21,1758762187.9157572
-0.04,0.02,-1.21,1758762187.926659
-0.04,0.02,-1.21,1758762187.931508
-0.04,0.02,-1.21,1758762187.9451213
-0.04,0.02,-1.21,1758762187.9544864
-0.04,0.02,-1.21,1758762187.9652393
-0.05,0.02,-1.21,1758762187.9699774
-0.05,0.01,-1.2,1758762187.9742143
-0.05,0.01,-1.2,1758762187.979041
-0.06,0.0,-1.2,1758762187.985133
-0.06,0.0,-1.2,1758762187.9911747
-0.06,-0.0,-1.2,1758762187.9990065
-0.06,-0.0,-1.2,1758762188.0024688
-0.06,-0.0,-1.2,1758762188.0060525
-0.06,-0.01,-1.2,1758762188.0110729
-0.06,-0.02,-1.2,1758762188.0178928
-0.06,-0.01,-1.2,1758762188.0226429
-0.07,-0.01,-1.2,1758762188.0272944
-0.07,-0.02,-1.19,1758762188.0314171
-0.07,-0.02,-1.19,1758762188.035875
-0.07,-0.02,-1.19,1758762188.0409255
-0.07,-0.02,-1.19,1758762188.0454535
-0.07,-0.02,-1.19,1758762188.0482223
-0.07,-0.02,-1.19,1758762188.0523634
-0.07,-0.02,-1.19,1758762188.056252
-0.07,-0.01,-1.19,1758762188.0604465
-0.07,-0.02,-1.19,1758762188.0663135
-0.07,-0.01,-1.19,1758762188.0704498
-0.08,-0.02,-1.19,1758762188.0764675
-0.08,-0.02,-1.19,1758762188.0826254
-0.09,-0.03,-1.19,1758762188.0867226
-0.09,-0.03,-1.19,1758762188.0921595
-0.09,-0.03,-1.19,1758762188.0957212
-0.09,-0.03,-1.19,1758762188.099246
-0.09,-0.03,-1.19,1758762188.104
-0.09,-0.04,-1.19,1758762188.1088347
-0.1,-0.04,-1.19,1758762188.1130862
-0.1,-0.04,-1.19,1758762188.1223507
-0.11,-0.05,-1.19,1758762188.127803
-0.11,-0.05,-1.19,1758762188.131177
-0.11,-0.05,-1.19,1758762188.1342494
-0.11,-0.05,-1.19,1758762188.1360755
-0.11,-0.05,-1.19,1758762188.139773
-0.11,-0.04,-1.19,1758762188.1419768
-0.11,-0.05,-1.19,1758762188.144181
-0.11,-0.04,-1.19,1758762188.1460164
-0.11,-0.05,-1.19,1758762188.14809
-0.11,-0.05,-1.19,1758762188.1501298
-0.12,-0.06,-1.19,1758762188.1518962
-0.12,-0.06,-1.19,1758762188.1538925
-0.12,-0.05,-1.19,1758762188.1555307
-0.13,-0.06,-1.19,1758762188.157262
-0.13,-0.06,-1.19,1758762188.159022
-0.13,-0.05,-1.19,1758762188.16129
-0.13,-0.06,-1.19,1758762188.1638658
-0.13,-0.06,-1.19,1758762188.166195
-0.13,-0.06,-1.19,1758762188.1683528
-0.13,-0.06,-1.19,1758762188.170575
-0.13,-0.06,-1.19,1758762188.1742234
-0.14,-0.06,-1.19,1758762188.1783855
-0.14,-0.07,-1.19,1758762188.180102
-0.14,-0.07,-1.19,1758762188.1828568
-0.14,-0.07,-1.19,1758762188.1851518
-0.14,-0.07,-1.19,1758762188.1869798
-0.14,-0.07,-1.19,1758762188.1894546
-0.14,-0.07,-1.19,1758762188.1914403
-0.14,-0.07,-1.19,1758762188.193575
-0.15,-0.07,-1.19,1758762188.1961734
-0.15,-0.07,-1.19,1758762188.2006168
-0.14,-0.08,-1.19,1758762188.2044375
-0.14,-0.09,-1.19,1758762188.2072003
-0.14,-0.09,-1.19,1758762188.2102954
-0.14,-0.09,-1.19,1758762188.212925
-0.15,-0.08,-1.19,1758762188.2155817
-0.14,-0.08,-1.19,1758762188.2181938
-0.15,-0.08,-1.19,1758762188.220442
-0.14,-0.08,-1.2,1758762188.2236848
-0.15,-0.08,-1.2,1758762188.230817
-0.14,-0.08,-1.2,1758762188.2356691
-0.14,-0.08,-1.2,1758762188.2389655
-0.14,-0.08,-1.2,1758762188.2428055
-0.15,-0.09,-1.2,1758762188.246547
-0.14,-0.09,-1.2,1758762188.2524931
-0.14,-0.09,-1.2,1758762188.2578516
-0.14,-0.09,-1.2,1758762188.26235
-0.14,-0.09,-1.2,1758762188.2675188
-0.14,-0.09,-1.2,1758762188.2717526
-0.14,-0.08,-1.2,1758762188.2762768
-0.14,-0.08,-1.2,1758762188.280435
-0.14,-0.09,-1.2,1758762188.2844243
-0.14,-0.08,-1.2,1758762188.28917
-0.13,-0.09,-1.2,1758762188.2939498
-0.14,-0.09,-1.2,1758762188.2975016
-0.13,-0.08,-1.21,1758762188.3023765
-0.13,-0.08,-1.21,1758762188.306646
-0.13,-0.08,-1.21,1758762188.310475
-0.13,-0.09,-1.21,1758762188.315401
-0.13,-0.08,-1.21,1758762188.3203278
-0.12,-0.09,-1.21,1758762188.3242157
-0.13,-0.09,-1.21,1758762188.3283677
-0.13,-0.09,-1.21,1758762188.3316455
-0.13,-0.09,-1.21,1758762188.337814
-0.13,-0.08,-1.21,1758762188.3434527
-0.13,-0.09,-1.21,1758762188.3478851
-0.13,-0.09,-1.21,1758762188.3664222
-0.13,-0.09,-1.21,1758762188.3698082
-0.12,-0.1,-1.21,1758762188.373129
-0.13,-0.1,-1.22,1758762188.3768947
-0.12,-0.11,-1.22,1758762188.383444
-0.12,-0.11,-1.22,1758762188.3881743
-0.12,-0.11,-1.22,1758762188.3915577
-0.13,-0.11,-1.22,1758762188.3957508
-0.12,-0.11,-1.22,1758762188.400173
-0.13,-0.11,-1.22,1758762188.4034133
-0.13,-0.12,-1.22,1758762188.4066374
-0.13,-0.11,-1.22,1758762188.4097152
-0.13,-0.11,-1.22,1758762188.413399
-0.13,-0.12,-1.22,1758762188.4166272
-0.13,-0.12,-1.22,1758762188.4200325
-0.13,-0.11,-1.22,1758762188.4234638
-0.13,-0.12,-1.22,1758762188.4266386
-0.13,-0.12,-1.23,1758762188.4295254
-0.13,-0.11,-1.23,1758762188.435043
-0.12,-0.11,-1.23,1758762188.438262
-0.12,-0.1,-1.23,1758762188.441197
-0.13,-0.1,-1.23,1758762188.444802
-0.12,-0.11,-1.23,1758762188.4482665
-0.11,-0.11,-1.23,1758762188.451686
-0.11,-0.11,-1.23,1758762188.4545877
-0.12,-0.11,-1.23,1758762188.459369
-0.12,-0.1,-1.23,1758762188.462977
-0.11,-0.11,-1.23,1758762188.4660296
-0.12,-0.11,-1.23,1758762188.4711206
-0.11,-0.11,-1.23,1758762188.4742713
-0.11,-0.11,-1.24,1758762188.4773445
-0.1,-0.11,-1.24,1758762188.4806955
-0.11,-0.11,-1.24,1758762188.4835682
-0.11,-0.11,-1.24,1758762188.4871373
-0.12,-0.11,-1.24,1758762188.4903212
-0.12,-0.11,-1.24,1758762188.4954257
-0.12,-0.11,-1.24,1758762188.4996028
-0.11,-0.11,-1.24,1758762188.5026386
-0.11,-0.1,-1.24,1758762188.5056353
-0.11,-0.11,-1.24,1758762188.5095446
-0.11,-0.11,-1.24,1758762188.5130572
-0.11,-0.12,-1.24,1758762188.515785
-0.11,-0.12,-1.24,1758762188.5181456
-0.11,-0.12,-1.24,1758762188.5216756
-0.11,-0.12,-1.24,1758762188.5246303
-0.1,-0.12,-1.24,1758762188.5273364
-0.11,-0.13,-1.24,1758762188.5315125
-0.11,-0.13,-1.24,1758762188.5367155
-0.1,-0.13,-1.24,1758762188.54346
-0.11,-0.13,-1.25,1758762188.5486925
-0.11,-0.13,-1.25,1758762188.5553522
-0.1,-0.12,-1.25,1758762188.5614889
-0.1,-0.12,-1.25,1758762188.5665796
-0.11,-0.12,-1.25,1758762188.5733318
-0.1,-0.12,-1.25,1758762188.5775845
-0.1,-0.12,-1.25,1758762188.5818355
-0.1,-0.12,-1.25,1758762188.585887
-0.1,-0.13,-1.25,1758762188.5901232
-0.1,-0.12,-1.25,1758762188.5967958
-0.1,-0.11,-1.25,1758762188.601604
-0.1,-0.12,-1.25,1758762188.607281
-0.1,-0.12,-1.25,1758762188.612617
-0.1,-0.12,-1.25,1758762188.6158657
-0.09,-0.12,-1.25,1758762188.6186683
-0.09,-0.13,-1.25,1758762188.6232326
-0.1,-0.12,-1.25,1758762188.6282558
-0.1,-0.12,-1.25,1758762188.6329532
-0.11,-0.12,-1.25,1758762188.6372726
-0.1,-0.12,-1.25,1758762188.6414032
-0.1,-0.11,-1.25,1758762188.645151
-0.1,-0.11,-1.25,1758762188.6483705
-0.1,-0.11,-1.25,1758762188.6511288
-0.11,-0.11,-1.25,1758762188.6547973
-0.11,-0.1,-1.25,1758762188.6584318
-0.12,-0.1,-1.25,1758762188.661903
-0.11,-0.1,-1.25,1758762188.6652637
-0.11,-0.1,-1.25,1758762188.6686769
-0.12,-0.11,-1.25,1758762188.6718998
-0.11,-0.1,-1.25,1758762188.6757812
-0.12,-0.11,-1.25,1758762188.6793163
-0.11,-0.11,-1.25,1758762188.6872313
-0.11,-0.11,-1.24,1758762188.7021656
-0.1,-0.11,-1.24,1758762188.7149928
-0.11,-0.11,-1.24,1758762188.7194383
-0.11,-0.11,-1.24,1758762188.7306569
-0.1,-0.11,-1.24,1758762188.734772
-0.11,-0.11,-1.24,1758762188.7389755
-0.1,-0.1,-1.24,1758762188.7446084
-0.1,-0.1,-1.24,1758762188.769889
-0.09,-0.1,-1.24,1758762188.7760756
-0.1,-0.11,-1.24,1758762188.7800972
-0.1,-0.1,-1.24,1758762188.784059
-0.1,-0.1,-1.24,1758762188.794617
-0.1,-0.1,-1.24,1758762188.8007114
-0.09,-0.1,-1.24,1758762188.8053849
-0.09,-0.1,-1.24,1758762188.812229
-0.09,-0.11,-1.23,1758762188.819449
-0.09,-0.1,-1.23,1758762188.8239026
-0.09,-0.09,-1.23,1758762188.8267803
-0.09,-0.09,-1.23,1758762188.8357625
-0.09,-0.09,-1.23,1758762188.8428228
-0.09,-0.08,-1.23,1758762188.8465471
-0.09,-0.08,-1.23,1758762188.8540063
-0.09,-0.07,-1.23,1758762188.8624585
-0.09,-0.07,-1.23,1758762188.8673432
-0.09,-0.06,-1.23,1758762188.871476
-0.09,-0.06,-1.23,1758762188.8769734
-0.09,-0.07,-1.23,1758762188.8793583
-0.09,-0.07,-1.23,1758762188.8843143
-0.09,-0.07,-1.23,1758762188.887294
-0.09,-0.06,-1.23,1758762188.8911543
-0.09,-0.06,-1.22,1758762188.8940854
-0.09,-0.06,-1.22,1758762188.898752
-0.09,-0.06,-1.22,1758762188.901866
-0.1,-0.06,-1.22,1758762188.9069452
-0.1,-0.05,-1.22,1758762188.9097326
-0.1,-0.05,-1.22,1758762188.914478
-0.1,-0.05,-1.22,1758762188.9175432
-0.1,-0.05,-1.22,1758762188.9201958
-0.1,-0.05,-1.22,1758762188.9237616
-0.1,-0.05,-1.22,1758762188.9271927
-0.1,-0.05,-1.22,1758762188.9307313
-0.1,-0.05,-1.22,1758762188.933005
-0.1,-0.06,-1.22,1758762188.937086
-0.1,-0.06,-1.21,1758762188.9403868
-0.11,-0.06,-1.21,1758762188.9433434
-0.11,-0.06,-1.21,1758762188.9466836
-0.12,-0.06,-1.21,1758762188.9494474
-0.12,-0.06,-1.21,1758762188.9532928
-0.12,-0.06,-1.21,1758762188.9559815
-0.12,-0.06,-1.21,1758762188.9586992
-0.12,-0.06,-1.21,1758762188.9615035
-0.12,-0.07,-1.21,1758762188.9662678
-0.12,-0.07,-1.21,1758762188.969395
-0.12,-0.07,-1.21,1758762188.973443
-0.12,-0.07,-1.21,1758762188.9762237
-0.13,-0.07,-1.2,1758762188.9803631
-0.13,-0.07,-1.2,1758762188.9829657
-0.14,-0.07,-1.2,1758762188.986026
-0.14,-0.08,-1.2,1758762188.989644
-0.14,-0.08,-1.2,1758762188.9954064
-0.14,-0.09,-1.2,1758762189.002324
-0.14,-0.09,-1.2,1758762189.0100572
-0.14,-0.09,-1.2,1758762189.0153906
-0.14,-0.1,-1.2,1758762189.0236812
-0.14,-0.1,-1.2,1758762189.0262394
-0.14,-0.11,-1.19,1758762189.0287647
-0.14,-0.11,-1.19,1758762189.0305383
-0.14,-0.11,-1.19,1758762189.0329676
-0.15,-0.11,-1.19,1758762189.0375166
-0.14,-0.11,-1.19,1758762189.044588
-0.15,-0.1,-1.19,1758762189.0477846
-0.15,-0.1,-1.19,1758762189.0520325
-0.15,-0.1,-1.19,1758762189.055658
-0.15,-0.1,-1.19,1758762189.060429
-0.14,-0.1,-1.19,1758762189.066489
-0.14,-0.1,-1.19,1758762189.0722008
-0.14,-0.1,-1.19,1758762189.0751927
-0.14,-0.1,-1.19,1758762189.0861125
-0.13,-0.1,-1.19,1758762189.095059
-0.13,-0.09,-1.19,1758762189.0997772
-0.13,-0.09,-1.19,1758762189.1056683
-0.12,-0.08,-1.2,1758762189.1122968
-0.12,-0.08,-1.2,1758762189.1160667
-0.12,-0.07,-1.2,1758762189.1232944
-0.12,-0.07,-1.2,1758762189.127614
-0.11,-0.07,-1.2,1758762189.131395
-0.12,-0.07,-1.2,1758762189.1338737
-0.12,-0.07,-1.2,1758762189.1365583
-0.12,-0.08,-1.2,1758762189.1437504
-0.13,-0.08,-1.2,1758762189.1488743
-0.13,-0.07,-1.2,1758762189.1544652
-0.13,-0.08,-1.2,1758762189.159556
-0.13,-0.07,-1.2,1758762189.1631565
-0.13,-0.07,-1.2,1758762189.1657176
-0.14,-0.07,-1.2,1758762189.1703725
-0.13,-0.07,-1.2,1758762189.1731277
-0.13,-0.07,-1.2,1758762189.1748867
-0.13,-0.06,-1.2,1758762189.1769924
-0.12,-0.07,-1.2,1758762189.1817777
-0.12,-0.06,-1.2,1758762189.185623
-0.13,-0.07,-1.2,1758762189.1913064
-0.13,-0.06,-1.2,1758762189.203646
-0.13,-0.06,-1.2,1758762189.2100632
-0.13,-0.06,-1.2,1758762189.2148223
-0.12,-0.07,-1.2,1758762189.2229047
-0.12,-0.06,-1.2,1758762189.2312777
-0.12,-0.06,-1.2,1758762189.237392
-0.12,-0.06,-1.2,1758762189.2433522
-0.12,-0.06,-1.2,1758762189.2452888
-0.12,-0.06,-1.2,1758762189.2491355
-0.12,-0.06,-1.2,1758762189.2556262
-0.12,-0.06,-1.2,1758762189.260598
-0.12,-0.06,-1.2,1758762189.2683558
-0.12,-0.07,-1.2,1758762189.2777855
-0.12,-0.08,-1.2,1758762189.2828844
-0.12,-0.07,-1.2,1758762189.285449
-0.12,-0.07,-1.2,1758762189.288522
-0.12,-0.08,-1.2,1758762189.2935095
-0.12,-0.08,-1.2,1758762189.3020556
-0.12,-0.08,-1.2,1758762189.304777
-0.12,-0.08,-1.2,1758762189.3086703
-0.13,-0.08,-1.2,1758762189.3108535
-0.14,-0.08,-1.2,1758762189.3137
-0.14,-0.08,-1.2,1758762189.3158352
-0.13,-0.08,-1.21,1758762189.3189664
-0.14,-0.08,-1.2,1758762189.3211374
-0.14,-0.08,-1.21,1758762189.324085
-0.14,-0.08,-1.21,1758762189.3278432
-0.14,-0.09,-1.21,1758762189.330798
-0.14,-0.09,-1.21,1758762189.3374965
-0.14,-0.09,-1.21,1758762189.3412364
-0.13,-0.1,-1.21,1758762189.346855
-0.13,-0.1,-1.21,1758762189.3486562
-0.13,-0.1,-1.21,1758762189.3532064
-0.14,-0.1,-1.21,1758762189.3553915
-0.13,-0.1,-1.21,1758762189.3577404
-0.14,-0.11,-1.21,1758762189.3634157
-0.14,-0.1,-1.21,1758762189.366086
-0.14,-0.1,-1.21,1758762189.3712778
-0.14,-0.1,-1.21,1758762189.374461
-0.14,-0.11,-1.21,1758762189.37634
-0.14,-0.11,-1.21,1758762189.3785374
-0.14,-0.11,-1.21,1758762189.381848
-0.14,-0.11,-1.21,1758762189.384889
-0.14,-0.11,-1.21,1758762189.3892608
-0.14,-0.11,-1.21,1758762189.3945923
-0.14,-0.11,-1.21,1758762189.3990371
-0.14,-0.11,-1.21,1758762189.4008603
-0.14,-0.1,-1.21,1758762189.4046173
-0.14,-0.1,-1.21,1758762189.4074614
-0.14,-0.11,-1.21,1758762189.4106462
-0.14,-0.11,-1.21,1758762189.4163785
-0.15,-0.12,-1.21,1758762189.4233956
-0.14,-0.11,-1.21,1758762189.4302266
-0.14,-0.11,-1.21,1758762189.433606
-0.14,-0.11,-1.21,1758762189.437175
-0.15,-0.12,-1.21,1758762189.4404995
-0.15,-0.12,-1.22,1758762189.4436195
-0.14,-0.11,-1.22,1758762189.4505785
-0.14,-0.11,-1.22,1758762189.452369
-0.15,-0.12,-1.22,1758762189.4551942
-0.14,-0.12,-1.22,1758762189.458003
-0.15,-0.12,-1.22,1758762189.4612243
-0.15,-0.12,-1.22,1758762189.464186
-0.15,-0.12,-1.22,1758762189.470708
-0.15,-0.12,-1.22,1758762189.473148
-0.15,-0.12,-1.22,1758762189.4788167
-0.16,-0.12,-1.22,1758762189.4821372
-0.16,-0.12,-1.22,1758762189.4861732
-0.16,-0.13,-1.22,1758762189.4905791
-0.16,-0.13,-1.22,1758762189.494594
-0.15,-0.13,-1.22,1758762189.5008445
-0.15,-0.12,-1.22,1758762189.5038068
-0.15,-0.12,-1.22,1758762189.5066247
-0.16,-0.13,-1.22,1758762189.5090852
-0.16,-0.13,-1.22,1758762189.5119443
-0.16,-0.13,-1.22,1758762189.5176814
-0.16,-0.14,-1.22,1758762189.5214565
-0.16,-0.13,-1.22,1758762189.5254574
-0.16,-0.14,-1.22,1758762189.5317216
-0.16,-0.13,-1.22,1758762189.5362551
-0.16,-0.14,-1.22,1758762189.539999
-0.17,-0.14,-1.22,1758762189.5447366
-0.17,-0.14,-1.22,1758762189.5485053
-0.17,-0.14,-1.22,1758762189.5512822
-0.17,-0.14,-1.22,1758762189.555587
-0.17,-0.15,-1.22,1758762189.5597672
-0.17,-0.15,-1.22,1758762189.5673926
-0.17,-0.15,-1.22,1758762189.5713017
-0.17,-0.14,-1.22,1758762189.574662
-0.17,-0.15,-1.22,1758762189.5815966
-0.17,-0.15,-1.22,1758762189.5849233
-0.17,-0.15,-1.22,1758762189.5888486
-0.17,-0.16,-1.22,1758762189.5920353
-0.17,-0.16,-1.22,1758762189.5954766
-0.17,-0.16,-1.22,1758762189.599023
-0.17,-0.17,-1.22,1758762189.6022203
-0.17,-0.17,-1.22,1758762189.6069217
-0.17,-0.17,-1.22,1758762189.6120815
-0.17,-0.17,-1.22,1758762189.618049
-0.17,-0.16,-1.22,1758762189.6212792
-0.17,-0.16,-1.22,1758762189.625929
-0.17,-0.16,-1.22,1758762189.6288776
-0.17,-0.17,-1.22,1758762189.6327994
-0.17,-0.17,-1.22,1758762189.635928
-0.17,-0.17,-1.22,1758762189.6404772
-0.17,-0.16,-1.23,1758762189.644212
-0.16,-0.17,-1.23,1758762189.6471653
-0.16,-0.17,-1.23,1758762189.6535969
-0.15,-0.17,-1.23,1758762189.657416
-0.15,-0.17,-1.23,1758762189.67301
-0.15,-0.16,-1.23,1758762189.6768818
-0.15,-0.16,-1.23,1758762189.680775
-0.15,-0.16,-1.23,1758762189.6882727
-0.15,-0.16,-1.23,1758762189.6919973
-0.15,-0.17,-1.23,1758762189.6963365
-0.15,-0.17,-1.23,1758762189.7040527
-0.15,-0.16,-1.23,1758762189.7129576
-0.15,-0.17,-1.23,1758762189.7249827
-0.16,-0.16,-1.23,1758762189.7284844
-0.16,-0.16,-1.23,1758762189.736018
-0.17,-0.15,-1.23,1758762189.7403772
-0.17,-0.16,-1.23,1758762189.747274
-0.17,-0.15,-1.23,1758762189.749663
-0.17,-0.15,-1.23,1758762189.75365
-0.17,-0.15,-1.23,1758762189.7638867
-0.17,-0.15,-1.23,1758762189.7707942
-0.17,-0.15,-1.23,1758762189.775461
-0.17,-0.15,-1.23,1758762189.7861674
-0.17,-0.15,-1.23,1758762189.7910032
-0.17,-0.15,-1.23,1758762189.799391
-0.17,-0.15,-1.23,1758762189.8076982
-0.17,-0.15,-1.23,1758762189.8127887
-0.17,-0.16,-1.23,1758762189.816197
-0.17,-0.16,-1.23,1758762189.820048
-0.17,-0.15,-1.23,1758762189.8237348
-0.18,-0.16,-1.22,1758762189.8266366
-0.18,-0.16,-1.22,1758762189.8292675
-0.18,-0.16,-1.22,1758762189.833167
-0.18,-0.16,-1.22,1758762189.8365946
-0.19,-0.16,-1.22,1758762189.8403091
-0.18,-0.16,-1.22,1758762189.8455534
-0.18,-0.16,-1.22,1758762189.8498354
-0.18,-0.16,-1.22,1758762189.8557894
-0.18,-0.15,-1.22,1758762189.862327
-0.18,-0.16,-1.22,1758762189.8709462
-0.18,-0.16,-1.22,1758762189.879742
-0.18,-0.17,-1.22,1758762189.8882508
-0.18,-0.16,-1.22,1758762189.8927517
-0.18,-0.16,-1.22,1758762189.898705
-0.18,-0.16,-1.22,1758762189.9023545
-0.18,-0.17,-1.22,1758762189.907384
-0.18,-0.16,-1.22,1758762189.911581
-0.18,-0.17,-1.22,1758762189.9153123
-0.18,-0.17,-1.22,1758762189.9197943
-0.18,-0.17,-1.21,1758762189.9242098
-0.18,-0.17,-1.21,1758762189.928408
-0.18,-0.17,-1.21,1758762189.932132
-0.18,-0.17,-1.21,1758762189.934073
-0.18,-0.18,-1.21,1758762189.9371157
-0.18,-0.17,-1.21,1758762189.939354
-0.18,-0.17,-1.21,1758762189.9423497
-0.19,-0.17,-1.21,1758762189.9462063
-0.19,-0.18,-1.21,1758762189.9483602
-0.18,-0.18,-1.21,1758762189.9537272
-0.19,-0.18,-1.21,1758762189.9562776
-0.19,-0.19,-1.21,1758762189.9595704
-0.19,-0.19,-1.21,1758762189.9628098
-0.19,-0.18,-1.21,1758762189.9684832
-0.19,-0.18,-1.21,1758762189.9709136
-0.19,-0.19,-1.21,1758762189.9764977
-0.19,-0.19,-1.2,1758762189.97905
-0.18,-0.19,-1.2,1758762189.9823673
-0.18,-0.19,-1.2,1758762189.9890544
-0.18,-0.19,-1.2,1758762189.9925
-0.19,-0.19,-1.2,1758762189.995547
-0.19,-0.19,-1.2,1758762189.9987133
-0.19,-0.19,-1.2,1758762190.0022042
-0.19,-0.19,-1.2,1758762190.0079854
-0.19,-0.19,-1.2,1758762190.0111997
-0.19,-0.18,-1.2,1758762190.0131323
-0.19,-0.18,-1.2,1758762190.0173738
-0.19,-0.18,-1.2,1758762190.0213492
-0.19,-0.17,-1.2,1758762190.025071
-0.2,-0.18,-1.2,1758762190.03112
-0.19,-0.18,-1.2,1758762190.0347958
-0.19,-0.18,-1.2,1758762190.0406442
-0.19,-0.18,-1.2,1758762190.0469437
-0.19,-0.18,-1.2,1758762190.054283
-0.2,-0.18,-1.2,1758762190.0584302
-0.19,-0.18,-1.2,1758762190.0629356
-0.19,-0.18,-1.2,1758762190.0660307
-0.19,-0.18,-1.2,1758762190.0693543
-0.19,-0.18,-1.2,1758762190.0735066
-0.19,-0.19,-1.2,1758762190.0769553
-0.19,-0.18,-1.2,1758762190.0808914
-0.18,-0.19,-1.19,1758762190.083946
-0.18,-0.19,-1.19,1758762190.0904684
-0.18,-0.19,-1.19,1758762190.0933738
-0.18,-0.19,-1.19,1758762190.1033716
-0.18,-0.19,-1.19,1758762190.1110082
-0.18,-0.2,-1.19,1758762190.115919
-0.18,-0.2,-1.19,1758762190.1192777
-0.18,-0.2,-1.19,1758762190.124444
-0.18,-0.2,-1.19,1758762190.1279776
-0.18,-0.2,-1.19,1758762190.1315808
-0.19,-0.21,-1.19,1758762190.1363025
-0.19,-0.21,-1.19,1758762190.1395323
-0.18,-0.2,-1.19,1758762190.142859
-0.18,-0.2,-1.19,1758762190.1474168
-0.18,-0.2,-1.19,1758762190.1509712
-0.18,-0.21,-1.19,1758762190.1544847
-0.19,-0.2,-1.19,1758762190.1586208
-0.19,-0.2,-1.19,1758762190.1633103
-0.19,-0.21,-1.19,1758762190.1700556
-0.19,-0.21,-1.19,1758762190.1750438
-0.19,-0.21,-1.19,1758762190.1806755
-0.19,-0.22,-1.19,1758762190.1842017
-0.19,-0.22,-1.19,1758762190.189392
-0.2,-0.22,-1.19,1758762190.1941657
-0.2,-0.22,-1.19,1758762190.1983688
-0.2,-0.22,-1.19,1758762190.203994
-0.2,-0.23,-1.18,1758762190.2090435
-0.21,-0.23,-1.18,1758762190.216088
-0.21,-0.23,-1.18,1758762190.219967
-0.21,-0.22,-1.19,1758762190.2254238
-0.21,-0.22,-1.19,1758762190.2288563
-0.22,-0.22,-1.19,1758762190.235778
-0.21,-0.21,-1.19,1758762190.240962
-0.22,-0.22,-1.19,1758762190.246267
-0.22,-0.22,-1.19,1758762190.2516265
-0.22,-0.22,-1.19,1758762190.257637
-0.22,-0.22,-1.19,1758762190.260529
-0.22,-0.22,-1.19,1758762190.2634475
-0.22,-0.22,-1.19,1758762190.2678783
-0.22,-0.22,-1.19,1758762190.2724004
-0.23,-0.22,-1.19,1758762190.2755594
-0.23,-0.22,-1.19,1758762190.277518
-0.23,-0.22,-1.19,1758762190.280134
-0.22,-0.21,-1.19,1758762190.2872152
-0.22,-0.21,-1.19,1758762190.2915978
-0.22,-0.21,-1.19,1758762190.2960682
-0.22,-0.21,-1.19,1758762190.3012936
-0.22,-0.21,-1.19,1758762190.3087022
-0.22,-0.2,-1.19,1758762190.311617
-0.22,-0.2,-1.19,1758762190.317376
-0.22,-0.2,-1.19,1758762190.3218694
-0.22,-0.19,-1.19,1758762190.325818
-0.21,-0.19,-1.19,1758762190.3304832
-0.21,-0.19,-1.2,1758762190.337244
-0.21,-0.19,-1.2,1758762190.3416023
-0.21,-0.19,-1.2,1758762190.3465743
-0.21,-0.19,-1.2,1758762190.3507106
-0.21,-0.19,-1.2,1758762190.359592
-0.21,-0.18,-1.2,1758762190.3654144
-0.21,-0.18,-1.2,1758762190.3689854
-0.21,-0.18,-1.2,1758762190.3721828
-0.21,-0.18,-1.2,1758762190.379068
-0.21,-0.18,-1.2,1758762190.3847656
-0.2,-0.18,-1.2,1758762190.3891575
-0.2,-0.18,-1.2,1758762190.3958
-0.2,-0.18,-1.2,1758762190.4011714
-0.2,-0.18,-1.2,1758762190.4046516
-0.19,-0.17,-1.2,1758762190.4087236
-0.2,-0.18,-1.2,1758762190.4141328
-0.19,-0.18,-1.2,1758762190.420474
-0.19,-0.17,-1.2,1758762190.4246545
-0.19,-0.17,-1.2,1758762190.4279468
-0.19,-0.16,-1.21,1758762190.4348977
-0.19,-0.16,-1.21,1758762190.4412718
-0.18,-0.16,-1.21,1758762190.4453378
-0.18,-0.16,-1.21,1758762190.448376
-0.19,-0.16,-1.21,1758762190.4541547
-0.18,-0.16,-1.21,1758762190.4647324
-0.18,-0.16,-1.21,1758762190.468324
-0.18,-0.15,-1.21,1758762190.474739
-0.18,-0.15,-1.21,1758762190.483083
-0.18,-0.15,-1.21,1758762190.4877193
-0.18,-0.15,-1.21,1758762190.493265
-0.18,-0.15,-1.21,1758762190.4972014
-0.17,-0.15,-1.21,1758762190.501156
-0.17,-0.15,-1.21,1758762190.5070534
-0.17,-0.15,-1.22,1758762190.5145557
-0.17,-0.14,-1.22,1758762190.520845
-0.17,-0.14,-1.22,1758762190.5254133
-0.16,-0.14,-1.22,1758762190.5307596
-0.17,-0.14,-1.22,1758762190.534628
-0.16,-0.14,-1.22,1758762190.537678
-0.15,-0.14,-1.22,1758762190.5429275
-0.15,-0.14,-1.22,1758762190.5454657
-0.15,-0.14,-1.22,1758762190.5486314
-0.14,-0.15,-1.22,1758762190.5510695
-0.14,-0.15,-1.22,1758762190.5550084
-0.14,-0.14,-1.22,1758762190.5593257
-0.14,-0.14,-1.22,1758762190.5629723
-0.14,-0.14,-1.22,1758762190.5665903
-0.15,-0.15,-1.22,1758762190.5705135
-0.15,-0.15,-1.22,1758762190.5749917
-0.14,-0.15,-1.22,1758762190.579763
-0.14,-0.15,-1.23,1758762190.5862398
-0.14,-0.14,-1.23,1758762190.5930076
-0.14,-0.14,-1.23,1758762190.5990496
-0.13,-0.14,-1.23,1758762190.601845
-0.14,-0.14,-1.23,1758762190.606501
-0.14,-0.14,-1.23,1758762190.6105523
-0.14,-0.14,-1.23,1758762190.615215
-0.14,-0.14,-1.23,1758762190.6179516
-0.14,-0.14,-1.23,1758762190.6210432
-0.14,-0.14,-1.23,1758762190.6259952
-0.13,-0.14,-1.23,1758762190.630487
-0.13,-0.14,-1.23,1758762190.6343362
-0.13,-0.14,-1.23,1758762190.6378694
-0.13,-0.14,-1.23,1758762190.6410782
-0.13,-0.14,-1.23,1758762190.644691
-0.13,-0.14,-1.23,1758762190.649256
-0.13,-0.14,-1.24,1758762190.6539693
-0.13,-0.14,-1.24,1758762190.6585734
-0.13,-0.14,-1.24,1758762190.6630087
-0.13,-0.13,-1.24,1758762190.6678407
-0.13,-0.13,-1.24,1758762190.6712377
-0.14,-0.13,-1.24,1758762190.6756294
-0.14,-0.14,-1.24,1758762190.6798918
-0.14,-0.14,-1.24,1758762190.6835186
-0.13,-0.13,-1.24,1758762190.6883297
-0.14,-0.13,-1.24,1758762190.6944914
-0.14,-0.13,-1.24,1758762190.7002423
-0.14,-0.12,-1.24,1758762190.7030966
-0.13,-0.13,-1.24,1758762190.7069364
-0.14,-0.13,-1.24,1758762190.7113178
-0.14,-0.12,-1.24,1758762190.713511
-0.14,-0.13,-1.24,1758762190.7168458
-0.13,-0.14,-1.24,1758762190.718671
-0.14,-0.14,-1.24,1758762190.7216766
-0.14,-0.13,-1.24,1758762190.725064
-0.13,-0.13,-1.24,1758762190.7274425
-0.14,-0.13,-1.24,1758762190.7313428
-0.14,-0.14,-1.24,1758762190.745401
-0.14,-0.14,-1.24,1758762190.7483191
-0.14,-0.14,-1.24,1758762190.7526543
-0.14,-0.14,-1.25,1758762190.7570903
-0.14,-0.14,-1.25,1758762190.7624588
-0.14,-0.14,-1.25,1758762190.7690368
-0.14,-0.14,-1.25,1758762190.7723894
-0.14,-0.13,-1.25,1758762190.7786603
-0.14,-0.14,-1.25,1758762190.7830892
-0.14,-0.14,-1.25,1758762190.7879498
-0.14,-0.13,-1.25,1758762190.793006
-0.14,-0.13,-1.25,1758762190.7984705
-0.14,-0.13,-1.25,1758762190.803156
-0.13,-0.13,-1.25,1758762190.808234
-0.13,-0.13,-1.25,1758762190.8123317
-0.13,-0.13,-1.25,1758762190.817552
-0.13,-0.13,-1.25,1758762190.8230634
-0.13,-0.12,-1.25,1758762190.8277752
-0.13,-0.12,-1.25,1758762190.8314705
-0.12,-0.12,-1.25,1758762190.8362298
-0.13,-0.12,-1.25,1758762190.8455365
-0.13,-0.12,-1.26,1758762190.8544564
-0.12,-0.12,-1.26,1758762190.8674605
-0.12,-0.12,-1.26,1758762190.8737948
-0.12,-0.12,-1.26,1758762190.8778715
-0.12,-0.12,-1.26,1758762190.881967
-0.11,-0.11,-1.26,1758762190.887678
-0.11,-0.11,-1.26,1758762190.892876
-0.11,-0.11,-1.26,1758762190.896618
-0.12,-0.11,-1.26,1758762190.898783
-0.12,-0.11,-1.26,1758762190.901088
-0.12,-0.12,-1.26,1758762190.9046736
-0.12,-0.12,-1.26,1758762190.9080849
-0.12,-0.12,-1.26,1758762190.9108586
-0.12,-0.13,-1.26,1758762190.9133654
-0.11,-0.13,-1.26,1758762190.916051
-0.12,-0.13,-1.26,1758762190.918568
-0.12,-0.13,-1.26,1758762190.922784
-0.12,-0.13,-1.26,1758762190.9269772
-0.12,-0.13,-1.26,1758762190.931954
-0.13,-0.14,-1.26,1758762190.9396677
-0.12,-0.14,-1.26,1758762190.9478693
-0.12,-0.15,-1.25,1758762190.955474
-0.13,-0.15,-1.26,1758762190.9581437
-0.13,-0.14,-1.25,1758762190.9603982
-0.13,-0.14,-1.26,1758762190.9631617
-0.12,-0.14,-1.26,1758762190.9665291
-0.12,-0.15,-1.25,1758762190.9697328
-0.13,-0.15,-1.25,1758762190.9722238
-0.12,-0.15,-1.25,1758762190.975159
-0.13,-0.15,-1.25,1758762190.977405
-0.13,-0.15,-1.25,1758762190.980969
-0.13,-0.15,-1.25,1758762190.9837208
-0.13,-0.15,-1.25,1758762190.9884882
-0.13,-0.15,-1.25,1758762190.99095
-0.13,-0.15,-1.25,1758762190.9934125
-0.14,-0.15,-1.25,1758762190.996337
-0.14,-0.15,-1.25,1758762191.0014277
-0.13,-0.16,-1.25,1758762191.0082705
-0.13,-0.16,-1.25,1758762191.0110896
-0.13,-0.15,-1.25,1758762191.0132008
-0.14,-0.16,-1.25,1758762191.0168855
-0.14,-0.16,-1.25,1758762191.0197346
-0.14,-0.16,-1.25,1758762191.0236704
-0.14,-0.17,-1.25,1758762191.025976
-0.14,-0.17,-1.25,1758762191.0286093
-0.14,-0.17,-1.25,1758762191.032087
-0.13,-0.17,-1.25,1758762191.0344074
-0.14,-0.17,-1.25,1758762191.037004
-0.14,-0.17,-1.25,1758762191.0392833
-0.13,-0.17,-1.25,1758762191.0418758
-0.13,-0.17,-1.25,1758762191.0446515
-0.13,-0.18,-1.25,1758762191.0482738
-0.14,-0.17,-1.25,1758762191.0507898
-0.14,-0.17,-1.25,1758762191.053652
-0.14,-0.18,-1.25,1758762191.056694
-0.14,-0.18,-1.25,1758762191.059507
-0.14,-0.18,-1.25,1758762191.062111
-0.14,-0.18,-1.24,1758762191.0656495
-0.14,-0.18,-1.24,1758762191.0676289
-0.14,-0.19,-1.24,1758762191.0704525
-0.14,-0.18,-1.24,1758762191.0731947
-0.14,-0.19,-1.24,1758762191.0767653
-0.14,-0.18,-1.24,1758762191.079757
-0.13,-0.18,-1.24,1758762191.084936
-0.14,-0.18,-1.24,1758762191.0870628
-0.14,-0.17,-1.24,1758762191.0902948
-0.14,-0.17,-1.24,1758762191.092625
-0.14,-0.18,-1.24,1758762191.096508
-0.14,-0.18,-1.24,1758762191.0988982
-0.14,-0.17,-1.24,1758762191.1015587
-0.14,-0.17,-1.24,1758762191.1072457
-0.14,-0.16,-1.24,1758762191.1107082
-0.13,-0.16,-1.24,1758762191.1145408
-0.13,-0.15,-1.24,1758762191.118991
-0.13,-0.16,-1.24,1758762191.1235192
-0.13,-0.15,-1.24,1758762191.127403
-0.12,-0.15,-1.24,1758762191.1306329
-0.12,-0.15,-1.24,1758762191.135236
-0.13,-0.14,-1.24,1758762191.1387267
-0.12,-0.13,-1.24,1758762191.1426773
-0.12,-0.13,-1.24,1758762191.1463578
-0.12,-0.13,-1.24,1758762191.1504126
-0.11,-0.13,-1.24,1758762191.154234
-0.11,-0.13,-1.24,1758762191.1576946
-0.11,-0.14,-1.24,1758762191.161348
-0.11,-0.14,-1.24,1758762191.1649818
-0.11,-0.15,-1.24,1758762191.1692922
-0.11,-0.14,-1.24,1758762191.173324
-0.11,-0.14,-1.24,1758762191.1772828
-0.1,-0.15,-1.24,1758762191.1813076
-0.11,-0.15,-1.24,1758762191.185677
-0.11,-0.14,-1.24,1758762191.190362
-0.11,-0.14,-1.24,1758762191.1942377
-0.11,-0.14,-1.24,1758762191.197644
-0.1,-0.14,-1.23,1758762191.2019491
-0.11,-0.14,-1.23,1758762191.2060704
-0.1,-0.14,-1.23,1758762191.210102
-0.11,-0.14,-1.23,1758762191.2146418
-0.11,-0.14,-1.23,1758762191.2187388
-0.1,-0.14,-1.23,1758762191.2233286
-0.1,-0.14,-1.23,1758762191.2278965
-0.1,-0.14,-1.23,1758762191.2318273
-0.09,-0.14,-1.23,1758762191.2432349
-0.09,-0.14,-1.23,1758762191.2484548
-0.08,-0.14,-1.23,1758762191.2651937
-0.08,-0.14,-1.23,1758762191.2694314
-0.08,-0.14,-1.23,1758762191.2719362
-0.08,-0.13,-1.23,1758762191.2738566
-0.08,-0.13,-1.23,1758762191.2774796
-0.08,-0.13,-1.23,1758762191.283178
-0.08,-0.14,-1.23,1758762191.2850692
-0.07,-0.14,-1.23,1758762191.2882376
-0.07,-0.14,-1.23,1758762191.290329
-0.08,-0.14,-1.22,1758762191.2920673
-0.08,-0.14,-1.22,1758762191.2942698
-0.07,-0.13,-1.22,1758762191.2976737
-0.07,-0.12,-1.22,1758762191.3045018
-0.07,-0.12,-1.22,1758762191.308957
-0.07,-0.12,-1.22,1758762191.3138864
-0.07,-0.13,-1.22,1758762191.3163571
-0.08,-0.12,-1.22,1758762191.318839
-0.08,-0.12,-1.22,1758762191.3206544
-0.08,-0.11,-1.22,1758762191.322339
-0.08,-0.11,-1.22,1758762191.3259237
-0.07,-0.1,-1.22,1758762191.3276663
-0.07,-0.1,-1.22,1758762191.331708
-0.08,-0.1,-1.22,1758762191.3379283
-0.07,-0.09,-1.22,1758762191.343276
-0.07,-0.09,-1.22,1758762191.345991
-0.07,-0.09,-1.22,1758762191.3566475
-0.07,-0.09,-1.22,1758762191.3641026
-0.06,-0.1,-1.22,1758762191.3708932
-0.07,-0.1,-1.22,1758762191.3797572
-0.07,-0.09,-1.22,1758762191.3890064
-0.07,-0.1,-1.22,1758762191.3952096
-0.08,-0.1,-1.22,1758762191.4002855
-0.07,-0.1,-1.22,1758762191.4069538
-0.08,-0.1,-1.22,1758762191.411039
-0.08,-0.1,-1.22,1758762191.4161036
-0.07,-0.09,-1.22,1758762191.4228158
-0.07,-0.09,-1.22,1758762191.428009
-0.07,-0.09,-1.22,1758762191.434755
-0.07,-0.08,-1.22,1758762191.438231
-0.07,-0.08,-1.22,1758762191.4449017
-0.07,-0.08,-1.22,1758762191.4521277
-0.07,-0.08,-1.22,1758762191.457832
-0.07,-0.08,-1.22,1758762191.4637096
-0.08,-0.08,-1.22,1758762191.4684289
-0.07,-0.09,-1.22,1758762191.472374
-0.08,-0.08,-1.22,1758762191.4781566
-0.08,-0.09,-1.21,1758762191.480211
-0.08,-0.09,-1.21,1758762191.4842403
-0.08,-0.09,-1.21,1758762191.492108
-0.08,-0.1,-1.21,1758762191.5002792
-0.08,-0.09,-1.21,1758762191.5107095
-0.07,-0.09,-1.21,1758762191.5160673
-0.07,-0.09,-1.22,1758762191.5266776
-0.07,-0.08,-1.22,1758762191.534661
-0.07,-0.08,-1.22,1758762191.542307
-0.07,-0.07,-1.22,1758762191.5498457
-0.08,-0.07,-1.22,1758762191.5569272
-0.08,-0.07,-1.22,1758762191.5645254
-0.08,-0.07,-1.22,1758762191.569934
-0.08,-0.08,-1.22,1758762191.5761485
-0.08,-0.08,-1.22,1758762191.5800562
-0.08,-0.08,-1.22,1758762191.5848825
-0.08,-0.08,-1.22,1758762191.5882423
-0.07,-0.09,-1.22,1758762191.5917711
-0.07,-0.09,-1.22,1758762191.594349
-0.07,-0.1,-1.22,1758762191.5966015
-0.07,-0.09,-1.22,1758762191.6007335
-0.07,-0.09,-1.22,1758762191.6047792
-0.06,-0.1,-1.22,1758762191.6086674
-0.06,-0.1,-1.22,1758762191.6136987
-0.07,-0.1,-1.22,1758762191.616392
-0.06,-0.1,-1.22,1758762191.6189344
-0.07,-0.1,-1.22,1758762191.6215577
-0.07,-0.1,-1.22,1758762191.6239903
-0.06,-0.1,-1.22,1758762191.6274884
-0.06,-0.1,-1.22,1758762191.6317923
-0.06,-0.1,-1.22,1758762191.634505
-0.07,-0.11,-1.22,1758762191.6375742
-0.07,-0.11,-1.22,1758762191.642409
-0.08,-0.11,-1.22,1758762191.64791
-0.08,-0.11,-1.22,1758762191.653513
-0.08,-0.11,-1.22,1758762191.6577885
-0.07,-0.11,-1.22,1758762191.6633906
-0.07,-0.12,-1.22,1758762191.6680746
-0.06,-0.11,-1.22,1758762191.6719654
-0.06,-0.12,-1.22,1758762191.6780396
-0.06,-0.12,-1.22,1758762191.6830387
-0.06,-0.13,-1.22,1758762191.6876214
-0.05,-0.12,-1.22,1758762191.6928992
-0.05,-0.13,-1.22,1758762191.6977556
-0.05,-0.13,-1.22,1758762191.7011583
-0.04,-0.14,-1.22,1758762191.707133
-0.04,-0.13,-1.23,1758762191.7108035
-0.05,-0.13,-1.23,1758762191.7152252
-0.05,-0.13,-1.23,1758762191.718494
-0.04,-0.13,-1.23,1758762191.721601
-0.04,-0.13,-1.23,1758762191.7253716
-0.04,-0.12,-1.23,1758762191.7290146
-0.04,-0.12,-1.23,1758762191.732695
-0.04,-0.12,-1.23,1758762191.7361803
-0.04,-0.13,-1.23,1758762191.7399094
-0.04,-0.13,-1.23,1758762191.7445097
-0.04,-0.13,-1.23,1758762191.7509942
-0.05,-0.13,-1.23,1758762191.7572098
-0.05,-0.13,-1.23,1758762191.763315
-0.05,-0.12,-1.23,1758762191.76965
-0.06,-0.12,-1.23,1758762191.7759175
-0.07,-0.12,-1.23,1758762191.783354
-0.07,-0.13,-1.23,1758762191.7866273
-0.08,-0.12,-1.23,1758762191.7935138
-0.07,-0.13,-1.23,1758762191.7987998
-0.08,-0.13,-1.23,1758762191.8050442
-0.07,-0.13,-1.23,1758762191.8128915
-0.08,-0.13,-1.23,1758762191.8180802
-0.08,-0.14,-1.23,1758762191.823949
-0.08,-0.13,-1.24,1758762191.828627
-0.08,-0.13,-1.24,1758762191.835971
-0.08,-0.12,-1.24,1758762191.8409293
-0.09,-0.12,-1.24,1758762191.8461092
-0.08,-0.12,-1.24,1758762191.854024
-0.08,-0.13,-1.24,1758762191.85936
-0.08,-0.13,-1.24,1758762191.8658056
-0.08,-0.12,-1.24,1758762191.870581
-0.08,-0.13,-1.24,1758762191.876728
-0.08,-0.13,-1.24,1758762191.884594
-0.08,-0.13,-1.24,1758762191.890551
-0.08,-0.13,-1.24,1758762191.8944075
-0.08,-0.14,-1.24,1758762191.9017951
-0.08,-0.14,-1.24,1758762191.9083135
-0.08,-0.14,-1.24,1758762191.9134402
-0.08,-0.14,-1.24,1758762191.917761
-0.08,-0.14,-1.24,1758762191.9255402
-0.08,-0.14,-1.24,1758762191.9286745
-0.08,-0.15,-1.24,1758762191.9341812
-0.08,-0.15,-1.24,1758762191.9395366
-0.08,-0.15,-1.24,1758762191.943936
-0.09,-0.15,-1.24,1758762191.9517064
-0.08,-0.15,-1.24,1758762191.9574947
-0.08,-0.15,-1.24,1758762191.9629033
-0.08,-0.15,-1.24,1758762191.9673998
-0.08,-0.15,-1.24,1758762191.9708903
-0.08,-0.16,-1.24,1758762191.975781
-0.08,-0.15,-1.24,1758762191.9781015
-0.08,-0.16,-1.24,1758762191.9848726
-0.08,-0.16,-1.24,1758762191.9926748
-0.08,-0.16,-1.24,1758762191.9956644
-0.08,-0.16,-1.24,1758762191.999761
-0.08,-0.16,-1.24,1758762192.0034237
-0.08,-0.16,-1.24,1758762192.0062788
-0.08,-0.16,-1.24,1758762192.0087764
-0.08,-0.16,-1.24,1758762192.010496
-0.08,-0.17,-1.24,1758762192.023294
-0.08,-0.17,-1.24,1758762192.0355618
-0.08,-0.17,-1.24,1758762192.0458565
-0.08,-0.17,-1.24,1758762192.0501225
-0.08,-0.16,-1.24,1758762192.0566375
-0.08,-0.16,-1.24,1758762192.062785
-0.08,-0.16,-1.24,1758762192.0730672
-0.08,-0.16,-1.24,1758762192.084154
-0.08,-0.17,-1.24,1758762192.096063
-0.08,-0.16,-1.24,1758762192.1008742
-0.08,-0.16,-1.24,1758762192.1056955
-0.08,-0.16,-1.24,1758762192.111292
-0.08,-0.16,-1.24,1758762192.11678
-0.08,-0.16,-1.24,1758762192.1199734
-0.08,-0.16,-1.24,1758762192.1239586
-0.08,-0.16,-1.24,1758762192.1291337
-0.08,-0.16,-1.24,1758762192.133057
-0.08,-0.15,-1.24,1758762192.1431832
-0.07,-0.16,-1.24,1758762192.1516094
-0.07,-0.16,-1.24,1758762192.1569128
-0.07,-0.15,-1.24,1758762192.163863
-0.07,-0.15,-1.24,1758762192.1681075
-0.07,-0.15,-1.24,1758762192.171447
-0.07,-0.15,-1.24,1758762192.1830597
-0.07,-0.15,-1.24,1758762192.1967006
-0.07,-0.14,-1.24,1758762192.204245
-0.07,-0.14,-1.24,1758762192.2117858
-0.08,-0.14,-1.24,1758762192.2188854
-0.08,-0.14,-1.24,1758762192.2323291
-0.08,-0.14,-1.24,1758762192.2414808
-0.08,-0.15,-1.24,1758762192.245814
-0.07,-0.15,-1.24,1758762192.2522192
-0.07,-0.15,-1.24,1758762192.2619069
-0.08,-0.15,-1.24,1758762192.2701905
-0.08,-0.14,-1.24,1758762192.2774956
-0.08,-0.15,-1.24,1758762192.289142
-0.09,-0.15,-1.24,1758762192.2945898
-0.09,-0.15,-1.24,1758762192.301481
-0.09,-0.15,-1.24,1758762192.304978
-0.09,-0.15,-1.24,1758762192.3105142
-0.09,-0.15,-1.24,1758762192.316513
-0.08,-0.15,-1.24,1758762192.3224282
-0.09,-0.16,-1.23,1758762192.3256998
-0.09,-0.17,-1.23,1758762192.329504
-0.09,-0.17,-1.23,1758762192.3382444
-0.09,-0.17,-1.23,1758762192.344684
-0.08,-0.18,-1.23,1758762192.3502371
-0.08,-0.17,-1.23,1758762192.355915
-0.08,-0.17,-1.23,1758762192.3592238
-0.09,-0.17,-1.23,1758762192.3661132
-0.08,-0.16,-1.23,1758762192.3694353
-0.08,-0.16,-1.23,1758762192.3735776
-0.08,-0.16,-1.23,1758762192.3791127
-0.09,-0.16,-1.23,1758762192.384142
-0.09,-0.16,-1.23,1758762192.3882203
-0.08,-0.15,-1.23,1758762192.390475
-0.08,-0.16,-1.23,1758762192.3942554
-0.08,-0.15,-1.23,1758762192.4009995
-0.08,-0.16,-1.23,1758762192.4076228
-0.08,-0.15,-1.23,1758762192.412985
-0.08,-0.15,-1.23,1758762192.416922
-0.08,-0.15,-1.23,1758762192.421733
-0.08,-0.15,-1.23,1758762192.4253008
-0.07,-0.15,-1.23,1758762192.428765
-0.08,-0.15,-1.23,1758762192.4336586
-0.08,-0.15,-1.23,1758762192.4400527
-0.08,-0.15,-1.23,1758762192.4458318
-0.08,-0.15,-1.23,1758762192.4489968
-0.07,-0.15,-1.23,1758762192.4542785
-0.08,-0.15,-1.23,1758762192.458263
-0.08,-0.15,-1.23,1758762192.4620812
-0.08,-0.14,-1.23,1758762192.4660745
-0.09,-0.14,-1.23,1758762192.470107
-0.09,-0.14,-1.23,1758762192.4776292
-0.08,-0.14,-1.23,1758762192.4976811
-0.08,-0.15,-1.23,1758762192.5049126
-0.08,-0.15,-1.23,1758762192.5095532
-0.09,-0.15,-1.23,1758762192.5154653
-0.08,-0.15,-1.23,1758762192.527258
-0.08,-0.16,-1.23,1758762192.5348125
-0.08,-0.16,-1.23,1758762192.54154
-0.08,-0.16,-1.23,1758762192.5485177
-0.08,-0.16,-1.23,1758762192.5536287
-0.08,-0.16,-1.23,1758762192.5585475
-0.08,-0.16,-1.23,1758762192.5789218
-0.09,-0.17,-1.23,1758762192.583609
-0.09,-0.17,-1.23,1758762192.5904157
-0.09,-0.18,-1.23,1758762192.5960207
-0.1,-0.18,-1.23,1758762192.6005056
-0.1,-0.18,-1.23,1758762192.603234
-0.1,-0.18,-1.23,1758762192.605024
-0.09,-0.18,-1.23,1758762192.6144977
-0.09,-0.18,-1.23,1758762192.6207695
-0.09,-0.18,-1.23,1758762192.625024
-0.09,-0.19,-1.23,1758762192.6315317
-0.09,-0.18,-1.23,1758762192.6359184
-0.09,-0.18,-1.23,1758762192.644705
-0.09,-0.18,-1.23,1758762192.6520846
-0.09,-0.18,-1.23,1758762192.657586
-0.08,-0.18,-1.23,1758762192.663314
-0.08,-0.17,-1.23,1758762192.6732965
-0.08,-0.18,-1.23,1758762192.6815867
-0.09,-0.18,-1.23,1758762192.695959
-0.08,-0.18,-1.23,1758762192.7048037
-0.08,-0.18,-1.23,1758762192.7085612
-0.08,-0.18,-1.23,1758762192.7120357
-0.08,-0.17,-1.23,1758762192.7170422
-0.08,-0.17,-1.24,1758762192.7237346
-0.08,-0.17,-1.24,1758762192.7302818
-0.09,-0.17,-1.23,1758762192.7393925
-0.08,-0.18,-1.23,1758762192.7471244
-0.08,-0.17,-1.24,1758762192.7528677
-0.08,-0.17,-1.24,1758762192.765654
-0.08,-0.17,-1.24,1758762192.7731602
-0.08,-0.16,-1.24,1758762192.7752657
-0.08,-0.17,-1.24,1758762192.7774804
-0.08,-0.16,-1.24,1758762192.7793505
-0.08,-0.17,-1.24,1758762192.7827384
-0.09,-0.17,-1.24,1758762192.792396
-0.08,-0.17,-1.24,1758762192.795266
-0.08,-0.18,-1.24,1758762192.798228
-0.08,-0.18,-1.24,1758762192.799893
-0.08,-0.18,-1.24,1758762192.8022213
-0.08,-0.18,-1.24,1758762192.8049705
-0.07,-0.18,-1.24,1758762192.8101385
-0.08,-0.18,-1.24,1758762192.8151772
-0.08,-0.19,-1.24,1758762192.8191142
-0.09,-0.18,-1.24,1758762192.8235154
-0.08,-0.18,-1.24,1758762192.8308408
-0.08,-0.18,-1.24,1758762192.8366084
-0.08,-0.18,-1.24,1758762192.8389935
-0.09,-0.19,-1.24,1758762192.8420212
-0.08,-0.19,-1.24,1758762192.8437922
-0.08,-0.19,-1.24,1758762192.8454995
-0.07,-0.19,-1.23,1758762192.848231
-0.07,-0.19,-1.24,1758762192.8511162
-0.07,-0.19,-1.24,1758762192.8548212
-0.07,-0.19,-1.23,1758762192.8571975
-0.07,-0.19,-1.23,1758762192.861324
-0.07,-0.19,-1.23,1758762192.8642287
-0.07,-0.19,-1.23,1758762192.869725
-0.07,-0.19,-1.23,1758762192.872872
-0.08,-0.19,-1.23,1758762192.8777387
-0.08,-0.2,-1.23,1758762192.8829796
-0.08,-0.19,-1.23,1758762192.8873022
-0.08,-0.19,-1.23,1758762192.8898356
-0.08,-0.19,-1.23,1758762192.893145
-0.08,-0.19,-1.24,1758762192.8957727
-0.08,-0.18,-1.24,1758762192.89737
-0.07,-0.18,-1.24,1758762192.9047272
-0.08,-0.18,-1.24,1758762192.9106958
-0.08,-0.18,-1.24,1758762192.9172015
-0.09,-0.18,-1.24,1758762192.9389572
-0.09,-0.18,-1.24,1758762192.9503217
-0.09,-0.18,-1.24,1758762192.9570992
-0.09,-0.18,-1.24,1758762192.967882
-0.09,-0.18,-1.24,1758762192.9802542
-0.09,-0.19,-1.23,1758762192.983601
-0.09,-0.19,-1.23,1758762192.9952807
-0.09,-0.18,-1.23,1758762193.007547
-0.08,-0.18,-1.24,1758762193.0155962
-0.08,-0.18,-1.23,1758762193.0266256
-0.08,-0.17,-1.23,1758762193.0375564
-0.08,-0.17,-1.24,1758762193.046188
-0.08,-0.17,-1.24,1758762193.0546217
-0.08,-0.17,-1.23,1758762193.0670466
-0.09,-0.17,-1.23,1758762193.0769916
-0.09,-0.17,-1.23,1758762193.0893674
-0.09,-0.17,-1.23,1758762193.0932417
-0.09,-0.16,-1.23,1758762193.0983667
-0.1,-0.17,-1.23,1758762193.1079402
-0.1,-0.17,-1.23,1758762193.1162012
-0.1,-0.17,-1.23,1758762193.1220508
-0.1,-0.18,-1.23,1758762193.1253226
-0.09,-0.17,-1.23,1758762193.1301706
-0.09,-0.17,-1.23,1758762193.1333768
-0.09,-0.18,-1.23,1758762193.136537
-0.09,-0.18,-1.23,1758762193.1421342
-0.1,-0.18,-1.23,1758762193.1456256
-0.1,-0.18,-1.23,1758762193.1526682
-0.11,-0.18,-1.23,1758762193.1556666
-0.1,-0.19,-1.23,1758762193.1591682
-0.11,-0.19,-1.23,1758762193.1628008
-0.12,-0.19,-1.23,1758762193.166199
-0.11,-0.19,-1.23,1758762193.169304
-0.12,-0.19,-1.23,1758762193.172162
-0.12,-0.19,-1.23,1758762193.1749282
-0.12,-0.19,-1.23,1758762193.1773744
-0.12,-0.19,-1.23,1758762193.181222
-0.12,-0.19,-1.23,1758762193.1856103
-0.12,-0.19,-1.23,1758762193.1885338
-0.12,-0.18,-1.23,1758762193.1922424
-0.12,-0.19,-1.23,1758762193.196356
-0.12,-0.18,-1.23,1758762193.200251
-0.12,-0.18,-1.23,1758762193.2033074
-0.12,-0.19,-1.23,1758762193.206833
-0.13,-0.18,-1.23,1758762193.2113664
-0.13,-0.18,-1.23,1758762193.21569
-0.13,-0.18,-1.23,1758762193.2189069
-0.13,-0.19,-1.23,1758762193.2255454
-0.13,-0.18,-1.23,1758762193.2305443
-0.13,-0.18,-1.23,1758762193.235399
-0.14,-0.18,-1.23,1758762193.2416282
-0.14,-0.18,-1.23,1758762193.251688
-0.14,-0.18,-1.23,1758762193.2587583
-0.14,-0.17,-1.23,1758762193.2648416
-0.13,-0.17,-1.23,1758762193.2731
-0.14,-0.16,-1.23,1758762193.2829182
-0.13,-0.16,-1.23,1758762193.2957006
-0.13,-0.16,-1.23,1758762193.301388
-0.13,-0.16,-1.23,1758762193.307335
-0.13,-0.16,-1.23,1758762193.3106554
-0.13,-0.16,-1.23,1758762193.314463
-0.14,-0.17,-1.23,1758762193.3171206
-0.14,-0.17,-1.23,1758762193.3194306
-0.14,-0.17,-1.23,1758762193.3216991
-0.14,-0.17,-1.23,1758762193.3240352
-0.13,-0.17,-1.23,1758762193.3263602
-0.13,-0.17,-1.23,1758762193.3293464
-0.13,-0.17,-1.23,1758762193.3318048
-0.13,-0.17,-1.23,1758762193.3343222
-0.13,-0.18,-1.23,1758762193.3372405
-0.13,-0.17,-1.23,1758762193.3398142
-0.13,-0.17,-1.23,1758762193.34717
-0.13,-0.16,-1.23,1758762193.3502262
-0.13,-0.16,-1.23,1758762193.3589163
-0.13,-0.17,-1.23,1758762193.36336
-0.13,-0.17,-1.23,1758762193.3668203
-0.13,-0.17,-1.23,1758762193.3695388
-0.13,-0.17,-1.23,1758762193.373633
-0.12,-0.17,-1.23,1758762193.3770268
-0.13,-0.17,-1.23,1758762193.3802934
-0.12,-0.16,-1.23,1758762193.3827944
-0.12,-0.16,-1.23,1758762193.385383
-0.13,-0.16,-1.23,1758762193.387575
-0.13,-0.17,-1.23,1758762193.3899038
-0.13,-0.16,-1.23,1758762193.3919322
-0.13,-0.16,-1.23,1758762193.3947916
-0.13,-0.16,-1.23,1758762193.3983092
-0.12,-0.16,-1.23,1758762193.403432
-0.13,-0.16,-1.23,1758762193.4058278
-0.13,-0.16,-1.23,1758762193.4089131
-0.13,-0.16,-1.23,1758762193.4112968
-0.13,-0.16,-1.23,1758762193.4136596
-0.14,-0.15,-1.24,1758762193.416088
-0.13,-0.15,-1.24,1758762193.4187994
-0.14,-0.16,-1.24,1758762193.4216866
-0.13,-0.16,-1.24,1758762193.4247124
-0.13,-0.16,-1.24,1758762193.4274497
-0.13,-0.15,-1.24,1758762193.429825
-0.13,-0.15,-1.24,1758762193.4333892
-0.13,-0.15,-1.24,1758762193.4364357
-0.13,-0.15,-1.24,1758762193.438893
-0.13,-0.16,-1.24,1758762193.441929
-0.12,-0.16,-1.24,1758762193.4444623
-0.12,-0.15,-1.24,1758762193.447195
-0.12,-0.15,-1.24,1758762193.449273
-0.12,-0.15,-1.24,1758762193.451567
-0.12,-0.14,-1.24,1758762193.4541514
-0.12,-0.14,-1.24,1758762193.456987
-0.12,-0.14,-1.24,1758762193.4596949
-0.12,-0.14,-1.24,1758762193.463148
-0.13,-0.14,-1.24,1758762193.465587
-0.13,-0.14,-1.24,1758762193.4689183
-0.12,-0.14,-1.24,1758762193.478633
-0.12,-0.14,-1.24,1758762193.4833026
-0.12,-0.13,-1.24,1758762193.4874618
-0.12,-0.14,-1.24,1758762193.4899752
-0.12,-0.14,-1.24,1758762193.4928694
-0.12,-0.14,-1.24,1758762193.49543
-0.12,-0.14,-1.24,1758762193.4976227
-0.12,-0.14,-1.24,1758762193.4999397
-0.12,-0.14,-1.24,1758762193.5041237
-0.13,-0.14,-1.25,1758762193.5075858
-0.13,-0.13,-1.25,1758762193.51061
-0.13,-0.13,-1.25,1758762193.5129323
-0.13,-0.13,-1.25,1758762193.5151963
-0.13,-0.13,-1.25,1758762193.5177011
-0.13,-0.12,-1.25,1758762193.5198836
-0.13,-0.12,-1.25,1758762193.5231056
-0.13,-0.12,-1.25,1758762193.525793
-0.13,-0.12,-1.25,1758762193.5287387
-0.13,-0.11,-1.25,1758762193.5326843
-0.13,-0.11,-1.25,1758762193.5355048
-0.13,-0.11,-1.25,1758762193.5429213
-0.13,-0.11,-1.25,1758762193.5515916
-0.13,-0.11,-1.25,1758762193.555623
-0.13,-0.11,-1.25,1758762193.5595517
-0.13,-0.1,-1.25,1758762193.5632362
-0.13,-0.11,-1.25,1758762193.5659535
-0.13,-0.11,-1.25,1758762193.5685515
-0.14,-0.1,-1.26,1758762193.5707877
-0.13,-0.1,-1.26,1758762193.5740504
-0.13,-0.1,-1.26,1758762193.5764308
-0.13,-0.1,-1.26,1758762193.5792427
-0.14,-0.1,-1.26,1758762193.5818348
-0.14,-0.1,-1.26,1758762193.5843236
-0.14,-0.1,-1.26,1758762193.5866244
-0.14,-0.1,-1.26,1758762193.5889125
-0.14,-0.1,-1.26,1758762193.5914986
-0.14,-0.1,-1.26,1758762193.5940454
-0.14,-0.1,-1.26,1758762193.5966654
-0.14,-0.1,-1.26,1758762193.5990667
-0.14,-0.1,-1.26,1758762193.6019838
-0.13,-0.09,-1.26,1758762193.6062448
-0.13,-0.09,-1.26,1758762193.6094794
-0.13,-0.09,-1.26,1758762193.6129446
-0.14,-0.09,-1.26,1758762193.6154463
-0.14,-0.1,-1.26,1758762193.618699
-0.14,-0.1,-1.26,1758762193.6216412
-0.14,-0.09,-1.26,1758762193.6242058
-0.13,-0.09,-1.26,1758762193.6270494
-0.14,-0.09,-1.26,1758762193.6310606
-0.14,-0.1,-1.26,1758762193.6368935
-0.15,-0.09,-1.26,1758762193.6400118
-0.15,-0.09,-1.26,1758762193.645619
-0.15,-0.09,-1.26,1758762193.6490512
-0.15,-0.09,-1.26,1758762193.6528563
-0.14,-0.09,-1.26,1758762193.6553118
-0.14,-0.09,-1.26,1758762193.658069
-0.14,-0.09,-1.27,1758762193.660687
-0.14,-0.08,-1.27,1758762193.663589
-0.14,-0.08,-1.27,1758762193.6661198
-0.14,-0.08,-1.27,1758762193.669521
-0.14,-0.08,-1.27,1758762193.6718264
-0.15,-0.08,-1.27,1758762193.6745682
-0.15,-0.08,-1.27,1758762193.676978
-0.15,-0.08,-1.27,1758762193.6798632
-0.15,-0.07,-1.27,1758762193.682722
-0.15,-0.08,-1.27,1758762193.6850922
-0.15,-0.08,-1.27,1758762193.6873465
-0.16,-0.08,-1.27,1758762193.6910288
-0.16,-0.08,-1.27,1758762193.6935723
-0.15,-0.08,-1.27,1758762193.6962025
-0.15,-0.08,-1.27,1758762193.702355
-0.16,-0.08,-1.27,1758762193.7089744
-0.16,-0.08,-1.27,1758762193.7126002
-0.16,-0.09,-1.27,1758762193.7152405
-0.16,-0.09,-1.27,1758762193.717669
-0.17,-0.09,-1.27,1758762193.7198482
-0.17,-0.09,-1.27,1758762193.7220557
-0.16,-0.09,-1.27,1758762193.72438
-0.16,-0.09,-1.27,1758762193.726997
-0.17,-0.09,-1.27,1758762193.7292216
-0.17,-0.09,-1.27,1758762193.7319803
-0.17,-0.09,-1.27,1758762193.7357924
-0.17,-0.09,-1.27,1758762193.7398846
-0.17,-0.09,-1.27,1758762193.7436469
-0.16,-0.09,-1.27,1758762193.7455103
-0.17,-0.09,-1.27,1758762193.7484145
-0.17,-0.09,-1.27,1758762193.7523618
-0.16,-0.09,-1.27,1758762193.7560403
-0.16,-0.1,-1.27,1758762193.7584178
-0.16,-0.1,-1.27,1758762193.761381
-0.16,-0.09,-1.27,1758762193.7640026
-0.16,-0.1,-1.27,1758762193.7665186
-0.16,-0.1,-1.27,1758762193.7688494
-0.17,-0.1,-1.27,1758762193.7713776
-0.16,-0.1,-1.27,1758762193.775192
-0.16,-0.1,-1.27,1758762193.7794833
-0.16,-0.1,-1.27,1758762193.7852895
-0.16,-0.1,-1.27,1758762193.7878673
-0.17,-0.1,-1.27,1758762193.7906847
-0.17,-0.1,-1.27,1758762193.7963417
-0.17,-0.1,-1.27,1758762193.8003924
-0.17,-0.1,-1.27,1758762193.804731
-0.17,-0.11,-1.27,1758762193.8077164
-0.17,-0.1,-1.27,1758762193.8132682
-0.16,-0.1,-1.27,1758762193.8156698
-0.16,-0.1,-1.27,1758762193.8180416
-0.17,-0.11,-1.27,1758762193.8231475
-0.17,-0.11,-1.27,1758762193.825703
-0.17,-0.1,-1.27,1758762193.829687
-0.16,-0.09,-1.27,1758762193.8352258
-0.17,-0.1,-1.27,1758762193.8416164
-0.17,-0.1,-1.27,1758762193.8453195
-0.17,-0.1,-1.27,1758762193.84982
-0.16,-0.09,-1.27,1758762193.853857
-0.17,-0.1,-1.27,1758762193.857809
-0.16,-0.09,-1.27,1758762193.861996
-0.16,-0.09,-1.27,1758762193.8686204
-0.16,-0.09,-1.27,1758762193.8750796
-0.16,-0.1,-1.27,1758762193.879469
-0.15,-0.09,-1.27,1758762193.882664
-0.15,-0.1,-1.27,1758762193.8893168
-0.14,-0.09,-1.27,1758762193.892795
-0.14,-0.09,-1.27,1758762193.8976626
-0.14,-0.1,-1.27,1758762193.901384
-0.14,-0.1,-1.27,1758762193.9053276
-0.14,-0.1,-1.27,1758762193.9092982
-0.14,-0.1,-1.27,1758762193.9179823
-0.14,-0.1,-1.27,1758762193.923089
-0.14,-0.1,-1.27,1758762193.930148
-0.14,-0.1,-1.27,1758762193.9361746
-0.13,-0.1,-1.27,1758762193.945577
-0.13,-0.09,-1.27,1758762193.9654844
-0.13,-0.09,-1.27,1758762193.986549
-0.13,-0.09,-1.27,1758762193.993363
-0.13,-0.09,-1.27,1758762194.0033648
-0.13,-0.08,-1.27,1758762194.0152867
-0.13,-0.08,-1.27,1758762194.0195167
-0.14,-0.08,-1.27,1758762194.023992
-0.14,-0.09,-1.27,1758762194.0291266
-0.15,-0.09,-1.27,1758762194.033763
-0.15,-0.09,-1.27,1758762194.0376587
-0.14,-0.09,-1.27,1758762194.0424843
-0.14,-0.09,-1.27,1758762194.0489235
-0.15,-0.09,-1.27,1758762194.059029
-0.15,-0.09,-1.26,1758762194.0645971
-0.15,-0.09,-1.26,1758762194.0678272
-0.15,-0.09,-1.26,1758762194.071427
-0.15,-0.08,-1.27,1758762194.0741348
-0.15,-0.08,-1.27,1758762194.0780268
-0.15,-0.08,-1.27,1758762194.0804582
-0.15,-0.08,-1.26,1758762194.0856168
-0.15,-0.08,-1.26,1758762194.093783
-0.15,-0.08,-1.26,1758762194.0998142
-0.15,-0.08,-1.26,1758762194.1087308
-0.14,-0.08,-1.26,1758762194.114916
-0.15,-0.08,-1.26,1758762194.1199827
-0.15,-0.08,-1.26,1758762194.1248243
-0.15,-0.08,-1.26,1758762194.127272
-0.15,-0.07,-1.26,1758762194.1312895
-0.15,-0.07,-1.26,1758762194.1349032
-0.15,-0.07,-1.26,1758762194.1391072
-0.16,-0.07,-1.26,1758762194.1428728
-0.16,-0.06,-1.26,1758762194.1484306
-0.17,-0.06,-1.26,1758762194.1565142
-0.17,-0.06,-1.26,1758762194.16109
-0.17,-0.06,-1.26,1758762194.1651895
-0.16,-0.05,-1.26,1758762194.1680603
-0.16,-0.06,-1.26,1758762194.1716924
-0.16,-0.07,-1.26,1758762194.1753666
-0.16,-0.07,-1.26,1758762194.177795
-0.16,-0.07,-1.26,1758762194.180224
-0.16,-0.07,-1.26,1758762194.185011
-0.16,-0.08,-1.26,1758762194.1873572
-0.16,-0.07,-1.26,1758762194.1903164
-0.16,-0.07,-1.26,1758762194.193162
-0.16,-0.06,-1.26,1758762194.196076
-0.16,-0.07,-1.26,1758762194.1985495
-0.16,-0.06,-1.26,1758762194.2012825
-0.17,-0.06,-1.26,1758762194.2046416
-0.16,-0.06,-1.26,1758762194.209995
-0.16,-0.06,-1.26,1758762194.212432
-0.16,-0.06,-1.26,1758762194.2160046
-0.16,-0.05,-1.26,1758762194.2192712
-0.16,-0.06,-1.26,1758762194.2276938
-0.16,-0.07,-1.26,1758762194.2300377
-0.16,-0.07,-1.26,1758762194.2329865
-0.16,-0.06,-1.26,1758762194.236183
-0.15,-0.07,-1.26,1758762194.2395916
-0.15,-0.07,-1.26,1758762194.2430384
-0.16,-0.07,-1.26,1758762194.249055
-0.16,-0.07,-1.26,1758762194.2541163
-0.15,-0.07,-1.26,1758762194.2592828
-0.16,-0.07,-1.26,1758762194.2622766
-0.16,-0.08,-1.26,1758762194.266734
-0.15,-0.08,-1.25,1758762194.269148
-0.15,-0.08,-1.25,1758762194.2724822
-0.15,-0.08,-1.25,1758762194.279147
-0.15,-0.08,-1.25,1758762194.2848644
-0.14,-0.08,-1.25,1758762194.2916532
-0.14,-0.09,-1.25,1758762194.296462
-0.14,-0.08,-1.25,1758762194.3060846
-0.14,-0.08,-1.25,1758762194.310286
-0.14,-0.08,-1.25,1758762194.3134646
-0.14,-0.07,-1.25,1758762194.318134
-0.14,-0.08,-1.25,1758762194.3232543
-0.14,-0.08,-1.25,1758762194.3331962
-0.14,-0.08,-1.25,1758762194.3369875
-0.14,-0.08,-1.25,1758762194.3391387
-0.14,-0.09,-1.25,1758762194.3434565
-0.15,-0.09,-1.25,1758762194.3511305
-0.15,-0.09,-1.25,1758762194.354422
-0.15,-0.09,-1.25,1758762194.3582356
-0.15,-0.09,-1.25,1758762194.3632731
-0.15,-0.09,-1.25,1758762194.366995
-0.15,-0.09,-1.25,1758762194.3736284
-0.15,-0.09,-1.25,1758762194.3822362
-0.15,-0.09,-1.25,1758762194.4014487
-0.15,-0.09,-1.25,1758762194.4054742
-0.15,-0.09,-1.25,1758762194.4086466
-0.15,-0.08,-1.25,1758762194.412867
-0.14,-0.08,-1.25,1758762194.4172184
-0.14,-0.08,-1.25,1758762194.42119
-0.13,-0.09,-1.25,1758762194.4304354
-0.13,-0.08,-1.25,1758762194.4471102
-0.13,-0.09,-1.25,1758762194.4608488
-0.12,-0.09,-1.25,1758762194.4662714
-0.13,-0.09,-1.25,1758762194.4719598
-0.12,-0.09,-1.25,1758762194.4762328
-0.12,-0.1,-1.25,1758762194.4837685
-0.12,-0.1,-1.25,1758762194.4897666
-0.12,-0.09,-1.25,1758762194.4943173
-0.13,-0.09,-1.25,1758762194.501319
-0.13,-0.09,-1.25,1758762194.5057127
-0.13,-0.09,-1.25,1758762194.5128496
-0.12,-0.1,-1.25,1758762194.5162013
-0.13,-0.1,-1.25,1758762194.519736
-0.12,-0.09,-1.25,1758762194.5224009
-0.12,-0.1,-1.25,1758762194.525882
-0.13,-0.1,-1.25,1758762194.5291898
-0.12,-0.09,-1.25,1758762194.5315502
-0.12,-0.1,-1.25,1758762194.53471
-0.11,-0.09,-1.25,1758762194.5370777
-0.11,-0.09,-1.25,1758762194.5413046
-0.11,-0.09,-1.25,1758762194.546708
-0.12,-0.09,-1.25,1758762194.5517163
-0.11,-0.09,-1.25,1758762194.555627
-0.11,-0.09,-1.25,1758762194.5598524
-0.11,-0.1,-1.25,1758762194.5640426
-0.11,-0.1,-1.25,1758762194.5705888
-0.11,-0.09,-1.25,1758762194.578272
-0.11,-0.1,-1.25,1758762194.5823574
-0.11,-0.1,-1.25,1758762194.5869377
-0.11,-0.1,-1.25,1758762194.590003
-0.11,-0.1,-1.25,1758762194.5937226
-0.1,-0.11,-1.25,1758762194.596784
-0.1,-0.1,-1.25,1758762194.6002357
-0.1,-0.1,-1.25,1758762194.602339
-0.1,-0.1,-1.25,1758762194.6050384
-0.11,-0.09,-1.25,1758762194.6083758
-0.11,-0.09,-1.25,1758762194.6109738
-0.1,-0.09,-1.26,1758762194.613278
-0.1,-0.1,-1.25,1758762194.616073
-0.1,-0.1,-1.25,1758762194.6183453
-0.1,-0.1,-1.25,1758762194.6211672
-0.1,-0.1,-1.25,1758762194.6238267
-0.11,-0.1,-1.25,1758762194.627143
-0.11,-0.1,-1.25,1758762194.630082
-0.1,-0.1,-1.26,1758762194.636674
-0.1,-0.09,-1.26,1758762194.641263
-0.1,-0.1,-1.26,1758762194.6460466
-0.1,-0.09,-1.26,1758762194.6527295
-0.11,-0.1,-1.26,1758762194.65527
-0.11,-0.1,-1.26,1758762194.658484
-0.11,-0.1,-1.26,1758762194.6612568
-0.11,-0.1,-1.26,1758762194.6657286
-0.11,-0.1,-1.26,1758762194.6696446
-0.11,-0.09,-1.26,1758762194.6715918
-0.11,-0.1,-1.26,1758762194.6756115
-0.11,-0.1,-1.26,1758762194.6782005
-0.11,-0.1,-1.26,1758762194.683128
-0.11,-0.1,-1.26,1758762194.6865354
-0.11,-0.09,-1.26,1758762194.69019
-0.12,-0.1,-1.26,1758762194.6928716
-0.12,-0.11,-1.25,1758762194.6958177
-0.12,-0.11,-1.25,1758762194.6987436
-0.12,-0.11,-1.25,1758762194.7015312
-0.12,-0.11,-1.25,1758762194.7036226
-0.12,-0.12,-1.25,1758762194.705737
-0.12,-0.11,-1.25,1758762194.7094584
-0.12,-0.11,-1.25,1758762194.711638
-0.12,-0.11,-1.25,1758762194.7138107
-0.12,-0.11,-1.25,1758762194.717442
-0.12,-0.11,-1.25,1758762194.719661
-0.12,-0.11,-1.25,1758762194.722568
-0.12,-0.11,-1.25,1758762194.7264931
-0.12,-0.1,-1.26,1758762194.7317102
-0.12,-0.11,-1.25,1758762194.7372434
-0.12,-0.11,-1.25,1758762194.7396092
-0.11,-0.11,-1.25,1758762194.7435305
-0.12,-0.11,-1.25,1758762194.7466712
-0.12,-0.11,-1.25,1758762194.749848
-0.11,-0.1,-1.25,1758762194.7536008
-0.12,-0.11,-1.25,1758762194.7578602
-0.12,-0.1,-1.26,1758762194.7605531
-0.12,-0.1,-1.26,1758762194.7649007
-0.12,-0.1,-1.25,1758762194.7675145
-0.12,-0.1,-1.25,1758762194.769952
-0.12,-0.1,-1.25,1758762194.7724824
-0.12,-0.1,-1.26,1758762194.775229
-0.12,-0.1,-1.25,1758762194.780852
-0.13,-0.1,-1.26,1758762194.7834086
-0.12,-0.1,-1.25,1758762194.7855246
-0.12,-0.1,-1.25,1758762194.7880428
-0.13,-0.1,-1.25,1758762194.790137
-0.12,-0.11,-1.25,1758762194.7924669
-0.13,-0.11,-1.25,1758762194.7948544
-0.13,-0.11,-1.25,1758762194.797675
-0.13,-0.12,-1.25,1758762194.8006268
-0.12,-0.12,-1.25,1758762194.803762
-0.12,-0.12,-1.25,1758762194.8071084
-0.13,-0.12,-1.25,1758762194.8112051
-0.13,-0.12,-1.25,1758762194.814571
-0.14,-0.12,-1.25,1758762194.818563
-0.13,-0.12,-1.25,1758762194.8228295
-0.13,-0.12,-1.25,1758762194.8268683
-0.12,-0.13,-1.25,1758762194.834309
-0.13,-0.13,-1.25,1758762194.8370848
-0.13,-0.13,-1.25,1758762194.84104
-0.13,-0.13,-1.25,1758762194.8447597
-0.13,-0.12,-1.25,1758762194.848137
-0.13,-0.13,-1.25,1758762194.8506815
-0.13,-0.13,-1.25,1758762194.8538322
-0.13,-0.12,-1.25,1758762194.8563097
-0.13,-0.12,-1.25,1758762194.8602216
-0.13,-0.11,-1.25,1758762194.8633008
-0.12,-0.1,-1.25,1758762194.866658
-0.13,-0.1,-1.25,1758762194.8696172
-0.12,-0.11,-1.25,1758762194.8729706
-0.12,-0.1,-1.25,1758762194.8775303
-0.12,-0.1,-1.25,1758762194.880748
-0.12,-0.11,-1.25,1758762194.8851683
-0.12,-0.1,-1.25,1758762194.8909638
-0.12,-0.11,-1.25,1758762194.8954897
-0.12,-0.11,-1.25,1758762194.899613
-0.11,-0.11,-1.25,1758762194.9021175
-0.11,-0.11,-1.25,1758762194.904617
-0.11,-0.11,-1.25,1758762194.908973
-0.11,-0.1,-1.25,1758762194.9117048
-0.1,-0.11,-1.25,1758762194.9167454
-0.1,-0.1,-1.25,1758762194.9198732
-0.09,-0.1,-1.25,1758762194.9236162
-0.09,-0.1,-1.25,1758762194.926128
-0.09,-0.1,-1.25,1758762194.9300654
-0.09,-0.1,-1.25,1758762194.934041
-0.1,-0.1,-1.25,1758762194.93654
-0.1,-0.1,-1.25,1758762194.9393623
-0.1,-0.09,-1.25,1758762194.9434235
-0.09,-0.09,-1.25,1758762194.946062
-0.1,-0.09,-1.25,1758762194.9497814
-0.09,-0.09,-1.25,1758762194.9538746
-0.09,-0.1,-1.25,1758762194.956787
-0.09,-0.09,-1.24,1758762194.9598818
-0.1,-0.1,-1.24,1758762194.9662044
-0.1,-0.1,-1.24,1758762194.968938
-0.1,-0.09,-1.24,1758762194.9739978
-0.11,-0.09,-1.24,1758762194.9779596
-0.1,-0.09,-1.24,1758762194.981506
-0.1,-0.1,-1.24,1758762194.9859574
-0.1,-0.1,-1.24,1758762194.9903538
-0.1,-0.1,-1.24,1758762194.994316
-0.1,-0.1,-1.24,1758762194.998286
-0.1,-0.1,-1.24,1758762195.0019894
-0.11,-0.1,-1.24,1758762195.00723
-0.11,-0.1,-1.24,1758762195.011701
-0.11,-0.11,-1.24,1758762195.0160751
-0.11,-0.11,-1.24,1758762195.0197186
-0.11,-0.11,-1.24,1758762195.0252943
-0.12,-0.1,-1.24,1758762195.0298123
-0.12,-0.1,-1.24,1758762195.0343635
-0.12,-0.1,-1.24,1758762195.038473
-0.12,-0.1,-1.24,1758762195.0437994
-0.12,-0.1,-1.24,1758762195.048597
-0.12,-0.1,-1.24,1758762195.0538485
-0.12,-0.09,-1.24,1758762195.0583751
-0.12,-0.1,-1.24,1758762195.065438
-0.12,-0.1,-1.24,1758762195.078217
-0.11,-0.1,-1.24,1758762195.0867386
-0.11,-0.11,-1.23,1758762195.0928545
-0.12,-0.1,-1.24,1758762195.097724
-0.11,-0.1,-1.23,1758762195.1027367
-0.11,-0.1,-1.23,1758762195.1058712
-0.11,-0.09,-1.23,1758762195.1137078
-0.11,-0.09,-1.23,1758762195.1182058
-0.11,-0.09,-1.23,1758762195.1261146
-0.11,-0.09,-1.23,1758762195.1305747
-0.11,-0.08,-1.23,1758762195.1336358
-0.11,-0.08,-1.23,1758762195.1377487
-0.1,-0.08,-1.23,1758762195.141481
-0.11,-0.08,-1.23,1758762195.1471326
-0.11,-0.08,-1.23,1758762195.150699
-0.11,-0.08,-1.23,1758762195.1555336
-0.11,-0.08,-1.23,1758762195.1604953
-0.12,-0.08,-1.23,1758762195.1730733
-0.11,-0.09,-1.23,1758762195.1849768
-0.12,-0.09,-1.23,1758762195.1895006
-0.12,-0.09,-1.23,1758762195.192734
-0.11,-0.09,-1.23,1758762195.200384
-0.12,-0.1,-1.23,1758762195.2075465
-0.12,-0.1,-1.23,1758762195.2120588
-0.12,-0.1,-1.23,1758762195.2192771
-0.12,-0.1,-1.23,1758762195.2259088
-0.12,-0.1,-1.23,1758762195.2410796
-0.12,-0.1,-1.23,1758762195.2445395
-0.13,-0.1,-1.23,1758762195.2480547
-0.12,-0.1,-1.23,1758762195.251277
-0.13,-0.1,-1.23,1758762195.253235
-0.13,-0.11,-1.23,1758762195.2549746
-0.13,-0.1,-1.23,1758762195.2571435
-0.13,-0.1,-1.23,1758762195.2590525
-0.13,-0.11,-1.23,1758762195.261094
-0.13,-0.11,-1.23,1758762195.2643378
-0.13,-0.11,-1.23,1758762195.266333
-0.13,-0.11,-1.23,1758762195.268177
-0.13,-0.1,-1.23,1758762195.2716055
-0.13,-0.11,-1.23,1758762195.2738533
-0.13,-0.11,-1.23,1758762195.2763891
-0.14,-0.11,-1.23,1758762195.27826
-0.13,-0.1,-1.23,1758762195.2800093
-0.14,-0.1,-1.23,1758762195.283419
-0.14,-0.1,-1.23,1758762195.2866323
-0.14,-0.1,-1.23,1758762195.29136
-0.14,-0.1,-1.23,1758762195.2953238
-0.14,-0.1,-1.23,1758762195.2979949
-0.14,-0.09,-1.23,1758762195.3029325
-0.14,-0.09,-1.23,1758762195.3069017
-0.14,-0.1,-1.23,1758762195.31224
-0.15,-0.1,-1.23,1758762195.31816
-0.15,-0.11,-1.23,1758762195.3235695
-0.15,-0.1,-1.23,1758762195.3297577
-0.15,-0.1,-1.23,1758762195.3362925
-0.15,-0.1,-1.23,1758762195.3395553
-0.15,-0.1,-1.23,1758762195.344448
-0.15,-0.1,-1.23,1758762195.34805
-0.15,-0.09,-1.23,1758762195.3539786
-0.15,-0.1,-1.23,1758762195.3610897
-0.15,-0.09,-1.23,1758762195.3695557
-0.16,-0.09,-1.23,1758762195.3737216
-0.16,-0.1,-1.23,1758762195.375709
-0.16,-0.1,-1.23,1758762195.377767
-0.16,-0.1,-1.23,1758762195.3795912
-0.17,-0.1,-1.23,1758762195.3816009
-0.17,-0.11,-1.23,1758762195.385259
-0.16,-0.1,-1.24,1758762195.3907244
-0.16,-0.1,-1.24,1758762195.3941083
-0.16,-0.11,-1.24,1758762195.3968942
-0.16,-0.11,-1.24,1758762195.401136
-0.16,-0.11,-1.24,1758762195.4071298
-0.16,-0.11,-1.24,1758762195.4120152
-0.16,-0.11,-1.24,1758762195.4150016
-0.16,-0.11,-1.24,1758762195.4176326
-0.16,-0.11,-1.24,1758762195.422263
-0.16,-0.11,-1.24,1758762195.4250925
-0.16,-0.11,-1.24,1758762195.4297931
-0.16,-0.11,-1.24,1758762195.433903
-0.16,-0.11,-1.24,1758762195.4400337
-0.16,-0.1,-1.24,1758762195.4453504
-0.15,-0.11,-1.24,1758762195.4505546
-0.15,-0.11,-1.24,1758762195.455325
-0.15,-0.11,-1.24,1758762195.4602654
-0.16,-0.11,-1.24,1758762195.4654508
-0.15,-0.11,-1.25,1758762195.471908
-0.16,-0.11,-1.25,1758762195.4775655
-0.15,-0.11,-1.25,1758762195.4824336
-0.15,-0.1,-1.25,1758762195.4889803
-0.16,-0.1,-1.25,1758762195.4930537
-0.16,-0.1,-1.25,1758762195.4954526
-0.16,-0.1,-1.25,1758762195.4994469
-0.16,-0.1,-1.25,1758762195.501848
-0.16,-0.09,-1.25,1758762195.5073247
-0.16,-0.09,-1.25,1758762195.512322
-0.16,-0.09,-1.25,1758762195.5169797
-0.16,-0.09,-1.26,1758762195.519355
-0.16,-0.09,-1.26,1758762195.5233912
-0.16,-0.09,-1.26,1758762195.526469
-0.16,-0.09,-1.26,1758762195.5281117
-0.15,-0.1,-1.26,1758762195.5301864
-0.15,-0.1,-1.26,1758762195.5341206
-0.15,-0.1,-1.26,1758762195.5368726
-0.16,-0.1,-1.26,1758762195.53887
-0.15,-0.1,-1.26,1758762195.5415275
-0.16,-0.1,-1.26,1758762195.5442612
-0.16,-0.1,-1.26,1758762195.5475628
-0.16,-0.09,-1.26,1758762195.5505304
-0.16,-0.09,-1.26,1758762195.5539637
-0.16,-0.1,-1.26,1758762195.5610757
-0.16,-0.1,-1.26,1758762195.564593
-0.16,-0.11,-1.26,1758762195.5684772
-0.16,-0.1,-1.26,1758762195.571591
-0.16,-0.1,-1.27,1758762195.573978
-0.15,-0.1,-1.27,1758762195.576717
-0.15,-0.1,-1.27,1758762195.5792165
-0.15,-0.1,-1.27,1758762195.581689
-0.15,-0.1,-1.27,1758762195.584659
-0.15,-0.1,-1.27,1758762195.5883777
-0.15,-0.1,-1.27,1758762195.591679
-0.14,-0.1,-1.27,1758762195.5949786
-0.14,-0.1,-1.27,1758762195.6024432
-0.14,-0.1,-1.27,1758762195.6056156
-0.14,-0.1,-1.27,1758762195.61069
-0.14,-0.11,-1.27,1758762195.614571
-0.14,-0.11,-1.27,1758762195.619944
-0.14,-0.12,-1.27,1758762195.6238656
-0.14,-0.12,-1.27,1758762195.626628
-0.14,-0.12,-1.27,1758762195.6303592
-0.13,-0.11,-1.27,1758762195.6354797
-0.14,-0.11,-1.27,1758762195.6433938
-0.14,-0.1,-1.27,1758762195.648919
-0.14,-0.1,-1.27,1758762195.656917
-0.14,-0.09,-1.27,1758762195.660533
-0.14,-0.09,-1.28,1758762195.6658154
-0.14,-0.1,-1.27,1758762195.6721754
-0.14,-0.1,-1.27,1758762195.6765294
-0.14,-0.1,-1.27,1758762195.6849873
-0.15,-0.1,-1.27,1758762195.689778
-0.15,-0.1,-1.27,1758762195.6978953
-0.15,-0.1,-1.27,1758762195.7040696
-0.15,-0.1,-1.28,1758762195.7086794
-0.15,-0.1,-1.28,1758762195.716228
-0.16,-0.1,-1.27,1758762195.722833
-0.15,-0.1,-1.28,1758762195.727816
-0.15,-0.11,-1.27,1758762195.732088
-0.14,-0.11,-1.27,1758762195.735412
-0.14,-0.12,-1.27,1758762195.7372556
-0.14,-0.12,-1.27,1758762195.739435
-0.14,-0.12,-1.27,1758762195.741109
-0.14,-0.12,-1.27,1758762195.7466588
-0.15,-0.12,-1.27,1758762195.7491596
-0.14,-0.12,-1.27,1758762195.7566364
-0.14,-0.13,-1.27,1758762195.7616403
-0.14,-0.12,-1.27,1758762195.765928
-0.15,-0.12,-1.27,1758762195.77059
-0.16,-0.12,-1.27,1758762195.7801418
-0.15,-0.12,-1.27,1758762195.788577
-0.15,-0.12,-1.27,1758762195.7940023
-0.16,-0.12,-1.27,1758762195.80029
-0.15,-0.12,-1.27,1758762195.8048756
-0.15,-0.13,-1.27,1758762195.8070934
-0.15,-0.13,-1.27,1758762195.8122592
-0.14,-0.14,-1.27,1758762195.8188453
-0.14,-0.13,-1.27,1758762195.8240654
-0.15,-0.13,-1.27,1758762195.829115
-0.15,-0.13,-1.27,1758762195.8341978
-0.15,-0.13,-1.27,1758762195.8387716
-0.15,-0.12,-1.27,1758762195.843562
-0.15,-0.13,-1.27,1758762195.8470323
-0.15,-0.13,-1.27,1758762195.8501768
-0.15,-0.13,-1.27,1758762195.852863
-0.15,-0.12,-1.27,1758762195.8567684
-0.15,-0.12,-1.27,1758762195.8608327
-0.14,-0.12,-1.27,1758762195.8654368
-0.14,-0.12,-1.27,1758762195.870614
-0.14,-0.12,-1.27,1758762195.8749287
-0.14,-0.12,-1.27,1758762195.8827467
-0.14,-0.13,-1.27,1758762195.8911617
-0.14,-0.13,-1.27,1758762195.9032598
-0.14,-0.13,-1.27,1758762195.9106247
-0.14,-0.13,-1.27,1758762195.9137297
-0.14,-0.13,-1.27,1758762195.9253166
-0.14,-0.12,-1.27,1758762195.928803
-0.14,-0.12,-1.27,1758762195.933097
-0.14,-0.12,-1.27,1758762195.9380822
-0.14,-0.12,-1.27,1758762195.9416485
-0.14,-0.12,-1.27,1758762195.948279
-0.14,-0.12,-1.27,1758762195.9534762
-0.14,-0.13,-1.26,1758762195.9574864
-0.14,-0.13,-1.26,1758762195.9668005
-0.14,-0.13,-1.26,1758762195.9743984
-0.14,-0.14,-1.26,1758762195.978524
-0.14,-0.13,-1.26,1758762195.9855926
-0.14,-0.13,-1.26,1758762195.9939024
-0.14,-0.13,-1.26,1758762196.0000296
-0.14,-0.13,-1.26,1758762196.0032768
-0.13,-0.13,-1.26,1758762196.0071862
-0.13,-0.13,-1.26,1758762196.011921
-0.13,-0.12,-1.26,1758762196.017371
-0.14,-0.12,-1.26,1758762196.021289
-0.14,-0.12,-1.26,1758762196.027403
-0.14,-0.12,-1.26,1758762196.0332935
-0.14,-0.13,-1.26,1758762196.0398006
-0.14,-0.13,-1.26,1758762196.0491073
-0.13,-0.12,-1.26,1758762196.0566573
-0.14,-0.12,-1.26,1758762196.0617268
-0.14,-0.11,-1.26,1758762196.067979
-0.13,-0.11,-1.26,1758762196.071748
-0.14,-0.11,-1.26,1758762196.0815644
-0.14,-0.11,-1.26,1758762196.0897956
-0.13,-0.1,-1.26,1758762196.0950065
-0.14,-0.1,-1.26,1758762196.103417
-0.14,-0.1,-1.26,1758762196.1077876
-0.14,-0.11,-1.25,1758762196.11225
-0.14,-0.11,-1.25,1758762196.1198647
-0.14,-0.11,-1.25,1758762196.1279962
-0.13,-0.11,-1.25,1758762196.1329153
-0.13,-0.11,-1.25,1758762196.1365268
-0.13,-0.1,-1.25,1758762196.1399994
-0.13,-0.1,-1.25,1758762196.1424503
-0.12,-0.1,-1.25,1758762196.1484668
-0.12,-0.09,-1.25,1758762196.1506722
-0.12,-0.09,-1.25,1758762196.1531837
-0.12,-0.09,-1.25,1758762196.155727
-0.12,-0.09,-1.25,1758762196.1580868
-0.13,-0.09,-1.25,1758762196.16038
-0.12,-0.09,-1.25,1758762196.1629653
-0.13,-0.1,-1.25,1758762196.1662955
-0.13,-0.1,-1.25,1758762196.1683488
-0.12,-0.09,-1.25,1758762196.1708193
-0.12,-0.09,-1.25,1758762196.173956
-0.12,-0.1,-1.24,1758762196.1759708
-0.12,-0.1,-1.24,1758762196.178713
-0.12,-0.1,-1.24,1758762196.1839418
-0.12,-0.11,-1.24,1758762196.1861224
-0.12,-0.11,-1.24,1758762196.188433
-0.12,-0.11,-1.24,1758762196.1910388
-0.11,-0.11,-1.24,1758762196.193481
-0.12,-0.11,-1.24,1758762196.196459
-0.12,-0.11,-1.24,1758762196.1988225
-0.12,-0.11,-1.24,1758762196.200889
-0.11,-0.11,-1.24,1758762196.2032645
-0.11,-0.11,-1.24,1758762196.2055469
-0.12,-0.11,-1.24,1758762196.2080162
-0.12,-0.12,-1.24,1758762196.210652
-0.11,-0.12,-1.24,1758762196.2134666
-0.11,-0.12,-1.23,1758762196.215454
-0.11,-0.12,-1.23,1758762196.2198048
-0.11,-0.12,-1.23,1758762196.2223418
-0.11,-0.13,-1.23,1758762196.226534
-0.11,-0.13,-1.23,1758762196.2311676
-0.11,-0.12,-1.23,1758762196.2334754
-0.11,-0.13,-1.23,1758762196.2360556
-0.11,-0.12,-1.23,1758762196.2394564
-0.1,-0.12,-1.23,1758762196.2468388
-0.11,-0.13,-1.23,1758762196.2553604
-0.11,-0.13,-1.23,1758762196.2613606
-0.11,-0.12,-1.23,1758762196.266513
-0.11,-0.13,-1.23,1758762196.272255
-0.11,-0.13,-1.23,1758762196.2758408
-0.11,-0.13,-1.23,1758762196.2797632
-0.11,-0.13,-1.23,1758762196.283748
-0.11,-0.14,-1.23,1758762196.2878897
-0.12,-0.14,-1.23,1758762196.2937176
-0.11,-0.14,-1.23,1758762196.2987642
-0.11,-0.14,-1.23,1758762196.3090434
-0.11,-0.14,-1.23,1758762196.3131063
-0.11,-0.14,-1.23,1758762196.3162324
-0.11,-0.14,-1.23,1758762196.3202257
-0.11,-0.14,-1.23,1758762196.3228483
-0.11,-0.15,-1.22,1758762196.3255334
-0.11,-0.15,-1.22,1758762196.328575
-0.11,-0.15,-1.22,1758762196.3307152
-0.11,-0.15,-1.22,1758762196.333261
-0.12,-0.15,-1.22,1758762196.335822
-0.12,-0.15,-1.22,1758762196.3377728
-0.12,-0.15,-1.22,1758762196.3404195
-0.11,-0.15,-1.22,1758762196.344803
-0.12,-0.15,-1.22,1758762196.3486826
-0.12,-0.15,-1.22,1758762196.3507257
-0.12,-0.15,-1.22,1758762196.3559382
-0.12,-0.15,-1.22,1758762196.3633385
-0.12,-0.15,-1.22,1758762196.3663063
-0.12,-0.16,-1.22,1758762196.3710277
-0.12,-0.16,-1.22,1758762196.375934
-0.12,-0.16,-1.22,1758762196.384606
-0.12,-0.16,-1.22,1758762196.3878732
-0.12,-0.16,-1.22,1758762196.3922474
-0.12,-0.17,-1.22,1758762196.3956869
-0.12,-0.17,-1.22,1758762196.3982449
-0.12,-0.16,-1.22,1758762196.40096
-0.12,-0.17,-1.22,1758762196.4035566
-0.11,-0.17,-1.22,1758762196.4082706
-0.11,-0.17,-1.22,1758762196.4122765
-0.11,-0.17,-1.22,1758762196.4168396
-0.11,-0.16,-1.22,1758762196.421043
-0.11,-0.17,-1.22,1758762196.425335
-0.12,-0.17,-1.22,1758762196.430412
-0.12,-0.17,-1.22,1758762196.435319
-0.12,-0.17,-1.22,1758762196.4411042
-0.12,-0.17,-1.22,1758762196.4497323
-0.13,-0.17,-1.22,1758762196.4549863
-0.12,-0.17,-1.22,1758762196.4599292
-0.13,-0.17,-1.22,1758762196.464045
-0.13,-0.17,-1.22,1758762196.469205
-0.13,-0.17,-1.22,1758762196.472146
-0.14,-0.18,-1.22,1758762196.476339
-0.14,-0.18,-1.22,1758762196.479782
-0.14,-0.18,-1.22,1758762196.482802
-0.14,-0.18,-1.22,1758762196.4862776
-0.15,-0.18,-1.22,1758762196.4897351
-0.15,-0.17,-1.22,1758762196.49199
-0.14,-0.18,-1.22,1758762196.495307
-0.14,-0.18,-1.22,1758762196.4993677
-0.14,-0.18,-1.22,1758762196.5069616
-0.15,-0.17,-1.22,1758762196.5111375
-0.15,-0.17,-1.22,1758762196.514697
-0.15,-0.16,-1.23,1758762196.5184772
-0.15,-0.16,-1.23,1758762196.5216308
-0.15,-0.16,-1.23,1758762196.5253425
-0.15,-0.16,-1.23,1758762196.5287278
-0.15,-0.15,-1.23,1758762196.534048
-0.15,-0.15,-1.23,1758762196.537941
-0.15,-0.14,-1.23,1758762196.5445113
-0.15,-0.15,-1.23,1758762196.551474
-0.15,-0.16,-1.23,1758762196.557911
-0.14,-0.16,-1.23,1758762196.564847
-0.14,-0.16,-1.23,1758762196.5697534
-0.14,-0.16,-1.23,1758762196.575354
-0.14,-0.17,-1.23,1758762196.5797446
-0.14,-0.17,-1.23,1758762196.5835097
-0.14,-0.16,-1.23,1758762196.5869966
-0.14,-0.16,-1.24,1758762196.58964
-0.14,-0.15,-1.24,1758762196.5923252
-0.15,-0.14,-1.24,1758762196.595396
-0.15,-0.15,-1.24,1758762196.5982082
-0.15,-0.14,-1.24,1758762196.6011217
-0.15,-0.14,-1.24,1758762196.6137342
-0.15,-0.14,-1.24,1758762196.6175716
-0.15,-0.14,-1.24,1758762196.6219249
-0.15,-0.13,-1.24,1758762196.6341298
-0.15,-0.13,-1.25,1758762196.6416202
-0.15,-0.14,-1.25,1758762196.6480489
-0.15,-0.14,-1.25,1758762196.6566162
-0.15,-0.15,-1.25,1758762196.6638312
-0.14,-0.15,-1.25,1758762196.6838894
-0.15,-0.14,-1.25,1758762196.6978717
-0.15,-0.14,-1.25,1758762196.7074814
-0.15,-0.14,-1.25,1758762196.7142963
-0.15,-0.14,-1.25,1758762196.7196486
-0.15,-0.13,-1.25,1758762196.7238822
-0.15,-0.13,-1.25,1758762196.7268062
-0.15,-0.13,-1.25,1758762196.7303512
-0.15,-0.12,-1.26,1758762196.734109
-0.15,-0.12,-1.26,1758762196.7366295
-0.15,-0.11,-1.26,1758762196.7395332
-0.16,-0.11,-1.26,1758762196.7431962
-0.16,-0.11,-1.26,1758762196.7465918
-0.16,-0.1,-1.26,1758762196.7506945
-0.16,-0.1,-1.26,1758762196.7536895
-0.16,-0.1,-1.26,1758762196.7561586
-0.16,-0.1,-1.26,1758762196.7588348
-0.16,-0.1,-1.26,1758762196.7612314
-0.16,-0.1,-1.27,1758762196.7676303
-0.16,-0.1,-1.27,1758762196.774234
-0.16,-0.09,-1.27,1758762196.7778368
-0.16,-0.1,-1.27,1758762196.7835584
-0.16,-0.1,-1.27,1758762196.7879064
-0.17,-0.1,-1.27,1758762196.793182
-0.17,-0.09,-1.27,1758762196.796522
-0.17,-0.09,-1.27,1758762196.8005705
-0.17,-0.09,-1.27,1758762196.8055525
-0.17,-0.09,-1.27,1758762196.809942
-0.17,-0.09,-1.27,1758762196.8166337
-0.17,-0.08,-1.27,1758762196.820686
-0.18,-0.09,-1.27,1758762196.8262594
-0.17,-0.08,-1.27,1758762196.8301866
-0.17,-0.08,-1.27,1758762196.8349636
-0.17,-0.08,-1.28,1758762196.838665
-0.17,-0.08,-1.28,1758762196.8427114
-0.17,-0.08,-1.28,1758762196.8483536
-0.17,-0.07,-1.28,1758762196.851607
-0.17,-0.07,-1.28,1758762196.856211
-0.17,-0.07,-1.28,1758762196.8589814
-0.16,-0.07,-1.28,1758762196.8623948
-0.16,-0.07,-1.28,1758762196.8663218
-0.15,-0.07,-1.28,1758762196.8693976
-0.16,-0.06,-1.28,1758762196.873633
-0.16,-0.07,-1.28,1758762196.8762493
-0.16,-0.07,-1.28,1758762196.8792489
-0.16,-0.06,-1.28,1758762196.8833034
-0.16,-0.07,-1.28,1758762196.8862703
-0.16,-0.07,-1.28,1758762196.889152
-0.16,-0.07,-1.28,1758762196.89236
-0.17,-0.07,-1.28,1758762196.895869
-0.16,-0.07,-1.28,1758762196.899582
-0.16,-0.07,-1.28,1758762196.9032755
-0.16,-0.06,-1.28,1758762196.9080236
-0.15,-0.06,-1.28,1758762196.9102416
-0.16,-0.06,-1.28,1758762196.9120903
-0.16,-0.07,-1.28,1758762196.9152577
-0.16,-0.07,-1.28,1758762196.9171295
-0.16,-0.07,-1.28,1758762196.919995
-0.16,-0.07,-1.28,1758762196.9219408
-0.16,-0.08,-1.28,1758762196.924899
-0.16,-0.07,-1.28,1758762196.927194
-0.16,-0.07,-1.28,1758762196.9292102
-0.16,-0.07,-1.28,1758762196.9309523
-0.16,-0.07,-1.29,1758762196.935704
-0.16,-0.07,-1.28,1758762196.9384427
-0.17,-0.07,-1.28,1758762196.9413004
-0.16,-0.08,-1.28,1758762196.9440527
-0.17,-0.07,-1.28,1758762196.9466722
-0.17,-0.07,-1.28,1758762196.949361
-0.17,-0.07,-1.29,1758762196.9534116
-0.17,-0.06,-1.29,1758762196.9563966
-0.16,-0.05,-1.29,1758762196.958651
-0.17,-0.05,-1.29,1758762196.9610753
-0.17,-0.05,-1.29,1758762196.9639268
-0.17,-0.06,-1.29,1758762196.9680183
-0.17,-0.06,-1.29,1758762196.9702857
-0.18,-0.06,-1.29,1758762196.9728951
-0.17,-0.06,-1.29,1758762196.9750645
-0.17,-0.06,-1.29,1758762196.977801
-0.16,-0.05,-1.29,1758762196.9797864
-0.16,-0.05,-1.29,1758762196.9820004
-0.16,-0.05,-1.29,1758762196.9845734
-0.16,-0.06,-1.29,1758762196.9865265
-0.16,-0.06,-1.29,1758762196.98868
-0.15,-0.06,-1.29,1758762196.991713
-0.15,-0.06,-1.29,1758762196.9943955
-0.16,-0.07,-1.28,1758762196.9967768
-0.15,-0.07,-1.28,1758762196.999197
-0.16,-0.08,-1.28,1758762197.002098
-0.16,-0.08,-1.28,1758762197.004435
-0.16,-0.07,-1.28,1758762197.0066855
-0.16,-0.07,-1.28,1758762197.0089056
-0.17,-0.07,-1.28,1758762197.0107243
-0.17,-0.07,-1.28,1758762197.0130663
-0.17,-0.06,-1.28,1758762197.0149314
-0.18,-0.06,-1.28,1758762197.0170023
-0.18,-0.06,-1.28,1758762197.019065
-0.18,-0.06,-1.28,1758762197.0211785
-0.18,-0.05,-1.29,1758762197.0233877
-0.18,-0.05,-1.29,1758762197.027772
-0.17,-0.05,-1.29,1758762197.0314476
-0.18,-0.05,-1.29,1758762197.0352163
-0.18,-0.05,-1.29,1758762197.0381546
-0.17,-0.04,-1.29,1758762197.0416455
-0.17,-0.04,-1.29,1758762197.0447516
-0.17,-0.03,-1.29,1758762197.0474284
-0.16,-0.04,-1.29,1758762197.0504177
-0.16,-0.04,-1.29,1758762197.0528204
-0.16,-0.04,-1.28,1758762197.0549452
-0.16,-0.03,-1.29,1758762197.0577347
-0.16,-0.03,-1.29,1758762197.0608954
-0.16,-0.03,-1.29,1758762197.0633426
-0.16,-0.03,-1.28,1758762197.0653856
-0.16,-0.03,-1.29,1758762197.06717
-0.15,-0.03,-1.28,1758762197.069303
-0.15,-0.04,-1.28,1758762197.071179
-0.14,-0.03,-1.28,1758762197.0731156
-0.14,-0.03,-1.28,1758762197.0750666
-0.14,-0.03,-1.28,1758762197.0772393
-0.14,-0.03,-1.28,1758762197.079103
-0.15,-0.03,-1.28,1758762197.0811825
-0.15,-0.03,-1.28,1758762197.0832107
-0.14,-0.03,-1.28,1758762197.0851264
-0.14,-0.02,-1.28,1758762197.087304
-0.14,-0.02,-1.28,1758762197.089521
-0.14,-0.02,-1.28,1758762197.0915504
-0.14,-0.02,-1.28,1758762197.09391
-0.14,-0.01,-1.28,1758762197.0958102
-0.14,-0.02,-1.28,1758762197.0987892
-0.15,-0.02,-1.28,1758762197.1010106
-0.14,-0.02,-1.28,1758762197.10381
-0.15,-0.03,-1.28,1758762197.1066084
-0.15,-0.03,-1.28,1758762197.1089787
-0.15,-0.02,-1.28,1758762197.1111825
-0.15,-0.02,-1.28,1758762197.1139815
-0.15,-0.02,-1.28,1758762197.1166203
-0.15,-0.02,-1.28,1758762197.120298
-0.14,-0.02,-1.28,1758762197.1238225
-0.15,-0.02,-1.28,1758762197.1266558
-0.14,-0.03,-1.27,1758762197.129449
-0.15,-0.03,-1.27,1758762197.1323657
-0.16,-0.03,-1.27,1758762197.1364737
-0.15,-0.03,-1.27,1758762197.1396852
-0.16,-0.03,-1.27,1758762197.1429038
-0.15,-0.03,-1.27,1758762197.145808
-0.15,-0.03,-1.27,1758762197.1493409
-0.14,-0.03,-1.27,1758762197.1522186
-0.14,-0.03,-1.27,1758762197.155197
-0.14,-0.03,-1.27,1758762197.1580682
-0.14,-0.03,-1.27,1758762197.160942
-0.14,-0.03,-1.27,1758762197.1640613
-0.14,-0.02,-1.27,1758762197.1669612
-0.13,-0.03,-1.27,1758762197.1698084
-0.13,-0.03,-1.27,1758762197.1738024
-0.13,-0.02,-1.27,1758762197.177037
-0.12,-0.02,-1.27,1758762197.1802306
-0.12,-0.03,-1.27,1758762197.1831036
-0.12,-0.02,-1.27,1758762197.187089
-0.12,-0.02,-1.27,1758762197.1899557
-0.13,-0.02,-1.26,1758762197.1929684
-0.13,-0.03,-1.26,1758762197.195964
-0.12,-0.03,-1.26,1758762197.198803
-0.12,-0.03,-1.26,1758762197.2016711
-0.12,-0.03,-1.26,1758762197.2048526
-0.12,-0.03,-1.26,1758762197.2080362
-0.12,-0.04,-1.26,1758762197.2109244
-0.12,-0.04,-1.26,1758762197.2138057
-0.12,-0.04,-1.26,1758762197.216821
-0.12,-0.04,-1.26,1758762197.2197
-0.13,-0.04,-1.26,1758762197.222694
-0.12,-0.05,-1.26,1758762197.2256098
-0.12,-0.05,-1.25,1758762197.2285028
-0.12,-0.05,-1.25,1758762197.2313774
-0.12,-0.05,-1.25,1758762197.2347918
-0.12,-0.05,-1.25,1758762197.2385645
-0.13,-0.05,-1.25,1758762197.24138
-0.13,-0.04,-1.25,1758762197.2452147
-0.12,-0.04,-1.25,1758762197.2483573
-0.13,-0.05,-1.25,1758762197.250841
-0.13,-0.06,-1.25,1758762197.2533112
-0.13,-0.06,-1.25,1758762197.2565982
-0.13,-0.06,-1.25,1758762197.259725
-0.13,-0.06,-1.25,1758762197.2623277
-0.13,-0.06,-1.25,1758762197.265464
-0.12,-0.06,-1.25,1758762197.268321
-0.13,-0.06,-1.25,1758762197.2716277
-0.13,-0.06,-1.24,1758762197.274604
-0.12,-0.06,-1.24,1758762197.2784274
-0.13,-0.07,-1.24,1758762197.281384
-0.13,-0.07,-1.24,1758762197.2841172
-0.13,-0.07,-1.24,1758762197.2873952
-0.13,-0.08,-1.24,1758762197.2903824
-0.14,-0.08,-1.24,1758762197.293342
-0.14,-0.07,-1.24,1758762197.296862
-0.14,-0.08,-1.24,1758762197.2996056
-0.14,-0.07,-1.24,1758762197.3025978
-0.13,-0.07,-1.24,1758762197.3056047
-0.13,-0.07,-1.24,1758762197.3085637
-0.13,-0.07,-1.24,1758762197.3109512
-0.13,-0.07,-1.24,1758762197.3137708
-0.13,-0.06,-1.24,1758762197.3168669
-0.13,-0.06,-1.24,1758762197.3199592
-0.13,-0.06,-1.24,1758762197.3227117
-0.13,-0.06,-1.24,1758762197.3258464
-0.12,-0.06,-1.24,1758762197.3292356
-0.12,-0.06,-1.24,1758762197.3319771
-0.12,-0.06,-1.24,1758762197.335168
-0.11,-0.06,-1.24,1758762197.3380637
-0.12,-0.06,-1.24,1758762197.3413503
-0.12,-0.06,-1.24,1758762197.3439925
-0.11,-0.05,-1.24,1758762197.346995
-0.11,-0.05,-1.24,1758762197.349589
-0.11,-0.05,-1.23,1758762197.3529134
-0.11,-0.05,-1.23,1758762197.355938
-0.11,-0.05,-1.23,1758762197.3587918
-0.11,-0.05,-1.23,1758762197.361972
-0.11,-0.05,-1.23,1758762197.3645728
-0.11,-0.05,-1.23,1758762197.3676865
-0.1,-0.06,-1.23,1758762197.3701556
-0.11,-0.06,-1.23,1758762197.3736038
-0.11,-0.05,-1.23,1758762197.3760858
-0.11,-0.05,-1.23,1758762197.379138
-0.11,-0.05,-1.23,1758762197.3819292
-0.11,-0.05,-1.23,1758762197.3850126
-0.11,-0.04,-1.23,1758762197.3874586
-0.1,-0.05,-1.23,1758762197.3901627
-0.1,-0.05,-1.23,1758762197.3935485
-0.1,-0.04,-1.23,1758762197.3965564
-0.1,-0.04,-1.23,1758762197.3992474
-0.1,-0.05,-1.23,1758762197.401937
-0.1,-0.04,-1.23,1758762197.404643
-0.09,-0.04,-1.23,1758762197.407884
-0.09,-0.04,-1.23,1758762197.4108918
-0.09,-0.04,-1.23,1758762197.4142225
-0.08,-0.04,-1.23,1758762197.416677
-0.08,-0.04,-1.23,1758762197.419598
-0.09,-0.05,-1.23,1758762197.4221416
-0.09,-0.04,-1.23,1758762197.4247975
-0.08,-0.04,-1.23,1758762197.427443
-0.08,-0.05,-1.23,1758762197.429797
-0.08,-0.05,-1.23,1758762197.4327376
-0.08,-0.05,-1.23,1758762197.4350576
-0.08,-0.05,-1.23,1758762197.4378345
-0.08,-0.05,-1.23,1758762197.4404435
-0.08,-0.06,-1.23,1758762197.4428596
-0.08,-0.05,-1.23,1758762197.445156
-0.08,-0.05,-1.23,1758762197.448075
-0.08,-0.05,-1.23,1758762197.4506357
-0.08,-0.05,-1.23,1758762197.453079
-0.08,-0.05,-1.22,1758762197.4554486
-0.08,-0.05,-1.22,1758762197.4581814
-0.08,-0.05,-1.22,1758762197.460763
-0.08,-0.05,-1.22,1758762197.46334
-0.09,-0.05,-1.22,1758762197.4659326
-0.09,-0.05,-1.22,1758762197.4684746
-0.09,-0.05,-1.22,1758762197.4710023
-0.09,-0.05,-1.22,1758762197.4736514
-0.09,-0.06,-1.22,1758762197.4765446
-0.09,-0.06,-1.22,1758762197.479483
-0.08,-0.06,-1.22,1758762197.4818244
-0.08,-0.06,-1.22,1758762197.4849126
-0.08,-0.05,-1.22,1758762197.4873445
-0.09,-0.05,-1.22,1758762197.4903252
-0.09,-0.06,-1.22,1758762197.492626
-0.09,-0.05,-1.22,1758762197.4948893
-0.09,-0.05,-1.22,1758762197.497692
-0.08,-0.05,-1.22,1758762197.500424
-0.08,-0.04,-1.22,1758762197.5032313
-0.09,-0.04,-1.22,1758762197.5056524
-0.08,-0.05,-1.22,1758762197.5089824
-0.08,-0.05,-1.22,1758762197.5114045
-0.08,-0.05,-1.22,1758762197.5140295
-0.07,-0.05,-1.22,1758762197.5169013
-0.08,-0.05,-1.22,1758762197.5203178
-0.08,-0.05,-1.22,1758762197.5232396
-0.08,-0.06,-1.22,1758762197.5261688
-0.08,-0.06,-1.22,1758762197.528803
-0.08,-0.06,-1.22,1758762197.5320282
-0.08,-0.06,-1.22,1758762197.535236
-0.08,-0.06,-1.22,1758762197.5384817
-0.09,-0.07,-1.22,1758762197.540409
-0.1,-0.07,-1.22,1758762197.5422568
-0.1,-0.07,-1.22,1758762197.544808
-0.09,-0.07,-1.22,1758762197.5475082
-0.1,-0.07,-1.22,1758762197.5496197
-0.1,-0.07,-1.22,1758762197.5516927
-0.1,-0.07,-1.22,1758762197.5542262
-0.1,-0.07,-1.22,1758762197.5568392
-0.1,-0.08,-1.22,1758762197.5591724
-0.09,-0.08,-1.22,1758762197.5610857
-0.09,-0.08,-1.22,1758762197.562948
-0.1,-0.08,-1.22,1758762197.565143
-0.09,-0.08,-1.22,1758762197.5669205
-0.09,-0.08,-1.23,1758762197.5692377
-0.08,-0.08,-1.23,1758762197.571102
-0.08,-0.08,-1.23,1758762197.5734088
-0.09,-0.08,-1.23,1758762197.576126
-0.08,-0.08,-1.23,1758762197.5782402
-0.09,-0.08,-1.23,1758762197.5805223
-0.09,-0.07,-1.23,1758762197.582752
-0.09,-0.07,-1.23,1758762197.585125
-0.09,-0.07,-1.23,1758762197.587142
-0.09,-0.07,-1.23,1758762197.5893133
-0.09,-0.07,-1.23,1758762197.5915368
-0.09,-0.07,-1.23,1758762197.5941546
-0.09,-0.07,-1.23,1758762197.5987296
-0.09,-0.08,-1.23,1758762197.6020365
-0.09,-0.08,-1.23,1758762197.6056457
-0.08,-0.08,-1.23,1758762197.609088
-0.08,-0.08,-1.23,1758762197.6126256
-0.08,-0.07,-1.23,1758762197.6147532
-0.07,-0.07,-1.23,1758762197.6174035
-0.07,-0.07,-1.23,1758762197.620579
-0.07,-0.07,-1.23,1758762197.6235418
-0.07,-0.07,-1.24,1758762197.6259947
-0.07,-0.06,-1.24,1758762197.6283813
-0.08,-0.07,-1.24,1758762197.6315467
-0.08,-0.07,-1.24,1758762197.6344657
-0.08,-0.06,-1.24,1758762197.6374795
-0.08,-0.06,-1.24,1758762197.6402674
-0.08,-0.06,-1.24,1758762197.6430764
-0.08,-0.06,-1.24,1758762197.6463194
-0.08,-0.06,-1.24,1758762197.6495209
-0.08,-0.06,-1.24,1758762197.6524289
-0.08,-0.07,-1.24,1758762197.6558094
-0.08,-0.06,-1.24,1758762197.6590238
-0.08,-0.07,-1.25,1758762197.66203
-0.08,-0.06,-1.25,1758762197.6656127
-0.08,-0.06,-1.25,1758762197.668617
-0.08,-0.07,-1.25,1758762197.6719296
-0.08,-0.07,-1.25,1758762197.6750133
-0.08,-0.07,-1.25,1758762197.67824
-0.08,-0.07,-1.25,1758762197.681425
-0.08,-0.07,-1.25,1758762197.6847525
-0.08,-0.07,-1.25,1758762197.6869886
-0.08,-0.07,-1.25,1758762197.6891465
-0.08,-0.07,-1.25,1758762197.691268
-0.07,-0.07,-1.26,1758762197.6933942
-0.07,-0.07,-1.26,1758762197.695568
-0.07,-0.07,-1.26,1758762197.6976707
-0.08,-0.08,-1.26,1758762197.6998365
-0.07,-0.08,-1.26,1758762197.7023983
-0.07,-0.08,-1.26,1758762197.7050395
-0.07,-0.08,-1.26,1758762197.707265
-0.07,-0.08,-1.26,1758762197.7092469
-0.07,-0.08,-1.26,1758762197.7123356
-0.07,-0.08,-1.26,1758762197.7148848
-0.07,-0.09,-1.26,1758762197.7171822
-0.07,-0.09,-1.26,1758762197.719262
-0.07,-0.08,-1.27,1758762197.7213805
-0.07,-0.09,-1.27,1758762197.7235236
-0.07,-0.08,-1.27,1758762197.7256236
-0.07,-0.09,-1.27,1758762197.7277346
-0.07,-0.09,-1.27,1758762197.7298443
-0.07,-0.09,-1.27,1758762197.733276
-0.07,-0.09,-1.27,1758762197.735808
-0.07,-0.09,-1.27,1758762197.737987
-0.07,-0.1,-1.27,1758762197.7401085
-0.07,-0.1,-1.27,1758762197.7422342
-0.07,-0.1,-1.27,1758762197.7446656
-0.06,-0.1,-1.28,1758762197.7475336
-0.06,-0.1,-1.28,1758762197.7496707
-0.06,-0.1,-1.28,1758762197.7518594
-0.06,-0.1,-1.28,1758762197.754084
-0.06,-0.1,-1.28,1758762197.7561626
-0.06,-0.1,-1.28,1758762197.7583053
-0.06,-0.11,-1.28,1758762197.7604332
-0.06,-0.11,-1.28,1758762197.7627974
-0.06,-0.11,-1.28,1758762197.765227
-0.05,-0.11,-1.28,1758762197.7675984
-0.06,-0.11,-1.28,1758762197.7700667
-0.05,-0.11,-1.29,1758762197.7727313
-0.05,-0.1,-1.29,1758762197.7749455
-0.05,-0.1,-1.29,1758762197.7768452
-0.05,-0.1,-1.29,1758762197.778733
-0.05,-0.1,-1.29,1758762197.7809486
-0.05,-0.1,-1.29,1758762197.7833982
-0.05,-0.1,-1.29,1758762197.7855515
-0.05,-0.1,-1.29,1758762197.7873902
-0.05,-0.11,-1.29,1758762197.789477
-0.05,-0.11,-1.29,1758762197.7913678
-0.05,-0.11,-1.29,1758762197.7936208
-0.05,-0.11,-1.3,1758762197.7954898
-0.05,-0.11,-1.3,1758762197.7976885
-0.05,-0.11,-1.3,1758762197.7998
-0.05,-0.11,-1.3,1758762197.801885
-0.04,-0.11,-1.3,1758762197.8042092
-0.04,-0.11,-1.3,1758762197.8066604
-0.04,-0.11,-1.3,1758762197.808992
-0.04,-0.11,-1.3,1758762197.8115528
-0.04,-0.11,-1.3,1758762197.8137708
-0.04,-0.1,-1.3,1758762197.81569
-0.03,-0.1,-1.31,1758762197.817677
-0.04,-0.1,-1.31,1758762197.820321
-0.03,-0.1,-1.31,1758762197.8229785
-0.03,-0.1,-1.31,1758762197.8252072
-0.03,-0.1,-1.31,1758762197.8273451
-0.03,-0.1,-1.31,1758762197.8295376
-0.03,-0.09,-1.31,1758762197.8316724
-0.02,-0.09,-1.31,1758762197.833887
-0.02,-0.09,-1.31,1758762197.8361728
-0.02,-0.09,-1.31,1758762197.8382783
-0.02,-0.1,-1.31,1758762197.8403747
-0.02,-0.09,-1.31,1758762197.8424325
-0.02,-0.09,-1.31,1758762197.84453
-0.01,-0.09,-1.32,1758762197.8467834
-0.01,-0.09,-1.32,1758762197.8487506
-0.01,-0.09,-1.32,1758762197.8507652
-0.01,-0.09,-1.32,1758762197.8532434
-0.01,-0.09,-1.32,1758762197.8567443
-0.01,-0.09,-1.32,1758762197.860282
-0.0,-0.09,-1.32,1758762197.8634195
-0.0,-0.09,-1.32,1758762197.8653653
0.0,-0.09,-1.32,1758762197.8684986
0.0,-0.1,-1.32,1758762197.8720868
0.0,-0.09,-1.32,1758762197.8753934
0.0,-0.09,-1.32,1758762197.8780024
0.0,-0.09,-1.32,1758762197.8799655
0.01,-0.09,-1.32,1758762197.8829691
0.01,-0.09,-1.33,1758762197.8848329
0.01,-0.09,-1.33,1758762197.887474
0.01,-0.09,-1.33,1758762197.8906577
0.01,-0.09,-1.33,1758762197.894367
0.02,-0.09,-1.33,1758762197.897802
0.02,-0.09,-1.33,1758762197.9005527
0.02,-0.09,-1.33,1758762197.903304
0.02,-0.09,-1.33,1758762197.90578
0.02,-0.09,-1.33,1758762197.9088328
0.03,-0.09,-1.33,1758762197.9116795
0.03,-0.09,-1.33,1758762197.9136713
0.03,-0.09,-1.33,1758762197.9155452
0.03,-0.09,-1.33,1758762197.9182756
0.03,-0.09,-1.33,1758762197.9201467
0.03,-0.09,-1.33,1758762197.922479
0.03,-0.09,-1.33,1758762197.9244576
0.03,-0.09,-1.33,1758762197.926319
0.03,-0.09,-1.33,1758762197.928323
0.03,-0.09,-1.33,1758762197.9301724
0.04,-0.09,-1.33,1758762197.932501
0.04,-0.09,-1.33,1758762197.9348404
0.04,-0.09,-1.33,1758762197.937827
0.04,-0.09,-1.34,1758762197.9400425
0.04,-0.09,-1.34,1758762197.9430163
0.04,-0.09,-1.34,1758762197.9454548
0.04,-0.09,-1.34,1758762197.9483964
0.04,-0.09,-1.34,1758762197.950699
0.04,-0.09,-1.34,1758762197.9530995
0.04,-0.09,-1.34,1758762197.9555924
0.05,-0.09,-1.34,1758762197.958268
0.05,-0.09,-1.34,1758762197.9604523
0.05,-0.09,-1.34,1758762197.9629622
0.05,-0.09,-1.34,1758762197.965201
0.05,-0.09,-1.34,1758762197.9671454
0.05,-0.09,-1.34,1758762197.9689212
0.05,-0.09,-1.34,1758762197.9707167
0.05,-0.08,-1.34,1758762197.973415
0.06,-0.08,-1.34,1758762197.9756413
0.06,-0.09,-1.34,1758762197.9774191
0.05,-0.09,-1.34,1758762197.9792218
0.05,-0.08,-1.34,1758762197.980986
0.05,-0.08,-1.34,1758762197.982853
0.05,-0.08,-1.34,1758762197.9846656
0.05,-0.08,-1.34,1758762197.9864583
0.06,-0.08,-1.34,1758762197.988241
0.06,-0.08,-1.34,1758762197.9900026
0.06,-0.08,-1.34,1758762197.9917686
0.06,-0.08,-1.34,1758762197.9946945
0.06,-0.08,-1.34,1758762197.9971364
0.06,-0.08,-1.34,1758762197.9994984
0.06,-0.07,-1.34,1758762198.0021148
0.06,-0.07,-1.34,1758762198.0050848
0.06,-0.07,-1.34,1758762198.0076234
0.06,-0.07,-1.34,1758762198.0099282
0.07,-0.07,-1.34,1758762198.0117226
0.07,-0.07,-1.34,1758762198.014477
0.07,-0.07,-1.34,1758762198.017022
0.07,-0.07,-1.34,1758762198.0194929
0.07,-0.07,-1.34,1758762198.0220978
0.07,-0.07,-1.34,1758762198.0255485
0.07,-0.06,-1.34,1758762198.0284
0.07,-0.06,-1.34,1758762198.0311298
0.07,-0.06,-1.34,1758762198.033043
0.07,-0.06,-1.34,1758762198.035314
0.07,-0.06,-1.34,1758762198.0377743
0.07,-0.06,-1.34,1758762198.040252
0.07,-0.06,-1.34,1758762198.0422337
0.08,-0.06,-1.34,1758762198.04506
0.08,-0.06,-1.34,1758762198.0471044
0.08,-0.06,-1.34,1758762198.0489726
0.07,-0.06,-1.34,1758762198.0509987
0.07,-0.06,-1.34,1758762198.052884
0.08,-0.06,-1.34,1758762198.0548525
0.08,-0.06,-1.34,1758762198.0569327
0.08,-0.06,-1.33,1758762198.059422
0.08,-0.06,-1.33,1758762198.0613828
0.08,-0.06,-1.33,1758762198.065367
0.08,-0.06,-1.33,1758762198.0679746
0.08,-0.05,-1.33,1758762198.0707486
0.08,-0.05,-1.33,1758762198.0731688
0.08,-0.05,-1.33,1758762198.0757048
0.08,-0.05,-1.33,1758762198.0785303
0.08,-0.05,-1.33,1758762198.080696
0.08,-0.05,-1.33,1758762198.0832732
0.08,-0.05,-1.33,1758762198.0855274
0.08,-0.05,-1.33,1758762198.0875802
0.08,-0.05,-1.33,1758762198.0899303
0.08,-0.05,-1.33,1758762198.0922146
0.08,-0.04,-1.33,1758762198.0942268
0.08,-0.04,-1.33,1758762198.0965323
0.08,-0.04,-1.33,1758762198.0986476
0.08,-0.04,-1.33,1758762198.1011076
0.08,-0.04,-1.33,1758762198.103573
0.08,-0.04,-1.33,1758762198.105965
0.08,-0.04,-1.33,1758762198.1086116
0.08,-0.04,-1.33,1758762198.1110582
0.08,-0.04,-1.33,1758762198.1133478
0.08,-0.04,-1.33,1758762198.1156282
0.08,-0.04,-1.33,1758762198.1179502
0.08,-0.04,-1.33,1758762198.120338
0.08,-0.04,-1.32,1758762198.1237817
0.08,-0.04,-1.32,1758762198.1257813
0.08,-0.03,-1.32,1758762198.1277037
0.08,-0.03,-1.32,1758762198.1298518
0.08,-0.03,-1.32,1758762198.1326995
0.08,-0.03,-1.32,1758762198.135003
0.08,-0.03,-1.32,1758762198.1378157
0.08,-0.03,-1.32,1758762198.1404798
0.08,-0.03,-1.32,1758762198.1426992
0.08,-0.03,-1.32,1758762198.1451328
0.08,-0.03,-1.32,1758762198.1479492
0.08,-0.03,-1.32,1758762198.1507337
0.08,-0.03,-1.32,1758762198.1532304
0.08,-0.03,-1.32,1758762198.155197
0.08,-0.03,-1.32,1758762198.15712
0.08,-0.03,-1.32,1758762198.159131
0.08,-0.03,-1.32,1758762198.1621466
0.08,-0.03,-1.32,1758762198.1645055
0.08,-0.03,-1.32,1758762198.167217
0.08,-0.03,-1.31,1758762198.1699762
0.08,-0.03,-1.31,1758762198.1721704
0.08,-0.03,-1.31,1758762198.1750908
0.08,-0.03,-1.31,1758762198.1774046
0.08,-0.03,-1.31,1758762198.1794796
0.08,-0.03,-1.31,1758762198.1813974
0.08,-0.03,-1.31,1758762198.1841
0.08,-0.02,-1.31,1758762198.1868556
0.08,-0.02,-1.31,1758762198.1899858
0.08,-0.02,-1.31,1758762198.1928146
0.08,-0.02,-1.31,1758762198.195063
0.08,-0.02,-1.31,1758762198.1980326
0.08,-0.02,-1.31,1758762198.2008417
0.08,-0.02,-1.31,1758762198.2037842
0.08,-0.02,-1.31,1758762198.2066555
0.08,-0.02,-1.31,1758762198.2095485
0.08,-0.02,-1.31,1758762198.2122636
0.08,-0.02,-1.3,1758762198.215585
0.08,-0.02,-1.3,1758762198.2187684
0.08,-0.02,-1.3,1758762198.2212355
0.08,-0.02,-1.3,1758762198.223315
0.08,-0.02,-1.3,1758762198.2258518
0.08,-0.02,-1.3,1758762198.2282429
0.08,-0.02,-1.3,1758762198.2302415
0.08,-0.02,-1.3,1758762198.232646
0.07,-0.02,-1.3,1758762198.235686
0.07,-0.02,-1.3,1758762198.2382014
0.07,-0.02,-1.3,1758762198.240632
0.07,-0.02,-1.3,1758762198.242892
0.07,-0.02,-1.3,1758762198.2451837
0.07,-0.02,-1.3,1758762198.2472434
0.07,-0.02,-1.3,1758762198.249481
0.07,-0.02,-1.3,1758762198.2515025
0.07,-0.02,-1.3,1758762198.253322
0.07,-0.02,-1.3,1758762198.2552538
0.07,-0.01,-1.29,1758762198.2578225
0.07,-0.02,-1.29,1758762198.259895
0.07,-0.02,-1.29,1758762198.2617204
0.07,-0.02,-1.29,1758762198.2637308
0.07,-0.02,-1.29,1758762198.265792
0.07,-0.02,-1.29,1758762198.2682629
0.07,-0.02,-1.29,1758762198.2714465
0.06,-0.02,-1.29,1758762198.2741687
0.06,-0.02,-1.29,1758762198.2763777
0.06,-0.01,-1.29,1758762198.2785473
0.06,-0.01,-1.29,1758762198.2808826
0.06,-0.01,-1.29,1758762198.282732
0.06,-0.01,-1.29,1758762198.2850876
0.06,-0.01,-1.29,1758762198.2868905
0.06,-0.01,-1.29,1758762198.288988
0.06,-0.01,-1.29,1758762198.2911053
0.06,-0.01,-1.29,1758762198.293327
0.06,-0.01,-1.29,1758762198.2953732
0.05,-0.01,-1.29,1758762198.2971916
0.05,-0.01,-1.29,1758762198.2990425
0.05,-0.01,-1.28,1758762198.3010862
0.05,-0.01,-1.28,1758762198.302871
0.05,-0.01,-1.28,1758762198.3052468
0.05,-0.01,-1.28,1758762198.3075404
0.05,-0.01,-1.28,1758762198.3103817
0.05,-0.01,-1.28,1758762198.3127856
0.05,-0.01,-1.28,1758762198.3150675
0.05,-0.01,-1.28,1758762198.3176675
0.05,-0.01,-1.28,1758762198.320002
0.05,-0.01,-1.28,1758762198.3221908
0.05,-0.01,-1.28,1758762198.3248858
0.04,-0.01,-1.28,1758762198.3269715
0.04,-0.01,-1.28,1758762198.3296847
0.04,-0.01,-1.28,1758762198.3315628
0.04,-0.01,-1.28,1758762198.334133
0.04,-0.01,-1.28,1758762198.3363476
0.04,-0.01,-1.28,1758762198.3388455
0.04,-0.01,-1.28,1758762198.340761
0.04,-0.01,-1.28,1758762198.3442907
0.04,-0.01,-1.28,1758762198.3467152
0.04,-0.01,-1.28,1758762198.350573
0.04,-0.01,-1.28,1758762198.3538246
0.03,-0.01,-1.28,1758762198.3561218
0.03,-0.01,-1.27,1758762198.3583505
0.03,-0.0,-1.27,1758762198.3615525
0.03,-0.0,-1.27,1758762198.3639894
0.03,-0.01,-1.27,1758762198.3671367
0.03,-0.0,-1.27,1758762198.3695395
0.03,-0.01,-1.27,1758762198.3715208
0.03,-0.0,-1.27,1758762198.374177
0.03,-0.0,-1.27,1758762198.3766878
0.03,-0.0,-1.27,1758762198.3792558
0.03,-0.0,-1.27,1758762198.3823168
0.02,-0.0,-1.27,1758762198.3850102
0.02,-0.0,-1.27,1758762198.3877783
0.02,-0.0,-1.27,1758762198.390263
0.02,-0.0,-1.27,1758762198.3930757
0.02,-0.0,-1.27,1758762198.395432
0.02,-0.0,-1.27,1758762198.3981433
0.02,-0.0,-1.27,1758762198.40087
0.02,-0.0,-1.27,1758762198.4038503
0.02,-0.0,-1.27,1758762198.4070404
0.02,-0.0,-1.27,1758762198.4099002
0.02,-0.0,-1.27,1758762198.4126987
0.02,-0.0,-1.27,1758762198.415117
0.02,-0.0,-1.27,1758762198.4179416
0.02,-0.0,-1.27,1758762198.420556
0.02,-0.0,-1.27,1758762198.4234447
0.01,-0.0,-1.27,1758762198.4256852
0.01,-0.0,-1.27,1758762198.428447
0.01,-0.0,-1.27,1758762198.4313743
0.01,-0.0,-1.27,1758762198.4333696
0.01,-0.0,-1.26,1758762198.43545
0.01,0.0,-1.26,1758762198.4377007
0.01,0.0,-1.26,1758762198.440746
0.01,0.0,-1.26,1758762198.4433944
0.01,-0.0,-1.26,1758762198.4462168
0.01,-0.0,-1.26,1758762198.4495728
0.01,-0.0,-1.26,1758762198.452442
0.01,-0.0,-1.26,1758762198.454935
0.01,-0.0,-1.26,1758762198.4576273
0.01,-0.0,-1.26,1758762198.4605806
0.01,-0.0,-1.26,1758762198.463097
0.01,-0.0,-1.26,1758762198.4649212
0.01,-0.0,-1.26,1758762198.4677362
0.01,-0.0,-1.26,1758762198.4704845
0.01,-0.0,-1.26,1758762198.4729428
0.01,-0.0,-1.26,1758762198.475217
0.01,-0.0,-1.26,1758762198.4780867
0.01,-0.0,-1.26,1758762198.480673
0.01,-0.0,-1.26,1758762198.4830768
0.01,-0.0,-1.26,1758762198.485137
0.01,-0.0,-1.26,1758762198.4873073
0.0,-0.0,-1.26,1758762198.489692
0.0,-0.0,-1.26,1758762198.491668
0.0,-0.0,-1.26,1758762198.4941058
0.0,-0.0,-1.26,1758762198.4958792
0.0,-0.0,-1.26,1758762198.4976037
0.0,-0.0,-1.26,1758762198.4996655
0.0,-0.0,-1.26,1758762198.501427
0.0,-0.0,-1.26,1758762198.50423
0.0,-0.0,-1.26,1758762198.5073445
0.0,-0.0,-1.26,1758762198.5091836
0.0,-0.0,-1.26,1758762198.5124097
0.0,-0.0,-1.26,1758762198.5155778
0.0,-0.0,-1.26,1758762198.5185328
0.0,-0.0,-1.26,1758762198.520824
0.0,-0.0,-1.26,1758762198.524388
0.0,-0.0,-1.26,1758762198.527979
0.0,-0.0,-1.26,1758762198.5314374
0.0,-0.0,-1.26,1758762198.5350804
0.0,-0.0,-1.26,1758762198.538079
0.0,-0.0,-1.26,1758762198.5401947
0.0,-0.0,-1.26,1758762198.5431142
0.0,-0.0,-1.26,1758762198.545906
0.0,-0.0,-1.26,1758762198.5477529
0.0,0.0,-1.26,1758762198.5506248
0.0,0.0,-1.26,1758762198.5524905
0.0,-0.0,-1.26,1758762198.5551288
0.0,0.0,-1.26,1758762198.556894
0.0,0.0,-1.26,1758762198.560125
0.0,-0.0,-1.26,1758762198.563558
0.0,-0.0,-1.26,1758762198.566378
0.0,0.0,-1.26,1758762198.5683815
0.0,-0.0,-1.26,1758762198.5710092
0.0,-0.0,-1.26,1758762198.5738406
0.0,-0.0,-1.26,1758762198.5759652
0.0,-0.0,-1.26,1758762198.578549
0.0,-0.0,-1.26,1758762198.580287
0.0,-0.0,-1.26,1758762198.5833044
0.0,-0.0,-1.26,1758762198.5858774
0.0,-0.0,-1.26,1758762198.5878432
0.0,-0.0,-1.26,1758762198.5909812
0.0,-0.0,-1.26,1758762198.5951347
0.0,-0.0,-1.26,1758762198.5978172
0.0,-0.0,-1.26,1758762198.599612
0.0,-0.0,-1.26,1758762198.6021092
0.0,-0.0,-1.26,1758762198.603918
0.0,-0.0,-1.26,1758762198.6061711
0.0,-0.0,-1.26,1758762198.607932
0.0,-0.0,-1.26,1758762198.6102748
0.0,-0.0,-1.26,1758762198.6120794
0.0,-0.0,-1.26,1758762198.615564
0.0,-0.0,-1.26,1758762198.6186173
0.0,-0.0,-1.26,1758762198.6218326
0.0,-0.0,-1.26,1758762198.624125
0.0,-0.0,-1.27,1758762198.6271436
0.01,-0.0,-1.27,1758762198.6294854
0.01,-0.0,-1.27,1758762198.6313002
0.01,-0.0,-1.27,1758762198.6336622
0.01,-0.0,-1.27,1758762198.6355772
0.01,-0.0,-1.27,1758762198.6379116
0.01,-0.0,-1.27,1758762198.6399114
0.01,-0.01,-1.27,1758762198.6428125
0.01,-0.0,-1.27,1758762198.6451542
0.01,-0.01,-1.27,1758762198.6473236
0.01,-0.01,-1.27,1758762198.649093
0.01,-0.01,-1.27,1758762198.6509068
0.01,-0.01,-1.27,1758762198.6540189
0.01,-0.01,-1.27,1758762198.6565175
0.01,-0.01,-1.27,1758762198.6598325
0.01,-0.01,-1.27,1758762198.6627412
0.01,-0.01,-1.27,1758762198.664551
0.01,-0.01,-1.27,1758762198.6673317
0.01,-0.01,-1.27,1758762198.6698246
0.01,-0.01,-1.27,1758762198.673921
0.01,-0.01,-1.27,1758762198.6758125
0.01,-0.01,-1.27,1758762198.6781623
0.01,-0.01,-1.27,1758762198.6799371
0.01,-0.01,-1.27,1758762198.6822712
0.01,-0.01,-1.27,1758762198.6840856
0.01,-0.01,-1.27,1758762198.6871054
0.01,-0.01,-1.27,1758762198.6914682
0.01,-0.01,-1.27,1758762198.6947925
0.01,-0.01,-1.27,1758762198.69812
0.01,-0.01,-1.27,1758762198.700458
0.01,-0.01,-1.27,1758762198.7043033
0.01,-0.01,-1.27,1758762198.706841
0.01,-0.01,-1.27,1758762198.7099483
0.01,-0.01,-1.27,1758762198.7127922
0.01,-0.01,-1.27,1758762198.7166538
0.01,-0.01,-1.27,1758762198.7209146
0.01,-0.01,-1.27,1758762198.7242472
0.01,-0.01,-1.27,1758762198.7267966
0.01,-0.01,-1.28,1758762198.730191
0.01,-0.01,-1.28,1758762198.7328794
0.01,-0.01,-1.28,1758762198.7355168
0.01,-0.01,-1.28,1758762198.7383358
0.01,-0.01,-1.28,1758762198.7407787
0.01,-0.01,-1.28,1758762198.7430153
0.01,-0.01,-1.28,1758762198.7453942
0.01,-0.01,-1.28,1758762198.747528
0.01,-0.01,-1.28,1758762198.750416
0.01,-0.01,-1.28,1758762198.7529917
0.01,-0.01,-1.28,1758762198.7557137
0.01,-0.01,-1.28,1758762198.7583373
0.01,-0.01,-1.28,1758762198.760558
0.01,-0.01,-1.28,1758762198.7629688
0.01,-0.01,-1.28,1758762198.765694
0.01,-0.01,-1.28,1758762198.767676
0.01,-0.01,-1.28,1758762198.7703967
0.01,-0.01,-1.28,1758762198.7727406
0.01,-0.01,-1.28,1758762198.7745662
0.01,-0.01,-1.28,1758762198.7781694
0.01,-0.01,-1.28,1758762198.7805989
0.01,-0.01,-1.28,1758762198.7829666
0.01,-0.01,-1.28,1758762198.7856078
0.01,-0.01,-1.28,1758762198.78856
0.01,-0.01,-1.28,1758762198.7914782
0.01,-0.01,-1.28,1758762198.7951863
0.01,-0.01,-1.28,1758762198.798012
0.01,-0.01,-1.28,1758762198.800244
0.01,-0.01,-1.28,1758762198.8028407
0.01,-0.01,-1.28,1758762198.805147
0.01,-0.01,-1.28,1758762198.8071542
0.01,-0.01,-1.28,1758762198.811148
0.01,-0.01,-1.28,1758762198.8137195
0.01,-0.01,-1.29,1758762198.8164654
0.01,-0.01,-1.29,1758762198.819352
0.01,-0.01,-1.29,1758762198.821577
0.01,-0.01,-1.29,1758762198.8244748
0.01,-0.01,-1.29,1758762198.8273284
0.01,-0.01,-1.29,1758762198.8304677
0.01,-0.01,-1.29,1758762198.8327975
0.01,-0.01,-1.29,1758762198.8356483
0.01,-0.01,-1.29,1758762198.8375225
0.01,-0.01,-1.29,1758762198.8411753
0.01,-0.01,-1.29,1758762198.8440387
0.01,-0.01,-1.29,1758762198.846248
0.01,-0.01,-1.29,1758762198.8490238
0.01,-0.01,-1.29,1758762198.851921
0.01,-0.01,-1.29,1758762198.855195
0.01,-0.01,-1.29,1758762198.858325
0.01,-0.01,-1.29,1758762198.86124
0.01,-0.01,-1.29,1758762198.864256
0.01,-0.01,-1.29,1758762198.8673277
0.01,-0.01,-1.29,1758762198.870377
0.01,-0.01,-1.29,1758762198.8738227
0.01,-0.01,-1.29,1758762198.8755198
0.01,-0.01,-1.29,1758762198.8772726
0.01,-0.01,-1.29,1758762198.8796456
0.01,-0.01,-1.29,1758762198.8819978
0.01,-0.01,-1.29,1758762198.885049
0.01,-0.01,-1.29,1758762198.8876288
0.01,-0.01,-1.29,1758762198.89019
0.01,-0.01,-1.29,1758762198.8932412
0.01,-0.01,-1.29,1758762198.8954833
0.01,-0.01,-1.29,1758762198.897282
0.01,-0.01,-1.29,1758762198.8995335
0.01,-0.01,-1.29,1758762198.901974
0.01,-0.01,-1.29,1758762198.9043703
0.01,-0.01,-1.29,1758762198.9067953
0.01,-0.01,-1.29,1758762198.9099972
0.01,-0.01,-1.29,1758762198.9119818
0.01,-0.01,-1.29,1758762198.9139695
0.01,-0.01,-1.29,1758762198.916482
0.01,-0.01,-1.29,1758762198.9185195
0.01,-0.01,-1.29,1758762198.9219646
0.01,-0.01,-1.29,1758762198.9244635
0.01,-0.01,-1.29,1758762198.9267554
0.01,-0.01,-1.29,1758762198.929179
0.01,-0.01,-1.29,1758762198.9321718
0.01,-0.01,-1.29,1758762198.9351375
0.01,-0.01,-1.29,1758762198.9378345
0.01,-0.01,-1.29,1758762198.940421
0.01,-0.01,-1.29,1758762198.942804
0.01,-0.01,-1.3,1758762198.9449067
0.01,-0.01,-1.3,1758762198.9474022
0.01,-0.01,-1.3,1758762198.9507976
0.01,-0.01,-1.3,1758762198.9527278
0.01,-0.01,-1.3,1758762198.9550045
0.01,-0.01,-1.3,1758762198.9569764
0.01,-0.01,-1.3,1758762198.9589477
0.01,-0.01,-1.3,1758762198.960904
0.01,-0.01,-1.3,1758762198.9630256
0.01,-0.01,-1.3,1758762198.9656377
0.01,-0.01,-1.3,1758762198.9677486
0.01,-0.01,-1.3,1758762198.9705377
0.01,-0.01,-1.3,1758762198.9722874
0.01,-0.01,-1.3,1758762198.9745183
0.01,-0.01,-1.3,1758762198.9773269
0.01,-0.01,-1.3,1758762198.9793186
0.01,-0.01,-1.3,1758762198.9813058
0.01,-0.01,-1.3,1758762198.9832938
0.01,-0.01,-1.3,1758762198.98527
0.01,-0.01,-1.3,1758762198.9875374
0.01,-0.01,-1.3,1758762198.989211
0.01,-0.01,-1.3,1758762198.9913502
0.01,-0.01,-1.3,1758762198.9933028
0.01,-0.01,-1.3,1758762198.99586
0.01,-0.01,-1.3,1758762198.997865
0.01,-0.01,-1.3,1758762198.9998372
0.01,-0.01,-1.3,1758762199.0021403
0.01,-0.01,-1.3,1758762199.0040228
0.01,-0.01,-1.3,1758762199.0059438
0.01,-0.01,-1.3,1758762199.0080187
0.01,-0.01,-1.3,1758762199.0099962
0.01,-0.01,-1.3,1758762199.0119767
0.01,-0.01,-1.3,1758762199.0141048
0.01,-0.01,-1.3,1758762199.016025
0.01,-0.01,-1.3,1758762199.0179842
0.01,-0.01,-1.3,1758762199.0199578
0.01,-0.01,-1.3,1758762199.0220685
0.01,-0.01,-1.3,1758762199.0246425
0.01,-0.01,-1.3,1758762199.0263238
0.01,-0.01,-1.3,1758762199.0300894
0.01,-0.01,-1.3,1758762199.0321045
0.01,-0.01,-1.3,1758762199.0339088
0.01,-0.01,-1.3,1758762199.0360065
0.01,-0.01,-1.3,1758762199.0383148
0.01,-0.01,-1.3,1758762199.039998
0.01,-0.01,-1.3,1758762199.042317
0.01,-0.01,-1.3,1758762199.0442934
0.01,-0.01,-1.3,1758762199.0465848
0.01,-0.01,-1.3,1758762199.0482483
0.01,-0.01,-1.3,1758762199.0502205
0.01,-0.01,-1.3,1758762199.0521991
0.01,-0.01,-1.3,1758762199.0551472
0.01,-0.01,-1.3,1758762199.0577495
0.01,-0.01,-1.3,1758762199.0611453
0.01,-0.01,-1.3,1758762199.063799
0.01,-0.01,-1.3,1758762199.06662
0.01,-0.01,-1.3,1758762199.068796
0.01,-0.01,-1.3,1758762199.0709326
0.01,-0.01,-1.3,1758762199.073595
0.01,-0.01,-1.3,1758762199.0757143
0.01,-0.01,-1.3,1758762199.07893
0.01,-0.01,-1.29,1758762199.081075
0.01,-0.01,-1.29,1758762199.0829115
0.01,-0.01,-1.29,1758762199.085371
0.01,-0.01,-1.29,1758762199.0884545
0.01,-0.01,-1.29,1758762199.090278
0.01,-0.01,-1.29,1758762199.0931394
0.01,-0.01,-1.29,1758762199.0949678
0.01,-0.01,-1.29,1758762199.0975125
0.01,-0.01,-1.29,1758762199.0997036
0.01,-0.01,-1.29,1758762199.101894
0.01,-0.01,-1.29,1758762199.1040795
0.01,-0.01,-1.29,1758762199.1065934
0.01,-0.01,-1.29,1758762199.1089373
0.01,-0.01,-1.29,1758762199.1107094
0.01,-0.01,-1.29,1758762199.1131094
0.01,-0.01,-1.29,1758762199.114926
0.01,-0.01,-1.29,1758762199.117267
0.01,-0.01,-1.29,1758762199.1192372
0.01,-0.01,-1.29,1758762199.1211505
0.01,-0.01,-1.29,1758762199.1236317
0.01,-0.01,-1.29,1758762199.1297932
0.01,-0.01,-1.29,1758762199.1324396
0.01,-0.01,-1.29,1758762199.1358674
0.01,-0.01,-1.29,1758762199.1386375
0.01,-0.01,-1.29,1758762199.1426766
0.01,-0.01,-1.29,1758762199.144883
0.01,-0.01,-1.29,1758762199.1479492
0.01,-0.01,-1.29,1758762199.1509297
0.01,-0.01,-1.29,1758762199.1541913
0.01,-0.01,-1.29,1758762199.156017
0.01,-0.01,-1.29,1758762199.158758
0.01,-0.01,-1.29,1758762199.160737
0.01,-0.01,-1.29,1758762199.163993
0.01,-0.01,-1.29,1758762199.1666076
0.01,-0.01,-1.29,1758762199.1682763
0.01,-0.01,-1.29,1758762199.1710455
0.01,-0.01,-1.29,1758762199.1741078
0.01,-0.01,-1.29,1758762199.1758766
0.01,-0.01,-1.29,1758762199.1782758
0.01,-0.01,-1.29,1758762199.180223
0.01,-0.01,-1.29,1758762199.183005
0.01,-0.01,-1.29,1758762199.1860185
0.01,-0.01,-1.29,1758762199.1876848
0.01,-0.01,-1.29,1758762199.190186
0.01,-0.01,-1.29,1758762199.1928358
0.01,-0.01,-1.29,1758762199.1960914
0.01,-0.01,-1.29,1758762199.1977758
0.01,-0.01,-1.29,1758762199.199766
0.01,-0.01,-1.29,1758762199.203283
0.01,-0.01,-1.29,1758762199.2049444
0.01,-0.01,-1.29,1758762199.207689
0.01,-0.01,-1.29,1758762199.2094927
0.01,-0.01,-1.29,1758762199.2115347
0.01,-0.01,-1.29,1758762199.214018
0.01,-0.01,-1.29,1758762199.2194989
0.01,-0.01,-1.29,1758762199.2229364
0.01,-0.01,-1.29,1758762199.2254555
0.01,-0.01,-1.29,1758762199.228944
0.01,-0.01,-1.29,1758762199.2318304
0.01,-0.01,-1.29,1758762199.234451
0.01,-0.01,-1.29,1758762199.2367034
0.01,-0.01,-1.29,1758762199.239193
0.01,-0.01,-1.29,1758762199.2414384
0.01,-0.01,-1.29,1758762199.2438416
0.01,-0.01,-1.29,1758762199.2469103
0.01,-0.01,-1.29,1758762199.2499974
0.01,-0.01,-1.29,1758762199.2519472
0.01,-0.01,-1.29,1758762199.2541437
0.01,-0.01,-1.29,1758762199.2566776
0.01,-0.01,-1.29,1758762199.2587764
0.01,-0.01,-1.29,1758762199.2621622
0.01,-0.01,-1.29,1758762199.265062
0.01,-0.01,-1.29,1758762199.2679152
0.01,-0.01,-1.29,1758762199.2700255
0.01,-0.01,-1.29,1758762199.272815
0.01,-0.01,-1.28,1758762199.275912
0.01,-0.01,-1.28,1758762199.279527
0.01,-0.01,-1.28,1758762199.2817664
0.01,-0.01,-1.28,1758762199.284637
0.01,-0.01,-1.28,1758762199.287565
0.01,-0.01,-1.28,1758762199.29186
0.01,-0.01,-1.28,1758762199.2942948
0.01,-0.01,-1.28,1758762199.2964962
0.01,-0.01,-1.28,1758762199.2991643
0.01,-0.01,-1.28,1758762199.3023136
0.01,-0.01,-1.28,1758762199.305752
0.01,-0.01,-1.28,1758762199.3086648
0.01,-0.01,-1.28,1758762199.3120568
0.01,-0.01,-1.28,1758762199.3151808
0.01,-0.01,-1.28,1758762199.3181973
0.01,-0.01,-1.28,1758762199.3213603
0.01,-0.01,-1.28,1758762199.3241327
0.01,-0.01,-1.28,1758762199.3258462
0.01,-0.01,-1.28,1758762199.3287911
0.01,-0.01,-1.28,1758762199.3308656
0.01,-0.01,-1.28,1758762199.3330142
0.01,-0.01,-1.28,1758762199.3346589
0.01,-0.01,-1.28,1758762199.336737
0.01,-0.01,-1.28,1758762199.3384848
0.01,-0.01,-1.28,1758762199.3405352
0.01,-0.01,-1.28,1758762199.342427
0.01,-0.01,-1.28,1758762199.3450584
0.01,-0.01,-1.28,1758762199.3470871
0.01,-0.01,-1.28,1758762199.3489563
0.01,-0.01,-1.28,1758762199.3514023
0.01,-0.01,-1.28,1758762199.353965
0.01,-0.01,-1.28,1758762199.356062
0.01,-0.01,-1.28,1758762199.3583636
0.01,-0.01,-1.28,1758762199.3603191
0.01,-0.01,-1.28,1758762199.36222
0.01,-0.01,-1.28,1758762199.364148
0.01,-0.01,-1.28,1758762199.3660638
0.01,-0.01,-1.28,1758762199.3680477
0.01,-0.01,-1.28,1758762199.370258
0.01,-0.01,-1.28,1758762199.3724978
0.01,-0.01,-1.28,1758762199.3747082
0.01,-0.01,-1.28,1758762199.3769536
0.01,-0.01,-1.28,1758762199.378663
0.01,-0.01,-1.28,1758762199.3814442
0.01,-0.01,-1.28,1758762199.383547
0.01,-0.01,-1.28,1758762199.3863025
0.01,-0.01,-1.28,1758762199.3881888
0.01,-0.01,-1.28,1758762199.391094
0.01,-0.01,-1.28,1758762199.3932798
0.01,-0.01,-1.28,1758762199.3959198
0.01,-0.01,-1.28,1758762199.3981223
0.01,-0.01,-1.28,1758762199.400728
0.01,-0.01,-1.28,1758762199.4035728
0.01,-0.01,-1.28,1758762199.405856
0.01,-0.01,-1.28,1758762199.408106
0.01,-0.01,-1.28,1758762199.410952
0.01,-0.01,-1.28,1758762199.413555
0.01,-0.01,-1.28,1758762199.4163644
0.01,-0.01,-1.28,1758762199.419424
0.01,-0.01,-1.28,1758762199.4222665
0.01,-0.01,-1.28,1758762199.425839
0.01,-0.01,-1.28,1758762199.4284923
0.01,-0.01,-1.28,1758762199.4317625
0.01,-0.01,-1.28,1758762199.4343972
0.01,-0.01,-1.28,1758762199.4365385
0.01,-0.01,-1.28,1758762199.4388728
0.01,-0.01,-1.28,1758762199.440874
0.01,-0.01,-1.28,1758762199.4438286
0.01,-0.01,-1.28,1758762199.446092
0.01,-0.01,-1.28,1758762199.4490485
0.01,-0.01,-1.28,1758762199.4511995
0.01,-0.01,-1.28,1758762199.4542537
0.01,-0.01,-1.28,1758762199.4568071
0.01,-0.01,-1.28,1758762199.458866
0.01,-0.01,-1.28,1758762199.4608936
0.01,-0.01,-1.28,1758762199.4629152
0.01,-0.01,-1.28,1758762199.4660769
0.01,-0.01,-1.28,1758762199.4687722
0.01,-0.01,-1.28,1758762199.471709
0.01,-0.01,-1.28,1758762199.474054
0.01,-0.01,-1.28,1758762199.4757683
0.01,-0.01,-1.28,1758762199.47799
0.01,-0.01,-1.28,1758762199.4799848
0.01,-0.01,-1.28,1758762199.4832468
0.01,-0.01,-1.28,1758762199.4866018
0.01,-0.0,-1.28,1758762199.4889858
0.01,-0.0,-1.28,1758762199.4922826
0.01,-0.0,-1.28,1758762199.4946113
0.01,-0.0,-1.28,1758762199.4965374
0.01,-0.0,-1.28,1758762199.4989123
0.01,-0.0,-1.28,1758762199.5009823
0.01,-0.0,-1.28,1758762199.5039184
0.01,-0.0,-1.28,1758762199.5069563
0.01,-0.0,-1.28,1758762199.5090446
0.01,-0.0,-1.28,1758762199.512207
0.01,-0.0,-1.28,1758762199.5147824
0.01,-0.0,-1.28,1758762199.5182462
0.01,-0.0,-1.28,1758762199.5208423
0.01,-0.0,-1.28,1758762199.5230448
0.01,-0.0,-1.28,1758762199.525259
0.01,-0.0,-1.28,1758762199.5283847
0.01,-0.0,-1.28,1758762199.5306263
0.01,-0.0,-1.28,1758762199.5333922
0.01,-0.0,-1.28,1758762199.5358114
0.01,-0.0,-1.28,1758762199.5380418
0.01,-0.0,-1.28,1758762199.5413513
0.01,-0.0,-1.28,1758762199.5444083
0.01,-0.0,-1.28,1758762199.5470345
0.01,-0.0,-1.28,1758762199.5500815
0.01,-0.0,-1.28,1758762199.5526416
0.01,-0.0,-1.28,1758762199.556275
0.01,-0.0,-1.28,1758762199.5594125
0.01,-0.0,-1.28,1758762199.5630662
0.01,-0.0,-1.28,1758762199.566907
0.01,-0.0,-1.28,1758762199.569868
0.01,-0.0,-1.28,1758762199.572369
0.01,-0.0,-1.28,1758762199.5755198
0.01,-0.0,-1.28,1758762199.5786583
0.01,-0.0,-1.28,1758762199.5819695
0.01,-0.0,-1.28,1758762199.5842123
0.01,-0.0,-1.28,1758762199.587242
0.01,-0.0,-1.28,1758762199.5900042
0.01,-0.0,-1.28,1758762199.5940616
0.01,-0.0,-1.28,1758762199.5961494
0.01,-0.0,-1.28,1758762199.599168
0.01,0.0,-1.28,1758762199.6025712
0.01,-0.0,-1.28,1758762199.6048298
0.01,-0.0,-1.28,1758762199.608045
0.01,-0.0,-1.28,1758762199.6122746
0.01,0.0,-1.28,1758762199.6155035
0.01,0.0,-1.28,1758762199.61875
0.01,0.0,-1.28,1758762199.6207483
0.01,0.0,-1.28,1758762199.6240096
0.01,0.0,-1.28,1758762199.6267817
0.01,0.0,-1.28,1758762199.6288269
0.01,0.0,-1.28,1758762199.6324527
0.01,-0.0,-1.28,1758762199.635908
0.01,0.0,-1.28,1758762199.6392448
0.01,0.0,-1.28,1758762199.643074
0.01,0.0,-1.28,1758762199.6468272
0.01,0.0,-1.28,1758762199.6502824
0.01,0.0,-1.28,1758762199.652486
0.01,0.0,-1.28,1758762199.6555634
0.01,0.0,-1.28,1758762199.6594586
0.01,-0.0,-1.28,1758762199.6633024
0.01,0.0,-1.28,1758762199.666291
0.01,-0.0,-1.29,1758762199.6699104
0.01,0.0,-1.29,1758762199.671676
0.01,-0.0,-1.29,1758762199.6747162
0.01,-0.0,-1.29,1758762199.6779668
0.01,0.0,-1.29,1758762199.6802878
0.01,0.0,-1.29,1758762199.683501
0.01,-0.0,-1.29,1758762199.6873386
0.01,-0.0,-1.29,1758762199.6902046
0.01,-0.0,-1.29,1758762199.6939385
0.01,-0.0,-1.29,1758762199.6978447
0.01,-0.0,-1.29,1758762199.7017348
0.01,-0.0,-1.29,1758762199.7036836
0.01,-0.0,-1.29,1758762199.7062876
0.01,-0.0,-1.29,1758762199.7082872
0.01,-0.0,-1.29,1758762199.7112522
0.01,-0.0,-1.29,1758762199.7155776
0.01,-0.0,-1.29,1758762199.7194712
0.01,-0.0,-1.29,1758762199.7248104
0.01,-0.0,-1.29,1758762199.7307706
0.01,-0.0,-1.29,1758762199.7370162
0.01,-0.0,-1.29,1758762199.7390494
0.01,-0.0,-1.29,1758762199.7409158
0.01,-0.0,-1.29,1758762199.7440398
0.01,-0.0,-1.29,1758762199.7469387
0.01,-0.0,-1.29,1758762199.750078
0.01,-0.0,-1.29,1758762199.7534876
0.01,-0.0,-1.29,1758762199.7568707
0.01,-0.0,-1.29,1758762199.7602146
0.01,-0.0,-1.29,1758762199.763234
0.01,-0.0,-1.29,1758762199.765003
0.01,-0.0,-1.29,1758762199.766718
0.01,-0.0,-1.29,1758762199.769152
0.01,-0.0,-1.29,1758762199.770873
0.01,-0.0,-1.29,1758762199.7729623
0.01,-0.0,-1.29,1758762199.7746768
0.01,-0.0,-1.29,1758762199.7772405
0.01,-0.0,-1.29,1758762199.7789605
0.01,-0.0,-1.29,1758762199.781149
0.01,-0.0,-1.29,1758762199.7833793
0.01,-0.0,-1.29,1758762199.7854369
0.01,-0.0,-1.29,1758762199.7879906
0.01,-0.0,-1.29,1758762199.7904785
0.01,-0.0,-1.29,1758762199.7923646
0.01,-0.01,-1.29,1758762199.7946196
0.01,-0.01,-1.29,1758762199.798666
0.01,-0.01,-1.29,1758762199.8005252
0.01,-0.01,-1.29,1758762199.8025086
0.01,-0.01,-1.29,1758762199.804374
0.01,-0.01,-1.29,1758762199.8070052
0.01,-0.01,-1.29,1758762199.8095772
0.01,-0.01,-1.29,1758762199.8114138
0.01,-0.01,-1.29,1758762199.8137555
0.01,-0.01,-1.29,1758762199.815923
0.01,-0.01,-1.29,1758762199.818441
0.01,-0.01,-1.29,1758762199.820655
0.01,-0.01,-1.29,1758762199.8223202
0.01,-0.01,-1.29,1758762199.8242178
0.01,-0.01,-1.29,1758762199.8262773
0.01,-0.01,-1.29,1758762199.8288138
0.01,-0.01,-1.29,1758762199.8314135
0.01,-0.01,-1.29,1758762199.8333087
0.01,-0.01,-1.29,1758762199.8369453
0.01,-0.01,-1.29,1758762199.8394666
0.01,-0.01,-1.29,1758762199.841195
0.01,-0.01,-1.29,1758762199.8438413
0.01,-0.01,-1.29,1758762199.8470297
0.01,-0.01,-1.29,1758762199.8496149
0.01,-0.01,-1.29,1758762199.8520336
0.01,-0.01,-1.29,1758762199.855131
0.01,-0.01,-1.29,1758762199.8580832
0.01,-0.01,-1.29,1758762199.861157
0.01,-0.01,-1.29,1758762199.8634698
0.01,-0.01,-1.29,1758762199.865985
0.01,-0.01,-1.29,1758762199.8691373
0.01,-0.01,-1.29,1758762199.8730526
0.01,-0.01,-1.29,1758762199.8762
0.01,-0.01,-1.29,1758762199.8793025
0.01,-0.01,-1.29,1758762199.8822613
0.01,-0.01,-1.29,1758762199.8846974
0.01,-0.01,-1.29,1758762199.887346
0.01,-0.01,-1.29,1758762199.8892434
0.01,-0.01,-1.29,1758762199.892464
0.01,-0.01,-1.29,1758762199.8959012
0.01,-0.01,-1.29,1758762199.8979397
0.01,-0.01,-1.29,1758762199.9002266
0.01,-0.01,-1.29,1758762199.9022143
0.01,-0.01,-1.29,1758762199.9057655
0.01,-0.01,-1.29,1758762199.909271
0.01,-0.01,-1.29,1758762199.9123611
0.01,-0.01,-1.29,1758762199.9153006
0.01,-0.01,-1.29,1758762199.9185755
0.01,-0.01,-1.29,1758762199.9214137
0.01,-0.01,-1.29,1758762199.9247928
0.01,-0.01,-1.29,1758762199.9267094
0.01,-0.01,-1.29,1758762199.9283607
0.01,-0.01,-1.29,1758762199.931774
0.01,-0.01,-1.29,1758762199.9348695
0.01,-0.01,-1.29,1758762199.9376724
0.01,-0.01,-1.29,1758762199.9408443
0.01,-0.01,-1.29,1758762199.9433663
0.01,-0.01,-1.29,1758762199.945659
0.01,-0.01,-1.29,1758762199.9480162
0.01,-0.01,-1.29,1758762199.950745
0.01,-0.01,-1.29,1758762199.953584
0.01,-0.01,-1.29,1758762199.9556203
0.01,-0.01,-1.29,1758762199.958001
0.01,-0.01,-1.29,1758762199.960276
0.01,-0.01,-1.29,1758762199.963717
0.01,-0.01,-1.29,1758762199.9661107
0.01,-0.01,-1.29,1758762199.9688425
0.01,-0.01,-1.29,1758762199.971343
0.01,-0.01,-1.29,1758762199.9742866
0.01,-0.01,-1.29,1758762199.976705
0.01,-0.01,-1.29,1758762199.979122
0.01,-0.01,-1.29,1758762199.9821692
0.01,-0.01,-1.29,1758762199.9852014
0.01,-0.01,-1.29,1758762199.9880352
0.01,-0.01,-1.29,1758762199.9910502
0.01,-0.01,-1.29,1758762199.993398
0.01,-0.01,-1.29,1758762199.9956894
0.01,-0.01,-1.29,1758762199.9981537
0.01,-0.01,-1.29,1758762200.0015273
0.01,-0.01,-1.29,1758762200.0040698
0.01,-0.01,-1.29,1758762200.007182
0.01,-0.01,-1.29,1758762200.009805
0.01,-0.01,-1.29,1758762200.0124784
0.01,-0.01,-1.29,1758762200.0151577
0.01,-0.01,-1.29,1758762200.0172367
0.01,-0.01,-1.29,1758762200.0195851
0.01,-0.01,-1.29,1758762200.0213535
0.01,-0.01,-1.29,1758762200.0256698
0.01,-0.01,-1.29,1758762200.028195
0.01,-0.01,-1.29,1758762200.031245
0.01,-0.01,-1.29,1758762200.0338068
0.01,-0.01,-1.29,1758762200.0358105
0.01,-0.01,-1.29,1758762200.0388815
0.01,-0.01,-1.29,1758762200.041968
0.01,-0.01,-1.29,1758762200.0445902
0.01,-0.01,-1.29,1758762200.0473063
0.01,-0.01,-1.29,1758762200.049119
0.01,-0.01,-1.29,1758762200.0518897
0.01,-0.01,-1.29,1758762200.055291
0.01,-0.01,-1.29,1758762200.0595002
0.01,-0.01,-1.29,1758762200.0629225
0.01,-0.01,-1.29,1758762200.0664294
0.01,-0.01,-1.29,1758762200.068601
0.01,-0.01,-1.29,1758762200.0721805
0.01,-0.01,-1.29,1758762200.0750823
0.01,-0.01,-1.29,1758762200.078635
0.01,-0.01,-1.29,1758762200.080854
0.01,-0.01,-1.29,1758762200.0836945
0.01,-0.01,-1.29,1758762200.0877037
0.01,-0.01,-1.29,1758762200.0917768
0.01,-0.01,-1.29,1758762200.0946872
0.01,-0.01,-1.29,1758762200.0977814
0.01,-0.01,-1.29,1758762200.1005776
0.01,-0.01,-1.29,1758762200.102814
0.01,-0.01,-1.29,1758762200.1065905
0.01,-0.01,-1.29,1758762200.1101005
0.01,-0.01,-1.29,1758762200.113016
0.01,-0.01,-1.29,1758762200.1163168
0.01,-0.01,-1.29,1758762200.1192226
0.01,-0.01,-1.29,1758762200.1224566
0.01,-0.01,-1.29,1758762200.1252325
0.01,-0.01,-1.29,1758762200.1283596
0.01,-0.01,-1.29,1758762200.1308265
0.01,-0.01,-1.29,1758762200.1331086
0.01,-0.01,-1.29,1758762200.137605
0.01,-0.01,-1.29,1758762200.1402504
0.01,-0.01,-1.29,1758762200.1439269
0.01,-0.01,-1.29,1758762200.1464226
0.01,-0.01,-1.29,1758762200.1484227
0.01,-0.01,-1.29,1758762200.151475
0.01,-0.01,-1.29,1758762200.1549697
0.01,-0.01,-1.29,1758762200.1581647
0.01,-0.01,-1.29,1758762200.1606846
0.01,-0.01,-1.29,1758762200.1641364
0.01,-0.01,-1.29,1758762200.168168
0.01,-0.01,-1.29,1758762200.171502
0.01,-0.01,-1.29,1758762200.174736
0.01,-0.01,-1.29,1758762200.178924
0.01,-0.01,-1.29,1758762200.1807506
0.01,-0.01,-1.29,1758762200.183668
0.01,-0.01,-1.29,1758762200.1868098
0.01,-0.01,-1.29,1758762200.188969
0.01,-0.01,-1.29,1758762200.1942203
0.01,-0.01,-1.29,1758762200.1965702
0.01,-0.01,-1.29,1758762200.200247
0.01,-0.01,-1.29,1758762200.2042432
0.01,-0.01,-1.29,1758762200.207131
0.01,-0.01,-1.29,1758762200.210197
0.01,-0.01,-1.29,1758762200.2128975
0.01,-0.01,-1.29,1758762200.2166884
0.01,-0.01,-1.29,1758762200.220481
0.01,-0.01,-1.29,1758762200.224501
0.01,-0.01,-1.29,1758762200.2283666
0.01,-0.01,-1.29,1758762200.2329743
0.01,-0.01,-1.29,1758762200.237295
0.01,-0.01,-1.29,1758762200.2400155
0.01,-0.01,-1.29,1758762200.2428863
0.01,-0.01,-1.29,1758762200.2463362
0.01,-0.01,-1.29,1758762200.2493627
0.01,-0.01,-1.29,1758762200.2521255
0.01,-0.01,-1.29,1758762200.2551885
0.01,-0.01,-1.29,1758762200.25836
0.01,-0.01,-1.29,1758762200.2616868
0.01,-0.01,-1.29,1758762200.2657485
0.01,-0.01,-1.29,1758762200.2680674
0.01,-0.01,-1.29,1758762200.2715724
0.01,-0.01,-1.29,1758762200.2758944
0.01,-0.01,-1.29,1758762200.2791853
0.01,-0.01,-1.29,1758762200.2824314
0.01,-0.01,-1.29,1758762200.2848592
0.01,-0.01,-1.29,1758762200.288667
0.01,-0.01,-1.29,1758762200.2925825
0.01,-0.01,-1.29,1758762200.296492
0.01,-0.01,-1.29,1758762200.3004267
0.01,-0.01,-1.29,1758762200.3049068
0.01,-0.01,-1.29,1758762200.308644
0.01,-0.01,-1.29,1758762200.3127716
0.01,-0.01,-1.29,1758762200.3163087
0.01,-0.01,-1.29,1758762200.3198612
0.01,-0.01,-1.29,1758762200.3237422
0.01,-0.01,-1.29,1758762200.3274312
0.01,-0.01,-1.29,1758762200.3309722
0.01,-0.01,-1.29,1758762200.3343222
0.01,-0.01,-1.29,1758762200.3385816
0.01,-0.01,-1.29,1758762200.3409016
0.01,-0.01,-1.29,1758762200.3438835
0.01,-0.01,-1.29,1758762200.347906
0.01,-0.01,-1.29,1758762200.3510196
0.01,-0.01,-1.29,1758762200.3540492
0.01,-0.01,-1.29,1758762200.3581717
0.01,-0.01,-1.29,1758762200.360189
0.01,-0.01,-1.29,1758762200.3638062
0.01,-0.01,-1.29,1758762200.368052
0.01,-0.01,-1.29,1758762200.3724267
0.01,-0.01,-1.29,1758762200.376826
0.01,-0.01,-1.29,1758762200.379668
0.01,-0.01,-1.29,1758762200.3819697
0.01,-0.01,-1.29,1758762200.3842647
0.01,-0.01,-1.29,1758762200.387339
0.01,-0.01,-1.29,1758762200.3926468
0.01,-0.01,-1.29,1758762200.396229
0.01,-0.01,-1.29,1758762200.3992758
0.01,-0.01,-1.29,1758762200.402006
0.01,-0.01,-1.29,1758762200.4045784
0.01,-0.01,-1.29,1758762200.4079528
0.01,-0.01,-1.29,1758762200.411371
0.01,-0.01,-1.29,1758762200.4142687
0.01,-0.01,-1.29,1758762200.41883
0.01,-0.01,-1.29,1758762200.4228573
0.01,-0.01,-1.29,1758762200.4248686
0.01,-0.01,-1.29,1758762200.4281647
0.01,-0.01,-1.29,1758762200.431569
0.01,-0.01,-1.29,1758762200.4345913
0.01,-0.01,-1.29,1758762200.4372537
0.01,-0.01,-1.29,1758762200.4399097
0.01,-0.01,-1.29,1758762200.4427588
0.01,-0.01,-1.29,1758762200.4452436
0.01,-0.01,-1.29,1758762200.4473865
0.01,-0.01,-1.29,1758762200.4492931
0.01,-0.01,-1.29,1758762200.4519684
0.01,-0.01,-1.29,1758762200.4547153
0.01,-0.01,-1.29,1758762200.4574814
0.01,-0.01,-1.29,1758762200.4599793
0.01,-0.01,-1.29,1758762200.46268
0.01,-0.01,-1.29,1758762200.4650152
0.01,-0.01,-1.29,1758762200.467855
0.01,-0.01,-1.29,1758762200.4702609
0.01,-0.01,-1.29,1758762200.4731336
0.01,-0.01,-1.29,1758762200.4757645
0.01,-0.01,-1.29,1758762200.477769
0.01,-0.01,-1.29,1758762200.479812
0.01,-0.01,-1.29,1758762200.4822717
0.01,-0.01,-1.29,1758762200.4842246
0.01,-0.01,-1.29,1758762200.488454
0.01,-0.01,-1.29,1758762200.490621
0.01,-0.01,-1.29,1758762200.4943748
0.01,-0.01,-1.29,1758762200.498983
0.01,-0.01,-1.29,1758762200.5020928
0.01,-0.01,-1.29,1758762200.504811
0.01,-0.01,-1.29,1758762200.5073738
0.01,-0.01,-1.29,1758762200.5096033
0.01,-0.01,-1.29,1758762200.512404
0.01,-0.01,-1.29,1758762200.5147858
0.01,-0.01,-1.29,1758762200.5171585
0.01,-0.01,-1.29,1758762200.519199
0.01,-0.01,-1.29,1758762200.521143
0.01,-0.01,-1.29,1758762200.5240169
0.01,-0.01,-1.29,1758762200.526854
0.01,-0.01,-1.29,1758762200.5289402
0.01,-0.01,-1.29,1758762200.531072
0.01,-0.01,-1.29,1758762200.5330708
0.01,-0.01,-1.29,1758762200.5355723
0.01,-0.01,-1.29,1758762200.5383372
0.01,-0.01,-1.29,1758762200.5405126
0.01,-0.01,-1.29,1758762200.5433588
0.01,-0.01,-1.29,1758762200.546109
0.01,-0.01,-1.29,1758762200.5497997
0.01,-0.01,-1.29,1758762200.553555
0.01,-0.01,-1.29,1758762200.5561712
0.01,-0.01,-1.29,1758762200.5581884
0.01,-0.01,-1.29,1758762200.561407
0.01,-0.01,-1.29,1758762200.5645933
0.01,-0.01,-1.29,1758762200.5669732
0.01,-0.01,-1.29,1758762200.5693772
0.01,-0.01,-1.29,1758762200.5726328
0.01,-0.01,-1.29,1758762200.5748582
0.01,-0.01,-1.29,1758762200.5775857
0.01,-0.01,-1.29,1758762200.5797288
0.01,-0.01,-1.29,1758762200.5816674
0.01,-0.01,-1.29,1758762200.5844598
0.01,-0.01,-1.29,1758762200.5868714
0.01,-0.01,-1.29,1758762200.5886817
0.01,-0.01,-1.29,1758762200.5904565
0.01,-0.01,-1.29,1758762200.5929406
0.01,-0.01,-1.29,1758762200.594738
0.01,-0.01,-1.29,1758762200.5974786
0.01,-0.01,-1.29,1758762200.5998485
0.01,-0.01,-1.29,1758762200.6018572
0.01,-0.01,-1.29,1758762200.6040258
0.01,-0.01,-1.29,1758762200.6066642
0.01,-0.01,-1.29,1758762200.6092105
0.01,-0.02,-1.29,1758762200.6109946
0.01,-0.01,-1.29,1758762200.612837
0.01,-0.01,-1.29,1758762200.615494
0.01,-0.01,-1.29,1758762200.6176543
0.01,-0.01,-1.29,1758762200.6194694
0.01,-0.01,-1.29,1758762200.6220667
0.01,-0.01,-1.29,1758762200.6241007
0.01,-0.01,-1.29,1758762200.6267743
0.01,-0.01,-1.29,1758762200.6290026
0.01,-0.01,-1.29,1758762200.630767
0.01,-0.01,-1.29,1758762200.6336095
0.01,-0.01,-1.29,1758762200.6362183
0.01,-0.01,-1.29,1758762200.6385891
0.01,-0.01,-1.29,1758762200.640789
0.01,-0.01,-1.29,1758762200.6425989
0.01,-0.01,-1.29,1758762200.6453016
0.01,-0.01,-1.29,1758762200.6470828
0.01,-0.01,-1.29,1758762200.6498408
0.01,-0.02,-1.29,1758762200.6518593
0.01,-0.02,-1.29,1758762200.655583
0.01,-0.02,-1.29,1758762200.6583755
0.01,-0.02,-1.29,1758762200.660145
0.01,-0.02,-1.29,1758762200.6619222
0.01,-0.02,-1.29,1758762200.664688
0.01,-0.01,-1.29,1758762200.6668968
0.01,-0.01,-1.29,1758762200.6707182
0.01,-0.01,-1.29,1758762200.6740742
0.01,-0.02,-1.29,1758762200.6760657
0.01,-0.02,-1.29,1758762200.6797118
0.01,-0.01,-1.29,1758762200.6833093
0.01,-0.02,-1.29,1758762200.685881
0.01,-0.01,-1.29,1758762200.6890888
0.01,-0.02,-1.29,1758762200.6918194
0.01,-0.02,-1.29,1758762200.6956234
0.01,-0.02,-1.29,1758762200.6979628
0.01,-0.01,-1.29,1758762200.7011306
0.01,-0.01,-1.29,1758762200.7038248
0.01,-0.02,-1.29,1758762200.7073452
0.01,-0.02,-1.29,1758762200.7099197
0.01,-0.02,-1.29,1758762200.712842
0.01,-0.02,-1.29,1758762200.7162943
0.01,-0.02,-1.29,1758762200.719398
0.01,-0.02,-1.29,1758762200.7221684
0.01,-0.02,-1.29,1758762200.7243395
0.01,-0.02,-1.29,1758762200.7274938
0.01,-0.02,-1.29,1758762200.7303388
0.01,-0.02,-1.29,1758762200.7326882
0.01,-0.02,-1.29,1758762200.7353735
0.01,-0.02,-1.29,1758762200.7381
0.01,-0.02,-1.29,1758762200.7401376
0.01,-0.02,-1.29,1758762200.742159
0.01,-0.02,-1.29,1758762200.7453496
0.01,-0.02,-1.29,1758762200.7480354
0.01,-0.02,-1.29,1758762200.7518609
0.01,-0.02,-1.29,1758762200.7547982
0.01,-0.02,-1.29,1758762200.757521
0.01,-0.02,-1.29,1758762200.7609174
0.01,-0.02,-1.29,1758762200.763575
0.01,-0.02,-1.29,1758762200.7662458
0.01,-0.02,-1.29,1758762200.7695067
0.01,-0.02,-1.29,1758762200.7726967
0.01,-0.02,-1.29,1758762200.7753868
0.01,-0.02,-1.29,1758762200.7786696
0.01,-0.01,-1.29,1758762200.7812924
0.01,-0.01,-1.29,1758762200.784195
0.01,-0.01,-1.29,1758762200.7860498
0.01,-0.01,-1.29,1758762200.787851
0.01,-0.02,-1.29,1758762200.7897022
0.01,-0.01,-1.29,1758762200.7915938
0.01,-0.01,-1.29,1758762200.793631
0.01,-0.02,-1.29,1758762200.7954922
0.01,-0.01,-1.29,1758762200.7972703
0.01,-0.01,-1.29,1758762200.7990916
0.01,-0.01,-1.29,1758762200.8016891
0.01,-0.01,-1.29,1758762200.80385
0.01,-0.01,-1.29,1758762200.8063426
0.01,-0.01,-1.29,1758762200.8088906
0.01,-0.01,-1.29,1758762200.8107195
0.01,-0.02,-1.29,1758762200.8128293
0.01,-0.02,-1.29,1758762200.814619
0.01,-0.02,-1.29,1758762200.816846
0.01,-0.01,-1.29,1758762200.819313
0.01,-0.01,-1.29,1758762200.8222368
0.01,-0.01,-1.29,1758762200.8244538
0.01,-0.01,-1.29,1758762200.8275588
0.01,-0.02,-1.29,1758762200.8298025
0.01,-0.02,-1.29,1758762200.832005
0.01,-0.02,-1.29,1758762200.8346465
0.01,-0.02,-1.29,1758762200.836505
0.01,-0.02,-1.29,1758762200.838854
0.01,-0.02,-1.29,1758762200.8407135
0.01,-0.02,-1.29,1758762200.8427937
0.01,-0.01,-1.29,1758762200.8446925
0.01,-0.01,-1.29,1758762200.846604
0.01,-0.01,-1.29,1758762200.8485725
0.01,-0.01,-1.29,1758762200.851248
0.01,-0.01,-1.29,1758762200.853943
0.01,-0.01,-1.29,1758762200.8561304
0.01,-0.01,-1.29,1758762200.8585024
0.01,-0.01,-1.29,1758762200.8613057
0.01,-0.01,-1.29,1758762200.863974
0.01,-0.01,-1.29,1758762200.866573
0.01,-0.01,-1.29,1758762200.86905
0.01,-0.01,-1.29,1758762200.871343
0.01,-0.01,-1.29,1758762200.8737924
0.01,-0.01,-1.29,1758762200.8766234
0.01,-0.01,-1.29,1758762200.8787856
0.01,-0.01,-1.29,1758762200.8809614
0.01,-0.01,-1.29,1758762200.882917
0.01,-0.01,-1.29,1758762200.8847628
0.01,-0.01,-1.29,1758762200.8865051
0.01,-0.01,-1.29,1758762200.888335
0.01,-0.01,-1.29,1758762200.8902657
0.01,-0.01,-1.29,1758762200.8930082
0.01,-0.01,-1.29,1758762200.89492
0.01,-0.01,-1.29,1758762200.896801
0.01,-0.01,-1.29,1758762200.8986692
0.01,-0.01,-1.29,1758762200.9004838
0.01,-0.01,-1.29,1758762200.9028668
0.01,-0.01,-1.29,1758762200.905581
0.01,-0.01,-1.29,1758762200.9077916
0.01,-0.01,-1.29,1758762200.910548
0.01,-0.01,-1.29,1758762200.9144018
0.01,-0.01,-1.29,1758762200.9174829
0.01,-0.01,-1.29,1758762200.9202104
0.01,-0.01,-1.29,1758762200.9230793
0.01,-0.01,-1.29,1758762200.925472
0.01,-0.01,-1.29,1758762200.928203
0.01,-0.01,-1.29,1758762200.931003
0.01,-0.01,-1.29,1758762200.9341276
0.01,-0.01,-1.29,1758762200.9369702
0.01,-0.01,-1.29,1758762200.939823
0.01,-0.01,-1.29,1758762200.9431722
0.01,-0.01,-1.29,1758762200.945736
0.01,-0.01,-1.29,1758762200.9482644
0.01,-0.01,-1.29,1758762200.9517794
0.01,-0.01,-1.29,1758762200.9548318
0.01,-0.01,-1.29,1758762200.9565625
0.01,-0.01,-1.29,1758762200.9582298
0.01,-0.01,-1.29,1758762200.959931
0.01,-0.01,-1.29,1758762200.9623058
0.01,-0.01,-1.3,1758762200.9640784
0.01,-0.01,-1.3,1758762200.9661806
0.01,-0.01,-1.3,1758762200.9685998
0.01,-0.01,-1.3,1758762200.9714491
0.01,-0.01,-1.3,1758762200.9746785
0.01,-0.01,-1.3,1758762200.9771514
0.01,-0.01,-1.3,1758762200.979646
0.01,-0.01,-1.3,1758762200.9813948
0.01,-0.01,-1.3,1758762200.9853065
0.01,-0.01,-1.3,1758762200.9886746
0.01,-0.01,-1.3,1758762200.9915535
0.01,-0.01,-1.3,1758762200.9946797
0.01,-0.01,-1.3,1758762200.996529
0.01,-0.01,-1.3,1758762200.998729
0.01,-0.01,-1.3,1758762201.0005038
0.01,-0.01,-1.3,1758762201.0026147
0.01,-0.01,-1.3,1758762201.00482
0.01,-0.01,-1.3,1758762201.0065403
0.01,-0.01,-1.3,1758762201.008377
0.01,-0.01,-1.3,1758762201.0106995
0.01,-0.01,-1.3,1758762201.0129466
0.01,-0.01,-1.3,1758762201.0156054
0.01,-0.01,-1.3,1758762201.018286
0.01,-0.01,-1.3,1758762201.020084
0.01,-0.01,-1.3,1758762201.0224235
0.01,-0.01,-1.3,1758762201.0246298
0.01,-0.01,-1.3,1758762201.0272863
0.01,-0.01,-1.3,1758762201.0289636
0.01,-0.01,-1.3,1758762201.0312097
0.01,-0.01,-1.3,1758762201.0343382
0.01,-0.01,-1.3,1758762201.037704
0.01,-0.01,-1.3,1758762201.0400116
0.01,-0.01,-1.3,1758762201.0430236
0.01,-0.01,-1.3,1758762201.0462325
0.01,-0.01,-1.3,1758762201.0487535
0.01,-0.01,-1.3,1758762201.0504026
0.01,-0.01,-1.3,1758762201.0520914
0.01,-0.01,-1.3,1758762201.054597
0.01,-0.01,-1.3,1758762201.056352
0.01,-0.01,-1.3,1758762201.0580523
0.01,-0.01,-1.3,1758762201.0597122
0.01,-0.01,-1.3,1758762201.061395
0.01,-0.01,-1.3,1758762201.0634444
0.01,-0.01,-1.3,1758762201.066711
0.01,-0.01,-1.3,1758762201.069524
0.01,-0.01,-1.3,1758762201.0728316
0.01,-0.01,-1.3,1758762201.075305
0.01,-0.01,-1.3,1758762201.0773692
0.01,-0.01,-1.3,1758762201.079388
0.01,-0.01,-1.3,1758762201.081
0.01,-0.01,-1.3,1758762201.0827303
0.01,-0.01,-1.3,1758762201.0844228
0.01,-0.01,-1.3,1758762201.0864682
0.01,-0.01,-1.3,1758762201.0888128
0.01,-0.01,-1.3,1758762201.0914712
0.01,-0.01,-1.3,1758762201.0933118
0.01,-0.01,-1.3,1758762201.0950332
0.01,-0.01,-1.3,1758762201.0967045
0.01,-0.01,-1.3,1758762201.098351
0.01,-0.01,-1.3,1758762201.100385
0.01,-0.01,-1.3,1758762201.102075
0.01,-0.01,-1.3,1758762201.104632
0.01,-0.01,-1.3,1758762201.1071084
0.01,-0.01,-1.3,1758762201.1087627
0.01,-0.01,-1.3,1758762201.1108809
0.01,-0.01,-1.3,1758762201.1132045
0.01,-0.01,-1.3,1758762201.1151955
0.01,-0.01,-1.3,1758762201.117057
0.01,-0.01,-1.3,1758762201.1192422
0.01,-0.01,-1.3,1758762201.121644
0.01,-0.01,-1.3,1758762201.12386
0.01,-0.01,-1.3,1758762201.1263738
0.01,-0.01,-1.3,1758762201.128672
0.01,-0.01,-1.3,1758762201.1310155
0.01,-0.01,-1.3,1758762201.1335995
0.01,-0.01,-1.3,1758762201.1353178
0.01,-0.01,-1.3,1758762201.1371698
0.01,-0.01,-1.3,1758762201.138829
0.01,-0.01,-1.3,1758762201.1405718
0.01,-0.01,-1.3,1758762201.1422126
0.01,-0.01,-1.3,1758762201.1442866
0.01,-0.01,-1.3,1758762201.145872
0.01,-0.01,-1.3,1758762201.147553
0.01,-0.01,-1.3,1758762201.149212
0.01,-0.01,-1.3,1758762201.151055
0.01,-0.01,-1.3,1758762201.153132
0.01,-0.01,-1.3,1758762201.1552615
0.01,-0.01,-1.3,1758762201.1574025
0.01,-0.01,-1.3,1758762201.1594677
0.01,-0.01,-1.3,1758762201.161188
0.01,-0.01,-1.3,1758762201.1632092
0.01,-0.01,-1.3,1758762201.1655369
0.01,-0.01,-1.3,1758762201.1674614
0.01,-0.01,-1.3,1758762201.1691542
0.01,-0.01,-1.3,1758762201.1707666
0.01,-0.01,-1.3,1758762201.172711
0.01,-0.01,-1.3,1758762201.174566
0.01,-0.01,-1.3,1758762201.1765351
0.01,-0.01,-1.3,1758762201.178485
0.01,-0.01,-1.3,1758762201.1804187
0.01,-0.01,-1.3,1758762201.1823988
0.01,-0.02,-1.3,1758762201.1843696
0.01,-0.02,-1.3,1758762201.1862926
0.01,-0.02,-1.3,1758762201.1882882
0.01,-0.02,-1.3,1758762201.190264
0.01,-0.01,-1.3,1758762201.1921632
0.01,-0.01,-1.3,1758762201.194772
0.01,-0.01,-1.3,1758762201.1965024
0.01,-0.01,-1.3,1758762201.198655
0.01,-0.01,-1.3,1758762201.200293
0.01,-0.01,-1.3,1758762201.202907
0.01,-0.01,-1.3,1758762201.205165
0.01,-0.01,-1.3,1758762201.2069354
0.01,-0.01,-1.3,1758762201.2092412
0.01,-0.01,-1.3,1758762201.2115412
0.01,-0.01,-1.3,1758762201.213995
0.01,-0.01,-1.3,1758762201.2163925
0.01,-0.01,-1.3,1758762201.2189653
0.01,-0.01,-1.3,1758762201.2212918
0.01,-0.01,-1.3,1758762201.2236078
0.01,-0.01,-1.3,1758762201.226058
0.01,-0.01,-1.3,1758762201.2283158
0.01,-0.01,-1.3,1758762201.230693
0.01,-0.01,-1.3,1758762201.2330136
0.01,-0.01,-1.3,1758762201.2353108
0.01,-0.01,-1.3,1758762201.2376273
0.01,-0.01,-1.3,1758762201.2398636
0.01,-0.01,-1.3,1758762201.242169
0.01,-0.01,-1.3,1758762201.2451854
0.01,-0.01,-1.3,1758762201.2475288
0.01,-0.01,-1.3,1758762201.2498422
0.01,-0.01,-1.3,1758762201.2522154
0.01,-0.01,-1.3,1758762201.254619
0.01,-0.01,-1.3,1758762201.256891
0.01,-0.01,-1.3,1758762201.259225
0.01,-0.01,-1.3,1758762201.2615292
0.01,-0.01,-1.3,1758762201.2644851
0.01,-0.01,-1.3,1758762201.26683
0.01,-0.01,-1.3,1758762201.2690897
0.01,-0.01,-1.3,1758762201.2714128
0.01,-0.01,-1.3,1758762201.2737336
0.01,-0.01,-1.3,1758762201.2760403
0.01,-0.01,-1.3,1758762201.2785127
0.01,-0.01,-1.3,1758762201.280795
0.01,-0.01,-1.3,1758762201.2833664
0.01,-0.01,-1.3,1758762201.2856646
0.01,-0.01,-1.3,1758762201.2879672
0.01,-0.01,-1.3,1758762201.2906644
0.01,-0.01,-1.3,1758762201.293227
0.01,-0.01,-1.3,1758762201.2961588
0.01,-0.01,-1.3,1758762201.2992897
0.01,-0.01,-1.3,1758762201.3016286
0.01,-0.01,-1.3,1758762201.3040037
0.01,-0.01,-1.3,1758762201.306335
0.01,-0.01,-1.3,1758762201.308535
0.01,-0.01,-1.3,1758762201.310801
0.01,-0.01,-1.3,1758762201.31356
0.01,-0.01,-1.3,1758762201.316218
0.01,-0.01,-1.3,1758762201.318685
0.01,-0.01,-1.3,1758762201.3214595
0.01,-0.01,-1.3,1758762201.323997
0.01,-0.01,-1.3,1758762201.326835
0.01,-0.01,-1.3,1758762201.3291757
0.01,-0.01,-1.3,1758762201.331438
0.01,-0.01,-1.3,1758762201.3337748
0.01,-0.01,-1.3,1758762201.3360052
0.01,-0.01,-1.3,1758762201.3383648
0.01,-0.01,-1.3,1758762201.3415475
0.01,-0.01,-1.3,1758762201.345392
0.01,-0.01,-1.3,1758762201.3476913
0.01,-0.01,-1.3,1758762201.3506002
0.01,-0.01,-1.3,1758762201.3534718
0.01,-0.01,-1.3,1758762201.3558753
0.01,-0.01,-1.3,1758762201.358394
0.01,-0.01,-1.3,1758762201.360712
0.01,-0.01,-1.3,1758762201.363069
0.01,-0.01,-1.3,1758762201.3654084
0.01,-0.01,-1.3,1758762201.36771
0.01,-0.01,-1.3,1758762201.3699803
0.01,-0.01,-1.3,1758762201.372203
0.01,-0.01,-1.3,1758762201.3746853
0.01,-0.01,-1.3,1758762201.3770082
0.01,-0.01,-1.3,1758762201.3793302
0.01,-0.01,-1.3,1758762201.3816185
0.01,-0.01,-1.3,1758762201.3840108
0.01,-0.01,-1.3,1758762201.3863888
0.01,-0.01,-1.3,1758762201.388678
0.01,-0.01,-1.3,1758762201.390981
0.01,-0.01,-1.3,1758762201.393193
0.01,-0.01,-1.3,1758762201.3954637
0.01,-0.01,-1.3,1758762201.397763
0.01,-0.01,-1.3,1758762201.4000082
0.01,-0.01,-1.3,1758762201.4022918
0.01,-0.01,-1.3,1758762201.404868
0.01,-0.01,-1.3,1758762201.407114
0.01,-0.01,-1.3,1758762201.409397
0.01,-0.01,-1.3,1758762201.4117255
0.01,-0.01,-1.3,1758762201.4140306
0.01,-0.01,-1.3,1758762201.4163723
0.01,-0.01,-1.3,1758762201.4186962
0.01,-0.01,-1.3,1758762201.4210825
0.01,-0.01,-1.3,1758762201.423375
0.01,-0.01,-1.3,1758762201.4257326
0.01,-0.01,-1.3,1758762201.428022
0.01,-0.01,-1.3,1758762201.4303083
0.01,-0.01,-1.3,1758762201.432689
0.01,-0.01,-1.3,1758762201.435069
0.01,-0.01,-1.3,1758762201.4373384
0.01,-0.01,-1.3,1758762201.4396229
0.01,-0.01,-1.3,1758762201.4419386
0.01,-0.01,-1.3,1758762201.444666
0.01,-0.01,-1.3,1758762201.4469566
0.01,-0.01,-1.3,1758762201.4492552
0.01,-0.01,-1.3,1758762201.4515617
0.01,-0.01,-1.3,1758762201.4538891
0.01,-0.01,-1.3,1758762201.456251
0.01,-0.01,-1.3,1758762201.4584842
0.01,-0.0,-1.3,1758762201.4607818
0.01,-0.01,-1.3,1758762201.4634414
0.01,-0.01,-1.3,1758762201.4660575
0.01,-0.01,-1.3,1758762201.4687505
0.01,-0.01,-1.3,1758762201.47149
0.01,-0.01,-1.3,1758762201.4742508
0.01,-0.01,-1.3,1758762201.4772558
0.01,-0.01,-1.3,1758762201.4800937
0.01,-0.01,-1.3,1758762201.4826832
0.01,-0.01,-1.3,1758762201.485191
0.01,-0.01,-1.3,1758762201.487563
0.01,-0.01,-1.3,1758762201.4900377
0.01,-0.01,-1.3,1758762201.4931304
0.01,-0.01,-1.3,1758762201.4959044
0.01,-0.01,-1.3,1758762201.4986534
0.01,-0.01,-1.3,1758762201.5010252
0.01,-0.01,-1.3,1758762201.5036812
0.01,-0.01,-1.3,1758762201.50638
0.01,-0.01,-1.3,1758762201.509023
0.01,-0.01,-1.3,1758762201.5121207
0.01,-0.01,-1.3,1758762201.5149424
0.01,-0.01,-1.3,1758762201.517744
0.01,-0.01,-1.3,1758762201.520449
0.01,-0.01,-1.3,1758762201.5231297
0.01,-0.01,-1.3,1758762201.525784
0.01,-0.01,-1.3,1758762201.528221
0.01,-0.01,-1.3,1758762201.5303946
0.01,-0.01,-1.3,1758762201.5335546
0.01,-0.01,-1.3,1758762201.5361793
0.01,-0.01,-1.3,1758762201.5387545
0.01,-0.01,-1.3,1758762201.5412304
0.01,-0.01,-1.3,1758762201.543662
0.01,-0.01,-1.3,1758762201.5464096
0.01,-0.01,-1.3,1758762201.548947
0.01,-0.01,-1.3,1758762201.5514636
0.01,-0.01,-1.3,1758762201.5543337
0.01,-0.01,-1.3,1758762201.5572667
0.01,-0.01,-1.3,1758762201.5598829
0.01,-0.01,-1.3,1758762201.5623944
0.01,-0.01,-1.3,1758762201.5649884
0.01,-0.01,-1.3,1758762201.5676022
0.01,-0.01,-1.3,1758762201.5701787
0.01,-0.01,-1.3,1758762201.5729775
0.01,-0.01,-1.3,1758762201.575621
0.01,-0.01,-1.3,1758762201.5784016
0.01,-0.01,-1.3,1758762201.5809295
0.01,-0.01,-1.3,1758762201.5833356
0.01,-0.01,-1.3,1758762201.5857158
0.01,-0.01,-1.3,1758762201.588251
0.01,-0.01,-1.3,1758762201.5907853
0.01,-0.01,-1.3,1758762201.593933
0.01,-0.01,-1.3,1758762201.5998816
0.01,-0.01,-1.3,1758762201.6024158
0.01,-0.01,-1.3,1758762201.6051552
0.01,-0.01,-1.3,1758762201.607054
0.01,-0.01,-1.3,1758762201.6093428
0.01,-0.01,-1.3,1758762201.611239
0.01,-0.01,-1.3,1758762201.613315
0.01,-0.01,-1.3,1758762201.6151807
0.01,-0.01,-1.3,1758762201.6171837
0.01,-0.01,-1.3,1758762201.6191337
0.01,-0.01,-1.3,1758762201.6214004
0.01,-0.01,-1.3,1758762201.6232288
0.01,-0.01,-1.3,1758762201.6254706
0.01,-0.01,-1.3,1758762201.6274807
0.01,-0.01,-1.3,1758762201.629814
0.01,-0.01,-1.3,1758762201.631652
0.01,-0.01,-1.3,1758762201.6337168
0.01,-0.01,-1.3,1758762201.6359017
0.01,-0.01,-1.3,1758762201.6384254
0.01,-0.01,-1.3,1758762201.640757
0.01,-0.01,-1.3,1758762201.6428678
0.01,-0.01,-1.3,1758762201.6447537
0.01,-0.01,-1.3,1758762201.6466272
0.01,-0.01,-1.3,1758762201.6484509
0.01,-0.01,-1.3,1758762201.650394
0.01,-0.01,-1.3,1758762201.6521769
0.01,-0.01,-1.3,1758762201.654056
0.01,-0.01,-1.3,1758762201.655894
0.01,-0.01,-1.3,1758762201.657881
0.01,-0.01,-1.3,1758762201.6597018
0.01,-0.01,-1.3,1758762201.6615396
0.01,-0.01,-1.3,1758762201.6632876
0.01,-0.01,-1.3,1758762201.665623
0.01,-0.01,-1.3,1758762201.667812
0.01,-0.01,-1.3,1758762201.6696415
0.01,-0.01,-1.3,1758762201.6719432
0.01,-0.01,-1.3,1758762201.6742425
0.01,-0.01,-1.3,1758762201.676516
0.01,-0.01,-1.3,1758762201.6798728
0.01,-0.01,-1.3,1758762201.6827862
0.01,-0.01,-1.3,1758762201.6853397
0.01,-0.01,-1.3,1758762201.6876338
0.01,-0.01,-1.3,1758762201.690272
0.01,-0.01,-1.3,1758762201.6945589
0.01,-0.01,-1.3,1758762201.6982417
0.01,-0.01,-1.3,1758762201.7021503
0.01,-0.01,-1.3,1758762201.7053883
0.01,-0.01,-1.3,1758762201.7079592
0.01,-0.01,-1.3,1758762201.7118268
0.01,-0.01,-1.3,1758762201.714809
0.01,-0.01,-1.3,1758762201.7171023
0.01,-0.01,-1.3,1758762201.7199578
0.01,-0.01,-1.3,1758762201.722089
0.01,-0.01,-1.3,1758762201.7243164
0.01,-0.01,-1.3,1758762201.7272034
0.01,-0.01,-1.3,1758762201.7302103
0.01,-0.01,-1.3,1758762201.7324483
0.01,-0.01,-1.3,1758762201.7350757
0.01,-0.01,-1.3,1758762201.7379022
0.01,-0.01,-1.3,1758762201.7400882
0.01,-0.01,-1.3,1758762201.7430868
0.01,-0.01,-1.3,1758762201.7453394
0.01,-0.01,-1.3,1758762201.7476163
0.01,-0.01,-1.3,1758762201.7503726
0.01,-0.01,-1.3,1758762201.7526193
0.01,-0.01,-1.3,1758762201.755374
0.01,-0.01,-1.3,1758762201.7575858
0.01,-0.01,-1.3,1758762201.7600725
0.01,-0.01,-1.3,1758762201.7630694
0.01,-0.01,-1.3,1758762201.7650414
0.01,-0.01,-1.3,1758762201.767179
0.01,-0.01,-1.3,1758762201.7700365
0.01,-0.01,-1.3,1758762201.7721975
0.01,-0.01,-1.3,1758762201.7750523
0.01,-0.01,-1.3,1758762201.7772217
0.01,-0.01,-1.3,1758762201.7793837
0.01,-0.01,-1.3,1758762201.781523
0.01,-0.01,-1.3,1758762201.7835362
0.01,-0.01,-1.3,1758762201.7860923
0.01,-0.01,-1.3,1758762201.7888222
0.01,-0.01,-1.3,1758762201.790977
0.01,-0.01,-1.3,1758762201.792927
0.01,-0.01,-1.3,1758762201.7964392
0.01,-0.01,-1.3,1758762201.7986276
0.01,-0.01,-1.3,1758762201.801324
0.01,-0.01,-1.3,1758762201.8035269
0.01,-0.01,-1.3,1758762201.8063068
0.01,-0.01,-1.3,1758762201.8084586
0.01,-0.01,-1.3,1758762201.8111894
0.01,-0.01,-1.3,1758762201.8133967
0.01,-0.01,-1.3,1758762201.8156154
0.01,-0.01,-1.3,1758762201.8175995
0.01,-0.01,-1.3,1758762201.8203728
0.01,-0.01,-1.3,1758762201.8227284
0.01,-0.01,-1.3,1758762201.8257596
0.01,-0.01,-1.3,1758762201.827886
0.01,-0.01,-1.3,1758762201.8300643
0.01,-0.01,-1.3,1758762201.833007
0.01,-0.01,-1.3,1758762201.8358035
0.01,-0.01,-1.3,1758762201.8380022
0.01,-0.01,-1.3,1758762201.840834
0.01,-0.01,-1.3,1758762201.8432631
0.01,-0.01,-1.3,1758762201.8462603
0.01,-0.01,-1.3,1758762201.848448
0.01,-0.01,-1.3,1758762201.8512695
0.01,-0.01,-1.3,1758762201.8535175
0.01,-0.01,-1.3,1758762201.8563757
0.01,-0.01,-1.3,1758762201.858451
0.01,-0.01,-1.3,1758762201.8604069
0.01,-0.01,-1.3,1758762201.86374
0.01,-0.01,-1.3,1758762201.865954
0.01,-0.01,-1.3,1758762201.868101
0.01,-0.01,-1.3,1758762201.8709238
0.01,-0.01,-1.3,1758762201.8739464
0.01,-0.01,-1.3,1758762201.8774047
0.01,-0.01,-1.3,1758762201.879638
0.01,-0.01,-1.3,1758762201.8826156
0.01,-0.01,-1.3,1758762201.8855565
0.01,-0.01,-1.3,1758762201.8883784
0.01,-0.01,-1.3,1758762201.8911345
0.01,-0.01,-1.3,1758762201.894185
0.01,-0.02,-1.3,1758762201.8971758
0.01,-0.02,-1.3,1758762201.9003754
0.01,-0.02,-1.3,1758762201.9034064
0.01,-0.02,-1.3,1758762201.9060934
0.01,-0.02,-1.3,1758762201.9093769
0.01,-0.02,-1.3,1758762201.9120731
0.01,-0.02,-1.3,1758762201.9154897
0.01,-0.02,-1.3,1758762201.918315
0.01,-0.02,-1.3,1758762201.9212315
0.01,-0.02,-1.3,1758762201.9240632
0.01,-0.02,-1.3,1758762201.9271984
0.01,-0.01,-1.3,1758762201.9298592
0.01,-0.02,-1.3,1758762201.9329312
0.01,-0.02,-1.3,1758762201.9356806
0.01,-0.02,-1.3,1758762201.9388816
0.01,-0.02,-1.3,1758762201.941685
0.01,-0.02,-1.3,1758762201.9447043
0.01,-0.02,-1.3,1758762201.9474635
0.01,-0.02,-1.3,1758762201.950446
0.01,-0.02,-1.3,1758762201.9532366
0.01,-0.02,-1.3,1758762201.956187
0.01,-0.02,-1.3,1758762201.9590137
0.01,-0.02,-1.3,1758762201.9618306
0.01,-0.02,-1.3,1758762201.9650457
0.01,-0.02,-1.3,1758762201.9680834
0.01,-0.02,-1.3,1758762201.97077
0.01,-0.02,-1.3,1758762201.97359
0.01,-0.02,-1.3,1758762201.97633
0.01,-0.02,-1.3,1758762201.9791567
0.01,-0.02,-1.3,1758762201.9823077
0.01,-0.02,-1.3,1758762201.985212
0.01,-0.02,-1.3,1758762201.9885757
0.01,-0.02,-1.3,1758762201.991616
0.01,-0.02,-1.3,1758762201.994428
0.01,-0.02,-1.3,1758762201.9975622
0.01,-0.02,-1.3,1758762202.0004003
0.01,-0.02,-1.3,1758762202.0037558
0.01,-0.02,-1.3,1758762202.0066109
0.01,-0.02,-1.31,1758762202.0098276
0.01,-0.02,-1.31,1758762202.012738
0.01,-0.02,-1.31,1758762202.0155537
0.01,-0.02,-1.31,1758762202.0186098
0.01,-0.02,-1.31,1758762202.0215046
0.01,-0.02,-1.31,1758762202.0243876
0.01,-0.02,-1.31,1758762202.0272963
0.01,-0.02,-1.31,1758762202.0300176
0.01,-0.02,-1.31,1758762202.033026
0.01,-0.02,-1.31,1758762202.0358582
0.01,-0.02,-1.31,1758762202.038902
0.01,-0.02,-1.31,1758762202.0416288
0.01,-0.02,-1.31,1758762202.0448203
0.01,-0.02,-1.31,1758762202.0475
0.01,-0.02,-1.31,1758762202.0504549
0.01,-0.02,-1.31,1758762202.0531833
0.01,-0.02,-1.31,1758762202.0562396
0.01,-0.02,-1.31,1758762202.0590832
0.01,-0.02,-1.31,1758762202.0618963
0.01,-0.02,-1.31,1758762202.0649345
0.01,-0.02,-1.31,1758762202.0684724
0.01,-0.02,-1.31,1758762202.0712345
0.01,-0.02,-1.31,1758762202.0741663
0.01,-0.02,-1.31,1758762202.0770073
0.01,-0.02,-1.31,1758762202.0799685
0.01,-0.02,-1.31,1758762202.0829298
0.01,-0.02,-1.31,1758762202.0857327
0.01,-0.02,-1.31,1758762202.0886898
0.01,-0.02,-1.31,1758762202.0917554
0.01,-0.02,-1.31,1758762202.0947838
0.01,-0.02,-1.31,1758762202.0981023
0.01,-0.02,-1.31,1758762202.1010692
0.01,-0.02,-1.31,1758762202.1039245
0.01,-0.02,-1.31,1758762202.1067758
0.01,-0.02,-1.31,1758762202.109522
0.01,-0.02,-1.31,1758762202.112201
0.01,-0.02,-1.31,1758762202.1156847
0.01,-0.02,-1.31,1758762202.1186593
0.01,-0.02,-1.31,1758762202.1213703
0.01,-0.02,-1.31,1758762202.1240647
0.01,-0.02,-1.31,1758762202.1270337
0.01,-0.02,-1.31,1758762202.1297553
0.01,-0.02,-1.31,1758762202.1328378
0.01,-0.02,-1.31,1758762202.135913
0.01,-0.02,-1.31,1758762202.1387508
0.01,-0.02,-1.31,1758762202.141555
0.01,-0.02,-1.31,1758762202.14419
0.01,-0.02,-1.31,1758762202.147177
0.01,-0.02,-1.31,1758762202.149902
0.01,-0.02,-1.31,1758762202.152735
0.01,-0.02,-1.31,1758762202.1555698
0.01,-0.02,-1.31,1758762202.1585207
0.01,-0.02,-1.31,1758762202.161287
0.01,-0.02,-1.31,1758762202.164436
0.01,-0.02,-1.31,1758762202.16719
0.01,-0.02,-1.31,1758762202.169975
0.01,-0.02,-1.31,1758762202.1727712
0.01,-0.02,-1.31,1758762202.1755438
0.01,-0.02,-1.31,1758762202.1783547
0.01,-0.02,-1.31,1758762202.181
0.01,-0.02,-1.31,1758762202.183747
0.01,-0.02,-1.31,1758762202.1864605
0.01,-0.02,-1.31,1758762202.189458
0.01,-0.02,-1.31,1758762202.1924343
0.01,-0.02,-1.31,1758762202.1952012
0.01,-0.02,-1.31,1758762202.1978464
0.01,-0.02,-1.31,1758762202.2009203
0.01,-0.02,-1.31,1758762202.2036872
0.01,-0.02,-1.31,1758762202.207301
0.01,-0.02,-1.31,1758762202.210268
0.01,-0.01,-1.31,1758762202.2131329
0.01,-0.01,-1.31,1758762202.2159815
0.01,-0.01,-1.31,1758762202.2187326
0.01,-0.02,-1.31,1758762202.2215016
0.01,-0.01,-1.31,1758762202.2248943
0.01,-0.02,-1.31,1758762202.2280238
0.01,-0.02,-1.31,1758762202.2306862
0.01,-0.02,-1.31,1758762202.2336104
0.01,-0.02,-1.31,1758762202.2362995
0.01,-0.01,-1.31,1758762202.2393763
0.01,-0.02,-1.31,1758762202.2421384
0.01,-0.01,-1.31,1758762202.245011
0.01,-0.01,-1.31,1758762202.2476947
0.01,-0.02,-1.31,1758762202.25072
0.01,-0.02,-1.31,1758762202.2534788
0.01,-0.02,-1.31,1758762202.2563634
0.01,-0.02,-1.31,1758762202.258974
0.01,-0.02,-1.31,1758762202.262002
0.01,-0.02,-1.31,1758762202.264824
0.01,-0.02,-1.31,1758762202.2674503
0.01,-0.02,-1.31,1758762202.2701125
0.01,-0.02,-1.31,1758762202.2735572
0.01,-0.02,-1.31,1758762202.276363
0.01,-0.02,-1.31,1758762202.2793336
0.01,-0.02,-1.31,1758762202.2821083
0.01,-0.02,-1.31,1758762202.2852528
0.01,-0.02,-1.31,1758762202.2880204
0.01,-0.02,-1.31,1758762202.290704
0.01,-0.02,-1.31,1758762202.2938397
0.01,-0.02,-1.31,1758762202.296633
0.01,-0.02,-1.31,1758762202.2996387
0.01,-0.02,-1.31,1758762202.3022983
0.01,-0.02,-1.31,1758762202.3051322
0.01,-0.02,-1.31,1758762202.3078046
0.01,-0.02,-1.31,1758762202.310516
0.01,-0.02,-1.31,1758762202.3131802
0.01,-0.02,-1.31,1758762202.3162217
0.01,-0.02,-1.31,1758762202.3193483
0.01,-0.02,-1.31,1758762202.3220792
0.01,-0.02,-1.31,1758762202.3251472
0.01,-0.02,-1.31,1758762202.327875
0.01,-0.02,-1.31,1758762202.330953
0.01,-0.02,-1.31,1758762202.3338037
0.01,-0.02,-1.31,1758762202.3366492
0.01,-0.02,-1.31,1758762202.3396318
0.01,-0.02,-1.31,1758762202.3424218
0.01,-0.02,-1.31,1758762202.3451908
0.01,-0.02,-1.31,1758762202.3480444
0.01,-0.02,-1.31,1758762202.3507726
0.01,-0.02,-1.31,1758762202.35363
0.01,-0.02,-1.31,1758762202.3564594
0.01,-0.02,-1.31,1758762202.359437
0.01,-0.02,-1.31,1758762202.3620598
0.01,-0.02,-1.31,1758762202.3651552
0.01,-0.02,-1.31,1758762202.3677928
0.01,-0.02,-1.31,1758762202.3704083
0.01,-0.02,-1.31,1758762202.373453
0.01,-0.02,-1.31,1758762202.376521
0.01,-0.02,-1.31,1758762202.3792052
0.01,-0.02,-1.31,1758762202.3822782
0.01,-0.02,-1.31,1758762202.3842971
0.01,-0.02,-1.31,1758762202.3862677
0.01,-0.02,-1.31,1758762202.3884854
0.01,-0.02,-1.31,1758762202.390331
0.01,-0.02,-1.31,1758762202.3921738
0.01,-0.02,-1.31,1758762202.3940833
0.01,-0.02,-1.31,1758762202.3965175
0.01,-0.02,-1.31,1758762202.3987896
0.01,-0.02,-1.31,1758762202.4006968
0.01,-0.02,-1.31,1758762202.4026594
0.01,-0.02,-1.31,1758762202.4045782
0.01,-0.02,-1.31,1758762202.4064348
0.01,-0.02,-1.31,1758762202.4083848
0.01,-0.02,-1.31,1758762202.410582
0.01,-0.02,-1.31,1758762202.4129095
0.01,-0.02,-1.31,1758762202.414899
0.01,-0.02,-1.31,1758762202.4168012
0.01,-0.02,-1.31,1758762202.418902
0.01,-0.02,-1.31,1758762202.4210331
0.01,-0.02,-1.31,1758762202.423359
0.01,-0.02,-1.31,1758762202.4253285
0.01,-0.02,-1.31,1758762202.4272382
0.01,-0.02,-1.31,1758762202.429746
0.01,-0.02,-1.31,1758762202.4316592
0.01,-0.02,-1.31,1758762202.4338484
0.01,-0.02,-1.31,1758762202.435676
0.01,-0.02,-1.31,1758762202.437987
0.01,-0.02,-1.31,1758762202.4398208
0.01,-0.02,-1.31,1758762202.441892
0.01,-0.02,-1.31,1758762202.4439993
0.01,-0.02,-1.31,1758762202.446232
0.01,-0.02,-1.31,1758762202.448167
0.01,-0.02,-1.31,1758762202.450694
0.01,-0.02,-1.31,1758762202.452614
0.01,-0.02,-1.31,1758762202.45468
0.01,-0.02,-1.31,1758762202.4566343
0.01,-0.02,-1.31,1758762202.4586265
0.01,-0.02,-1.31,1758762202.460526
0.01,-0.02,-1.31,1758762202.4622605
0.01,-0.02,-1.31,1758762202.465187
0.01,-0.02,-1.31,1758762202.467119
0.01,-0.02,-1.31,1758762202.468949
0.01,-0.02,-1.31,1758762202.470844
0.01,-0.02,-1.31,1758762202.4728987
0.01,-0.02,-1.31,1758762202.4748197
0.01,-0.02,-1.31,1758762202.4770374
0.01,-0.02,-1.31,1758762202.4793649
0.01,-0.02,-1.31,1758762202.481275
0.01,-0.02,-1.31,1758762202.4837656
0.01,-0.02,-1.31,1758762202.485649
0.01,-0.02,-1.31,1758762202.4878304
0.01,-0.02,-1.31,1758762202.489762
0.01,-0.02,-1.31,1758762202.491623
0.01,-0.02,-1.31,1758762202.4937754
0.01,-0.02,-1.31,1758762202.4956503
0.01,-0.02,-1.31,1758762202.497951
0.01,-0.02,-1.31,1758762202.4997363
0.01,-0.02,-1.31,1758762202.501799
0.01,-0.02,-1.31,1758762202.503804
0.01,-0.02,-1.31,1758762202.506005
0.01,-0.02,-1.31,1758762202.5080187
0.01,-0.02,-1.31,1758762202.509886
0.01,-0.02,-1.31,1758762202.5118475
0.01,-0.02,-1.31,1758762202.5141375
0.01,-0.02,-1.31,1758762202.516077
0.01,-0.02,-1.31,1758762202.518359
0.01,-0.02,-1.31,1758762202.5202346
0.01,-0.02,-1.31,1758762202.5224695
0.01,-0.02,-1.31,1758762202.525161
0.01,-0.02,-1.31,1758762202.527656
0.01,-0.02,-1.31,1758762202.529771
0.01,-0.02,-1.31,1758762202.5318053
0.01,-0.02,-1.31,1758762202.533725
0.01,-0.02,-1.31,1758762202.5375774
0.01,-0.02,-1.31,1758762202.5399792
0.01,-0.02,-1.31,1758762202.5418606
0.01,-0.02,-1.31,1758762202.5440938
0.01,-0.02,-1.31,1758762202.545863
0.01,-0.02,-1.31,1758762202.5477085
0.01,-0.02,-1.31,1758762202.5495284
0.01,-0.02,-1.31,1758762202.5518322
0.01,-0.02,-1.31,1758762202.554135
0.01,-0.02,-1.31,1758762202.5577617
0.01,-0.02,-1.31,1758762202.559617
0.01,-0.02,-1.31,1758762202.561681
0.01,-0.02,-1.31,1758762202.563826
0.01,-0.02,-1.31,1758762202.5656884
0.01,-0.02,-1.31,1758762202.5675104
0.01,-0.02,-1.31,1758762202.5696502
0.01,-0.02,-1.31,1758762202.5715704
0.01,-0.02,-1.31,1758762202.5738754
0.01,-0.02,-1.31,1758762202.575801
0.01,-0.02,-1.31,1758762202.578428
0.01,-0.02,-1.31,1758762202.5809495
0.01,-0.02,-1.31,1758762202.5836265
0.01,-0.02,-1.31,1758762202.58597
0.01,-0.02,-1.31,1758762202.588735
0.01,-0.02,-1.31,1758762202.591519
0.01,-0.02,-1.31,1758762202.5939295
0.01,-0.02,-1.31,1758762202.5957952
0.01,-0.02,-1.31,1758762202.5976586
0.01,-0.02,-1.31,1758762202.5998526
0.01,-0.02,-1.31,1758762202.601963
0.01,-0.02,-1.31,1758762202.604512
0.01,-0.02,-1.31,1758762202.6063232
0.01,-0.02,-1.31,1758762202.6082451
0.01,-0.02,-1.31,1758762202.6101491
0.01,-0.02,-1.31,1758762202.6119986
0.01,-0.02,-1.31,1758762202.61419
0.01,-0.02,-1.31,1758762202.6165135
0.01,-0.02,-1.31,1758762202.618409
0.01,-0.02,-1.31,1758762202.620638
0.01,-0.02,-1.31,1758762202.6224658
0.01,-0.02,-1.31,1758762202.624769
0.01,-0.02,-1.31,1758762202.626567
0.01,-0.02,-1.31,1758762202.6288235
0.01,-0.02,-1.31,1758762202.6306274
0.01,-0.02,-1.31,1758762202.6329832
0.01,-0.02,-1.31,1758762202.6349084
0.01,-0.02,-1.31,1758762202.637187
0.01,-0.02,-1.31,1758762202.639044
0.01,-0.02,-1.31,1758762202.641168
0.01,-0.02,-1.31,1758762202.643115
0.01,-0.02,-1.31,1758762202.6450846
0.01,-0.02,-1.31,1758762202.6469507
0.01,-0.02,-1.31,1758762202.649135
0.01,-0.02,-1.31,1758762202.650953
0.01,-0.02,-1.31,1758762202.6533473
0.01,-0.02,-1.31,1758762202.6551943
0.01,-0.02,-1.31,1758762202.6575236
0.01,-0.02,-1.31,1758762202.6593866
0.01,-0.02,-1.31,1758762202.6614475
0.01,-0.02,-1.31,1758762202.6634624
0.01,-0.02,-1.31,1758762202.6656237
0.01,-0.02,-1.31,1758762202.6684136
0.01,-0.02,-1.31,1758762202.670687
0.01,-0.02,-1.31,1758762202.6724896
0.01,-0.02,-1.31,1758762202.6747465
0.01,-0.02,-1.31,1758762202.6766694
0.01,-0.02,-1.31,1758762202.6785393
0.01,-0.02,-1.31,1758762202.6804483
0.01,-0.02,-1.31,1758762202.6826982
0.01,-0.02,-1.31,1758762202.6848354
0.01,-0.02,-1.31,1758762202.6871543
0.01,-0.02,-1.31,1758762202.6890447
0.01,-0.02,-1.31,1758762202.6910288
0.01,-0.02,-1.31,1758762202.6933637
0.01,-0.02,-1.31,1758762202.6963162
0.01,-0.02,-1.31,1758762202.6986885
0.01,-0.02,-1.31,1758762202.7009466
0.01,-0.02,-1.31,1758762202.7032166
0.01,-0.02,-1.31,1758762202.7055151
0.01,-0.02,-1.31,1758762202.7078598
0.01,-0.02,-1.31,1758762202.7109978
0.01,-0.02,-1.31,1758762202.7139666
0.01,-0.02,-1.31,1758762202.7171564
0.01,-0.02,-1.31,1758762202.7203648
0.01,-0.02,-1.31,1758762202.723495
0.01,-0.02,-1.31,1758762202.7266202
0.01,-0.02,-1.31,1758762202.7292676
0.01,-0.02,-1.31,1758762202.7319808
0.01,-0.02,-1.31,1758762202.734712
0.01,-0.02,-1.31,1758762202.7378063
0.01,-0.02,-1.31,1758762202.7405615
0.01,-0.02,-1.31,1758762202.7437308
0.01,-0.02,-1.31,1758762202.7465222
0.01,-0.02,-1.31,1758762202.7492762
0.01,-0.02,-1.31,1758762202.7520134
0.01,-0.02,-1.31,1758762202.7548444
0.01,-0.02,-1.31,1758762202.7579906
0.01,-0.02,-1.31,1758762202.7610855
0.01,-0.02,-1.31,1758762202.7640555
0.01,-0.02,-1.31,1758762202.7669954
0.01,-0.01,-1.31,1758762202.769724
0.01,-0.02,-1.31,1758762202.7726526
0.01,-0.02,-1.31,1758762202.7755294
0.01,-0.01,-1.31,1758762202.778583
0.01,-0.01,-1.31,1758762202.781261
0.01,-0.01,-1.31,1758762202.7839825
0.01,-0.01,-1.31,1758762202.786726
0.01,-0.01,-1.31,1758762202.7896526
0.01,-0.01,-1.31,1758762202.792353
0.01,-0.01,-1.31,1758762202.7947931
0.01,-0.01,-1.31,1758762202.796744
0.01,-0.01,-1.31,1758762202.7986217
0.01,-0.01,-1.31,1758762202.8004804
0.01,-0.01,-1.31,1758762202.8022912
0.01,-0.01,-1.31,1758762202.8046796
0.01,-0.01,-1.31,1758762202.8069642
0.01,-0.01,-1.31,1758762202.8092
0.01,-0.01,-1.31,1758762202.8110662
0.01,-0.01,-1.31,1758762202.8130443
0.01,-0.01,-1.31,1758762202.8149407
0.01,-0.01,-1.31,1758762202.8168652
0.01,-0.01,-1.31,1758762202.8191452
0.01,-0.01,-1.31,1758762202.821372
0.01,-0.01,-1.31,1758762202.8232734
0.01,-0.01,-1.31,1758762202.825508
0.01,-0.01,-1.31,1758762202.8273723
0.01,-0.01,-1.31,1758762202.82928
0.01,-0.01,-1.31,1758762202.831551
0.01,-0.01,-1.31,1758762202.8338306
0.01,-0.01,-1.31,1758762202.8356533
0.01,-0.01,-1.31,1758762202.8380206
0.01,-0.01,-1.31,1758762202.8398497
0.01,-0.01,-1.31,1758762202.8420384
0.01,-0.01,-1.31,1758762202.8439624
0.01,-0.01,-1.31,1758762202.8458495
0.01,-0.01,-1.31,1758762202.8476925
0.01,-0.01,-1.31,1758762202.8498704
0.01,-0.01,-1.31,1758762202.8517456
0.01,-0.01,-1.31,1758762202.8540006
0.01,-0.01,-1.31,1758762202.8562584
0.01,-0.01,-1.31,1758762202.8583722
0.01,-0.01,-1.31,1758762202.8603225
0.01,-0.01,-1.31,1758762202.862462
0.01,-0.01,-1.31,1758762202.8645277
0.01,-0.01,-1.31,1758762202.8664334
0.01,-0.01,-1.31,1758762202.868308
0.01,-0.01,-1.31,1758762202.8702726
0.01,-0.01,-1.31,1758762202.87216
0.01,-0.01,-1.31,1758762202.8741655
0.01,-0.01,-1.31,1758762202.8762538
0.01,-0.01,-1.31,1758762202.878533
0.01,-0.01,-1.31,1758762202.880392
0.01,-0.01,-1.31,1758762202.8826568
0.01,-0.01,-1.31,1758762202.8845074
0.01,-0.01,-1.31,1758762202.8863106
0.01,-0.01,-1.31,1758762202.888284
0.01,-0.01,-1.31,1758762202.8904746
0.01,-0.01,-1.31,1758762202.8922894
0.01,-0.01,-1.31,1758762202.8943508
0.01,-0.01,-1.31,1758762202.896344
0.01,-0.01,-1.31,1758762202.8983848
0.01,-0.01,-1.31,1758762202.900282
0.01,-0.01,-1.31,1758762202.902274
0.01,-0.01,-1.31,1758762202.9041765
0.01,-0.01,-1.31,1758762202.9063263
0.01,-0.01,-1.31,1758762202.908519
0.01,-0.01,-1.31,1758762202.9105272
0.01,-0.01,-1.31,1758762202.9127958
0.01,-0.01,-1.31,1758762202.914597
0.01,-0.01,-1.31,1758762202.9169304
0.01,-0.01,-1.31,1758762202.9191072
0.01,-0.01,-1.31,1758762202.921052
0.01,-0.01,-1.31,1758762202.9241655
0.01,-0.01,-1.31,1758762202.926278
0.01,-0.01,-1.31,1758762202.9281938
0.01,-0.01,-1.31,1758762202.9301307
0.01,-0.01,-1.31,1758762202.9322722
0.01,-0.01,-1.31,1758762202.9342964
0.01,-0.01,-1.31,1758762202.936473
0.01,-0.01,-1.31,1758762202.938463
0.01,-0.01,-1.31,1758762202.940689
0.01,-0.01,-1.31,1758762202.9428017
0.01,-0.01,-1.31,1758762202.9446447
0.01,-0.01,-1.31,1758762202.946869
0.01,-0.01,-1.31,1758762202.9487784
0.01,-0.01,-1.31,1758762202.9506538
0.01,-0.01,-1.31,1758762202.9526403
0.01,-0.01,-1.31,1758762202.954456
0.01,-0.01,-1.31,1758762202.956578
0.01,-0.01,-1.31,1758762202.9583807
0.01,-0.01,-1.31,1758762202.9605231
0.01,-0.01,-1.31,1758762202.962387
0.01,-0.01,-1.31,1758762202.964925
0.01,-0.01,-1.31,1758762202.9667342
0.01,-0.01,-1.31,1758762202.9685392
0.01,-0.01,-1.31,1758762202.970466
0.01,-0.01,-1.31,1758762202.972747
0.01,-0.01,-1.31,1758762202.974574
0.01,-0.01,-1.31,1758762202.9766517
0.01,-0.01,-1.31,1758762202.9785624
0.01,-0.01,-1.31,1758762202.980394
0.01,-0.01,-1.31,1758762202.9827564
0.01,-0.01,-1.31,1758762202.9846358
0.01,-0.01,-1.31,1758762202.9864345
0.01,-0.01,-1.31,1758762202.9889762
0.01,-0.01,-1.31,1758762202.9912057
0.01,-0.01,-1.31,1758762202.9931736
0.01,-0.01,-1.31,1758762202.995033
0.01,-0.01,-1.31,1758762202.9968288
0.01,-0.01,-1.31,1758762202.9991012
0.01,-0.01,-1.31,1758762203.001367
0.01,-0.01,-1.31,1758762203.003454
0.01,-0.01,-1.31,1758762203.0059462
0.01,-0.01,-1.31,1758762203.0081754
0.01,-0.01,-1.31,1758762203.0105612
0.01,-0.01,-1.31,1758762203.0129068
0.01,-0.01,-1.31,1758762203.015648
0.01,-0.01,-1.31,1758762203.0178275
0.01,-0.01,-1.31,1758762203.020075
0.01,-0.01,-1.31,1758762203.0223598
0.01,-0.01,-1.31,1758762203.0250196
0.01,-0.01,-1.31,1758762203.0273278
0.01,-0.01,-1.31,1758762203.0294888
0.01,-0.01,-1.31,1758762203.0321932
0.01,-0.01,-1.31,1758762203.0348165
0.01,-0.01,-1.31,1758762203.0371473
0.01,-0.01,-1.31,1758762203.039734
0.01,-0.01,-1.31,1758762203.042199
0.01,-0.01,-1.31,1758762203.0450108
0.01,-0.01,-1.31,1758762203.047238
0.01,-0.01,-1.31,1758762203.0495896
0.01,-0.01,-1.31,1758762203.052632
0.01,-0.01,-1.31,1758762203.0545726
0.01,-0.01,-1.31,1758762203.0571263
0.01,-0.01,-1.31,1758762203.0594656
0.01,-0.01,-1.31,1758762203.0617106
0.01,-0.01,-1.31,1758762203.0641174
0.01,-0.01,-1.31,1758762203.0664976
0.01,-0.01,-1.31,1758762203.0687275
0.01,-0.01,-1.31,1758762203.0709682
0.01,-0.01,-1.31,1758762203.0742052
0.01,-0.01,-1.31,1758762203.0783808
0.01,-0.01,-1.31,1758762203.0807822
0.01,-0.01,-1.31,1758762203.0842147
0.01,-0.01,-1.31,1758762203.0867178
0.01,-0.01,-1.31,1758762203.0895543
0.01,-0.01,-1.31,1758762203.091838
0.01,-0.01,-1.31,1758762203.094695
0.01,-0.01,-1.31,1758762203.0973797
0.01,-0.01,-1.31,1758762203.1012106
0.01,-0.01,-1.31,1758762203.1039357
0.01,-0.01,-1.31,1758762203.1064265
0.01,-0.01,-1.31,1758762203.108903
0.01,-0.01,-1.31,1758762203.1127048
0.01,-0.01,-1.31,1758762203.1147678
0.01,-0.01,-1.31,1758762203.1176982
0.01,-0.01,-1.31,1758762203.1200178
0.01,-0.01,-1.31,1758762203.1225686
0.01,-0.01,-1.31,1758762203.1246705
0.01,-0.01,-1.31,1758762203.1289132
0.01,-0.01,-1.31,1758762203.1313517
0.01,-0.01,-1.31,1758762203.134163
0.01,-0.01,-1.31,1758762203.1371396
0.01,-0.01,-1.31,1758762203.1394658
0.01,-0.01,-1.31,1758762203.141771
0.01,-0.01,-1.31,1758762203.144554
0.01,-0.01,-1.31,1758762203.1485603
0.01,-0.01,-1.31,1758762203.1504846
0.01,-0.01,-1.31,1758762203.1531892
0.01,-0.01,-1.31,1758762203.155928
0.01,-0.01,-1.31,1758762203.159234
0.01,-0.01,-1.31,1758762203.16141
0.01,-0.01,-1.31,1758762203.1641786
0.01,-0.01,-1.31,1758762203.1670816
0.01,-0.01,-1.31,1758762203.1696303
0.01,-0.01,-1.31,1758762203.172384
0.01,-0.01,-1.31,1758762203.1747315
0.01,-0.01,-1.31,1758762203.1774714
0.01,-0.01,-1.31,1758762203.1800027
0.01,-0.01,-1.31,1758762203.1822386
0.01,-0.01,-1.31,1758762203.1849625
0.01,-0.01,-1.31,1758762203.1884942
0.01,-0.01,-1.31,1758762203.190415
0.01,-0.01,-1.31,1758762203.1929667
0.01,-0.01,-1.31,1758762203.1969333
0.01,-0.01,-1.31,1758762203.1989248
0.01,-0.01,-1.31,1758762203.20272
0.01,-0.01,-1.31,1758762203.2046404
0.01,-0.01,-1.31,1758762203.207194
0.01,-0.01,-1.31,1758762203.210385
0.01,-0.01,-1.31,1758762203.213462
0.01,-0.01,-1.31,1758762203.216705
0.01,-0.01,-1.31,1758762203.2188225
0.01,-0.01,-1.31,1758762203.2214465
0.01,-0.01,-1.31,1758762203.223716
0.01,-0.01,-1.31,1758762203.2261455
0.01,-0.01,-1.31,1758762203.22874
0.01,-0.01,-1.31,1758762203.2306902
0.01,-0.01,-1.31,1758762203.2327816
0.01,-0.01,-1.31,1758762203.2347443
0.01,-0.01,-1.31,1758762203.2366662
0.01,-0.01,-1.31,1758762203.2385952
0.01,-0.01,-1.31,1758762203.2406886
0.01,-0.01,-1.31,1758762203.2433238
0.01,-0.01,-1.31,1758762203.2460492
0.01,-0.01,-1.31,1758762203.248646
0.01,-0.01,-1.31,1758762203.2510154
0.01,-0.01,-1.31,1758762203.2533543
0.01,-0.01,-1.31,1758762203.256137
0.01,-0.01,-1.31,1758762203.2590334
0.01,-0.01,-1.31,1758762203.2616465
0.01,-0.01,-1.31,1758762203.2648954
0.01,-0.01,-1.31,1758762203.2675583
0.01,-0.01,-1.31,1758762203.270195
0.01,-0.01,-1.31,1758762203.2728505
0.01,-0.01,-1.31,1758762203.275937
0.01,-0.01,-1.31,1758762203.2789855
0.01,-0.01,-1.31,1758762203.282098
0.01,-0.01,-1.31,1758762203.2852576
0.01,-0.01,-1.31,1758762203.2885897
0.01,-0.01,-1.32,1758762203.2914422
0.01,-0.01,-1.32,1758762203.294518
0.01,-0.01,-1.32,1758762203.298926
0.01,-0.01,-1.32,1758762203.3019154
0.01,-0.01,-1.32,1758762203.3049376
0.01,-0.01,-1.32,1758762203.3080494
0.01,-0.01,-1.32,1758762203.310779
0.01,-0.01,-1.32,1758762203.3134727
0.01,-0.01,-1.32,1758762203.3165476
0.01,-0.01,-1.32,1758762203.319623
0.01,-0.01,-1.32,1758762203.3223617
0.01,-0.01,-1.32,1758762203.3257484
0.01,-0.01,-1.32,1758762203.3284922
0.01,-0.01,-1.32,1758762203.331233
0.01,-0.01,-1.32,1758762203.3339925
0.01,-0.01,-1.32,1758762203.337123
0.01,-0.01,-1.32,1758762203.3398492
0.01,-0.01,-1.32,1758762203.3430283
0.01,-0.01,-1.32,1758762203.3457956
0.01,-0.01,-1.32,1758762203.3487914
0.01,-0.01,-1.32,1758762203.3514369
0.01,-0.01,-1.32,1758762203.3547626
0.01,-0.01,-1.32,1758762203.357542
0.01,-0.01,-1.32,1758762203.3606236
0.01,-0.01,-1.32,1758762203.3633616
0.01,-0.01,-1.32,1758762203.3662088
0.01,-0.01,-1.32,1758762203.3689432
0.01,-0.01,-1.32,1758762203.3716636
0.01,-0.01,-1.32,1758762203.3744776
0.01,-0.01,-1.32,1758762203.3776305
0.01,-0.01,-1.32,1758762203.3802829
0.01,-0.01,-1.32,1758762203.3832958
0.01,-0.01,-1.32,1758762203.3859506
0.01,-0.01,-1.32,1758762203.3889587
0.01,-0.01,-1.32,1758762203.39175
0.01,-0.01,-1.32,1758762203.3956573
0.01,-0.01,-1.32,1758762203.3988054
0.01,-0.01,-1.32,1758762203.4017885
0.01,-0.01,-1.32,1758762203.4054258
0.01,-0.01,-1.32,1758762203.409865
0.01,-0.01,-1.32,1758762203.4130414
0.01,-0.01,-1.32,1758762203.4165227
0.01,-0.01,-1.32,1758762203.420091
0.01,-0.01,-1.32,1758762203.4230838
0.01,-0.01,-1.32,1758762203.426417
0.01,-0.01,-1.32,1758762203.429331
0.01,-0.01,-1.32,1758762203.4322574
0.01,-0.01,-1.32,1758762203.435209
0.01,-0.01,-1.32,1758762203.4380653
0.01,-0.01,-1.32,1758762203.4407108
0.01,-0.01,-1.32,1758762203.443816
0.01,-0.01,-1.32,1758762203.4465666
0.01,-0.01,-1.32,1758762203.4496553
0.01,-0.01,-1.32,1758762203.4523754
0.01,-0.01,-1.32,1758762203.4552493
0.01,-0.01,-1.32,1758762203.4579897
0.01,-0.01,-1.32,1758762203.461069
0.01,-0.01,-1.32,1758762203.4637938
0.01,-0.01,-1.32,1758762203.4669042
0.01,-0.01,-1.32,1758762203.469637
0.01,-0.01,-1.32,1758762203.4727757
0.01,-0.01,-1.32,1758762203.4756238
0.01,-0.01,-1.32,1758762203.4786952
0.01,-0.01,-1.32,1758762203.481425
0.01,-0.01,-1.32,1758762203.4847412
0.01,-0.01,-1.32,1758762203.487503
0.01,-0.01,-1.32,1758762203.490419
0.01,-0.01,-1.32,1758762203.4931607
0.01,-0.01,-1.32,1758762203.4963274
0.01,-0.01,-1.32,1758762203.4991057
0.01,-0.01,-1.32,1758762203.502099
0.01,-0.01,-1.32,1758762203.5050762
0.01,-0.01,-1.32,1758762203.5078435
0.01,-0.01,-1.32,1758762203.5105712
0.01,-0.01,-1.32,1758762203.5136015
0.01,-0.01,-1.32,1758762203.516452
0.01,-0.01,-1.32,1758762203.519077
0.01,-0.01,-1.32,1758762203.5219812
0.01,-0.01,-1.32,1758762203.5251849
0.01,-0.01,-1.32,1758762203.5279124
0.01,-0.01,-1.32,1758762203.5309124
0.01,-0.01,-1.32,1758762203.5336647
0.01,-0.01,-1.32,1758762203.5367954
0.01,-0.01,-1.32,1758762203.5395265
0.01,-0.01,-1.32,1758762203.542856
0.01,-0.01,-1.32,1758762203.5455875
0.01,-0.01,-1.32,1758762203.5487354
0.01,-0.01,-1.32,1758762203.551448
0.01,-0.01,-1.32,1758762203.5545278
0.01,-0.01,-1.32,1758762203.557332
0.01,-0.01,-1.32,1758762203.560146
0.01,-0.01,-1.32,1758762203.5631237
0.01,-0.01,-1.32,1758762203.5661776
0.01,-0.01,-1.32,1758762203.5689893
0.01,-0.01,-1.32,1758762203.5716145
0.01,-0.01,-1.32,1758762203.5747344
0.01,-0.01,-1.32,1758762203.5778394
0.01,-0.01,-1.32,1758762203.5805392
0.01,-0.01,-1.32,1758762203.5835884
0.01,-0.01,-1.32,1758762203.5862906
0.01,-0.01,-1.32,1758762203.5894394
0.01,-0.01,-1.32,1758762203.5920994
0.01,-0.01,-1.32,1758762203.5950282
0.01,-0.01,-1.32,1758762203.5978012
0.01,-0.01,-1.32,1758762203.6005106
0.01,-0.01,-1.32,1758762203.6036885
0.01,-0.01,-1.32,1758762203.606779
0.01,-0.01,-1.32,1758762203.6094532
0.01,-0.01,-1.32,1758762203.6122873
0.01,-0.01,-1.32,1758762203.6151974
0.01,-0.01,-1.32,1758762203.6182742
0.01,-0.01,-1.32,1758762203.621113
0.01,-0.01,-1.32,1758762203.6238773
0.01,-0.01,-1.32,1758762203.6269944
0.01,-0.01,-1.32,1758762203.630037
0.01,-0.01,-1.32,1758762203.6329484
0.01,-0.01,-1.32,1758762203.6360974
0.01,-0.01,-1.32,1758762203.6388464
0.01,-0.01,-1.32,1758762203.6418805
0.01,-0.01,-1.32,1758762203.6446722
0.01,-0.01,-1.32,1758762203.6473527
0.01,-0.01,-1.32,1758762203.6500416
0.01,-0.01,-1.32,1758762203.6533456
0.01,-0.01,-1.32,1758762203.656909
0.01,-0.01,-1.32,1758762203.6596627
0.01,-0.01,-1.32,1758762203.6623542
0.01,-0.01,-1.32,1758762203.6654243
0.01,-0.01,-1.32,1758762203.66829
0.01,-0.01,-1.32,1758762203.67137
0.01,-0.01,-1.32,1758762203.674325
0.01,-0.01,-1.32,1758762203.6771803
0.01,-0.01,-1.32,1758762203.6801465
0.01,-0.01,-1.32,1758762203.683038
0.01,-0.01,-1.32,1758762203.6858146
0.01,-0.01,-1.32,1758762203.6889954
0.01,-0.01,-1.32,1758762203.6918323
0.01,-0.01,-1.32,1758762203.6954212
0.01,-0.01,-1.32,1758762203.6985974
0.01,-0.01,-1.32,1758762203.7026749
0.01,-0.01,-1.32,1758762203.7053428
0.01,-0.01,-1.32,1758762203.707968
0.01,-0.01,-1.32,1758762203.7110116
0.01,-0.01,-1.32,1758762203.7137656
0.01,-0.01,-1.32,1758762203.71685
0.01,-0.01,-1.32,1758762203.7198677
0.01,-0.01,-1.32,1758762203.7226048
0.01,-0.01,-1.32,1758762203.7252746
0.01,-0.01,-1.32,1758762203.728289
0.01,-0.01,-1.32,1758762203.731299
0.01,-0.01,-1.32,1758762203.7341564
0.01,-0.01,-1.32,1758762203.7368286
0.01,-0.01,-1.32,1758762203.7398813
0.01,-0.01,-1.32,1758762203.7426171
0.01,-0.01,-1.32,1758762203.7457075
0.01,-0.01,-1.32,1758762203.7483866
0.01,-0.01,-1.32,1758762203.7511156
0.01,-0.01,-1.32,1758762203.753862
0.01,-0.01,-1.32,1758762203.7565455
0.01,-0.01,-1.32,1758762203.7596073
0.01,-0.01,-1.32,1758762203.7623146
0.01,-0.01,-1.32,1758762203.7647276
0.01,-0.01,-1.32,1758762203.766665
0.01,-0.01,-1.32,1758762203.768542
0.01,-0.01,-1.32,1758762203.7703755
0.01,-0.01,-1.32,1758762203.7722769
0.01,-0.01,-1.32,1758762203.7746155
0.01,-0.01,-1.32,1758762203.7765558
0.01,-0.01,-1.32,1758762203.7786157
0.01,-0.01,-1.32,1758762203.7804644
0.01,-0.01,-1.32,1758762203.782331
0.01,-0.01,-1.32,1758762203.7847593
0.01,-0.01,-1.32,1758762203.7870064
0.01,-0.01,-1.32,1758762203.7890124
0.01,-0.01,-1.32,1758762203.7911527
0.01,-0.01,-1.32,1758762203.7933545
0.01,-0.01,-1.32,1758762203.7952998
0.01,-0.01,-1.32,1758762203.797942
0.01,-0.01,-1.32,1758762203.8000965
0.01,-0.01,-1.32,1758762203.8019576
0.01,-0.01,-1.32,1758762203.8042498
0.01,-0.01,-1.32,1758762203.8064408
0.01,-0.01,-1.32,1758762203.808801
0.01,-0.01,-1.32,1758762203.810638
0.01,-0.01,-1.32,1758762203.8124473
0.01,-0.01,-1.32,1758762203.8144636
0.01,-0.01,-1.32,1758762203.8163018
0.01,-0.01,-1.32,1758762203.8185992
0.01,-0.01,-1.32,1758762203.820425
0.01,-0.01,-1.32,1758762203.8222878
0.01,-0.01,-1.32,1758762203.8242068
0.01,-0.01,-1.32,1758762203.826182
0.01,-0.01,-1.32,1758762203.8280756
0.01,-0.01,-1.32,1758762203.8305266
0.01,-0.01,-1.32,1758762203.832342
0.01,-0.01,-1.32,1758762203.8344488
0.01,-0.01,-1.32,1758762203.8363285
0.01,-0.01,-1.32,1758762203.838159
0.01,-0.01,-1.32,1758762203.8401232
0.01,-0.01,-1.32,1758762203.8420298
0.01,-0.01,-1.32,1758762203.8441584
0.01,-0.01,-1.32,1758762203.8463137
0.01,-0.01,-1.32,1758762203.8484554
0.01,-0.01,-1.32,1758762203.8504174
0.01,-0.01,-1.32,1758762203.8521886
0.01,-0.01,-1.32,1758762203.8546228
0.01,-0.01,-1.32,1758762203.8564246
0.01,-0.01,-1.32,1758762203.8598745
0.01,-0.01,-1.32,1758762203.8621998
0.01,-0.01,-1.32,1758762203.864498
0.01,-0.01,-1.32,1758762203.8662975
0.01,-0.01,-1.32,1758762203.8685155
0.01,-0.02,-1.32,1758762203.8703492
0.01,-0.01,-1.32,1758762203.8725605
0.01,-0.01,-1.32,1758762203.8745654
0.01,-0.01,-1.32,1758762203.8768597
0.01,-0.01,-1.32,1758762203.8787851
0.01,-0.01,-1.32,1758762203.880726
0.01,-0.01,-1.32,1758762203.8829308
0.01,-0.01,-1.32,1758762203.884839
0.01,-0.01,-1.32,1758762203.8867283
0.01,-0.01,-1.32,1758762203.8889637
0.01,-0.01,-1.32,1758762203.8909488
0.01,-0.01,-1.32,1758762203.893286
0.01,-0.01,-1.32,1758762203.895249
0.01,-0.01,-1.32,1758762203.8979793
0.01,-0.01,-1.32,1758762203.899954
0.01,-0.01,-1.32,1758762203.9022565
0.01,-0.01,-1.32,1758762203.9045544
0.01,-0.01,-1.32,1758762203.9065056
0.01,-0.01,-1.32,1758762203.9083357
0.01,-0.01,-1.32,1758762203.910452
0.01,-0.01,-1.32,1758762203.9124074
0.01,-0.01,-1.32,1758762203.9144669
0.01,-0.01,-1.32,1758762203.916653
0.01,-0.01,-1.32,1758762203.9186013
0.01,-0.01,-1.32,1758762203.9204917
0.01,-0.01,-1.32,1758762203.9227598
0.01,-0.01,-1.32,1758762203.9247353
0.01,-0.01,-1.32,1758762203.9266622
0.01,-0.01,-1.32,1758762203.9292476
0.01,-0.01,-1.32,1758762203.9314585
0.01,-0.01,-1.32,1758762203.933463
0.01,-0.01,-1.32,1758762203.935422
0.01,-0.01,-1.32,1758762203.9386067
0.01,-0.01,-1.32,1758762203.9405725
0.01,-0.01,-1.32,1758762203.9424765
0.01,-0.01,-1.32,1758762203.944764
0.01,-0.01,-1.32,1758762203.9470367
0.01,-0.01,-1.32,1758762203.9497774
0.01,-0.01,-1.32,1758762203.9517355
0.01,-0.01,-1.32,1758762203.9542754
0.01,-0.01,-1.32,1758762203.9565048
0.01,-0.01,-1.32,1758762203.9591358
0.01,-0.01,-1.32,1758762203.9617205
0.01,-0.01,-1.32,1758762203.9644673
0.01,-0.01,-1.32,1758762203.9667792
0.01,-0.01,-1.32,1758762203.9693675
0.01,-0.01,-1.32,1758762203.9718926
0.01,-0.01,-1.32,1758762203.974583
0.01,-0.01,-1.32,1758762203.977135
0.01,-0.01,-1.32,1758762203.979817
0.01,-0.01,-1.32,1758762203.9823706
0.01,-0.01,-1.32,1758762203.984506
0.01,-0.01,-1.32,1758762203.986426
0.01,-0.01,-1.32,1758762203.9887097
0.01,-0.01,-1.32,1758762203.9910612
0.01,-0.01,-1.32,1758762203.9941888
0.01,-0.01,-1.32,1758762203.9964132
0.01,-0.01,-1.32,1758762203.9986262
0.01,-0.01,-1.32,1758762204.001578
0.01,-0.01,-1.32,1758762204.0035932
0.01,-0.01,-1.32,1758762204.0054471
0.01,-0.01,-1.32,1758762204.0077348
0.01,-0.01,-1.32,1758762204.01029
0.01,-0.01,-1.32,1758762204.0127566
0.01,-0.01,-1.32,1758762204.0148487
0.01,-0.01,-1.32,1758762204.016744
0.01,-0.01,-1.32,1758762204.01871
0.01,-0.01,-1.32,1758762204.021233
0.01,-0.01,-1.32,1758762204.0231602
0.01,-0.01,-1.32,1758762204.026242
0.01,-0.01,-1.32,1758762204.0284836
0.01,-0.01,-1.32,1758762204.0304775
0.01,-0.01,-1.32,1758762204.0324202
0.01,-0.0,-1.32,1758762204.034755
0.01,-0.0,-1.32,1758762204.0371282
0.01,-0.0,-1.32,1758762204.0401516
0.01,-0.01,-1.32,1758762204.0426996
0.01,-0.0,-1.32,1758762204.0454023
0.01,-0.0,-1.32,1758762204.047644
0.01,-0.01,-1.32,1758762204.0497952
0.01,-0.0,-1.32,1758762204.0517864
0.01,-0.0,-1.32,1758762204.0537908
0.01,-0.0,-1.32,1758762204.056626
0.01,-0.0,-1.32,1758762204.0593069
0.01,-0.0,-1.32,1758762204.0618112
0.01,-0.0,-1.32,1758762204.0643282
0.01,-0.0,-1.32,1758762204.0666444
0.01,-0.0,-1.32,1758762204.0688827
0.01,-0.0,-1.32,1758762204.0710912
0.01,-0.0,-1.32,1758762204.0737653
0.01,-0.0,-1.32,1758762204.0760753
0.01,-0.0,-1.32,1758762204.078688
0.01,-0.0,-1.32,1758762204.080891
0.01,-0.0,-1.32,1758762204.0834267
0.01,-0.0,-1.32,1758762204.0858395
0.01,-0.0,-1.32,1758762204.0876613
0.01,-0.0,-1.32,1758762204.090165
0.01,-0.0,-1.32,1758762204.0923803
0.01,-0.0,-1.32,1758762204.0951543
0.01,-0.01,-1.32,1758762204.097483
0.01,-0.0,-1.32,1758762204.1001856
0.01,-0.0,-1.32,1758762204.102364
0.01,-0.0,-1.32,1758762204.1049478
0.01,-0.0,-1.32,1758762204.1075068
0.01,-0.0,-1.32,1758762204.1100557
0.01,-0.01,-1.32,1758762204.1123192
0.01,-0.0,-1.32,1758762204.115187
0.01,-0.01,-1.32,1758762204.1175451
0.01,-0.01,-1.32,1758762204.119746
0.01,-0.01,-1.32,1758762204.1219158
0.01,-0.01,-1.32,1758762204.1244457
0.01,-0.01,-1.32,1758762204.126624
0.01,-0.01,-1.32,1758762204.1288571
0.01,-0.01,-1.32,1758762204.1309986
0.01,-0.01,-1.32,1758762204.133235
0.01,-0.01,-1.32,1758762204.1353736
0.01,-0.01,-1.32,1758762204.1375666
0.01,-0.01,-1.32,1758762204.139863
0.01,-0.01,-1.32,1758762204.1433206
0.01,-0.01,-1.32,1758762204.145462
0.01,-0.01,-1.32,1758762204.1474311
0.01,-0.01,-1.32,1758762204.1496809
0.01,-0.01,-1.32,1758762204.1515498
0.01,-0.01,-1.32,1758762204.1537025
0.01,-0.01,-1.32,1758762204.1555948
0.01,-0.01,-1.32,1758762204.157487
0.01,-0.01,-1.32,1758762204.1598222
0.01,-0.01,-1.32,1758762204.1622138
0.01,-0.01,-1.32,1758762204.165165
0.01,-0.01,-1.32,1758762204.1677558
0.01,-0.01,-1.32,1758762204.1699116
0.01,-0.01,-1.32,1758762204.1726482
0.01,-0.01,-1.32,1758762204.1750152
0.01,-0.01,-1.32,1758762204.1776445
0.01,-0.01,-1.32,1758762204.1797905
0.01,-0.01,-1.32,1758762204.181951
0.01,-0.01,-1.32,1758762204.1843452
0.01,-0.01,-1.32,1758762204.1867435
0.01,-0.01,-1.32,1758762204.18906
0.01,-0.01,-1.32,1758762204.191875
0.01,-0.01,-1.32,1758762204.194534
0.01,-0.01,-1.32,1758762204.1969657
0.01,-0.01,-1.32,1758762204.199065
0.01,-0.01,-1.32,1758762204.2015631
0.01,-0.01,-1.32,1758762204.2039423
0.01,-0.01,-1.32,1758762204.2066264
0.01,-0.01,-1.32,1758762204.2089503
0.01,-0.01,-1.32,1758762204.2112205
0.01,-0.01,-1.32,1758762204.213281
0.01,-0.01,-1.32,1758762204.2158575
0.01,-0.01,-1.32,1758762204.2184565
0.01,-0.01,-1.32,1758762204.2206264
0.01,-0.01,-1.32,1758762204.2231855
0.01,-0.01,-1.32,1758762204.225726
0.01,-0.01,-1.32,1758762204.227944
0.01,-0.01,-1.32,1758762204.2305644
0.01,-0.01,-1.32,1758762204.2328668
0.01,-0.02,-1.32,1758762204.235217
0.01,-0.01,-1.32,1758762204.2375288
0.01,-0.01,-1.32,1758762204.2397888
0.01,-0.01,-1.32,1758762204.2420304
0.01,-0.01,-1.32,1758762204.2446544
0.01,-0.01,-1.32,1758762204.2464724
0.01,-0.01,-1.32,1758762204.2490325
0.01,-0.01,-1.32,1758762204.2511914
0.01,-0.01,-1.32,1758762204.2549815
0.01,-0.01,-1.32,1758762204.2579734
0.01,-0.01,-1.32,1758762204.260234
0.01,-0.01,-1.32,1758762204.262855
0.01,-0.01,-1.32,1758762204.266151
0.01,-0.01,-1.32,1758762204.2686992
0.01,-0.01,-1.32,1758762204.27187
0.01,-0.01,-1.32,1758762204.2752993
0.01,-0.01,-1.32,1758762204.278203
0.01,-0.01,-1.32,1758762204.2805586
0.01,-0.02,-1.32,1758762204.2839031
0.01,-0.02,-1.32,1758762204.286358
0.01,-0.02,-1.32,1758762204.2881758
0.01,-0.02,-1.32,1758762204.291621
0.01,-0.02,-1.32,1758762204.2952025
0.01,-0.02,-1.32,1758762204.298264
0.01,-0.02,-1.32,1758762204.300652
0.01,-0.02,-1.32,1758762204.3037536
0.01,-0.02,-1.32,1758762204.306587
0.01,-0.02,-1.32,1758762204.3084197
0.01,-0.02,-1.32,1758762204.311509
0.01,-0.02,-1.32,1758762204.3141694
0.01,-0.02,-1.32,1758762204.316036
0.01,-0.02,-1.32,1758762204.3192525
0.01,-0.02,-1.32,1758762204.3222554
0.01,-0.02,-1.32,1758762204.3242142
0.01,-0.02,-1.32,1758762204.3272798
0.01,-0.02,-1.32,1758762204.3299117
0.01,-0.02,-1.32,1758762204.3317122
0.01,-0.02,-1.32,1758762204.334974
0.01,-0.02,-1.32,1758762204.3368478
0.01,-0.02,-1.32,1758762204.339869
0.01,-0.02,-1.32,1758762204.342729
0.01,-0.02,-1.32,1758762204.3445315
0.01,-0.02,-1.32,1758762204.3469944
0.01,-0.02,-1.32,1758762204.3488448
0.01,-0.02,-1.32,1758762204.3519688
0.01,-0.02,-1.32,1758762204.355354
0.01,-0.02,-1.32,1758762204.3584304
0.01,-0.02,-1.32,1758762204.3603008
0.01,-0.02,-1.32,1758762204.3635466
0.01,-0.02,-1.32,1758762204.366253
0.01,-0.02,-1.32,1758762204.3680563
0.01,-0.02,-1.32,1758762204.3703513
0.01,-0.02,-1.32,1758762204.372646
0.01,-0.02,-1.32,1758762204.37544
0.01,-0.02,-1.32,1758762204.378126
0.01,-0.02,-1.32,1758762204.379949
0.01,-0.02,-1.32,1758762204.3821945
0.01,-0.02,-1.32,1758762204.384242
0.01,-0.02,-1.32,1758762204.3876653
0.01,-0.02,-1.32,1758762204.390741
0.01,-0.02,-1.32,1758762204.3945465
0.01,-0.02,-1.32,1758762204.397332
0.01,-0.02,-1.32,1758762204.400377
0.01,-0.02,-1.32,1758762204.4023223
0.01,-0.02,-1.32,1758762204.4060807
0.01,-0.02,-1.32,1758762204.4087925
0.01,-0.01,-1.32,1758762204.4114895
0.01,-0.01,-1.32,1758762204.414016
0.01,-0.01,-1.32,1758762204.4177208
0.01,-0.01,-1.32,1758762204.422239
0.01,-0.01,-1.32,1758762204.426535
0.01,-0.02,-1.32,1758762204.4297962
0.01,-0.01,-1.32,1758762204.432695
0.01,-0.02,-1.32,1758762204.4356546
0.01,-0.01,-1.32,1758762204.4382234
0.01,-0.02,-1.32,1758762204.4411204
0.01,-0.02,-1.32,1758762204.444537
0.01,-0.02,-1.32,1758762204.4483335
0.01,-0.02,-1.32,1758762204.451243
0.01,-0.02,-1.32,1758762204.4545066
0.01,-0.02,-1.32,1758762204.4563937
0.01,-0.02,-1.32,1758762204.4599926
0.01,-0.02,-1.32,1758762204.4643366
0.01,-0.02,-1.32,1758762204.46751
0.01,-0.02,-1.32,1758762204.4696722
0.01,-0.01,-1.32,1758762204.471666
0.01,-0.02,-1.32,1758762204.4748034
0.01,-0.01,-1.32,1758762204.4774704
0.01,-0.01,-1.32,1758762204.481222
0.01,-0.01,-1.32,1758762204.4847674
0.01,-0.02,-1.32,1758762204.4868526
0.01,-0.02,-1.32,1758762204.4895892
0.01,-0.01,-1.32,1758762204.49219
0.01,-0.02,-1.32,1758762204.4940429
0.01,-0.02,-1.32,1758762204.4958458
0.01,-0.02,-1.32,1758762204.497622
0.01,-0.01,-1.32,1758762204.5002692
0.01,-0.01,-1.32,1758762204.5037875
0.01,-0.02,-1.32,1758762204.5062358
0.01,-0.02,-1.32,1758762204.5083268
0.01,-0.02,-1.32,1758762204.511803
0.01,-0.02,-1.32,1758762204.51542
0.01,-0.02,-1.32,1758762204.5183454
0.01,-0.02,-1.32,1758762204.5217617
0.01,-0.02,-1.32,1758762204.524358
0.01,-0.02,-1.32,1758762204.526538
0.01,-0.02,-1.32,1758762204.5292945
0.01,-0.02,-1.32,1758762204.532359
0.01,-0.01,-1.32,1758762204.535096
0.01,-0.02,-1.32,1758762204.5373442
0.01,-0.01,-1.32,1758762204.5403457
0.01,-0.01,-1.32,1758762204.5432217
0.01,-0.01,-1.32,1758762204.5454147
0.01,-0.01,-1.32,1758762204.5479326
0.01,-0.01,-1.32,1758762204.5500438
0.01,-0.01,-1.32,1758762204.552303
0.01,-0.02,-1.32,1758762204.5544145
0.01,-0.01,-1.32,1758762204.556756
0.01,-0.01,-1.32,1758762204.559383
0.01,-0.01,-1.32,1758762204.5615432
0.01,-0.01,-1.32,1758762204.5645242
0.01,-0.01,-1.32,1758762204.5673006
0.01,-0.01,-1.32,1758762204.5694995
0.01,-0.01,-1.32,1758762204.5717802
0.01,-0.01,-1.32,1758762204.574261
0.01,-0.01,-1.32,1758762204.576074
0.01,-0.01,-1.32,1758762204.5778694
0.01,-0.01,-1.32,1758762204.5796323
0.01,-0.01,-1.32,1758762204.581596
0.01,-0.01,-1.32,1758762204.5834577
0.01,-0.01,-1.32,1758762204.5854075
0.01,-0.01,-1.32,1758762204.5874815
0.01,-0.01,-1.32,1758762204.5905256
0.01,-0.01,-1.32,1758762204.593571
0.01,-0.01,-1.32,1758762204.5964403
0.01,-0.01,-1.32,1758762204.5997324
0.01,-0.01,-1.32,1758762204.6037383
0.01,-0.01,-1.32,1758762204.6068287
0.01,-0.01,-1.32,1758762204.6108575
0.01,-0.01,-1.32,1758762204.6136894
0.01,-0.01,-1.32,1758762204.6170485
0.01,-0.01,-1.32,1758762204.619338
0.01,-0.01,-1.32,1758762204.622937
0.01,-0.01,-1.32,1758762204.6254883
0.01,-0.01,-1.32,1758762204.628711
0.01,-0.01,-1.32,1758762204.6318986
0.01,-0.01,-1.32,1758762204.6356435
0.01,-0.01,-1.32,1758762204.638053
0.01,-0.01,-1.32,1758762204.640302
0.01,-0.01,-1.32,1758762204.6429434
0.01,-0.01,-1.32,1758762204.6459262
0.01,-0.01,-1.32,1758762204.6477437
0.01,-0.01,-1.32,1758762204.649778
0.01,-0.01,-1.32,1758762204.6520636
0.01,-0.01,-1.32,1758762204.6539092
0.01,-0.01,-1.32,1758762204.6556926
0.01,-0.01,-1.32,1758762204.657613
0.01,-0.01,-1.32,1758762204.6595666
0.01,-0.01,-1.32,1758762204.6615417
0.01,-0.01,-1.32,1758762204.663666
0.01,-0.01,-1.32,1758762204.6657212
0.01,-0.01,-1.32,1758762204.6680007
0.01,-0.01,-1.32,1758762204.6699605
0.01,-0.01,-1.32,1758762204.6722476
0.01,-0.01,-1.32,1758762204.6742504
0.01,-0.01,-1.32,1758762204.6763513
0.01,-0.01,-1.32,1758762204.6784687
0.01,-0.01,-1.33,1758762204.6805036
0.01,-0.01,-1.33,1758762204.6828732
0.01,-0.01,-1.33,1758762204.685154
0.01,-0.01,-1.33,1758762204.6873496
0.01,-0.01,-1.33,1758762204.6897128
0.01,-0.01,-1.33,1758762204.6921868
0.01,-0.01,-1.33,1758762204.6946614
0.01,-0.01,-1.33,1758762204.697441
0.01,-0.01,-1.33,1758762204.699903
0.01,-0.01,-1.33,1758762204.702841
0.01,-0.01,-1.33,1758762204.7047718
0.01,-0.01,-1.33,1758762204.7065575
0.01,-0.01,-1.33,1758762204.708331
0.01,-0.01,-1.33,1758762204.710078
0.01,-0.01,-1.33,1758762204.7118514
0.01,-0.01,-1.33,1758762204.713935
0.01,-0.01,-1.33,1758762204.7157152
0.01,-0.01,-1.33,1758762204.7174904
0.01,-0.01,-1.33,1758762204.7195003
0.01,-0.01,-1.33,1758762204.721261
0.01,-0.01,-1.33,1758762204.723096
0.01,-0.01,-1.33,1758762204.7248774
0.01,-0.01,-1.33,1758762204.7267692
0.01,-0.01,-1.33,1758762204.7287276
0.01,-0.02,-1.33,1758762204.7307088
0.01,-0.01,-1.33,1758762204.7326722
0.01,-0.01,-1.33,1758762204.7346933
0.01,-0.01,-1.33,1758762204.7365766
0.01,-0.01,-1.33,1758762204.738556
0.01,-0.01,-1.33,1758762204.740476
0.01,-0.02,-1.33,1758762204.74246
0.01,-0.02,-1.33,1758762204.7443218
0.01,-0.02,-1.33,1758762204.7463706
0.01,-0.01,-1.33,1758762204.7483058
0.01,-0.01,-1.33,1758762204.7503183
0.01,-0.01,-1.33,1758762204.7522469
0.01,-0.02,-1.33,1758762204.7551577
0.01,-0.02,-1.33,1758762204.7574396
0.01,-0.02,-1.33,1758762204.759704
0.01,-0.02,-1.33,1758762204.7620044
0.01,-0.02,-1.33,1758762204.7643852
0.01,-0.02,-1.33,1758762204.7667787
0.01,-0.02,-1.33,1758762204.7691324
0.01,-0.02,-1.33,1758762204.7715034
0.01,-0.02,-1.33,1758762204.773933
0.01,-0.02,-1.33,1758762204.7763884
0.01,-0.02,-1.33,1758762204.7788024
0.01,-0.02,-1.33,1758762204.7811007
0.01,-0.02,-1.33,1758762204.7835343
0.01,-0.02,-1.33,1758762204.785979
0.01,-0.02,-1.33,1758762204.7883835
0.01,-0.02,-1.33,1758762204.7910426
0.01,-0.02,-1.33,1758762204.7934463
0.01,-0.02,-1.33,1758762204.795863
0.01,-0.02,-1.33,1758762204.798217
0.01,-0.02,-1.33,1758762204.8005962
0.01,-0.02,-1.33,1758762204.8030353
0.01,-0.02,-1.33,1758762204.8054144
0.01,-0.02,-1.33,1758762204.8078058
0.01,-0.02,-1.33,1758762204.8102136
0.01,-0.02,-1.33,1758762204.8128636
0.01,-0.02,-1.33,1758762204.815278
0.01,-0.02,-1.33,1758762204.8175917
0.01,-0.02,-1.33,1758762204.8199992
0.01,-0.02,-1.33,1758762204.8224018
0.01,-0.02,-1.33,1758762204.824986
0.01,-0.02,-1.33,1758762204.8274422
0.01,-0.02,-1.33,1758762204.8298411
0.01,-0.02,-1.33,1758762204.8323765
0.01,-0.02,-1.33,1758762204.8350112
0.01,-0.02,-1.33,1758762204.8374743
0.01,-0.02,-1.33,1758762204.8400755
0.01,-0.02,-1.33,1758762204.8431144
0.01,-0.01,-1.33,1758762204.8463857
0.01,-0.01,-1.33,1758762204.849102
0.01,-0.01,-1.33,1758762204.8523736
0.01,-0.01,-1.33,1758762204.855393
0.01,-0.01,-1.33,1758762204.8581183
0.01,-0.01,-1.33,1758762204.8605075
0.01,-0.01,-1.33,1758762204.8628974
0.01,-0.01,-1.33,1758762204.865404
0.01,-0.01,-1.33,1758762204.8678186
0.01,-0.02,-1.33,1758762204.8702004
0.01,-0.01,-1.33,1758762204.8730092
0.01,-0.02,-1.33,1758762204.875432
0.01,-0.02,-1.33,1758762204.8779235
0.01,-0.02,-1.33,1758762204.8805163
0.01,-0.02,-1.33,1758762204.883186
0.01,-0.02,-1.33,1758762204.8856237
0.01,-0.02,-1.33,1758762204.8883517
0.01,-0.02,-1.33,1758762204.8909292
0.01,-0.02,-1.33,1758762204.8938284
0.01,-0.01,-1.33,1758762204.8964393
0.01,-0.02,-1.33,1758762204.8990855
0.01,-0.01,-1.33,1758762204.9020798
0.01,-0.01,-1.33,1758762204.9051394
0.01,-0.01,-1.33,1758762204.9084573
0.01,-0.01,-1.33,1758762204.9115367
0.01,-0.01,-1.33,1758762204.9143026
0.01,-0.01,-1.33,1758762204.9168532
0.01,-0.01,-1.33,1758762204.9187975
0.01,-0.01,-1.33,1758762204.921678
0.01,-0.01,-1.33,1758762204.9240673
0.01,-0.01,-1.33,1758762204.9269664
0.01,-0.01,-1.33,1758762204.9293833
0.01,-0.01,-1.33,1758762204.9319248
0.01,-0.01,-1.33,1758762204.9347265
0.01,-0.01,-1.33,1758762204.9366777
0.01,-0.01,-1.33,1758762204.938979
0.01,-0.01,-1.33,1758762204.9406888
0.01,-0.01,-1.33,1758762204.94353
0.01,-0.01,-1.33,1758762204.9456537
0.01,-0.01,-1.33,1758762204.9481928
0.01,-0.01,-1.33,1758762204.950314
0.01,-0.01,-1.33,1758762204.9524395
0.01,-0.01,-1.33,1758762204.955155
0.01,-0.01,-1.33,1758762204.9583445
0.01,-0.01,-1.33,1758762204.9616797
0.01,-0.01,-1.33,1758762204.9644208
0.01,-0.01,-1.33,1758762204.9665678
0.01,-0.01,-1.33,1758762204.9697816
0.01,-0.01,-1.33,1758762204.9721756
0.01,-0.01,-1.33,1758762204.974386
0.01,-0.01,-1.33,1758762204.9764433
0.01,-0.01,-1.33,1758762204.9789214
0.01,-0.01,-1.33,1758762204.981355
0.01,-0.01,-1.33,1758762204.9837716
0.01,-0.01,-1.33,1758762204.9857442
0.01,-0.01,-1.33,1758762204.9880023
0.01,-0.01,-1.33,1758762204.989697
0.01,-0.01,-1.33,1758762204.9914558
0.01,-0.01,-1.33,1758762204.993178
0.01,-0.01,-1.33,1758762204.9950538
0.01,-0.01,-1.33,1758762204.9973526
0.01,-0.01,-1.33,1758762204.9996078
0.01,-0.01,-1.33,1758762205.0021465
0.01,-0.01,-1.33,1758762205.0049877
0.01,-0.01,-1.33,1758762205.006934
0.01,-0.01,-1.33,1758762205.0091605
0.01,-0.01,-1.33,1758762205.0110855
0.01,-0.01,-1.33,1758762205.0132842
0.01,-0.01,-1.33,1758762205.014983
0.01,-0.01,-1.33,1758762205.0169554
0.01,-0.01,-1.33,1758762205.018762
0.01,-0.01,-1.33,1758762205.0208397
0.01,-0.01,-1.33,1758762205.0226915
0.01,-0.01,-1.33,1758762205.0245318
0.01,-0.02,-1.33,1758762205.0272164
0.01,-0.02,-1.33,1758762205.0290596
0.01,-0.02,-1.33,1758762205.030795
0.01,-0.01,-1.33,1758762205.0329218
0.01,-0.01,-1.33,1758762205.0349984
0.01,-0.01,-1.33,1758762205.0369692
0.01,-0.01,-1.33,1758762205.0388532
0.01,-0.01,-1.33,1758762205.0411112
0.01,-0.01,-1.33,1758762205.0430846
0.01,-0.01,-1.33,1758762205.045331
0.01,-0.01,-1.33,1758762205.0470524
0.01,-0.01,-1.33,1758762205.0497808
0.01,-0.01,-1.33,1758762205.0518389
0.01,-0.01,-1.33,1758762205.0548956
0.01,-0.01,-1.33,1758762205.0573204
0.01,-0.01,-1.33,1758762205.060187
0.01,-0.01,-1.33,1758762205.0628586
0.01,-0.01,-1.33,1758762205.0664487
0.01,-0.01,-1.33,1758762205.0692134
0.01,-0.01,-1.33,1758762205.0718625
0.01,-0.01,-1.33,1758762205.074045
0.01,-0.01,-1.33,1758762205.0766156
0.01,-0.01,-1.33,1758762205.0787709
0.01,-0.01,-1.33,1758762205.0817242
0.01,-0.01,-1.33,1758762205.0846412
0.01,-0.01,-1.33,1758762205.0878348
0.01,-0.01,-1.33,1758762205.0908842
0.01,-0.01,-1.33,1758762205.0939288
0.01,-0.01,-1.33,1758762205.0980332
0.01,-0.01,-1.33,1758762205.100895
0.01,-0.01,-1.33,1758762205.1027544
0.01,-0.01,-1.33,1758762205.1048272
0.01,-0.01,-1.33,1758762205.1067138
0.01,-0.01,-1.33,1758762205.1086524
0.01,-0.01,-1.33,1758762205.1112776
0.01,-0.01,-1.33,1758762205.1146195
0.01,-0.01,-1.33,1758762205.1173377
0.01,-0.01,-1.33,1758762205.11954
0.01,-0.01,-1.33,1758762205.1215017
0.01,-0.01,-1.33,1758762205.1244435
0.01,-0.01,-1.33,1758762205.126581
0.01,-0.01,-1.33,1758762205.1292298
0.01,-0.01,-1.33,1758762205.1317298
0.01,-0.01,-1.33,1758762205.1340797
0.01,-0.01,-1.33,1758762205.137181
0.01,-0.01,-1.33,1758762205.1395063
0.01,-0.01,-1.33,1758762205.1415513
0.01,-0.01,-1.33,1758762205.1444242
0.01,-0.01,-1.33,1758762205.146909
0.01,-0.01,-1.33,1758762205.149779
0.01,-0.01,-1.33,1758762205.1523433
0.01,-0.01,-1.33,1758762205.1551168
0.01,-0.01,-1.33,1758762205.1576424
0.01,-0.01,-1.33,1758762205.1607587
0.01,-0.01,-1.33,1758762205.163991
0.01,-0.01,-1.33,1758762205.1674964
0.01,-0.01,-1.33,1758762205.1710124
0.01,-0.01,-1.33,1758762205.1738844
0.01,-0.01,-1.33,1758762205.1774538
0.01,-0.01,-1.33,1758762205.1801405
0.01,-0.01,-1.33,1758762205.1831107
0.01,-0.01,-1.33,1758762205.188383
0.01,-0.01,-1.33,1758762205.1909764
0.01,-0.01,-1.33,1758762205.1935124
0.01,-0.01,-1.33,1758762205.1967726
0.01,-0.01,-1.33,1758762205.1990707
0.01,-0.01,-1.33,1758762205.202845
0.01,-0.01,-1.33,1758762205.2050235
0.01,-0.01,-1.33,1758762205.208011
0.01,-0.01,-1.33,1758762205.2117283
0.01,-0.01,-1.33,1758762205.2161236
0.01,-0.01,-1.33,1758762205.2192664
0.01,-0.01,-1.33,1758762205.2228236
0.01,-0.01,-1.33,1758762205.2259097
0.01,-0.01,-1.33,1758762205.229742
0.01,-0.01,-1.33,1758762205.2329817
0.01,-0.01,-1.33,1758762205.2368376
0.01,-0.01,-1.33,1758762205.2401028
0.01,-0.01,-1.33,1758762205.2435458
0.01,-0.01,-1.33,1758762205.2468505
0.01,-0.02,-1.33,1758762205.2508075
0.01,-0.01,-1.33,1758762205.253502
0.01,-0.02,-1.33,1758762205.255679
0.01,-0.02,-1.33,1758762205.2577329
0.01,-0.01,-1.33,1758762205.2594893
0.01,-0.01,-1.33,1758762205.2617233
0.01,-0.01,-1.33,1758762205.2636454
0.01,-0.02,-1.33,1758762205.2656476
0.01,-0.02,-1.33,1758762205.2675166
0.01,-0.02,-1.33,1758762205.2699466
0.01,-0.02,-1.33,1758762205.2716713
0.01,-0.02,-1.33,1758762205.2733698
0.01,-0.02,-1.33,1758762205.2751756
0.01,-0.02,-1.33,1758762205.2773874
0.01,-0.02,-1.33,1758762205.2792346
0.01,-0.02,-1.33,1758762205.281003
0.01,-0.02,-1.33,1758762205.2829802
0.01,-0.02,-1.33,1758762205.2859244
0.01,-0.02,-1.33,1758762205.2876744
0.01,-0.02,-1.33,1758762205.2902696
0.01,-0.02,-1.33,1758762205.2934108
0.01,-0.02,-1.33,1758762205.2959971
0.01,-0.02,-1.33,1758762205.2983053
0.01,-0.02,-1.33,1758762205.3008184
0.01,-0.02,-1.33,1758762205.3030765
0.01,-0.02,-1.33,1758762205.3054044
0.01,-0.02,-1.33,1758762205.3071167
0.01,-0.02,-1.33,1758762205.3098912
0.01,-0.02,-1.33,1758762205.3125796
0.01,-0.02,-1.33,1758762205.31468
0.01,-0.02,-1.33,1758762205.317428
0.01,-0.02,-1.33,1758762205.320433
0.01,-0.02,-1.33,1758762205.3222926
0.01,-0.02,-1.33,1758762205.325138
0.01,-0.02,-1.33,1758762205.3274908
0.01,-0.02,-1.33,1758762205.3297484
0.01,-0.02,-1.33,1758762205.33155
0.01,-0.02,-1.33,1758762205.3342807
0.01,-0.02,-1.33,1758762205.336031
0.01,-0.02,-1.33,1758762205.337941
0.01,-0.02,-1.33,1758762205.3398235
0.01,-0.02,-1.33,1758762205.3415337
0.01,-0.02,-1.33,1758762205.3434346
0.01,-0.02,-1.33,1758762205.3456173
0.01,-0.02,-1.33,1758762205.347317
0.01,-0.02,-1.33,1758762205.3496215
0.01,-0.02,-1.33,1758762205.3513486
0.01,-0.02,-1.33,1758762205.353753
0.01,-0.02,-1.33,1758762205.3558064
0.01,-0.02,-1.33,1758762205.3575106
0.01,-0.02,-1.33,1758762205.359872
0.01,-0.02,-1.33,1758762205.3618176
0.01,-0.02,-1.33,1758762205.3637123
0.01,-0.02,-1.33,1758762205.3656464
0.01,-0.02,-1.33,1758762205.3684883
0.01,-0.02,-1.33,1758762205.3703704
0.01,-0.02,-1.33,1758762205.3720624
0.01,-0.02,-1.33,1758762205.3741963
0.01,-0.02,-1.33,1758762205.3759527
0.01,-0.02,-1.33,1758762205.3780086
0.01,-0.02,-1.33,1758762205.379721
0.01,-0.02,-1.33,1758762205.3818393
0.01,-0.02,-1.33,1758762205.383614
0.01,-0.02,-1.33,1758762205.3853006
0.01,-0.01,-1.33,1758762205.3881342
0.01,-0.01,-1.33,1758762205.3904388
0.01,-0.01,-1.33,1758762205.392171
0.01,-0.01,-1.33,1758762205.3944724
0.01,-0.01,-1.33,1758762205.3961928
0.01,-0.01,-1.33,1758762205.399198
0.01,-0.01,-1.33,1758762205.401
0.01,-0.01,-1.33,1758762205.403266
0.01,-0.01,-1.33,1758762205.40497
0.01,-0.01,-1.33,1758762205.4066951
0.01,-0.01,-1.33,1758762205.4086564
0.01,-0.01,-1.33,1758762205.4104357
0.01,-0.01,-1.33,1758762205.4127388
0.01,-0.01,-1.33,1758762205.4149053
0.01,-0.01,-1.33,1758762205.4166217
0.01,-0.01,-1.33,1758762205.4187503
0.01,-0.01,-1.33,1758762205.4211433
0.01,-0.01,-1.33,1758762205.4241807
0.01,-0.01,-1.33,1758762205.4259396
0.01,-0.01,-1.33,1758762205.428269
0.01,-0.01,-1.33,1758762205.431128
0.01,-0.01,-1.33,1758762205.434736
0.01,-0.01,-1.33,1758762205.4364848
0.01,-0.01,-1.33,1758762205.4383287
0.01,-0.01,-1.33,1758762205.4403255
0.01,-0.01,-1.33,1758762205.442145
0.01,-0.01,-1.33,1758762205.4443157
0.01,-0.01,-1.33,1758762205.446505
0.01,-0.01,-1.33,1758762205.4495115
0.01,-0.01,-1.33,1758762205.4528763
0.01,-0.01,-1.33,1758762205.4548554
0.01,-0.01,-1.33,1758762205.456733
0.01,-0.01,-1.33,1758762205.4589596
0.01,-0.01,-1.33,1758762205.461633
0.01,-0.01,-1.33,1758762205.464613
0.01,-0.01,-1.33,1758762205.467237
0.01,-0.01,-1.33,1758762205.4700751
0.01,-0.01,-1.33,1758762205.4729953
0.01,-0.01,-1.33,1758762205.4747305
0.01,-0.01,-1.33,1758762205.47644
0.01,-0.01,-1.33,1758762205.4781394
0.01,-0.01,-1.33,1758762205.4799674
0.01,-0.01,-1.33,1758762205.481984
0.01,-0.01,-1.33,1758762205.4837563
0.01,-0.01,-1.33,1758762205.486035
0.01,-0.01,-1.33,1758762205.4888902
0.01,-0.01,-1.33,1758762205.490768
0.01,-0.01,-1.33,1758762205.493771
0.01,-0.01,-1.33,1758762205.495591
0.01,-0.01,-1.33,1758762205.497266
0.01,-0.01,-1.33,1758762205.498979
0.01,-0.01,-1.33,1758762205.501219
0.01,-0.01,-1.33,1758762205.503292
0.01,-0.01,-1.33,1758762205.5050302
0.01,-0.01,-1.33,1758762205.5069678
0.01,-0.01,-1.33,1758762205.5086927
0.01,-0.01,-1.33,1758762205.5104213
0.01,-0.01,-1.33,1758762205.5128512
0.01,-0.01,-1.33,1758762205.514733
0.01,-0.01,-1.33,1758762205.5164435
0.01,-0.01,-1.33,1758762205.5181687
0.01,-0.01,-1.33,1758762205.520713
0.01,-0.01,-1.33,1758762205.523489
0.01,-0.01,-1.33,1758762205.5253642
0.01,-0.01,-1.33,1758762205.527563
0.01,-0.01,-1.33,1758762205.5294428
0.01,-0.01,-1.33,1758762205.5314343
0.01,-0.01,-1.33,1758762205.5337155
0.01,-0.01,-1.33,1758762205.5356195
0.01,-0.01,-1.33,1758762205.537696
0.01,-0.01,-1.33,1758762205.5398989
0.01,-0.01,-1.33,1758762205.5416334
0.01,-0.01,-1.33,1758762205.5439577
0.01,-0.01,-1.33,1758762205.5458796
0.01,-0.01,-1.33,1758762205.5486898
0.01,-0.01,-1.33,1758762205.550779
0.01,-0.01,-1.33,1758762205.5530572
0.01,-0.01,-1.33,1758762205.555241
0.01,-0.01,-1.33,1758762205.5585592
0.01,-0.01,-1.33,1758762205.560593
0.01,-0.01,-1.33,1758762205.5627131
0.01,-0.01,-1.33,1758762205.5645
0.01,-0.01,-1.33,1758762205.5669122
0.01,-0.01,-1.33,1758762205.5693157
0.01,-0.01,-1.33,1758762205.571708
0.01,-0.01,-1.33,1758762205.5741453
0.01,-0.01,-1.33,1758762205.575902
0.01,-0.01,-1.33,1758762205.5793295
0.01,-0.01,-1.33,1758762205.581737
0.01,-0.01,-1.33,1758762205.5854323
0.01,-0.01,-1.33,1758762205.588354
0.01,-0.01,-1.33,1758762205.5907216
0.01,-0.01,-1.33,1758762205.592869
0.01,-0.01,-1.33,1758762205.594804
0.01,-0.01,-1.33,1758762205.5974495
0.01,-0.01,-1.33,1758762205.5994072
0.01,-0.01,-1.33,1758762205.602202
0.01,-0.01,-1.33,1758762205.6039898
0.01,-0.01,-1.33,1758762205.6062136
0.01,-0.01,-1.33,1758762205.6081314
0.01,-0.01,-1.33,1758762205.611328
0.01,-0.01,-1.33,1758762205.6148484
0.01,-0.01,-1.33,1758762205.6179533
0.01,-0.01,-1.33,1758762205.6208262
0.01,-0.01,-1.33,1758762205.6252408
0.01,-0.01,-1.33,1758762205.628623
0.01,-0.01,-1.33,1758762205.630873
0.01,-0.01,-1.33,1758762205.6338987
0.01,-0.01,-1.33,1758762205.6367702
0.01,-0.01,-1.33,1758762205.6385615
0.01,-0.01,-1.33,1758762205.6413045
0.01,-0.01,-1.33,1758762205.643946
0.01,-0.01,-1.33,1758762205.6458104
0.01,-0.01,-1.33,1758762205.6480246
0.01,-0.01,-1.33,1758762205.649846
0.01,-0.01,-1.33,1758762205.6520429
0.01,-0.01,-1.33,1758762205.6539166
0.01,-0.01,-1.33,1758762205.6566176
0.01,-0.01,-1.33,1758762205.6584003
0.01,-0.01,-1.33,1758762205.6612866
0.01,-0.01,-1.33,1758762205.6639783
0.01,-0.01,-1.33,1758762205.6658068
0.01,-0.01,-1.33,1758762205.668091
0.01,-0.01,-1.33,1758762205.669869
0.01,-0.01,-1.33,1758762205.6720872
0.01,-0.01,-1.33,1758762205.6739302
0.01,-0.01,-1.33,1758762205.6766229
0.01,-0.01,-1.33,1758762205.6783926
0.01,-0.01,-1.33,1758762205.6811588
0.01,-0.01,-1.33,1758762205.683818
0.01,-0.01,-1.33,1758762205.6857705
0.01,-0.01,-1.33,1758762205.688334
0.01,-0.01,-1.33,1758762205.690172
0.01,-0.01,-1.33,1758762205.6929114
0.01,-0.01,-1.33,1758762205.6956067
0.01,-0.01,-1.33,1758762205.6974626
0.01,-0.01,-1.33,1758762205.6999865
0.01,-0.01,-1.33,1758762205.7017903
0.01,-0.01,-1.33,1758762205.7047555
0.01,-0.01,-1.33,1758762205.7065463
0.01,-0.01,-1.33,1758762205.7094738
0.01,-0.01,-1.33,1758762205.7119312
0.01,-0.01,-1.33,1758762205.7137938
0.01,-0.01,-1.33,1758762205.7171917
0.01,-0.01,-1.33,1758762205.7197945
0.01,-0.01,-1.33,1758762205.721603
0.01,-0.01,-1.33,1758762205.7240765
0.01,-0.01,-1.33,1758762205.7258573
0.01,-0.01,-1.33,1758762205.7286148
0.01,-0.01,-1.33,1758762205.7304823
0.01,-0.01,-1.33,1758762205.7334726
0.01,-0.01,-1.33,1758762205.736096
0.01,-0.01,-1.33,1758762205.7380395
0.01,-0.01,-1.33,1758762205.7407043
0.01,-0.01,-1.33,1758762205.7429752
0.01,-0.01,-1.33,1758762205.7452784
0.01,-0.01,-1.33,1758762205.747867
0.01,-0.01,-1.33,1758762205.749637
0.01,-0.01,-1.33,1758762205.7519405
0.01,-0.01,-1.33,1758762205.7538166
0.01,-0.01,-1.33,1758762205.756023
0.01,-0.01,-1.33,1758762205.7578316
0.01,-0.01,-1.33,1758762205.7606163
0.01,-0.01,-1.33,1758762205.7624412
0.01,-0.01,-1.33,1758762205.765277
0.01,-0.01,-1.33,1758762205.767824
0.01,-0.01,-1.33,1758762205.7696743
0.01,-0.01,-1.33,1758762205.7719092
0.01,-0.01,-1.33,1758762205.773759
0.01,-0.01,-1.33,1758762205.7760096
0.01,-0.01,-1.33,1758762205.7778766
0.01,-0.01,-1.33,1758762205.780049
0.01,-0.01,-1.33,1758762205.7818294
0.01,-0.01,-1.33,1758762205.7840986
0.01,-0.01,-1.33,1758762205.7858791
0.01,-0.01,-1.33,1758762205.788067
0.01,-0.01,-1.33,1758762205.7902095
0.01,-0.01,-1.33,1758762205.7931795
0.01,-0.01,-1.33,1758762205.795786
0.01,-0.01,-1.33,1758762205.7976716
0.01,-0.01,-1.33,1758762205.7999754
0.01,-0.01,-1.33,1758762205.8017569
0.01,-0.01,-1.33,1758762205.804667
0.01,-0.01,-1.33,1758762205.8066978
0.01,-0.01,-1.33,1758762205.8096766
0.01,-0.01,-1.33,1758762205.8122969
0.01,-0.01,-1.33,1758762205.8145385
0.01,-0.01,-1.33,1758762205.8177743
0.01,-0.01,-1.33,1758762205.820408
0.01,-0.01,-1.33,1758762205.8235676
0.01,-0.01,-1.33,1758762205.8256505
0.01,-0.01,-1.33,1758762205.8283677
0.01,-0.01,-1.33,1758762205.830526
0.01,-0.01,-1.33,1758762205.833493
0.01,-0.01,-1.33,1758762205.8363347
0.01,-0.01,-1.33,1758762205.8387847
0.01,-0.01,-1.33,1758762205.8419034
0.01,-0.01,-1.33,1758762205.844546
0.01,-0.01,-1.33,1758762205.8474393
0.01,-0.01,-1.33,1758762205.849585
0.01,-0.01,-1.33,1758762205.85235
0.01,-0.01,-1.33,1758762205.8545082
0.01,-0.01,-1.33,1758762205.857828
0.01,-0.01,-1.33,1758762205.860792
0.01,-0.01,-1.33,1758762205.8648894
0.01,-0.01,-1.33,1758762205.868081
0.01,-0.01,-1.33,1758762205.870169
0.01,-0.01,-1.33,1758762205.873409
0.01,-0.01,-1.33,1758762205.8756862
0.01,-0.01,-1.33,1758762205.878097
0.01,-0.01,-1.33,1758762205.8806105
0.01,-0.01,-1.33,1758762205.882738
0.01,-0.01,-1.33,1758762205.885069
0.01,-0.01,-1.33,1758762205.88775
0.01,-0.01,-1.33,1758762205.89073
0.01,-0.01,-1.33,1758762205.893278
0.01,-0.01,-1.33,1758762205.8954458
0.01,-0.01,-1.33,1758762205.898022
0.01,-0.01,-1.33,1758762205.9008355
0.01,-0.01,-1.33,1758762205.9030757
0.01,-0.01,-1.33,1758762205.905443
0.01,-0.01,-1.33,1758762205.9076371
0.01,-0.01,-1.33,1758762205.9100647
0.01,-0.01,-1.33,1758762205.9126768
0.01,-0.01,-1.33,1758762205.915109
0.01,-0.01,-1.33,1758762205.91763
0.01,-0.01,-1.33,1758762205.920498
0.01,-0.01,-1.33,1758762205.9233987
0.01,-0.01,-1.33,1758762205.9260712
0.01,-0.01,-1.33,1758762205.928626
0.01,-0.01,-1.34,1758762205.9312606
0.01,-0.01,-1.34,1758762205.933455
0.01,-0.01,-1.34,1758762205.9360187
0.01,-0.01,-1.34,1758762205.9386542
0.01,-0.01,-1.34,1758762205.9412603
0.01,-0.01,-1.34,1758762205.9440694
0.01,-0.01,-1.34,1758762205.946334
0.01,-0.01,-1.34,1758762205.9488184
0.01,-0.01,-1.34,1758762205.9513958
0.01,-0.01,-1.34,1758762205.954188
0.01,-0.01,-1.34,1758762205.9566512
0.01,-0.01,-1.34,1758762205.95901
0.01,-0.01,-1.34,1758762205.9621944
0.01,-0.01,-1.34,1758762205.9647577
0.01,-0.01,-1.34,1758762205.9673738
0.01,-0.01,-1.34,1758762205.96995
0.01,-0.01,-1.34,1758762205.9724536
0.01,-0.01,-1.34,1758762205.9750478
0.01,-0.01,-1.34,1758762205.9770083
0.01,-0.01,-1.34,1758762205.9794796
0.01,-0.01,-1.34,1758762205.981944
0.01,-0.01,-1.34,1758762205.984566
0.01,-0.01,-1.34,1758762205.9874291
0.01,-0.01,-1.34,1758762205.9898503
0.01,-0.01,-1.34,1758762205.993155
0.01,-0.01,-1.34,1758762205.9956093
0.01,-0.01,-1.34,1758762205.99835
0.01,-0.01,-1.34,1758762206.000697
0.01,-0.01,-1.34,1758762206.0038586
0.01,-0.01,-1.34,1758762206.006656
0.01,-0.01,-1.34,1758762206.0094914
0.01,-0.01,-1.34,1758762206.0120468
0.01,-0.01,-1.34,1758762206.0148854
0.01,-0.01,-1.34,1758762206.0172472
0.01,-0.01,-1.34,1758762206.0191946
0.01,-0.01,-1.34,1758762206.021872
0.01,-0.01,-1.34,1758762206.024254
0.01,-0.01,-1.34,1758762206.0265388
0.01,-0.01,-1.34,1758762206.0288134
0.01,-0.01,-1.34,1758762206.0310817
0.01,-0.01,-1.34,1758762206.033944
0.01,-0.01,-1.34,1758762206.0366442
0.01,-0.01,-1.34,1758762206.039052
0.01,-0.01,-1.34,1758762206.041334
0.01,-0.01,-1.34,1758762206.0447462
0.01,-0.01,-1.34,1758762206.0474184
0.01,-0.01,-1.34,1758762206.0502653
0.01,-0.01,-1.34,1758762206.0534048
0.01,-0.01,-1.34,1758762206.056919
0.01,-0.01,-1.34,1758762206.060107
0.01,-0.01,-1.34,1758762206.0629573
0.01,-0.01,-1.34,1758762206.06631
0.01,-0.01,-1.34,1758762206.068974
0.01,-0.01,-1.34,1758762206.0722272
0.01,-0.01,-1.34,1758762206.074284
0.01,-0.01,-1.34,1758762206.0769005
0.01,-0.01,-1.34,1758762206.079599
0.01,-0.01,-1.34,1758762206.0828578
0.01,-0.01,-1.34,1758762206.086168
0.01,-0.01,-1.34,1758762206.0897868
0.01,-0.01,-1.34,1758762206.093581
0.01,-0.01,-1.34,1758762206.096259
0.01,-0.01,-1.34,1758762206.0987294
0.01,-0.01,-1.34,1758762206.1010125
0.01,-0.01,-1.34,1758762206.1039293
0.01,-0.01,-1.34,1758762206.1061702
0.01,-0.01,-1.34,1758762206.108611
0.01,-0.02,-1.34,1758762206.1106367
0.01,-0.02,-1.34,1758762206.112966
0.01,-0.02,-1.34,1758762206.1154077
0.01,-0.01,-1.34,1758762206.117436
0.01,-0.02,-1.34,1758762206.1198518
0.01,-0.02,-1.34,1758762206.1224904
0.01,-0.02,-1.34,1758762206.1257715
0.01,-0.01,-1.34,1758762206.1292777
0.01,-0.02,-1.34,1758762206.131673
0.01,-0.02,-1.34,1758762206.1336942
0.01,-0.02,-1.34,1758762206.1356409
0.01,-0.02,-1.34,1758762206.1382034
0.01,-0.02,-1.34,1758762206.1399562
0.01,-0.02,-1.34,1758762206.1424997
0.01,-0.02,-1.34,1758762206.1446009
0.01,-0.02,-1.34,1758762206.1465414
0.01,-0.02,-1.34,1758762206.1495287
0.01,-0.01,-1.34,1758762206.1513095
0.01,-0.01,-1.34,1758762206.1538131
0.01,-0.01,-1.34,1758762206.1559498
0.01,-0.01,-1.34,1758762206.1579468
0.01,-0.01,-1.34,1758762206.159872
0.01,-0.01,-1.34,1758762206.161894
0.01,-0.01,-1.34,1758762206.1647384
0.01,-0.01,-1.34,1758762206.1667411
0.01,-0.01,-1.34,1758762206.1686137
0.01,-0.01,-1.34,1758762206.170834
0.01,-0.01,-1.34,1758762206.1733072
0.01,-0.01,-1.34,1758762206.1754131
0.01,-0.01,-1.34,1758762206.1775515
0.01,-0.01,-1.34,1758762206.179948
0.01,-0.01,-1.34,1758762206.1821136
0.01,-0.01,-1.34,1758762206.184682
0.01,-0.01,-1.34,1758762206.186787
0.01,-0.01,-1.34,1758762206.189376
0.01,-0.01,-1.34,1758762206.1921525
0.01,-0.01,-1.34,1758762206.1939895
0.01,-0.01,-1.34,1758762206.1965315
0.01,-0.01,-1.34,1758762206.198588
0.01,-0.01,-1.34,1758762206.2009463
0.01,-0.01,-1.34,1758762206.203523
0.01,-0.01,-1.34,1758762206.2055633
0.01,-0.01,-1.34,1758762206.2075422
0.01,-0.01,-1.34,1758762206.2099483
0.01,-0.01,-1.34,1758762206.2121742
0.01,-0.01,-1.34,1758762206.2148716
0.01,-0.01,-1.34,1758762206.2169716
0.01,-0.01,-1.34,1758762206.2187777
0.01,-0.01,-1.34,1758762206.2212691
0.01,-0.01,-1.34,1758762206.2235608
0.01,-0.01,-1.34,1758762206.225586
0.01,-0.01,-1.34,1758762206.2282946
0.01,-0.01,-1.34,1758762206.2305768
0.01,-0.01,-1.34,1758762206.2327971
0.01,-0.01,-1.34,1758762206.2352889
0.01,-0.01,-1.34,1758762206.2376354
0.01,-0.01,-1.34,1758762206.2394876
0.01,-0.01,-1.34,1758762206.242602
0.01,-0.01,-1.34,1758762206.2446425
0.01,-0.01,-1.34,1758762206.2470682
0.01,-0.01,-1.34,1758762206.2490094
0.01,-0.01,-1.34,1758762206.2512782
0.01,-0.01,-1.34,1758762206.2533877
0.01,-0.01,-1.34,1758762206.2561364
0.01,-0.01,-1.34,1758762206.2581627
0.01,-0.01,-1.34,1758762206.260004
0.01,-0.01,-1.34,1758762206.2620687
0.01,-0.01,-1.34,1758762206.2639396
0.01,-0.01,-1.34,1758762206.2664614
0.01,-0.01,-1.34,1758762206.268692
0.01,-0.01,-1.34,1758762206.2712133
0.01,-0.01,-1.34,1758762206.2737548
0.01,-0.01,-1.34,1758762206.275601
0.01,-0.01,-1.34,1758762206.2782044
0.01,-0.01,-1.34,1758762206.280245
0.01,-0.01,-1.34,1758762206.28238
0.01,-0.01,-1.34,1758762206.284667
0.01,-0.01,-1.34,1758762206.2868426
0.01,-0.01,-1.34,1758762206.289486
0.01,-0.01,-1.34,1758762206.291615
0.01,-0.01,-1.34,1758762206.2945347
0.01,-0.01,-1.34,1758762206.2971046
0.01,-0.01,-1.34,1758762206.2990725
0.01,-0.01,-1.34,1758762206.300908
0.01,-0.01,-1.34,1758762206.303414
0.01,-0.01,-1.34,1758762206.3059242
0.01,-0.01,-1.34,1758762206.308272
0.01,-0.01,-1.34,1758762206.310792
0.01,-0.01,-1.34,1758762206.312976
0.01,-0.01,-1.34,1758762206.3155282
0.01,-0.01,-1.34,1758762206.3173792
0.01,-0.01,-1.34,1758762206.320123
0.01,-0.01,-1.34,1758762206.3222556
0.01,-0.01,-1.34,1758762206.324606
0.01,-0.01,-1.34,1758762206.3264306
0.01,-0.01,-1.34,1758762206.3286786
0.01,-0.01,-1.34,1758762206.330685
0.01,-0.01,-1.34,1758762206.333253
0.01,-0.01,-1.34,1758762206.3352752
0.01,-0.01,-1.34,1758762206.3377988
0.01,-0.01,-1.34,1758762206.3397398
0.01,-0.01,-1.34,1758762206.3420618
0.01,-0.01,-1.34,1758762206.344247
0.01,-0.01,-1.34,1758762206.3466256
0.01,-0.01,-1.34,1758762206.3489647
0.01,-0.01,-1.34,1758762206.3509493
0.01,-0.01,-1.34,1758762206.3532894
0.01,-0.01,-1.34,1758762206.3557184
0.01,-0.01,-1.34,1758762206.3583622
0.01,-0.01,-1.34,1758762206.3604095
0.01,-0.01,-1.34,1758762206.362393
0.01,-0.01,-1.34,1758762206.3647373
0.01,-0.01,-1.34,1758762206.3665798
0.01,-0.01,-1.34,1758762206.3697393
0.01,-0.01,-1.34,1758762206.3714938
0.01,-0.01,-1.34,1758762206.3739583
0.01,-0.01,-1.34,1758762206.3762684
0.01,-0.01,-1.34,1758762206.3782856
0.01,-0.01,-1.34,1758762206.380581
0.01,-0.01,-1.34,1758762206.382296
0.01,-0.01,-1.34,1758762206.3855193
0.01,-0.01,-1.34,1758762206.3873105
0.01,-0.01,-1.34,1758762206.389446
0.01,-0.01,-1.34,1758762206.3917906
0.01,-0.01,-1.34,1758762206.39505
0.01,-0.01,-1.34,1758762206.3973165
0.01,-0.01,-1.34,1758762206.3992803
0.01,-0.01,-1.34,1758762206.4016378
0.01,-0.01,-1.34,1758762206.403667
0.01,-0.01,-1.34,1758762206.4062412
0.01,-0.01,-1.34,1758762206.408484
0.01,-0.01,-1.34,1758762206.4110885
0.01,-0.01,-1.34,1758762206.413646
0.01,-0.01,-1.34,1758762206.415644
0.01,-0.01,-1.34,1758762206.4173698
0.01,-0.01,-1.34,1758762206.4189932
0.01,-0.01,-1.34,1758762206.4210906
0.01,-0.01,-1.34,1758762206.4232476
0.01,-0.01,-1.34,1758762206.4252875
0.01,-0.01,-1.34,1758762206.4272485
0.01,-0.01,-1.34,1758762206.4289353
0.01,-0.01,-1.34,1758762206.4306042
0.01,-0.01,-1.34,1758762206.4333427
0.01,-0.01,-1.34,1758762206.435023
0.01,-0.01,-1.34,1758762206.4370055
0.01,-0.01,-1.34,1758762206.4386573
0.01,-0.01,-1.34,1758762206.440883
0.01,-0.01,-1.34,1758762206.4424856
0.01,-0.01,-1.34,1758762206.4443483
0.01,-0.01,-1.34,1758762206.446349
0.01,-0.01,-1.34,1758762206.448456
0.01,-0.01,-1.34,1758762206.450117
0.01,-0.01,-1.34,1758762206.4524574
0.01,-0.01,-1.34,1758762206.454368
0.01,-0.01,-1.34,1758762206.4560435
0.01,-0.01,-1.34,1758762206.458351
0.01,-0.01,-1.34,1758762206.4603555
0.01,-0.01,-1.34,1758762206.462016
0.01,-0.01,-1.34,1758762206.4642732
0.01,-0.01,-1.34,1758762206.4665132
0.01,-0.01,-1.34,1758762206.4685435
0.01,-0.01,-1.34,1758762206.4711072
0.01,-0.01,-1.34,1758762206.4734535
0.01,-0.01,-1.34,1758762206.4752028
0.01,-0.01,-1.34,1758762206.478322
0.01,-0.01,-1.34,1758762206.480917
0.01,-0.01,-1.34,1758762206.4827766
0.01,-0.01,-1.34,1758762206.485003
0.01,-0.01,-1.34,1758762206.487238
0.01,-0.01,-1.34,1758762206.489862
0.01,-0.01,-1.34,1758762206.4926562
0.01,-0.01,-1.34,1758762206.4956496
0.01,-0.01,-1.34,1758762206.497902
0.01,-0.01,-1.34,1758762206.5002522
0.01,-0.01,-1.34,1758762206.5026672
0.01,-0.01,-1.34,1758762206.504578
0.01,-0.01,-1.34,1758762206.5076284
0.01,-0.01,-1.34,1758762206.5102613
0.01,-0.01,-1.34,1758762206.5121217
0.01,-0.01,-1.34,1758762206.5148208
0.01,-0.01,-1.34,1758762206.5172732
0.01,-0.01,-1.34,1758762206.5195944
0.01,-0.01,-1.34,1758762206.5221317
0.01,-0.01,-1.34,1758762206.523867
0.01,-0.01,-1.34,1758762206.528196
0.01,-0.01,-1.34,1758762206.5307572
0.01,-0.02,-1.34,1758762206.533249
0.01,-0.01,-1.34,1758762206.5353296
0.01,-0.02,-1.34,1758762206.5376198
0.01,-0.01,-1.34,1758762206.5400248
0.01,-0.01,-1.34,1758762206.5423477
0.01,-0.01,-1.34,1758762206.5441124
0.01,-0.02,-1.34,1758762206.547075
0.01,-0.02,-1.34,1758762206.5489738
0.01,-0.01,-1.34,1758762206.5515783
0.01,-0.01,-1.34,1758762206.554023
0.01,-0.01,-1.34,1758762206.5559905
0.01,-0.01,-1.34,1758762206.558487
0.01,-0.01,-1.34,1758762206.56049
0.01,-0.01,-1.34,1758762206.562812
0.01,-0.01,-1.34,1758762206.565133
0.01,-0.01,-1.34,1758762206.5672345
0.01,-0.01,-1.34,1758762206.569563
0.01,-0.01,-1.34,1758762206.5717745
0.01,-0.01,-1.34,1758762206.574437
0.01,-0.01,-1.34,1758762206.576883
0.01,-0.01,-1.34,1758762206.5789576
0.01,-0.01,-1.34,1758762206.5806575
0.01,-0.01,-1.34,1758762206.582371
0.01,-0.01,-1.34,1758762206.5849252
0.01,-0.01,-1.34,1758762206.586751
0.01,-0.01,-1.34,1758762206.5883548
0.01,-0.01,-1.34,1758762206.589916
0.01,-0.01,-1.34,1758762206.5915492
0.01,-0.01,-1.34,1758762206.6023996
0.01,-0.01,-1.34,1758762206.6051004
0.01,-0.01,-1.34,1758762206.607438
0.01,-0.01,-1.34,1758762206.6091914
0.01,-0.01,-1.34,1758762206.611092
0.01,-0.01,-1.34,1758762206.613557
0.01,-0.01,-1.34,1758762206.6156063
0.01,-0.01,-1.34,1758762206.617475
0.01,-0.01,-1.34,1758762206.6195164
0.01,-0.01,-1.34,1758762206.6215134
0.01,-0.01,-1.34,1758762206.6238024
0.01,-0.01,-1.34,1758762206.625571
0.01,-0.01,-1.34,1758762206.627919
0.01,-0.01,-1.34,1758762206.629625
0.01,-0.01,-1.34,1758762206.6314433
0.01,-0.01,-1.34,1758762206.633589
0.01,-0.01,-1.34,1758762206.6353812
0.01,-0.01,-1.34,1758762206.6370547
0.01,-0.01,-1.34,1758762206.6396346
0.01,-0.01,-1.34,1758762206.6413903
0.01,-0.01,-1.34,1758762206.6442993
0.01,-0.01,-1.34,1758762206.6463163
0.01,-0.01,-1.34,1758762206.6482005
0.01,-0.01,-1.34,1758762206.6500368
0.01,-0.01,-1.34,1758762206.6523476
0.01,-0.01,-1.34,1758762206.6546278
0.01,-0.01,-1.34,1758762206.6563993
0.01,-0.01,-1.34,1758762206.658193
0.01,-0.01,-1.34,1758762206.6607049
0.01,-0.01,-1.34,1758762206.6631684
0.01,-0.01,-1.34,1758762206.665067
0.01,-0.01,-1.34,1758762206.6673777
0.01,-0.01,-1.34,1758762206.6692002
0.01,-0.01,-1.34,1758762206.671222
0.01,-0.01,-1.34,1758762206.6729882
0.01,-0.01,-1.34,1758762206.67529
0.01,-0.01,-1.34,1758762206.677105
0.01,-0.01,-1.34,1758762206.6789155
0.01,-0.01,-1.34,1758762206.6811116
0.01,-0.01,-1.34,1758762206.6896615
0.01,-0.01,-1.34,1758762206.6924398
0.01,-0.01,-1.34,1758762206.695007
0.01,-0.01,-1.34,1758762206.6976304
0.01,-0.01,-1.34,1758762206.700353
0.01,-0.01,-1.34,1758762206.7033436
0.01,-0.01,-1.34,1758762206.7057736
0.01,-0.01,-1.34,1758762206.7100549
0.01,-0.01,-1.34,1758762206.7127943
0.01,-0.01,-1.34,1758762206.7153666
0.01,-0.01,-1.34,1758762206.7182353
0.01,-0.01,-1.34,1758762206.7234404
0.01,-0.01,-1.34,1758762206.726318
0.01,-0.01,-1.34,1758762206.7288427
0.01,-0.01,-1.34,1758762206.7313936
0.01,-0.01,-1.34,1758762206.7349043
0.01,-0.01,-1.34,1758762206.7379313
0.01,-0.01,-1.34,1758762206.740978
0.01,-0.01,-1.34,1758762206.7437985
0.01,-0.01,-1.34,1758762206.7467363
0.01,-0.01,-1.34,1758762206.7496746
0.01,-0.01,-1.34,1758762206.7522168
0.01,-0.01,-1.34,1758762206.7557604
0.01,-0.01,-1.34,1758762206.7580287
0.01,-0.01,-1.34,1758762206.7609353
0.01,-0.01,-1.34,1758762206.763873
0.01,-0.01,-1.34,1758762206.7664213
0.01,-0.01,-1.34,1758762206.7696166
0.01,-0.01,-1.34,1758762206.7723358
0.01,-0.01,-1.34,1758762206.775638
0.01,-0.01,-1.34,1758762206.778989
0.01,-0.01,-1.34,1758762206.782084
0.01,-0.01,-1.34,1758762206.7846255
0.01,-0.01,-1.34,1758762206.7874298
0.01,-0.01,-1.34,1758762206.7902107
0.01,-0.01,-1.34,1758762206.7928967
0.01,-0.01,-1.34,1758762206.7958562
0.01,-0.01,-1.34,1758762206.798468
0.01,-0.01,-1.34,1758762206.8014426
0.01,-0.01,-1.34,1758762206.804847
0.01,-0.01,-1.34,1758762206.8073492
0.01,-0.01,-1.34,1758762206.8104618
0.01,-0.01,-1.34,1758762206.8135643
0.01,-0.01,-1.34,1758762206.8161716
0.01,-0.01,-1.34,1758762206.8192742
0.01,-0.02,-1.34,1758762206.822062
0.01,-0.02,-1.34,1758762206.824694
0.01,-0.02,-1.34,1758762206.8272457
0.01,-0.01,-1.34,1758762206.8301604
0.01,-0.01,-1.34,1758762206.8333127
0.01,-0.01,-1.34,1758762206.8360977
0.01,-0.01,-1.34,1758762206.8391018
0.01,-0.01,-1.34,1758762206.8418927
0.01,-0.01,-1.34,1758762206.844597
0.01,-0.01,-1.34,1758762206.8475163
0.01,-0.01,-1.34,1758762206.8501434
0.01,-0.02,-1.34,1758762206.8534656
0.01,-0.02,-1.34,1758762206.856178
0.01,-0.02,-1.34,1758762206.859244
0.01,-0.02,-1.34,1758762206.8619804
0.01,-0.02,-1.34,1758762206.8640556
0.01,-0.02,-1.34,1758762206.8663018
0.01,-0.02,-1.34,1758762206.868264
0.01,-0.02,-1.34,1758762206.8703244
0.01,-0.02,-1.34,1758762206.8726225
0.01,-0.02,-1.34,1758762206.8744495
0.01,-0.02,-1.34,1758762206.8762624
0.01,-0.02,-1.34,1758762206.8781948
0.01,-0.02,-1.34,1758762206.8811765
0.01,-0.02,-1.34,1758762206.8832283
0.01,-0.02,-1.34,1758762206.8851016
0.01,-0.02,-1.34,1758762206.8869371
0.01,-0.02,-1.34,1758762206.8887606
0.01,-0.02,-1.34,1758762206.890564
0.01,-0.02,-1.34,1758762206.892335
0.01,-0.02,-1.34,1758762206.8943317
0.01,-0.02,-1.34,1758762206.896133
0.01,-0.02,-1.34,1758762206.8978658
0.01,-0.02,-1.34,1758762206.899706
0.01,-0.02,-1.34,1758762206.9015412
0.01,-0.02,-1.34,1758762206.903411
0.01,-0.02,-1.34,1758762206.9056382
0.01,-0.02,-1.34,1758762206.9075782
0.01,-0.02,-1.34,1758762206.909417
0.01,-0.02,-1.34,1758762206.9112923
0.01,-0.02,-1.34,1758762206.9136984
0.01,-0.02,-1.34,1758762206.9161513
0.01,-0.02,-1.34,1758762206.91943
0.01,-0.02,-1.34,1758762206.9220529
0.01,-0.02,-1.34,1758762206.9243815
0.01,-0.02,-1.34,1758762206.9270675
0.01,-0.02,-1.34,1758762206.9295614
0.01,-0.02,-1.34,1758762206.9322028
0.01,-0.02,-1.34,1758762206.9355302
0.01,-0.02,-1.34,1758762206.938352
0.01,-0.02,-1.34,1758762206.9415276
0.01,-0.02,-1.34,1758762206.944671
0.01,-0.02,-1.34,1758762206.9468868
0.01,-0.02,-1.34,1758762206.950745
0.01,-0.02,-1.34,1758762206.953834
0.01,-0.02,-1.34,1758762206.9564168
0.01,-0.02,-1.34,1758762206.9589293
0.01,-0.02,-1.34,1758762206.961461
0.01,-0.02,-1.34,1758762206.963759
0.01,-0.02,-1.34,1758762206.9662814
0.01,-0.02,-1.34,1758762206.968456
0.01,-0.02,-1.34,1758762206.970962
0.01,-0.02,-1.34,1758762206.973532
0.01,-0.02,-1.34,1758762206.9762163
0.01,-0.02,-1.34,1758762206.9788888
0.01,-0.02,-1.34,1758762206.9811325
0.01,-0.02,-1.34,1758762206.984148
0.01,-0.02,-1.34,1758762206.9864304
0.01,-0.02,-1.34,1758762206.989023
0.01,-0.02,-1.34,1758762206.9914608
0.01,-0.02,-1.34,1758762206.993797
0.01,-0.02,-1.34,1758762206.9967914
0.01,-0.02,-1.34,1758762206.9994898
0.01,-0.02,-1.34,1758762207.0021966
0.01,-0.02,-1.34,1758762207.0048988
0.01,-0.02,-1.34,1758762207.0073948
0.01,-0.02,-1.34,1758762207.0104642
0.01,-0.02,-1.34,1758762207.0132823
0.01,-0.02,-1.34,1758762207.016139
0.01,-0.02,-1.34,1758762207.0193615
0.01,-0.02,-1.34,1758762207.0224533
0.01,-0.02,-1.34,1758762207.0262084
0.01,-0.02,-1.34,1758762207.0286644
0.01,-0.02,-1.34,1758762207.0311663
0.01,-0.02,-1.34,1758762207.0340254
0.01,-0.02,-1.34,1758762207.0364418
0.01,-0.02,-1.34,1758762207.0390964
0.01,-0.02,-1.34,1758762207.0416565
0.01,-0.02,-1.34,1758762207.0448668
0.01,-0.02,-1.34,1758762207.0471723
0.01,-0.02,-1.34,1758762207.0501392
0.01,-0.02,-1.34,1758762207.0535493
0.01,-0.02,-1.34,1758762207.055654
0.01,-0.02,-1.34,1758762207.0577495
0.01,-0.02,-1.34,1758762207.0599968
0.01,-0.02,-1.34,1758762207.061958
0.01,-0.02,-1.34,1758762207.0638018
0.01,-0.02,-1.34,1758762207.066095
0.01,-0.02,-1.34,1758762207.067912
0.01,-0.02,-1.34,1758762207.0697167
0.01,-0.02,-1.34,1758762207.0715263
0.01,-0.02,-1.34,1758762207.0738225
0.01,-0.02,-1.34,1758762207.0781858
0.01,-0.02,-1.34,1758762207.0804844
0.01,-0.02,-1.34,1758762207.083686
0.01,-0.02,-1.34,1758762207.0862987
0.01,-0.02,-1.34,1758762207.0900717
0.01,-0.02,-1.34,1758762207.0928037
0.01,-0.02,-1.34,1758762207.0963285
0.01,-0.02,-1.34,1758762207.099559
0.01,-0.02,-1.34,1758762207.1022468
0.01,-0.02,-1.34,1758762207.1047175
0.01,-0.02,-1.34,1758762207.1088068
0.01,-0.02,-1.34,1758762207.1113794
0.01,-0.02,-1.34,1758762207.1143577
0.01,-0.02,-1.34,1758762207.1165812
0.01,-0.02,-1.34,1758762207.1199522
0.01,-0.02,-1.34,1758762207.1235745
0.01,-0.02,-1.34,1758762207.1266408
0.01,-0.02,-1.34,1758762207.1288867
0.01,-0.02,-1.34,1758762207.1313322
0.01,-0.02,-1.34,1758762207.1342225
0.01,-0.02,-1.34,1758762207.1377578
0.01,-0.02,-1.34,1758762207.1406262
0.01,-0.02,-1.34,1758762207.1431322
0.01,-0.02,-1.34,1758762207.1455798
0.01,-0.02,-1.34,1758762207.1478186
0.01,-0.02,-1.34,1758762207.150209
0.01,-0.02,-1.34,1758762207.1526651
0.01,-0.02,-1.34,1758762207.1551366
0.01,-0.02,-1.34,1758762207.1571286
0.01,-0.02,-1.34,1758762207.1595745
0.01,-0.02,-1.34,1758762207.1615765
0.01,-0.02,-1.34,1758762207.1638813
0.01,-0.02,-1.34,1758762207.1659198
0.01,-0.02,-1.34,1758762207.168307
0.01,-0.02,-1.34,1758762207.1703594
0.01,-0.02,-1.34,1758762207.1728866
0.01,-0.02,-1.34,1758762207.174949
0.01,-0.02,-1.34,1758762207.1771634
0.01,-0.02,-1.34,1758762207.179148
0.01,-0.02,-1.34,1758762207.1814954
0.01,-0.02,-1.34,1758762207.1840818
0.01,-0.02,-1.34,1758762207.1866393
0.01,-0.02,-1.34,1758762207.1895592
0.01,-0.02,-1.34,1758762207.1916993
0.01,-0.02,-1.35,1758762207.194075
0.01,-0.02,-1.35,1758762207.19686
0.01,-0.02,-1.35,1758762207.1989772
0.01,-0.02,-1.35,1758762207.2015235
0.01,-0.02,-1.35,1758762207.2062154
0.01,-0.02,-1.35,1758762207.209009
0.01,-0.02,-1.35,1758762207.2121506
0.01,-0.02,-1.35,1758762207.2147436
0.01,-0.02,-1.35,1758762207.21711
0.01,-0.02,-1.35,1758762207.219488
0.01,-0.02,-1.35,1758762207.222351
0.01,-0.02,-1.35,1758762207.2250988
0.01,-0.02,-1.35,1758762207.2275465
0.01,-0.02,-1.35,1758762207.2303824
0.01,-0.02,-1.35,1758762207.233318
0.01,-0.02,-1.35,1758762207.2357605
0.01,-0.02,-1.35,1758762207.2384949
0.01,-0.02,-1.35,1758762207.2409787
0.01,-0.02,-1.35,1758762207.2438197
0.01,-0.02,-1.35,1758762207.2463136
0.01,-0.02,-1.35,1758762207.2490206
0.01,-0.02,-1.35,1758762207.2515032
0.01,-0.02,-1.35,1758762207.2538898
0.01,-0.02,-1.35,1758762207.256559
0.01,-0.02,-1.35,1758762207.260135
0.01,-0.02,-1.35,1758762207.2628114
0.01,-0.02,-1.35,1758762207.2650046
0.01,-0.02,-1.35,1758762207.2677913
0.01,-0.02,-1.35,1758762207.2711167
0.01,-0.02,-1.35,1758762207.274397
0.01,-0.02,-1.35,1758762207.276928
0.01,-0.02,-1.35,1758762207.279302
0.01,-0.02,-1.35,1758762207.2813375
0.01,-0.02,-1.35,1758762207.2840545
0.01,-0.02,-1.35,1758762207.2865222
0.01,-0.02,-1.35,1758762207.2892668
0.01,-0.02,-1.35,1758762207.2922325
0.01,-0.02,-1.35,1758762207.2947402
0.01,-0.02,-1.35,1758762207.297443
0.01,-0.02,-1.35,1758762207.2995846
0.01,-0.02,-1.35,1758762207.3016222
0.01,-0.02,-1.35,1758762207.303776
0.01,-0.02,-1.35,1758762207.3064566
0.01,-0.02,-1.35,1758762207.3089883
0.01,-0.02,-1.35,1758762207.3112607
0.01,-0.02,-1.35,1758762207.3140223
0.01,-0.02,-1.35,1758762207.3160806
0.01,-0.02,-1.35,1758762207.3189518
0.01,-0.02,-1.35,1758762207.3214371
0.01,-0.02,-1.35,1758762207.324343
0.01,-0.02,-1.35,1758762207.3271575
0.01,-0.01,-1.35,1758762207.3296592
0.01,-0.01,-1.35,1758762207.332125
0.01,-0.01,-1.35,1758762207.3347018
0.01,-0.01,-1.35,1758762207.3367708
0.01,-0.01,-1.35,1758762207.339244
0.01,-0.02,-1.35,1758762207.3418193
0.01,-0.02,-1.35,1758762207.344838
0.01,-0.02,-1.35,1758762207.3471131
0.01,-0.01,-1.35,1758762207.3495169
0.01,-0.01,-1.35,1758762207.3520143
0.01,-0.01,-1.35,1758762207.3547468
0.01,-0.01,-1.35,1758762207.3571627
0.01,-0.01,-1.35,1758762207.3592918
0.01,-0.01,-1.35,1758762207.3618135
0.01,-0.01,-1.35,1758762207.3647232
0.01,-0.01,-1.35,1758762207.3673315
0.01,-0.01,-1.35,1758762207.3698833
0.01,-0.01,-1.35,1758762207.3728848
0.01,-0.01,-1.35,1758762207.3751926
0.01,-0.01,-1.35,1758762207.3775637
0.01,-0.01,-1.35,1758762207.379843
0.01,-0.01,-1.35,1758762207.382794
0.01,-0.01,-1.35,1758762207.3853192
0.01,-0.01,-1.35,1758762207.387859
0.01,-0.01,-1.35,1758762207.3903103
0.01,-0.01,-1.35,1758762207.3931892
0.01,-0.01,-1.35,1758762207.3954785
0.01,-0.01,-1.35,1758762207.3975098
0.01,-0.01,-1.35,1758762207.3998702
0.01,-0.01,-1.35,1758762207.401923
0.01,-0.02,-1.35,1758762207.404515
0.01,-0.01,-1.35,1758762207.4071765
0.01,-0.01,-1.35,1758762207.4098294
0.01,-0.01,-1.35,1758762207.4123333
0.01,-0.01,-1.35,1758762207.4150813
0.01,-0.01,-1.35,1758762207.417514
0.01,-0.02,-1.35,1758762207.4197943
0.01,-0.02,-1.35,1758762207.4227152
0.01,-0.01,-1.35,1758762207.4253209
0.01,-0.02,-1.35,1758762207.4280038
0.01,-0.02,-1.35,1758762207.4308562
0.01,-0.02,-1.35,1758762207.433342
0.01,-0.02,-1.35,1758762207.4361534
0.01,-0.02,-1.35,1758762207.4384954
0.01,-0.02,-1.35,1758762207.441424
0.01,-0.02,-1.35,1758762207.4436808
0.01,-0.02,-1.35,1758762207.4456046
0.01,-0.02,-1.35,1758762207.4485843
0.01,-0.01,-1.35,1758762207.4514613
0.01,-0.02,-1.35,1758762207.454012
0.01,-0.02,-1.35,1758762207.4568172
0.01,-0.02,-1.35,1758762207.4589665
0.01,-0.01,-1.35,1758762207.4610176
0.01,-0.01,-1.35,1758762207.4636955
0.01,-0.01,-1.35,1758762207.4656456
0.01,-0.01,-1.35,1758762207.468423
0.01,-0.01,-1.35,1758762207.4701407
0.01,-0.01,-1.35,1758762207.4731915
0.01,-0.01,-1.35,1758762207.476957
0.01,-0.01,-1.35,1758762207.4800134
0.01,-0.01,-1.35,1758762207.4835932
0.01,-0.01,-1.35,1758762207.486278
0.01,-0.01,-1.35,1758762207.4884768
0.01,-0.01,-1.35,1758762207.4916606
0.01,-0.01,-1.35,1758762207.4951546
0.01,-0.02,-1.35,1758762207.4980266
0.01,-0.01,-1.35,1758762207.5002224
0.01,-0.02,-1.35,1758762207.5036762
0.01,-0.02,-1.35,1758762207.5063744
0.01,-0.02,-1.35,1758762207.508553
0.01,-0.01,-1.35,1758762207.5116668
0.01,-0.02,-1.35,1758762207.5144062
0.01,-0.02,-1.35,1758762207.516651
0.01,-0.02,-1.35,1758762207.5201595
0.01,-0.01,-1.35,1758762207.523846
0.01,-0.02,-1.35,1758762207.52608
0.01,-0.02,-1.35,1758762207.5279522
0.01,-0.02,-1.35,1758762207.5303774
0.01,-0.02,-1.35,1758762207.5320752
0.01,-0.02,-1.35,1758762207.53417
0.01,-0.02,-1.35,1758762207.5359054
0.01,-0.01,-1.35,1758762207.5381663
0.01,-0.02,-1.35,1758762207.5416825
0.01,-0.02,-1.35,1758762207.5435965
0.01,-0.01,-1.35,1758762207.5460863
0.01,-0.02,-1.35,1758762207.5477571
0.01,-0.02,-1.35,1758762207.5502875
0.01,-0.02,-1.35,1758762207.5519652
0.01,-0.02,-1.35,1758762207.5542123
0.01,-0.02,-1.35,1758762207.5559056
0.01,-0.02,-1.35,1758762207.5584428
0.01,-0.02,-1.35,1758762207.5603814
0.01,-0.02,-1.35,1758762207.5631
0.01,-0.02,-1.35,1758762207.565665
0.01,-0.02,-1.35,1758762207.5673337
0.01,-0.02,-1.35,1758762207.56978
0.01,-0.02,-1.35,1758762207.5714576
0.01,-0.01,-1.35,1758762207.5743814
0.01,-0.02,-1.35,1758762207.576049
0.01,-0.02,-1.35,1758762207.5781074
0.01,-0.01,-1.35,1758762207.5797966
0.01,-0.02,-1.35,1758762207.5821457
0.01,-0.02,-1.35,1758762207.5838175
0.01,-0.02,-1.35,1758762207.586136
0.01,-0.02,-1.35,1758762207.587821
0.01,-0.02,-1.35,1758762207.5902102
0.01,-0.02,-1.35,1758762207.591926
0.01,-0.02,-1.35,1758762207.594702
0.01,-0.02,-1.35,1758762207.596424
0.01,-0.01,-1.35,1758762207.5989656
0.01,-0.01,-1.35,1758762207.6006384
0.01,-0.01,-1.35,1758762207.6031675
0.01,-0.01,-1.35,1758762207.6048295
0.01,-0.01,-1.35,1758762207.6072788
0.01,-0.01,-1.35,1758762207.6097567
0.01,-0.01,-1.35,1758762207.6114426
0.01,-0.01,-1.35,1758762207.6138191
0.01,-0.01,-1.35,1758762207.6155653
0.01,-0.01,-1.35,1758762207.618024
0.01,-0.01,-1.35,1758762207.6196637
0.01,-0.01,-1.35,1758762207.6220627
0.01,-0.01,-1.35,1758762207.6238976
0.01,-0.01,-1.35,1758762207.6260483
0.01,-0.01,-1.35,1758762207.6277187
0.01,-0.01,-1.35,1758762207.630001
0.01,-0.01,-1.35,1758762207.6316588
0.01,-0.01,-1.35,1758762207.634096
0.01,-0.01,-1.35,1758762207.6357813
0.01,-0.01,-1.35,1758762207.6380024
0.01,-0.01,-1.35,1758762207.639917
0.01,-0.02,-1.35,1758762207.6429403
0.01,-0.02,-1.35,1758762207.6526296
0.01,-0.01,-1.35,1758762207.6557844
0.01,-0.01,-1.35,1758762207.65855
0.01,-0.01,-1.35,1758762207.6618862
0.01,-0.01,-1.35,1758762207.6641746
0.01,-0.01,-1.35,1758762207.6673868
0.01,-0.01,-1.35,1758762207.6705663
0.01,-0.01,-1.35,1758762207.673068
0.01,-0.01,-1.35,1758762207.67618
0.01,-0.01,-1.35,1758762207.6789634
0.01,-0.01,-1.35,1758762207.681818
0.01,-0.01,-1.35,1758762207.684367
0.01,-0.01,-1.35,1758762207.6862657
0.01,-0.01,-1.35,1758762207.6890533
0.01,-0.01,-1.35,1758762207.6917694
0.01,-0.01,-1.35,1758762207.6948452
0.01,-0.01,-1.35,1758762207.6986885
0.01,-0.01,-1.35,1758762207.701339
0.01,-0.01,-1.35,1758762207.7045815
0.01,-0.01,-1.35,1758762207.7080686
0.01,-0.01,-1.35,1758762207.710733
0.01,-0.01,-1.35,1758762207.7137876
0.01,-0.01,-1.35,1758762207.716628
0.01,-0.01,-1.35,1758762207.7193902
0.01,-0.01,-1.35,1758762207.7224886
0.01,-0.01,-1.35,1758762207.724376
0.01,-0.01,-1.35,1758762207.72678
0.01,-0.01,-1.35,1758762207.7290726
0.01,-0.01,-1.35,1758762207.7312486
0.01,-0.01,-1.35,1758762207.7341452
0.01,-0.01,-1.35,1758762207.7372377
0.01,-0.01,-1.35,1758762207.74019
0.01,-0.01,-1.35,1758762207.743232
0.01,-0.01,-1.35,1758762207.745331
0.01,-0.01,-1.35,1758762207.747507
0.01,-0.01,-1.35,1758762207.750085
0.01,-0.01,-1.35,1758762207.752684
0.01,-0.01,-1.35,1758762207.7558544
0.01,-0.01,-1.35,1758762207.7589688
0.01,-0.01,-1.35,1758762207.7621088
0.01,-0.01,-1.35,1758762207.7648983
0.01,-0.01,-1.35,1758762207.767383
0.01,-0.01,-1.35,1758762207.7701416
0.01,-0.01,-1.35,1758762207.7731714
0.01,-0.01,-1.35,1758762207.7760952
0.01,-0.01,-1.35,1758762207.778923
0.01,-0.01,-1.35,1758762207.7819536
0.01,-0.01,-1.35,1758762207.784512
0.01,-0.01,-1.35,1758762207.7863915
0.01,-0.01,-1.35,1758762207.788653
0.01,-0.01,-1.35,1758762207.790928
0.01,-0.01,-1.35,1758762207.79364
0.01,-0.01,-1.35,1758762207.7959614
0.01,-0.01,-1.35,1758762207.798198
0.01,-0.01,-1.35,1758762207.8004282
0.01,-0.01,-1.35,1758762207.802756
0.01,-0.01,-1.35,1758762207.805057
0.01,-0.01,-1.35,1758762207.8082142
0.01,-0.01,-1.35,1758762207.8111336
0.01,-0.01,-1.35,1758762207.8142736
0.01,-0.01,-1.35,1758762207.8165464
0.01,-0.01,-1.35,1758762207.8198388
0.01,-0.01,-1.35,1758762207.8232827
0.01,-0.01,-1.35,1758762207.825985
0.01,-0.01,-1.35,1758762207.8282037
0.01,-0.01,-1.35,1758762207.8312404
0.01,-0.01,-1.35,1758762207.8339894
0.01,-0.01,-1.35,1758762207.836279
0.01,-0.01,-1.35,1758762207.8392832
0.01,-0.01,-1.35,1758762207.842113
0.01,-0.01,-1.35,1758762207.844556
0.01,-0.01,-1.35,1758762207.8475764
0.01,-0.01,-1.35,1758762207.8505683
0.01,-0.01,-1.35,1758762207.8537278
0.01,-0.01,-1.35,1758762207.8560462
0.01,-0.01,-1.35,1758762207.859196
0.01,-0.01,-1.35,1758762207.861924
0.01,-0.01,-1.35,1758762207.8643882
0.01,-0.01,-1.35,1758762207.8674097
0.01,-0.01,-1.35,1758762207.87029
0.01,-0.01,-1.35,1758762207.872729
0.01,-0.01,-1.35,1758762207.8757603
0.01,-0.01,-1.35,1758762207.8788743
0.01,-0.01,-1.35,1758762207.881761
0.01,-0.01,-1.35,1758762207.8840494
0.01,-0.01,-1.35,1758762207.8873334
0.01,-0.01,-1.35,1758762207.8899906
0.01,-0.01,-1.35,1758762207.892396
0.01,-0.01,-1.35,1758762207.8954687
0.01,-0.01,-1.35,1758762207.8982282
0.01,-0.01,-1.35,1758762207.9005015
0.01,-0.01,-1.35,1758762207.903648
0.01,-0.01,-1.35,1758762207.906736
0.01,-0.01,-1.35,1758762207.9096622
0.01,-0.01,-1.35,1758762207.9119637
0.01,-0.01,-1.35,1758762207.9147031
0.01,-0.01,-1.35,1758762207.916508
0.01,-0.01,-1.35,1758762207.9190366
0.01,-0.01,-1.35,1758762207.921982
0.01,-0.01,-1.35,1758762207.9240632
0.01,-0.01,-1.35,1758762207.926149
0.01,-0.01,-1.35,1758762207.9282167
0.01,-0.01,-1.35,1758762207.9310074
0.01,-0.01,-1.35,1758762207.933883
0.01,-0.01,-1.35,1758762207.9375205
0.01,-0.01,-1.35,1758762207.9407723
0.01,-0.01,-1.35,1758762207.9446642
0.01,-0.01,-1.35,1758762207.9478512
0.01,-0.01,-1.35,1758762207.9520135
0.01,-0.01,-1.35,1758762207.9556017
0.01,-0.01,-1.35,1758762207.9592483
0.01,-0.01,-1.35,1758762207.9621608
0.01,-0.01,-1.35,1758762207.9663756
0.01,-0.01,-1.35,1758762207.9695296
0.01,-0.01,-1.35,1758762207.9728234
0.01,-0.01,-1.35,1758762207.9766312
0.01,-0.01,-1.35,1758762207.980009
0.01,-0.01,-1.35,1758762207.9835613
0.01,-0.01,-1.35,1758762207.987435
0.01,-0.01,-1.35,1758762207.991848
0.01,-0.01,-1.35,1758762207.9949317
0.01,-0.01,-1.35,1758762207.9983623
0.01,-0.01,-1.35,1758762208.0018167
0.01,-0.01,-1.35,1758762208.0057902
0.01,-0.01,-1.35,1758762208.0091026
0.01,-0.01,-1.35,1758762208.0138316
0.01,-0.01,-1.35,1758762208.0169735
0.01,-0.01,-1.35,1758762208.020264
0.01,-0.01,-1.35,1758762208.024131
0.01,-0.01,-1.35,1758762208.0271242
0.01,-0.01,-1.35,1758762208.0303075
0.01,-0.01,-1.35,1758762208.034034
0.01,-0.01,-1.35,1758762208.037343
0.01,-0.01,-1.35,1758762208.040924
0.01,-0.01,-1.35,1758762208.044825
0.01,-0.01,-1.35,1758762208.047778
0.01,-0.01,-1.35,1758762208.0511289
0.01,-0.01,-1.35,1758762208.0547009
0.01,-0.01,-1.35,1758762208.058976
0.01,-0.01,-1.35,1758762208.0617435
0.01,-0.01,-1.35,1758762208.0661235
0.01,-0.01,-1.35,1758762208.06856
0.01,-0.01,-1.35,1758762208.0720506
0.01,-0.01,-1.35,1758762208.076112
0.01,-0.01,-1.35,1758762208.0790367
0.01,-0.01,-1.35,1758762208.0819414
0.01,-0.01,-1.35,1758762208.0838437
0.01,-0.01,-1.35,1758762208.086466
0.01,-0.01,-1.35,1758762208.0895443
0.01,-0.01,-1.35,1758762208.0932815
0.01,-0.01,-1.35,1758762208.0966
0.01,-0.01,-1.35,1758762208.099631
0.01,-0.01,-1.35,1758762208.1027346
0.01,-0.01,-1.35,1758762208.1061542
0.01,-0.01,-1.35,1758762208.109655
0.01,-0.01,-1.35,1758762208.1137335
0.01,-0.01,-1.35,1758762208.1158082
0.01,-0.01,-1.35,1758762208.1183395
0.01,-0.01,-1.35,1758762208.1202264
0.01,-0.01,-1.35,1758762208.1231654
0.01,-0.01,-1.35,1758762208.1259472
0.01,-0.01,-1.35,1758762208.1279082
0.01,-0.01,-1.35,1758762208.130369
0.01,-0.01,-1.35,1758762208.1322026
0.01,-0.01,-1.35,1758762208.1353135
0.01,-0.01,-1.35,1758762208.138171
0.01,-0.01,-1.35,1758762208.1400485
0.01,-0.01,-1.35,1758762208.1432855
0.01,-0.01,-1.35,1758762208.1458385
0.01,-0.01,-1.35,1758762208.1477735
0.01,-0.01,-1.35,1758762208.1520145
0.01,-0.01,-1.35,1758762208.1562624
0.01,-0.01,-1.35,1758762208.1596334
0.01,-0.01,-1.35,1758762208.1641357
0.01,-0.01,-1.35,1758762208.1670835
0.01,-0.01,-1.35,1758762208.1699407
0.01,-0.01,-1.35,1758762208.1729822
0.01,-0.01,-1.35,1758762208.1753595
0.01,-0.01,-1.35,1758762208.1776428
0.01,-0.01,-1.35,1758762208.1800566
0.01,-0.01,-1.35,1758762208.1833818
0.01,-0.01,-1.35,1758762208.1868424
0.01,-0.01,-1.35,1758762208.190057
0.01,-0.01,-1.35,1758762208.1929326
0.01,-0.01,-1.35,1758762208.1950178
0.01,-0.01,-1.35,1758762208.1971862
0.01,-0.01,-1.35,1758762208.1991458
0.01,-0.01,-1.35,1758762208.201892
0.01,-0.01,-1.35,1758762208.2048128
0.01,-0.01,-1.35,1758762208.2069323
0.01,-0.01,-1.35,1758762208.2088363
0.01,-0.01,-1.35,1758762208.2109706
0.01,-0.01,-1.35,1758762208.2132638
0.01,-0.01,-1.35,1758762208.215633
0.01,-0.01,-1.35,1758762208.217357
0.01,-0.01,-1.35,1758762208.220501
0.01,-0.01,-1.35,1758762208.222227
0.01,-0.01,-1.35,1758762208.2252278
0.01,-0.01,-1.35,1758762208.2276056
0.01,-0.01,-1.35,1758762208.2292902
0.01,-0.01,-1.35,1758762208.2320926
0.01,-0.01,-1.35,1758762208.2338755
0.01,-0.01,-1.35,1758762208.2355845
0.01,-0.01,-1.35,1758762208.2388785
0.01,-0.01,-1.35,1758762208.2413828
0.01,-0.01,-1.35,1758762208.2437675
0.01,-0.01,-1.35,1758762208.2463634
0.01,-0.01,-1.35,1758762208.2485929
0.01,-0.01,-1.35,1758762208.251088
0.01,-0.01,-1.35,1758762208.253356
0.01,-0.01,-1.35,1758762208.255096
0.01,-0.01,-1.35,1758762208.257295
0.01,-0.01,-1.35,1758762208.2599792
0.01,-0.01,-1.35,1758762208.262628
0.01,-0.01,-1.35,1758762208.265102
0.01,-0.01,-1.35,1758762208.2678747
0.01,-0.01,-1.35,1758762208.270532
0.01,-0.01,-1.35,1758762208.2731783
0.01,-0.01,-1.35,1758762208.2758658
0.01,-0.01,-1.35,1758762208.2781346
0.01,-0.01,-1.35,1758762208.2804449
0.01,-0.01,-1.35,1758762208.283045
0.01,-0.01,-1.35,1758762208.2853975
0.01,-0.01,-1.35,1758762208.288195
0.01,-0.01,-1.35,1758762208.2904763
0.01,-0.01,-1.35,1758762208.292859
0.01,-0.01,-1.35,1758762208.295215
0.01,-0.01,-1.35,1758762208.2990716
0.01,-0.01,-1.35,1758762208.302138
0.01,-0.02,-1.35,1758762208.305274
0.01,-0.02,-1.35,1758762208.3084126
0.01,-0.02,-1.35,1758762208.3114035
0.01,-0.02,-1.35,1758762208.3159328
0.01,-0.02,-1.35,1758762208.3197472
0.01,-0.02,-1.35,1758762208.3222594
0.01,-0.02,-1.35,1758762208.325629
0.01,-0.02,-1.35,1758762208.3294768
0.01,-0.02,-1.35,1758762208.3328917
0.01,-0.02,-1.35,1758762208.3370051
0.01,-0.02,-1.35,1758762208.340527
0.01,-0.02,-1.35,1758762208.343738
0.01,-0.02,-1.35,1758762208.3461237
0.01,-0.02,-1.35,1758762208.349164
0.01,-0.02,-1.35,1758762208.351861
0.01,-0.02,-1.35,1758762208.3541603
0.01,-0.02,-1.35,1758762208.3570845
0.01,-0.02,-1.35,1758762208.3600805
0.01,-0.02,-1.35,1758762208.3622477
0.01,-0.02,-1.35,1758762208.3654015
0.01,-0.02,-1.35,1758762208.3681347
0.01,-0.02,-1.35,1758762208.370217
0.01,-0.02,-1.35,1758762208.373611
0.01,-0.02,-1.35,1758762208.3772614
0.01,-0.02,-1.35,1758762208.3800688
0.01,-0.02,-1.35,1758762208.3821445
0.01,-0.02,-1.35,1758762208.3850596
0.01,-0.02,-1.35,1758762208.3877606
0.01,-0.02,-1.35,1758762208.3896215
0.01,-0.02,-1.35,1758762208.392239
0.01,-0.02,-1.35,1758762208.3944468
0.01,-0.02,-1.35,1758762208.3977227
0.01,-0.02,-1.35,1758762208.4001205
0.01,-0.02,-1.35,1758762208.4022226
0.01,-0.02,-1.35,1758762208.4051423
0.01,-0.02,-1.35,1758762208.407926
0.01,-0.02,-1.35,1758762208.4100394
0.01,-0.02,-1.35,1758762208.412962
0.01,-0.02,-1.35,1758762208.4159043
0.01,-0.02,-1.35,1758762208.4181492
0.01,-0.02,-1.35,1758762208.4216976
0.01,-0.02,-1.35,1758762208.4242802
0.01,-0.02,-1.35,1758762208.42647
0.01,-0.02,-1.35,1758762208.4290478
0.01,-0.02,-1.35,1758762208.4328513
0.01,-0.02,-1.35,1758762208.4360647
0.01,-0.02,-1.35,1758762208.4393673
0.01,-0.02,-1.35,1758762208.4422913
0.01,-0.02,-1.35,1758762208.4448376
0.01,-0.02,-1.35,1758762208.4478438
0.01,-0.02,-1.35,1758762208.450439
0.01,-0.02,-1.35,1758762208.4536808
0.01,-0.02,-1.35,1758762208.4574826
0.01,-0.02,-1.35,1758762208.4601011
0.01,-0.02,-1.35,1758762208.4635534
0.01,-0.02,-1.35,1758762208.4661102
0.01,-0.02,-1.35,1758762208.470515
0.01,-0.02,-1.35,1758762208.4743562
0.01,-0.02,-1.35,1758762208.4764004
0.01,-0.02,-1.35,1758762208.478382
0.01,-0.02,-1.35,1758762208.4808116
0.01,-0.02,-1.35,1758762208.48302
0.01,-0.02,-1.35,1758762208.4848368
0.01,-0.01,-1.35,1758762208.486637
0.01,-0.01,-1.35,1758762208.4888306
0.01,-0.01,-1.35,1758762208.4909985
0.01,-0.01,-1.35,1758762208.492913
0.01,-0.01,-1.35,1758762208.4947388
0.01,-0.01,-1.35,1758762208.496758
0.01,-0.01,-1.35,1758762208.4985604
0.01,-0.01,-1.35,1758762208.500343
0.01,-0.01,-1.35,1758762208.5021603
0.01,-0.01,-1.35,1758762208.5042348
0.01,-0.01,-1.35,1758762208.5059505
0.01,-0.01,-1.35,1758762208.50773
0.01,-0.01,-1.35,1758762208.5096898
0.01,-0.01,-1.35,1758762208.5116928
0.01,-0.01,-1.35,1758762208.5137897
0.01,-0.01,-1.35,1758762208.515581
0.01,-0.01,-1.35,1758762208.5176804
0.01,-0.01,-1.35,1758762208.5195093
0.01,-0.01,-1.35,1758762208.5216303
0.01,-0.01,-1.35,1758762208.5242577
0.01,-0.01,-1.35,1758762208.5267742
0.01,-0.01,-1.35,1758762208.5295444
0.01,-0.01,-1.35,1758762208.5314214
0.01,-0.01,-1.35,1758762208.53423
0.01,-0.01,-1.35,1758762208.5362132
0.01,-0.01,-1.35,1758762208.5382943
0.01,-0.01,-1.35,1758762208.5403197
0.01,-0.01,-1.35,1758762208.5422394
0.01,-0.01,-1.35,1758762208.5442278
0.01,-0.01,-1.35,1758762208.5460424
0.01,-0.01,-1.35,1758762208.5478506
0.01,-0.01,-1.35,1758762208.5495555
0.01,-0.01,-1.35,1758762208.5512433
0.01,-0.01,-1.36,1758762208.5536923
0.01,-0.01,-1.36,1758762208.555423
0.01,-0.01,-1.36,1758762208.5577714
0.01,-0.01,-1.36,1758762208.5595694
0.01,-0.01,-1.36,1758762208.5621736
0.01,-0.01,-1.36,1758762208.5650134
0.01,-0.01,-1.36,1758762208.5675802
0.01,-0.01,-1.36,1758762208.5710082
0.01,-0.02,-1.36,1758762208.5735035
0.01,-0.01,-1.36,1758762208.576149
0.01,-0.01,-1.36,1758762208.578675
0.01,-0.02,-1.36,1758762208.5811126
0.01,-0.01,-1.36,1758762208.5835426
0.01,-0.01,-1.36,1758762208.5864391
0.01,-0.01,-1.36,1758762208.5904436
0.01,-0.02,-1.36,1758762208.593356
0.01,-0.01,-1.36,1758762208.5963163
0.01,-0.01,-1.36,1758762208.599378
0.01,-0.01,-1.36,1758762208.6023033
0.01,-0.01,-1.36,1758762208.605144
0.01,-0.01,-1.36,1758762208.6078138
0.01,-0.01,-1.36,1758762208.6105113
0.01,-0.01,-1.36,1758762208.613388
0.01,-0.01,-1.36,1758762208.6161258
0.01,-0.01,-1.36,1758762208.6191576
0.01,-0.01,-1.36,1758762208.6219704
0.01,-0.01,-1.36,1758762208.6249952
0.01,-0.01,-1.36,1758762208.627811
0.01,-0.01,-1.36,1758762208.630715
0.01,-0.01,-1.36,1758762208.6336246
0.01,-0.01,-1.36,1758762208.637442
0.01,-0.01,-1.36,1758762208.6411862
0.01,-0.01,-1.36,1758762208.644699
0.01,-0.01,-1.36,1758762208.6475637
0.01,-0.01,-1.36,1758762208.6506612
0.01,-0.01,-1.36,1758762208.6535945
0.01,-0.01,-1.36,1758762208.65616
0.01,-0.01,-1.36,1758762208.659035
0.01,-0.01,-1.36,1758762208.6617532
0.01,-0.01,-1.36,1758762208.6646607
0.01,-0.01,-1.36,1758762208.6673875
0.01,-0.01,-1.36,1758762208.6698809
0.01,-0.01,-1.36,1758762208.6723857
0.01,-0.01,-1.36,1758762208.6750135
0.01,-0.01,-1.36,1758762208.6775088
0.01,-0.01,-1.36,1758762208.6800315
0.01,-0.02,-1.36,1758762208.682615
0.01,-0.02,-1.36,1758762208.6860228
0.01,-0.02,-1.36,1758762208.6882722
0.01,-0.02,-1.36,1758762208.690765
0.01,-0.02,-1.36,1758762208.6937077
0.01,-0.02,-1.36,1758762208.6966393
0.01,-0.02,-1.36,1758762208.6995263
0.01,-0.02,-1.36,1758762208.7022798
0.01,-0.01,-1.36,1758762208.7051673
0.01,-0.01,-1.36,1758762208.7079082
0.01,-0.01,-1.36,1758762208.710662
0.01,-0.01,-1.36,1758762208.713452
0.01,-0.01,-1.36,1758762208.7164135
0.01,-0.01,-1.36,1758762208.719211
0.01,-0.01,-1.36,1758762208.7222831
0.01,-0.01,-1.36,1758762208.725191
0.01,-0.01,-1.36,1758762208.7280214
0.01,-0.01,-1.36,1758762208.7308297
0.01,-0.01,-1.36,1758762208.733706
0.01,-0.01,-1.36,1758762208.736536
0.01,-0.01,-1.36,1758762208.7393315
0.01,-0.01,-1.36,1758762208.742151
0.01,-0.01,-1.36,1758762208.7451468
0.01,-0.01,-1.36,1758762208.7479565
0.01,-0.01,-1.36,1758762208.7507138
0.01,-0.01,-1.36,1758762208.753501
0.01,-0.01,-1.36,1758762208.756353
0.01,-0.01,-1.36,1758762208.7591348
0.01,-0.01,-1.36,1758762208.762123
0.01,-0.01,-1.36,1758762208.7650497
0.01,-0.01,-1.36,1758762208.7684035
0.01,-0.01,-1.36,1758762208.7714674
0.01,-0.01,-1.36,1758762208.775057
0.01,-0.01,-1.36,1758762208.777681
0.01,-0.01,-1.36,1758762208.7800095
0.01,-0.01,-1.36,1758762208.7829957
0.01,-0.01,-1.36,1758762208.7864673
0.01,-0.01,-1.36,1758762208.7905345
0.01,-0.01,-1.36,1758762208.794028
0.01,-0.01,-1.36,1758762208.7980206
0.01,-0.01,-1.36,1758762208.8014925
0.01,-0.01,-1.36,1758762208.80606
0.01,-0.01,-1.36,1758762208.8095353
0.01,-0.01,-1.36,1758762208.8128717
0.01,-0.01,-1.36,1758762208.8156414
0.01,-0.01,-1.36,1758762208.8178318
0.01,-0.01,-1.36,1758762208.8198516
0.01,-0.01,-1.36,1758762208.8219235
0.01,-0.01,-1.36,1758762208.8238912
0.01,-0.01,-1.36,1758762208.8259337
0.01,-0.01,-1.36,1758762208.82783
0.01,-0.01,-1.36,1758762208.8304117
0.01,-0.01,-1.36,1758762208.8333178
0.01,-0.01,-1.36,1758762208.836445
0.01,-0.01,-1.36,1758762208.8389726
0.01,-0.01,-1.36,1758762208.8411057
0.01,-0.01,-1.36,1758762208.844617
0.01,-0.01,-1.36,1758762208.8501291
0.01,-0.01,-1.36,1758762208.853845
0.01,-0.01,-1.36,1758762208.8586776
0.01,-0.01,-1.36,1758762208.863266
0.01,-0.01,-1.36,1758762208.867862
0.01,-0.01,-1.36,1758762208.8718507
0.01,-0.01,-1.36,1758762208.874652
0.01,-0.01,-1.36,1758762208.876643
0.01,-0.01,-1.36,1758762208.8798246
0.01,-0.01,-1.36,1758762208.8820972
0.01,-0.01,-1.36,1758762208.8854604
0.01,-0.01,-1.36,1758762208.888529
0.01,-0.01,-1.36,1758762208.891502
0.01,-0.01,-1.36,1758762208.8957183
0.01,-0.01,-1.36,1758762208.8982556
0.01,-0.01,-1.36,1758762208.901476
0.01,-0.01,-1.36,1758762208.9051151
0.01,-0.01,-1.36,1758762208.9078832
0.01,-0.01,-1.36,1758762208.910452
0.01,-0.01,-1.36,1758762208.9133315
0.01,-0.01,-1.36,1758762208.9170887
0.01,-0.01,-1.36,1758762208.919892
0.01,-0.01,-1.36,1758762208.923416
0.01,-0.01,-1.36,1758762208.9257238
0.01,-0.01,-1.36,1758762208.9282763
0.01,-0.01,-1.36,1758762208.9305046
0.01,-0.01,-1.36,1758762208.932862
0.01,-0.01,-1.36,1758762208.9350886
0.01,-0.01,-1.36,1758762208.9375937
0.01,-0.02,-1.36,1758762208.9397192
0.01,-0.02,-1.36,1758762208.9419105
0.01,-0.02,-1.36,1758762208.9445827
0.01,-0.02,-1.36,1758762208.9468696
0.01,-0.02,-1.36,1758762208.9491134
0.01,-0.02,-1.36,1758762208.9516177
0.01,-0.02,-1.36,1758762208.9542823
0.01,-0.02,-1.36,1758762208.95672
0.01,-0.02,-1.36,1758762208.9591663
0.01,-0.02,-1.36,1758762208.9614277
0.01,-0.02,-1.36,1758762208.9641066
0.01,-0.02,-1.36,1758762208.9664142
0.01,-0.02,-1.36,1758762208.9686708
0.01,-0.02,-1.36,1758762208.9709706
0.01,-0.02,-1.36,1758762208.9732723
0.01,-0.02,-1.36,1758762208.9761398
0.01,-0.02,-1.36,1758762208.9783492
0.01,-0.02,-1.36,1758762208.980516
0.01,-0.02,-1.36,1758762208.9828966
0.01,-0.02,-1.36,1758762208.9851906
0.01,-0.02,-1.36,1758762208.987356
0.01,-0.02,-1.36,1758762208.9896448
0.01,-0.02,-1.36,1758762208.9914114
0.01,-0.02,-1.36,1758762208.9934435
0.01,-0.02,-1.36,1758762208.996029
0.01,-0.02,-1.36,1758762208.998307
0.01,-0.02,-1.36,1758762209.0004828
0.01,-0.02,-1.36,1758762209.0029793
0.01,-0.02,-1.36,1758762209.0052378
0.01,-0.02,-1.36,1758762209.0072143
0.01,-0.02,-1.36,1758762209.0096917
0.01,-0.02,-1.36,1758762209.0119934
0.01,-0.02,-1.36,1758762209.0145037
0.01,-0.02,-1.36,1758762209.016157
0.01,-0.02,-1.36,1758762209.018579
0.01,-0.02,-1.36,1758762209.020888
0.01,-0.02,-1.36,1758762209.0230756
0.01,-0.02,-1.36,1758762209.0260663
0.01,-0.02,-1.36,1758762209.0287302
0.01,-0.02,-1.36,1758762209.031276
0.01,-0.02,-1.36,1758762209.0338652
0.01,-0.02,-1.36,1758762209.036381
0.01,-0.02,-1.36,1758762209.0386288
0.01,-0.02,-1.36,1758762209.0409036
0.01,-0.02,-1.36,1758762209.0445995
0.01,-0.02,-1.36,1758762209.0475516
0.01,-0.02,-1.36,1758762209.0505748
0.01,-0.01,-1.36,1758762209.053303
0.01,-0.01,-1.36,1758762209.0563798
0.01,-0.01,-1.36,1758762209.0588458
0.01,-0.01,-1.36,1758762209.061843
0.01,-0.01,-1.36,1758762209.0648456
0.01,-0.01,-1.36,1758762209.067636
0.01,-0.01,-1.36,1758762209.0704594
0.01,-0.01,-1.36,1758762209.0734494
0.01,-0.01,-1.36,1758762209.0759585
0.01,-0.01,-1.36,1758762209.078754
0.01,-0.01,-1.36,1758762209.0819492
0.01,-0.01,-1.36,1758762209.0856135
0.01,-0.01,-1.36,1758762209.0886192
0.01,-0.01,-1.36,1758762209.0915604
0.01,-0.01,-1.36,1758762209.0953758
0.01,-0.01,-1.36,1758762209.098724
0.01,-0.01,-1.36,1758762209.102279
0.01,-0.01,-1.36,1758762209.106629
0.01,-0.01,-1.36,1758762209.109188
0.01,-0.01,-1.36,1758762209.1127672
0.01,-0.01,-1.36,1758762209.11592
0.01,-0.01,-1.36,1758762209.1193793
0.01,-0.01,-1.36,1758762209.1224658
0.01,-0.01,-1.36,1758762209.1248033
0.01,-0.01,-1.36,1758762209.12764
0.01,-0.01,-1.36,1758762209.1298895
0.01,-0.01,-1.36,1758762209.132911
0.01,-0.01,-1.36,1758762209.1365178
0.01,-0.01,-1.36,1758762209.1400046
0.01,-0.01,-1.36,1758762209.143039
0.01,-0.01,-1.36,1758762209.1452518
0.01,-0.01,-1.36,1758762209.147576
0.01,-0.01,-1.36,1758762209.150578
0.01,-0.01,-1.36,1758762209.1529975
0.01,-0.01,-1.36,1758762209.156692
0.01,-0.01,-1.36,1758762209.1605525
0.01,-0.01,-1.36,1758762209.1643271
0.01,-0.01,-1.36,1758762209.1677155
0.01,-0.01,-1.36,1758762209.169719
0.01,-0.01,-1.36,1758762209.1726878
0.01,-0.01,-1.36,1758762209.175639
0.01,-0.01,-1.36,1758762209.1793509
0.01,-0.01,-1.36,1758762209.1824403
0.01,-0.01,-1.36,1758762209.185665
0.01,-0.01,-1.36,1758762209.188549
0.01,-0.01,-1.36,1758762209.1914816
0.01,-0.01,-1.36,1758762209.1950352
0.01,-0.01,-1.36,1758762209.198628
0.01,-0.01,-1.36,1758762209.2010586
0.01,-0.01,-1.36,1758762209.203321
0.01,-0.01,-1.36,1758762209.2062654
0.01,-0.01,-1.36,1758762209.2093751
0.01,-0.01,-1.36,1758762209.2122755
0.01,-0.01,-1.36,1758762209.215396
0.01,-0.01,-1.36,1758762209.2176883
0.01,-0.01,-1.36,1758762209.2210732
0.01,-0.01,-1.36,1758762209.2239316
0.01,-0.01,-1.36,1758762209.2272608
0.01,-0.01,-1.36,1758762209.2308297
0.01,-0.01,-1.36,1758762209.2334898
0.01,-0.01,-1.36,1758762209.235988
0.01,-0.01,-1.36,1758762209.239575
0.01,-0.01,-1.36,1758762209.2422054
0.01,-0.01,-1.36,1758762209.2459414
0.01,-0.01,-1.36,1758762209.2486324
0.01,-0.01,-1.36,1758762209.250633
0.01,-0.01,-1.36,1758762209.2524176
0.01,-0.01,-1.36,1758762209.255118
0.01,-0.01,-1.36,1758762209.2568398
0.01,-0.01,-1.36,1758762209.2592154
0.01,-0.01,-1.36,1758762209.2611215
0.01,-0.01,-1.36,1758762209.263503
0.01,-0.01,-1.36,1758762209.2654426
0.01,-0.01,-1.36,1758762209.267992
0.01,-0.01,-1.36,1758762209.272424
0.01,-0.01,-1.36,1758762209.274959
0.01,-0.01,-1.36,1758762209.2770078
0.01,-0.01,-1.36,1758762209.2789612
0.01,-0.01,-1.36,1758762209.2813451
0.01,-0.01,-1.36,1758762209.2832196
0.01,-0.01,-1.36,1758762209.2856042
0.01,-0.01,-1.36,1758762209.2874856
0.01,-0.01,-1.36,1758762209.2901306
0.01,-0.01,-1.36,1758762209.2919436
0.01,-0.01,-1.36,1758762209.2944283
0.01,-0.01,-1.36,1758762209.2968562
0.01,-0.01,-1.36,1758762209.2990053
0.01,-0.01,-1.36,1758762209.3016531
0.01,-0.01,-1.36,1758762209.3049765
0.01,-0.01,-1.36,1758762209.3075297
0.01,-0.01,-1.36,1758762209.310234
0.01,-0.01,-1.36,1758762209.3126998
0.01,-0.01,-1.36,1758762209.3162222
0.01,-0.01,-1.36,1758762209.3191638
0.01,-0.01,-1.36,1758762209.321711
0.01,-0.01,-1.36,1758762209.3239546
0.01,-0.01,-1.36,1758762209.3275118
0.01,-0.01,-1.36,1758762209.329677
0.01,-0.01,-1.36,1758762209.3325107
0.01,-0.01,-1.36,1758762209.3358822
0.01,-0.01,-1.36,1758762209.3392398
0.01,-0.01,-1.36,1758762209.3423736
0.01,-0.01,-1.36,1758762209.345368
0.01,-0.01,-1.36,1758762209.3482604
0.01,-0.01,-1.36,1758762209.3507931
0.01,-0.01,-1.36,1758762209.3529727
0.01,-0.01,-1.36,1758762209.3550415
0.01,-0.01,-1.36,1758762209.3575609
0.01,-0.01,-1.36,1758762209.3594851
0.01,-0.01,-1.36,1758762209.361628
0.01,-0.01,-1.36,1758762209.363749
0.01,-0.01,-1.36,1758762209.3659215
0.01,-0.01,-1.36,1758762209.3684509
0.01,-0.01,-1.36,1758762209.3708074
0.01,-0.01,-1.36,1758762209.373049
0.01,-0.01,-1.36,1758762209.375019
0.01,-0.01,-1.36,1758762209.3768775
0.01,-0.01,-1.36,1758762209.3786616
0.01,-0.01,-1.36,1758762209.3805912
0.01,-0.01,-1.36,1758762209.3832164
0.01,-0.01,-1.36,1758762209.3856127
0.01,-0.01,-1.36,1758762209.3879662
0.01,-0.01,-1.36,1758762209.3903255
0.01,-0.01,-1.36,1758762209.3926525
0.01,-0.01,-1.36,1758762209.395076
0.01,-0.01,-1.36,1758762209.3973155
0.01,-0.01,-1.36,1758762209.3996537
0.01,-0.01,-1.36,1758762209.4019012
0.01,-0.01,-1.36,1758762209.4042995
0.01,-0.01,-1.36,1758762209.406693
0.01,-0.01,-1.36,1758762209.4085708
0.01,-0.01,-1.36,1758762209.410776
0.01,-0.01,-1.36,1758762209.413447
0.01,-0.01,-1.36,1758762209.415925
0.01,-0.01,-1.36,1758762209.4176807
0.01,-0.01,-1.36,1758762209.4200196
0.01,-0.01,-1.36,1758762209.422288
0.01,-0.01,-1.36,1758762209.4246547
0.01,-0.01,-1.36,1758762209.427138
0.01,-0.01,-1.36,1758762209.4292786
0.01,-0.01,-1.36,1758762209.431208
0.01,-0.01,-1.36,1758762209.433449
0.01,-0.01,-1.36,1758762209.4354548
0.01,-0.01,-1.36,1758762209.4377947
0.01,-0.01,-1.36,1758762209.4399652
0.01,-0.01,-1.36,1758762209.442259
0.01,-0.01,-1.36,1758762209.4441707
0.01,-0.01,-1.36,1758762209.4463675
0.01,-0.01,-1.36,1758762209.4486206
0.01,-0.01,-1.36,1758762209.4513495
0.01,-0.01,-1.36,1758762209.453755
0.01,-0.01,-1.36,1758762209.4564388
0.01,-0.01,-1.36,1758762209.4585695
0.01,-0.01,-1.36,1758762209.4613595
0.01,-0.01,-1.36,1758762209.4642358
0.01,-0.01,-1.36,1758762209.4667387
0.01,-0.01,-1.36,1758762209.469126
0.01,-0.01,-1.36,1758762209.471547
0.01,-0.01,-1.36,1758762209.4744086
0.01,-0.01,-1.36,1758762209.4778376
0.01,-0.01,-1.36,1758762209.480468
0.01,-0.01,-1.36,1758762209.4830337
0.01,-0.01,-1.36,1758762209.4857864
0.01,-0.01,-1.36,1758762209.488599
0.01,-0.01,-1.36,1758762209.4912064
0.01,-0.01,-1.36,1758762209.4929996
0.01,-0.01,-1.36,1758762209.4955115
0.01,-0.01,-1.36,1758762209.498609
0.01,-0.01,-1.36,1758762209.500785
0.01,-0.01,-1.36,1758762209.5028777
0.01,-0.01,-1.36,1758762209.505168
0.01,-0.01,-1.36,1758762209.5072484
0.01,-0.01,-1.36,1758762209.509799
0.01,-0.01,-1.36,1758762209.5120394
0.01,-0.01,-1.36,1758762209.5150683
0.01,-0.01,-1.36,1758762209.5175152
0.01,-0.01,-1.36,1758762209.5195725
0.01,-0.01,-1.36,1758762209.5216572
0.01,-0.01,-1.36,1758762209.5239806
0.01,-0.01,-1.36,1758762209.5265405
0.01,-0.01,-1.36,1758762209.5294511
0.01,-0.01,-1.36,1758762209.532134
0.01,-0.01,-1.36,1758762209.5350764
0.01,-0.01,-1.36,1758762209.5376167
0.01,-0.01,-1.36,1758762209.539758
0.01,-0.01,-1.36,1758762209.5419197
0.01,-0.01,-1.36,1758762209.5443594
0.01,-0.01,-1.36,1758762209.5464785
0.01,-0.01,-1.36,1758762209.5490522
0.01,-0.01,-1.36,1758762209.5513706
0.01,-0.01,-1.36,1758762209.5540197
0.01,-0.01,-1.36,1758762209.5564942
0.01,-0.01,-1.36,1758762209.5588317
0.01,-0.01,-1.36,1758762209.5610652
0.01,-0.01,-1.36,1758762209.5634906
0.01,-0.01,-1.36,1758762209.5659008
0.01,-0.01,-1.36,1758762209.569241
0.01,-0.01,-1.36,1758762209.5713632
0.01,-0.01,-1.36,1758762209.574087
0.01,-0.01,-1.36,1758762209.57643
0.01,-0.01,-1.36,1758762209.578244
0.01,-0.01,-1.36,1758762209.58074
0.01,-0.01,-1.36,1758762209.583271
0.01,-0.01,-1.36,1758762209.5856535
0.01,-0.01,-1.36,1758762209.5877256
0.01,-0.01,-1.36,1758762209.5898015
0.01,-0.01,-1.36,1758762209.5921798
0.01,-0.01,-1.36,1758762209.595941
0.01,-0.01,-1.36,1758762209.5987704
0.01,-0.01,-1.36,1758762209.6008852
0.01,-0.01,-1.36,1758762209.6038551
0.01,-0.01,-1.36,1758762209.6068742
0.01,-0.01,-1.36,1758762209.609762
0.01,-0.01,-1.36,1758762209.6129727
0.01,-0.01,-1.36,1758762209.6147397
0.01,-0.01,-1.36,1758762209.6167738
0.01,-0.01,-1.36,1758762209.6188128
0.01,-0.01,-1.36,1758762209.621014
0.01,-0.01,-1.36,1758762209.6238053
0.01,-0.01,-1.36,1758762209.6261978
0.01,-0.01,-1.36,1758762209.6288977
0.01,-0.01,-1.36,1758762209.6307387
0.01,-0.01,-1.36,1758762209.632934
0.01,-0.01,-1.36,1758762209.6355617
0.01,-0.01,-1.36,1758762209.6376765
0.01,-0.01,-1.36,1758762209.6396325
0.01,-0.01,-1.36,1758762209.6415722
0.01,-0.01,-1.36,1758762209.6444852
0.01,-0.01,-1.36,1758762209.6463845
0.01,-0.01,-1.36,1758762209.6483088
0.01,-0.01,-1.36,1758762209.650324
0.01,-0.01,-1.36,1758762209.652459
0.01,-0.01,-1.36,1758762209.6548064
0.01,-0.01,-1.36,1758762209.657433
0.01,-0.01,-1.36,1758762209.6600735
0.01,-0.01,-1.36,1758762209.6627192
0.01,-0.01,-1.36,1758762209.6652365
0.01,-0.01,-1.36,1758762209.6683366
0.01,-0.01,-1.36,1758762209.671051
0.01,-0.01,-1.36,1758762209.6730034
0.01,-0.01,-1.36,1758762209.675225
0.01,-0.01,-1.36,1758762209.6772292
0.01,-0.01,-1.36,1758762209.6792035
0.01,-0.01,-1.36,1758762209.6811545
0.01,-0.01,-1.36,1758762209.683572
0.01,-0.01,-1.36,1758762209.685191
0.01,-0.01,-1.36,1758762209.6869757
0.01,-0.01,-1.36,1758762209.689343
0.01,-0.01,-1.36,1758762209.6913457
0.01,-0.01,-1.36,1758762209.693894
0.01,-0.01,-1.36,1758762209.6961277
0.01,-0.01,-1.36,1758762209.700182
0.01,-0.01,-1.36,1758762209.702603
0.01,-0.01,-1.36,1758762209.705459
0.01,-0.01,-1.36,1758762209.707407
0.01,-0.01,-1.36,1758762209.7095146
0.01,-0.01,-1.36,1758762209.7113433
0.01,-0.01,-1.36,1758762209.713978
0.01,-0.01,-1.36,1758762209.7164514
0.01,-0.01,-1.36,1758762209.7187183
0.01,-0.01,-1.36,1758762209.72084
0.01,-0.01,-1.36,1758762209.7230244
0.01,-0.01,-1.36,1758762209.725127
0.01,-0.01,-1.36,1758762209.727274
0.01,-0.01,-1.36,1758762209.730893
0.01,-0.01,-1.36,1758762209.7331293
0.01,-0.01,-1.36,1758762209.73498
0.01,-0.01,-1.36,1758762209.7369063
0.01,-0.01,-1.36,1758762209.7391164
0.01,-0.01,-1.36,1758762209.7411628
0.01,-0.01,-1.36,1758762209.7434285
0.01,-0.01,-1.36,1758762209.7455354
0.01,-0.01,-1.36,1758762209.7477255
0.01,-0.01,-1.36,1758762209.7495456
0.01,-0.01,-1.36,1758762209.751677
0.01,-0.01,-1.36,1758762209.754285
0.01,-0.01,-1.36,1758762209.7569902
0.01,-0.01,-1.36,1758762209.7589693
0.01,-0.01,-1.36,1758762209.7615726
0.01,-0.01,-1.36,1758762209.7636588
0.01,-0.01,-1.36,1758762209.7655988
0.01,-0.01,-1.36,1758762209.7675002
0.01,-0.01,-1.36,1758762209.7693667
0.01,-0.01,-1.36,1758762209.7716243
0.01,-0.01,-1.36,1758762209.7734892
0.01,-0.01,-1.36,1758762209.7758012
0.01,-0.01,-1.36,1758762209.7777848
0.01,-0.01,-1.36,1758762209.7799306
0.01,-0.01,-1.36,1758762209.782946
0.01,-0.01,-1.36,1758762209.7847376
0.01,-0.02,-1.36,1758762209.7867997
0.01,-0.02,-1.36,1758762209.7887356
0.01,-0.02,-1.36,1758762209.7915587
0.01,-0.02,-1.36,1758762209.793575
0.01,-0.02,-1.36,1758762209.795372
0.01,-0.02,-1.36,1758762209.7974403
0.01,-0.02,-1.36,1758762209.800905
0.01,-0.02,-1.36,1758762209.803423
0.01,-0.02,-1.36,1758762209.8065674
0.01,-0.02,-1.36,1758762209.8092413
0.01,-0.02,-1.36,1758762209.811829
0.01,-0.02,-1.36,1758762209.8146975
0.01,-0.01,-1.36,1758762209.8168986
0.01,-0.01,-1.36,1758762209.819651
0.01,-0.01,-1.36,1758762209.822002
0.01,-0.01,-1.36,1758762209.825076
0.01,-0.02,-1.36,1758762209.8274732
0.01,-0.02,-1.36,1758762209.8320456
0.01,-0.02,-1.36,1758762209.8353536
0.01,-0.02,-1.36,1758762209.8376143
0.01,-0.02,-1.36,1758762209.8396883
0.01,-0.02,-1.36,1758762209.841787
0.01,-0.02,-1.36,1758762209.844158
0.01,-0.02,-1.36,1758762209.845962
0.01,-0.02,-1.36,1758762209.8478932
0.01,-0.02,-1.36,1758762209.8498006
0.01,-0.02,-1.36,1758762209.8525696
0.01,-0.02,-1.36,1758762209.854694
0.01,-0.02,-1.36,1758762209.8567605
0.01,-0.02,-1.36,1758762209.859031
0.01,-0.02,-1.36,1758762209.8611782
0.01,-0.02,-1.36,1758762209.8635974
0.01,-0.02,-1.36,1758762209.8663275
0.01,-0.02,-1.36,1758762209.8691168
0.01,-0.02,-1.36,1758762209.8718436
0.01,-0.02,-1.36,1758762209.87399
0.01,-0.02,-1.36,1758762209.8768067
0.01,-0.02,-1.36,1758762209.879139
0.01,-0.02,-1.36,1758762209.8811536
0.01,-0.02,-1.36,1758762209.883002
0.01,-0.02,-1.36,1758762209.8852684
0.01,-0.02,-1.36,1758762209.8882744
0.01,-0.02,-1.36,1758762209.8905125
0.01,-0.02,-1.36,1758762209.893372
0.01,-0.02,-1.36,1758762209.8956697
0.01,-0.02,-1.36,1758762209.8978894
0.01,-0.02,-1.36,1758762209.9001975
0.01,-0.02,-1.36,1758762209.9023328
0.01,-0.02,-1.36,1758762209.904236
0.01,-0.02,-1.36,1758762209.906624
0.01,-0.02,-1.36,1758762209.908423
0.01,-0.02,-1.36,1758762209.9110186
0.01,-0.02,-1.37,1758762209.9136825
0.01,-0.02,-1.37,1758762209.9158592
0.01,-0.02,-1.37,1758762209.9177153
0.01,-0.02,-1.37,1758762209.9198806
0.01,-0.02,-1.37,1758762209.9227877
0.01,-0.02,-1.37,1758762209.925088
0.01,-0.02,-1.37,1758762209.927595
0.01,-0.02,-1.37,1758762209.9299805
0.01,-0.02,-1.37,1758762209.9317546
0.01,-0.02,-1.37,1758762209.934813
0.01,-0.02,-1.37,1758762209.9370313
0.01,-0.02,-1.37,1758762209.9389656
0.01,-0.02,-1.37,1758762209.940779
0.01,-0.02,-1.37,1758762209.943087
0.01,-0.02,-1.37,1758762209.9452024
0.01,-0.02,-1.37,1758762209.9472687
0.01,-0.02,-1.37,1758762209.9493704
0.01,-0.02,-1.37,1758762209.951191
0.01,-0.02,-1.37,1758762209.953175
0.01,-0.02,-1.37,1758762209.9555235
0.01,-0.01,-1.37,1758762209.9574723
0.01,-0.01,-1.37,1758762209.9598148
0.01,-0.01,-1.37,1758762209.96167
0.01,-0.01,-1.37,1758762209.964063
0.01,-0.01,-1.37,1758762209.966274
0.01,-0.01,-1.37,1758762209.9684412
0.01,-0.01,-1.37,1758762209.970609
0.01,-0.02,-1.37,1758762209.973463
0.01,-0.02,-1.37,1758762209.9758124
0.01,-0.02,-1.37,1758762209.977697
0.01,-0.02,-1.37,1758762209.9798894
0.01,-0.02,-1.37,1758762209.9818437
0.01,-0.02,-1.37,1758762209.9837408
0.01,-0.02,-1.37,1758762209.9866393
0.01,-0.02,-1.37,1758762209.9896362
0.01,-0.02,-1.37,1758762209.992047
0.01,-0.02,-1.37,1758762209.9950123
0.01,-0.02,-1.37,1758762209.997272
0.01,-0.02,-1.37,1758762209.9998224
0.01,-0.02,-1.37,1758762210.0023727
0.01,-0.02,-1.37,1758762210.0044384
0.01,-0.02,-1.37,1758762210.0069191
0.01,-0.02,-1.37,1758762210.0087187
0.01,-0.02,-1.37,1758762210.0108905
0.01,-0.02,-1.37,1758762210.0127013
0.01,-0.02,-1.37,1758762210.014984
0.01,-0.02,-1.37,1758762210.0168
0.01,-0.02,-1.37,1758762210.018975
0.01,-0.02,-1.37,1758762210.020775
0.01,-0.02,-1.37,1758762210.023197
0.01,-0.02,-1.37,1758762210.0255527
0.01,-0.02,-1.37,1758762210.027692
0.01,-0.02,-1.37,1758762210.0298038
0.01,-0.02,-1.37,1758762210.0315807
0.01,-0.02,-1.37,1758762210.0342023
0.01,-0.01,-1.37,1758762210.036547
0.01,-0.01,-1.37,1758762210.0384152
0.01,-0.02,-1.37,1758762210.0404408
0.01,-0.02,-1.37,1758762210.0422502
0.01,-0.02,-1.37,1758762210.044415
0.01,-0.02,-1.37,1758762210.046192
0.01,-0.02,-1.37,1758762210.0481627
0.01,-0.02,-1.37,1758762210.0498853
0.01,-0.02,-1.37,1758762210.0520582
0.01,-0.02,-1.37,1758762210.0540752
0.01,-0.02,-1.37,1758762210.055813
0.01,-0.02,-1.37,1758762210.0585926
0.01,-0.02,-1.37,1758762210.060454
0.01,-0.02,-1.37,1758762210.062654
0.01,-0.02,-1.37,1758762210.0648077
0.01,-0.02,-1.37,1758762210.0665913
0.01,-0.02,-1.37,1758762210.0689995
0.01,-0.02,-1.37,1758762210.071118
0.01,-0.02,-1.37,1758762210.0730596
0.01,-0.02,-1.37,1758762210.0749164
0.01,-0.02,-1.37,1758762210.0770524
0.01,-0.02,-1.37,1758762210.07893
0.01,-0.02,-1.37,1758762210.0807772
0.01,-0.02,-1.37,1758762210.0829332
0.01,-0.02,-1.37,1758762210.0846944
0.01,-0.02,-1.37,1758762210.0865552
0.01,-0.02,-1.37,1758762210.0886133
0.01,-0.02,-1.37,1758762210.090737
0.01,-0.02,-1.37,1758762210.0932922
0.01,-0.02,-1.37,1758762210.095164
0.01,-0.02,-1.37,1758762210.097692
0.01,-0.02,-1.37,1758762210.0997145
0.01,-0.02,-1.37,1758762210.1015716
0.01,-0.02,-1.37,1758762210.1035058
0.01,-0.02,-1.37,1758762210.1066575
0.01,-0.02,-1.37,1758762210.1087706
0.01,-0.02,-1.37,1758762210.112632
0.01,-0.02,-1.37,1758762210.1155643
0.01,-0.02,-1.37,1758762210.118561
0.01,-0.02,-1.37,1758762210.1215043
0.01,-0.02,-1.37,1758762210.1247487
0.01,-0.01,-1.37,1758762210.1277776
0.01,-0.01,-1.37,1758762210.1306915
0.01,-0.01,-1.37,1758762210.1336
0.01,-0.01,-1.37,1758762210.137385
0.01,-0.01,-1.37,1758762210.1401258
0.01,-0.01,-1.37,1758762210.142455
0.01,-0.01,-1.37,1758762210.1455045
0.01,-0.01,-1.37,1758762210.147743
0.01,-0.02,-1.37,1758762210.149988
0.01,-0.02,-1.37,1758762210.152054
0.01,-0.02,-1.37,1758762210.154313
0.01,-0.02,-1.37,1758762210.156808
0.01,-0.02,-1.37,1758762210.15933
0.01,-0.01,-1.37,1758762210.1616244
0.01,-0.02,-1.37,1758762210.1645718
0.01,-0.01,-1.37,1758762210.1668935
0.01,-0.01,-1.37,1758762210.169356
0.01,-0.02,-1.37,1758762210.1715856
0.01,-0.02,-1.37,1758762210.174281
0.01,-0.02,-1.37,1758762210.176975
0.01,-0.02,-1.37,1758762210.1789815
0.01,-0.02,-1.37,1758762210.1821072
0.01,-0.02,-1.37,1758762210.1850543
0.01,-0.02,-1.37,1758762210.1874378
0.01,-0.02,-1.37,1758762210.190693
0.01,-0.02,-1.37,1758762210.193915
0.01,-0.02,-1.37,1758762210.196746
0.01,-0.02,-1.37,1758762210.199146
0.01,-0.02,-1.37,1758762210.202313
0.01,-0.02,-1.37,1758762210.205099
0.01,-0.02,-1.37,1758762210.2074523
0.01,-0.02,-1.37,1758762210.210559
0.01,-0.02,-1.37,1758762210.2133863
0.01,-0.02,-1.37,1758762210.2156343
0.01,-0.02,-1.37,1758762210.2179923
0.01,-0.02,-1.37,1758762210.2197192
0.01,-0.02,-1.37,1758762210.2215056
0.01,-0.02,-1.37,1758762210.2253728
0.01,-0.02,-1.37,1758762210.2281015
0.01,-0.02,-1.37,1758762210.2317195
0.01,-0.02,-1.37,1758762210.2345867
0.01,-0.02,-1.37,1758762210.2369208
0.01,-0.02,-1.37,1758762210.2401402
0.01,-0.02,-1.37,1758762210.2434678
0.01,-0.02,-1.37,1758762210.2454298
0.01,-0.02,-1.37,1758762210.2471323
0.01,-0.02,-1.37,1758762210.249884
0.01,-0.02,-1.37,1758762210.253384
0.01,-0.02,-1.37,1758762210.255901
0.01,-0.02,-1.37,1758762210.2576582
0.01,-0.02,-1.37,1758762210.2612035
0.01,-0.02,-1.37,1758762210.2644231
0.01,-0.02,-1.37,1758762210.2669308
0.01,-0.02,-1.37,1758762210.2695503
0.01,-0.02,-1.37,1758762210.271764
0.01,-0.02,-1.37,1758762210.27347
0.01,-0.02,-1.37,1758762210.2754178
0.01,-0.02,-1.37,1758762210.2771144
0.01,-0.02,-1.37,1758762210.278848
0.01,-0.02,-1.37,1758762210.2809591
0.01,-0.02,-1.37,1758762210.2829008
0.01,-0.02,-1.37,1758762210.2855494
0.01,-0.02,-1.37,1758762210.2885244
0.01,-0.02,-1.37,1758762210.290389
0.01,-0.02,-1.37,1758762210.292436
0.01,-0.02,-1.37,1758762210.294705
0.01,-0.02,-1.37,1758762210.296626
0.01,-0.02,-1.37,1758762210.298992
0.01,-0.02,-1.37,1758762210.301015
0.01,-0.02,-1.37,1758762210.302905
0.01,-0.02,-1.37,1758762210.304971
0.01,-0.02,-1.37,1758762210.306592
0.01,-0.02,-1.37,1758762210.3082583
0.01,-0.02,-1.37,1758762210.310279
0.01,-0.02,-1.37,1758762210.3121102
0.01,-0.02,-1.37,1758762210.314675
0.01,-0.02,-1.37,1758762210.3165388
0.01,-0.02,-1.37,1758762210.3194964
0.01,-0.02,-1.37,1758762210.3219771
0.01,-0.02,-1.37,1758762210.324783
0.01,-0.02,-1.37,1758762210.3267057
0.01,-0.02,-1.37,1758762210.3285413
0.01,-0.02,-1.37,1758762210.330712
0.01,-0.02,-1.37,1758762210.3336985
0.01,-0.02,-1.37,1758762210.3360822
0.01,-0.01,-1.37,1758762210.3377964
0.01,-0.02,-1.37,1758762210.339486
0.01,-0.02,-1.37,1758762210.3417408
0.01,-0.02,-1.37,1758762210.3441772
0.01,-0.02,-1.37,1758762210.3461354
0.01,-0.01,-1.37,1758762210.34817
0.01,-0.02,-1.37,1758762210.3506627
0.01,-0.02,-1.37,1758762210.3523788
0.01,-0.02,-1.37,1758762210.354688
0.01,-0.01,-1.37,1758762210.35649
0.01,-0.02,-1.37,1758762210.358248
0.01,-0.02,-1.37,1758762210.3601274
0.01,-0.02,-1.37,1758762210.3620312
0.01,-0.02,-1.37,1758762210.3639126
0.01,-0.02,-1.37,1758762210.3658383
0.01,-0.02,-1.37,1758762210.3677394
0.01,-0.02,-1.37,1758762210.3694732
0.01,-0.02,-1.37,1758762210.3715532
0.01,-0.02,-1.37,1758762210.373907
0.01,-0.02,-1.37,1758762210.3756082
0.01,-0.02,-1.37,1758762210.3773456
0.01,-0.02,-1.37,1758762210.379007
0.01,-0.02,-1.37,1758762210.3811414
0.01,-0.02,-1.37,1758762210.3832374
0.01,-0.02,-1.37,1758762210.385333
0.01,-0.02,-1.37,1758762210.3871007
0.01,-0.02,-1.37,1758762210.3889084
0.01,-0.02,-1.37,1758762210.3906274
0.01,-0.02,-1.37,1758762210.3923037
0.01,-0.02,-1.37,1758762210.3942883
0.01,-0.02,-1.37,1758762210.3970046
0.01,-0.02,-1.37,1758762210.3992393
0.01,-0.02,-1.37,1758762210.401769
0.01,-0.02,-1.37,1758762210.4043577
0.01,-0.02,-1.37,1758762210.406914
0.01,-0.02,-1.37,1758762210.4086237
0.01,-0.02,-1.37,1758762210.4102592
0.01,-0.02,-1.37,1758762210.412099
0.01,-0.02,-1.37,1758762210.4146466
0.01,-0.02,-1.37,1758762210.4172325
0.01,-0.02,-1.37,1758762210.4199088
0.01,-0.02,-1.37,1758762210.4215963
0.01,-0.02,-1.37,1758762210.424013
0.01,-0.02,-1.37,1758762210.425886
0.01,-0.02,-1.37,1758762210.429398
0.01,-0.02,-1.37,1758762210.4315195
0.01,-0.02,-1.37,1758762210.4335504
0.01,-0.02,-1.37,1758762210.4361231
0.01,-0.02,-1.37,1758762210.438267
0.01,-0.02,-1.37,1758762210.4407122
0.01,-0.02,-1.37,1758762210.4430902
0.01,-0.02,-1.37,1758762210.4456017
0.01,-0.02,-1.37,1758762210.447775
0.01,-0.02,-1.37,1758762210.4499638
0.01,-0.02,-1.37,1758762210.4523065
0.01,-0.02,-1.37,1758762210.4547374
0.01,-0.02,-1.37,1758762210.4566402
0.01,-0.02,-1.37,1758762210.4585626
0.01,-0.02,-1.37,1758762210.46043
0.01,-0.02,-1.37,1758762210.4622564
0.01,-0.02,-1.37,1758762210.4645126
0.01,-0.02,-1.37,1758762210.4679542
0.01,-0.02,-1.37,1758762210.4698153
0.01,-0.02,-1.37,1758762210.4717748
0.01,-0.02,-1.37,1758762210.4743464
0.01,-0.02,-1.37,1758762210.4761426
0.01,-0.02,-1.37,1758762210.4783149
0.01,-0.02,-1.37,1758762210.4799874
0.01,-0.02,-1.37,1758762210.481702
0.01,-0.02,-1.37,1758762210.4840086
0.01,-0.02,-1.37,1758762210.4858837
0.01,-0.01,-1.37,1758762210.4875634
0.01,-0.02,-1.37,1758762210.4896324
0.01,-0.01,-1.37,1758762210.4923935
0.01,-0.01,-1.37,1758762210.4949205
0.01,-0.01,-1.37,1758762210.496864
0.01,-0.01,-1.37,1758762210.4986007
0.01,-0.01,-1.37,1758762210.5012486
0.01,-0.01,-1.37,1758762210.5045886
0.01,-0.01,-1.37,1758762210.5076292
0.01,-0.01,-1.37,1758762210.509613
0.01,-0.01,-1.37,1758762210.5112765
0.01,-0.01,-1.37,1758762210.5134237
0.01,-0.01,-1.37,1758762210.5161731
0.01,-0.01,-1.37,1758762210.5190294
0.01,-0.01,-1.37,1758762210.5215046
0.01,-0.01,-1.37,1758762210.5233786
0.01,-0.01,-1.37,1758762210.52514
0.01,-0.01,-1.37,1758762210.5274155
0.01,-0.01,-1.37,1758762210.5292568
0.01,-0.01,-1.37,1758762210.5312617
0.01,-0.01,-1.37,1758762210.5340812
0.01,-0.01,-1.37,1758762210.536427
0.01,-0.01,-1.37,1758762210.538218
0.01,-0.01,-1.37,1758762210.540722
0.01,-0.01,-1.37,1758762210.543349
0.01,-0.01,-1.37,1758762210.5459988
0.01,-0.01,-1.37,1758762210.5483952
0.01,-0.01,-1.37,1758762210.550181
0.01,-0.01,-1.37,1758762210.5521674
0.01,-0.01,-1.37,1758762210.5543206
0.01,-0.01,-1.37,1758762210.5560522
0.01,-0.01,-1.37,1758762210.558447
0.01,-0.01,-1.37,1758762210.5601676
0.01,-0.01,-1.37,1758762210.5619478
0.01,-0.01,-1.37,1758762210.5642009
0.01,-0.01,-1.37,1758762210.5662503
0.01,-0.01,-1.37,1758762210.5679345
0.01,-0.01,-1.37,1758762210.5701554
0.01,-0.01,-1.37,1758762210.57193
0.01,-0.01,-1.37,1758762210.5742877
0.01,-0.01,-1.37,1758762210.576113
0.01,-0.01,-1.37,1758762210.578103
0.01,-0.01,-1.37,1758762210.5799055
0.01,-0.01,-1.37,1758762210.5818434
0.01,-0.01,-1.37,1758762210.5848322
0.01,-0.01,-1.37,1758762210.587365
0.01,-0.01,-1.37,1758762210.5889874
0.01,-0.01,-1.37,1758762210.5912533
0.01,-0.01,-1.37,1758762210.5931692
0.01,-0.01,-1.37,1758762210.5948832
0.01,-0.01,-1.37,1758762210.5967517
0.01,-0.01,-1.37,1758762210.5995276
0.01,-0.01,-1.37,1758762210.602852
0.01,-0.01,-1.37,1758762210.6048944
0.01,-0.01,-1.37,1758762210.6071422
0.01,-0.01,-1.37,1758762210.6099975
0.01,-0.01,-1.37,1758762210.6119864
0.01,-0.01,-1.37,1758762210.613819
0.01,-0.01,-1.37,1758762210.6155882
0.01,-0.01,-1.37,1758762210.6174023
0.01,-0.01,-1.37,1758762210.6193416
0.01,-0.01,-1.37,1758762210.622236
0.01,-0.01,-1.37,1758762210.624726
0.01,-0.01,-1.37,1758762210.6264236
0.01,-0.01,-1.37,1758762210.6285608
0.01,-0.01,-1.37,1758762210.630492
0.01,-0.01,-1.37,1758762210.6321812
0.01,-0.01,-1.37,1758762210.6344483
0.01,-0.01,-1.37,1758762210.6361134
0.01,-0.01,-1.37,1758762210.6379094
0.01,-0.01,-1.37,1758762210.6400266
0.01,-0.01,-1.37,1758762210.6417413
0.01,-0.01,-1.37,1758762210.6439672
0.01,-0.01,-1.37,1758762210.6459184
0.01,-0.01,-1.37,1758762210.647799
0.01,-0.01,-1.37,1758762210.6496177
0.01,-0.01,-1.37,1758762210.6513083
0.01,-0.01,-1.37,1758762210.653492
0.01,-0.01,-1.37,1758762210.6552162
0.01,-0.01,-1.37,1758762210.657027
0.01,-0.01,-1.37,1758762210.6596768
0.01,-0.01,-1.37,1758762210.661413
0.01,-0.01,-1.37,1758762210.6638403
0.01,-0.01,-1.37,1758762210.6663911
0.01,-0.01,-1.37,1758762210.6697772
0.01,-0.01,-1.37,1758762210.6719253
0.01,-0.01,-1.37,1758762210.6749346
0.01,-0.01,-1.37,1758762210.677878
0.01,-0.01,-1.37,1758762210.6800797
0.01,-0.01,-1.37,1758762210.682949
0.01,-0.01,-1.37,1758762210.6853192
0.01,-0.01,-1.37,1758762210.6870575
0.01,-0.01,-1.37,1758762210.689083
0.01,-0.01,-1.37,1758762210.690833
0.01,-0.01,-1.37,1758762210.6927211
0.01,-0.01,-1.37,1758762210.695811
0.01,-0.01,-1.37,1758762210.698567
0.01,-0.01,-1.37,1758762210.7012205
0.01,-0.01,-1.37,1758762210.7046688
0.01,-0.01,-1.37,1758762210.7071006
0.01,-0.01,-1.37,1758762210.709211
0.01,-0.01,-1.37,1758762210.712082
0.01,-0.01,-1.37,1758762210.71452
0.01,-0.01,-1.37,1758762210.71693
0.01,-0.01,-1.37,1758762210.7186456
0.01,-0.01,-1.37,1758762210.7203374
0.01,-0.01,-1.37,1758762210.722906
0.01,-0.01,-1.37,1758762210.7250378
0.01,-0.01,-1.37,1758762210.7267282
0.01,-0.01,-1.37,1758762210.7284682
0.01,-0.01,-1.37,1758762210.7304628
0.01,-0.01,-1.37,1758762210.7325077
0.01,-0.01,-1.37,1758762210.736053
0.01,-0.01,-1.37,1758762210.7386725
0.01,-0.01,-1.37,1758762210.7418673
0.01,-0.01,-1.37,1758762210.7439055
0.01,-0.01,-1.37,1758762210.7458344
0.01,-0.01,-1.37,1758762210.7485392
0.01,-0.01,-1.37,1758762210.7504473
0.01,-0.01,-1.37,1758762210.753582
0.01,-0.01,-1.37,1758762210.7569191
0.01,-0.01,-1.37,1758762210.759158
0.01,-0.01,-1.37,1758762210.7610104
0.01,-0.01,-1.37,1758762210.7643569
0.01,-0.01,-1.37,1758762210.7665038
0.01,-0.01,-1.37,1758762210.7685528
0.01,-0.01,-1.37,1758762210.7703547
0.01,-0.01,-1.37,1758762210.772201
0.01,-0.01,-1.37,1758762210.774108
0.01,-0.01,-1.37,1758762210.7762668
0.01,-0.01,-1.37,1758762210.7785552
0.01,-0.01,-1.37,1758762210.7805786
0.01,-0.01,-1.37,1758762210.7840788
0.01,-0.01,-1.37,1758762210.7862558
0.01,-0.01,-1.37,1758762210.788103
0.01,-0.01,-1.37,1758762210.790077
0.01,-0.01,-1.37,1758762210.793003
0.01,-0.01,-1.37,1758762210.795598
0.01,-0.01,-1.37,1758762210.797541
0.01,-0.01,-1.37,1758762210.7999249
0.01,-0.01,-1.37,1758762210.8018894
0.01,-0.01,-1.37,1758762210.803686
0.01,-0.01,-1.37,1758762210.8057034
0.01,-0.01,-1.37,1758762210.808881
0.01,-0.01,-1.37,1758762210.8111117
0.01,-0.01,-1.37,1758762210.813402
0.01,-0.01,-1.37,1758762210.816368
0.01,-0.01,-1.37,1758762210.8186038
0.01,-0.01,-1.37,1758762210.8204665
0.01,-0.01,-1.37,1758762210.823401
0.01,-0.01,-1.37,1758762210.8262289
0.01,-0.01,-1.37,1758762210.8292394
0.01,-0.01,-1.37,1758762210.8319423
0.01,-0.01,-1.37,1758762210.8345182
0.01,-0.01,-1.37,1758762210.837283
0.01,-0.01,-1.37,1758762210.8398674
0.01,-0.02,-1.37,1758762210.843393
0.01,-0.01,-1.37,1758762210.8464649
0.01,-0.01,-1.37,1758762210.8495836
0.01,-0.01,-1.37,1758762210.8521
0.01,-0.02,-1.37,1758762210.8558598
0.01,-0.01,-1.37,1758762210.8590114
0.01,-0.01,-1.37,1758762210.862116
0.01,-0.01,-1.37,1758762210.865527
0.01,-0.01,-1.37,1758762210.8684697
0.01,-0.01,-1.37,1758762210.8708632
0.01,-0.01,-1.37,1758762210.8733544
0.01,-0.01,-1.37,1758762210.876146
0.01,-0.01,-1.37,1758762210.8789115
0.01,-0.01,-1.37,1758762210.8820703
0.01,-0.01,-1.37,1758762210.8851216
0.01,-0.01,-1.37,1758762210.8875072
0.01,-0.01,-1.37,1758762210.889967
0.01,-0.01,-1.37,1758762210.8923538
0.01,-0.01,-1.37,1758762210.8948498
0.01,-0.01,-1.37,1758762210.898896
0.01,-0.01,-1.37,1758762210.9021776
0.01,-0.01,-1.37,1758762210.9054542
0.01,-0.01,-1.37,1758762210.9085195
0.01,-0.02,-1.37,1758762210.912359
0.01,-0.02,-1.37,1758762210.9153695
0.01,-0.01,-1.37,1758762210.9180615
0.01,-0.02,-1.37,1758762210.9216187
0.01,-0.02,-1.37,1758762210.9253256
0.01,-0.02,-1.37,1758762210.927561
0.01,-0.01,-1.37,1758762210.9304533
0.01,-0.01,-1.37,1758762210.9331095
0.01,-0.02,-1.37,1758762210.9366388
0.01,-0.02,-1.37,1758762210.9392178
0.01,-0.02,-1.37,1758762210.9420464
0.01,-0.02,-1.37,1758762210.944703
0.01,-0.02,-1.37,1758762210.9475615
0.01,-0.02,-1.37,1758762210.950223
0.01,-0.02,-1.37,1758762210.9527
0.01,-0.02,-1.37,1758762210.9550812
0.01,-0.02,-1.37,1758762210.958291
0.01,-0.02,-1.37,1758762210.961189
0.01,-0.02,-1.37,1758762210.963791
0.01,-0.02,-1.37,1758762210.9661803
0.01,-0.02,-1.37,1758762210.9688566
0.01,-0.02,-1.37,1758762210.9712443
0.01,-0.02,-1.37,1758762210.9736965
0.01,-0.02,-1.37,1758762210.9762862
0.01,-0.01,-1.37,1758762210.9791155
0.01,-0.01,-1.37,1758762210.981538
0.01,-0.01,-1.37,1758762210.9845965
0.01,-0.02,-1.37,1758762210.9873595
0.01,-0.01,-1.37,1758762210.989718
0.01,-0.01,-1.37,1758762210.992095
0.01,-0.01,-1.37,1758762210.994876
0.01,-0.01,-1.37,1758762210.9978044
0.01,-0.01,-1.37,1758762211.0007918
0.01,-0.01,-1.37,1758762211.0037932
0.01,-0.01,-1.37,1758762211.0066051
0.01,-0.01,-1.37,1758762211.009098
0.01,-0.01,-1.37,1758762211.0124943
0.01,-0.01,-1.37,1758762211.0155137
0.01,-0.01,-1.37,1758762211.0179634
0.01,-0.01,-1.37,1758762211.0203686
0.01,-0.01,-1.37,1758762211.023144
0.01,-0.01,-1.37,1758762211.02553
0.01,-0.01,-1.37,1758762211.028189
0.01,-0.01,-1.37,1758762211.0305357
0.01,-0.01,-1.37,1758762211.0328994
0.01,-0.01,-1.37,1758762211.0358124
0.01,-0.01,-1.37,1758762211.038574
0.01,-0.01,-1.37,1758762211.0409622
0.01,-0.01,-1.37,1758762211.0433202
0.01,-0.01,-1.37,1758762211.0457463
0.01,-0.01,-1.37,1758762211.048261
0.01,-0.01,-1.37,1758762211.0507145
0.01,-0.01,-1.37,1758762211.0531878
0.01,-0.01,-1.37,1758762211.0561748
0.01,-0.01,-1.37,1758762211.0593717
0.01,-0.01,-1.37,1758762211.0621126
0.01,-0.01,-1.37,1758762211.06474
0.01,-0.01,-1.37,1758762211.0673308
0.01,-0.01,-1.37,1758762211.0697274
0.01,-0.01,-1.37,1758762211.072076
0.01,-0.01,-1.37,1758762211.075124
0.01,-0.01,-1.37,1758762211.0778277
0.01,-0.01,-1.37,1758762211.0807886
0.01,-0.01,-1.37,1758762211.083207
0.01,-0.01,-1.37,1758762211.086143
0.01,-0.01,-1.37,1758762211.088822
0.01,-0.01,-1.37,1758762211.0913236
0.01,-0.01,-1.37,1758762211.0940857
0.01,-0.01,-1.37,1758762211.0972104
0.01,-0.01,-1.37,1758762211.100862
0.01,-0.01,-1.37,1758762211.1040606
0.01,-0.01,-1.37,1758762211.1074002
0.01,-0.01,-1.37,1758762211.10976
0.01,-0.01,-1.37,1758762211.112121
0.01,-0.01,-1.37,1758762211.1147325
0.01,-0.01,-1.37,1758762211.1180885
0.01,-0.01,-1.37,1758762211.120474
0.01,-0.01,-1.37,1758762211.1231494
0.01,-0.01,-1.37,1758762211.1260417
0.01,-0.01,-1.37,1758762211.1287608
0.01,-0.01,-1.37,1758762211.1313243
0.01,-0.01,-1.37,1758762211.1338696
0.01,-0.01,-1.37,1758762211.1363804
0.01,-0.01,-1.37,1758762211.1392412
0.01,-0.01,-1.37,1758762211.141856
0.01,-0.01,-1.37,1758762211.1446342
0.01,-0.01,-1.37,1758762211.148028
0.01,-0.01,-1.37,1758762211.1513996
0.01,-0.01,-1.37,1758762211.154371
0.01,-0.01,-1.37,1758762211.1572468
0.01,-0.01,-1.37,1758762211.1606946
0.01,-0.01,-1.37,1758762211.1641853
0.01,-0.01,-1.37,1758762211.1676905
0.01,-0.01,-1.37,1758762211.1711106
0.01,-0.01,-1.38,1758762211.1747303
0.01,-0.01,-1.38,1758762211.1776612
0.01,-0.01,-1.38,1758762211.1812036
0.01,-0.01,-1.38,1758762211.1842022
0.01,-0.01,-1.38,1758762211.186633
0.01,-0.01,-1.38,1758762211.18877
0.01,-0.01,-1.38,1758762211.1909287
0.01,-0.01,-1.38,1758762211.1935132
0.01,-0.01,-1.38,1758762211.1962292
0.01,-0.01,-1.38,1758762211.2001672
0.01,-0.01,-1.38,1758762211.2034662
0.01,-0.01,-1.38,1758762211.2057648
0.01,-0.01,-1.38,1758762211.207948
0.01,-0.01,-1.38,1758762211.2099593
0.01,-0.01,-1.38,1758762211.211677
0.01,-0.02,-1.38,1758762211.21444
0.01,-0.02,-1.38,1758762211.2166362
0.01,-0.01,-1.38,1758762211.2190535
0.01,-0.02,-1.38,1758762211.222685
0.01,-0.01,-1.38,1758762211.2259955
0.01,-0.02,-1.38,1758762211.2293563
0.01,-0.02,-1.38,1758762211.232121
0.01,-0.02,-1.38,1758762211.234022
0.01,-0.02,-1.38,1758762211.236003
0.01,-0.02,-1.38,1758762211.237856
0.01,-0.02,-1.38,1758762211.2404056
0.01,-0.02,-1.38,1758762211.244159
0.01,-0.01,-1.38,1758762211.2471476
0.01,-0.01,-1.38,1758762211.2500048
0.01,-0.01,-1.38,1758762211.2529876
0.01,-0.01,-1.38,1758762211.255367
0.01,-0.01,-1.38,1758762211.2591307
0.01,-0.01,-1.38,1758762211.2618165
0.01,-0.01,-1.38,1758762211.2641091
0.01,-0.01,-1.38,1758762211.2662816
0.01,-0.01,-1.38,1758762211.2692473
0.01,-0.01,-1.38,1758762211.272134
0.01,-0.01,-1.38,1758762211.2756114
0.01,-0.01,-1.38,1758762211.2781236
0.01,-0.01,-1.38,1758762211.2809584
0.01,-0.01,-1.38,1758762211.2835238
0.01,-0.01,-1.38,1758762211.2870483
0.01,-0.01,-1.38,1758762211.2898333
0.01,-0.01,-1.38,1758762211.2925878
0.01,-0.02,-1.38,1758762211.2951226
0.01,-0.02,-1.38,1758762211.297407
0.01,-0.02,-1.38,1758762211.3002808
0.01,-0.02,-1.38,1758762211.3026922
0.01,-0.02,-1.38,1758762211.305389
0.01,-0.02,-1.38,1758762211.3080418
0.01,-0.02,-1.38,1758762211.3108685
0.01,-0.02,-1.38,1758762211.3144932
0.01,-0.02,-1.38,1758762211.317143
0.01,-0.02,-1.38,1758762211.3200066
0.01,-0.02,-1.38,1758762211.322824
0.01,-0.02,-1.38,1758762211.3262897
0.01,-0.02,-1.38,1758762211.329389
0.01,-0.02,-1.38,1758762211.3326674
0.01,-0.02,-1.38,1758762211.33526
0.01,-0.02,-1.38,1758762211.338042
0.01,-0.02,-1.38,1758762211.341163
0.01,-0.02,-1.38,1758762211.3447506
0.01,-0.02,-1.38,1758762211.347898
0.01,-0.02,-1.38,1758762211.3515654
0.01,-0.02,-1.38,1758762211.3550444
0.01,-0.02,-1.38,1758762211.358075
0.01,-0.02,-1.38,1758762211.3611977
0.01,-0.02,-1.38,1758762211.363733
0.01,-0.02,-1.38,1758762211.3668735
0.01,-0.02,-1.38,1758762211.3698442
0.01,-0.02,-1.38,1758762211.3731232
0.01,-0.02,-1.38,1758762211.376128
0.01,-0.02,-1.38,1758762211.379027
0.01,-0.02,-1.38,1758762211.3815494
0.01,-0.02,-1.38,1758762211.3842423
0.01,-0.02,-1.38,1758762211.3876984
0.01,-0.02,-1.38,1758762211.3910372
0.01,-0.02,-1.38,1758762211.3940334
0.01,-0.02,-1.38,1758762211.3967173
0.01,-0.02,-1.38,1758762211.3994224
0.01,-0.02,-1.38,1758762211.4019644
0.01,-0.02,-1.38,1758762211.405492
0.01,-0.02,-1.38,1758762211.4089484
0.01,-0.02,-1.38,1758762211.4118435
0.01,-0.02,-1.38,1758762211.415423
0.01,-0.02,-1.38,1758762211.4184308
0.01,-0.02,-1.38,1758762211.4213614
0.01,-0.02,-1.38,1758762211.4259076
0.01,-0.02,-1.38,1758762211.4288788
0.01,-0.02,-1.38,1758762211.4315686
0.01,-0.02,-1.38,1758762211.434551
0.01,-0.02,-1.38,1758762211.4388573
0.01,-0.02,-1.38,1758762211.441651
0.01,-0.02,-1.38,1758762211.4441774
0.01,-0.02,-1.38,1758762211.4469163
0.01,-0.02,-1.38,1758762211.450068
0.01,-0.02,-1.38,1758762211.4532387
0.01,-0.02,-1.38,1758762211.4564986
0.01,-0.02,-1.38,1758762211.4597006
0.01,-0.02,-1.38,1758762211.4621046
0.01,-0.02,-1.38,1758762211.4649663
0.01,-0.02,-1.38,1758762211.467868
0.01,-0.02,-1.38,1758762211.4712074
0.01,-0.02,-1.38,1758762211.4750354
0.01,-0.02,-1.38,1758762211.4779809
0.01,-0.02,-1.38,1758762211.4801617
0.01,-0.02,-1.38,1758762211.4834404
0.01,-0.02,-1.38,1758762211.486448
0.01,-0.02,-1.38,1758762211.489963
0.01,-0.02,-1.38,1758762211.4920485
0.01,-0.02,-1.38,1758762211.4947855
0.01,-0.02,-1.38,1758762211.4972594
0.01,-0.02,-1.38,1758762211.4989212
0.01,-0.02,-1.38,1758762211.5015535
0.01,-0.02,-1.38,1758762211.5035596
0.01,-0.02,-1.38,1758762211.5070462
0.01,-0.02,-1.38,1758762211.5102808
0.01,-0.02,-1.38,1758762211.5135725
0.01,-0.02,-1.38,1758762211.5175786
0.01,-0.02,-1.38,1758762211.5196671
0.01,-0.02,-1.38,1758762211.522409
0.01,-0.02,-1.38,1758762211.525635
0.01,-0.02,-1.38,1758762211.527631
0.01,-0.02,-1.38,1758762211.5307083
0.01,-0.02,-1.38,1758762211.5335238
0.01,-0.02,-1.38,1758762211.5355537
0.01,-0.02,-1.38,1758762211.538154
0.01,-0.02,-1.38,1758762211.5400882
0.01,-0.02,-1.38,1758762211.543183
0.01,-0.02,-1.38,1758762211.5460277
0.01,-0.02,-1.38,1758762211.5476954
0.01,-0.02,-1.38,1758762211.5515728
0.01,-0.02,-1.38,1758762211.5543742
0.01,-0.02,-1.38,1758762211.5562809
0.01,-0.02,-1.38,1758762211.5589738
0.01,-0.02,-1.38,1758762211.5606346
0.01,-0.02,-1.38,1758762211.5624392
0.01,-0.02,-1.38,1758762211.5653205
0.01,-0.02,-1.38,1758762211.567143
0.01,-0.02,-1.38,1758762211.5698545
0.01,-0.02,-1.38,1758762211.5740592
0.01,-0.02,-1.38,1758762211.5761688
0.01,-0.02,-1.38,1758762211.5787888
0.01,-0.02,-1.38,1758762211.581254
0.01,-0.02,-1.38,1758762211.5834274
0.01,-0.02,-1.38,1758762211.5908487
0.01,-0.02,-1.38,1758762211.594293
0.01,-0.02,-1.38,1758762211.6013122
0.01,-0.02,-1.38,1758762211.604066
0.01,-0.02,-1.38,1758762211.6060116
0.01,-0.02,-1.38,1758762211.6083877
0.01,-0.02,-1.38,1758762211.6104796
0.01,-0.02,-1.38,1758762211.6143043
0.01,-0.02,-1.38,1758762211.617289
0.01,-0.02,-1.38,1758762211.6195004
0.01,-0.02,-1.38,1758762211.6223595
0.01,-0.02,-1.38,1758762211.6246417
0.01,-0.02,-1.38,1758762211.6274738
0.01,-0.02,-1.38,1758762211.629621
0.01,-0.02,-1.38,1758762211.6321373
0.01,-0.02,-1.38,1758762211.6347146
0.01,-0.02,-1.38,1758762211.6368074
0.01,-0.02,-1.38,1758762211.6386938
0.01,-0.02,-1.38,1758762211.6411693
0.01,-0.02,-1.38,1758762211.643997
0.01,-0.02,-1.38,1758762211.645839
0.01,-0.02,-1.38,1758762211.6482985
0.01,-0.02,-1.38,1758762211.6501763
0.01,-0.02,-1.38,1758762211.65221
0.01,-0.02,-1.38,1758762211.6564724
0.01,-0.02,-1.38,1758762211.659294
0.01,-0.02,-1.38,1758762211.662609
0.01,-0.02,-1.38,1758762211.6651084
0.01,-0.02,-1.38,1758762211.6673946
0.01,-0.02,-1.38,1758762211.6699808
0.01,-0.02,-1.38,1758762211.6722803
0.01,-0.02,-1.38,1758762211.676011
0.01,-0.02,-1.38,1758762211.6794133
0.01,-0.02,-1.38,1758762211.6813395
0.01,-0.02,-1.38,1758762211.683967
0.01,-0.02,-1.38,1758762211.6860192
0.01,-0.02,-1.38,1758762211.6882834
0.01,-0.02,-1.38,1758762211.6902978
0.01,-0.02,-1.38,1758762211.692978
0.01,-0.02,-1.38,1758762211.6959968
0.01,-0.02,-1.38,1758762211.6989205
0.01,-0.02,-1.38,1758762211.7018335
0.01,-0.02,-1.38,1758762211.7048318
0.01,-0.02,-1.38,1758762211.7074766
0.01,-0.02,-1.38,1758762211.7107296
0.01,-0.02,-1.38,1758762211.7131157
0.01,-0.02,-1.38,1758762211.7161336
0.01,-0.02,-1.38,1758762211.7185972
0.01,-0.02,-1.38,1758762211.7218678
0.01,-0.02,-1.38,1758762211.7242522
0.01,-0.02,-1.38,1758762211.7267551
0.01,-0.02,-1.38,1758762211.7300065
0.01,-0.02,-1.38,1758762211.733505
0.01,-0.02,-1.38,1758762211.7359226
0.01,-0.02,-1.38,1758762211.739226
0.01,-0.02,-1.38,1758762211.7411797
0.01,-0.02,-1.38,1758762211.7430918
0.01,-0.02,-1.38,1758762211.7451684
0.01,-0.02,-1.38,1758762211.747498
0.01,-0.02,-1.38,1758762211.7497468
0.01,-0.02,-1.38,1758762211.7514863
0.01,-0.02,-1.38,1758762211.7546494
0.01,-0.02,-1.38,1758762211.7580023
0.01,-0.02,-1.38,1758762211.7603743
0.01,-0.02,-1.38,1758762211.7633097
0.01,-0.02,-1.38,1758762211.7654371
0.01,-0.02,-1.38,1758762211.7686975
0.01,-0.02,-1.38,1758762211.7711225
0.01,-0.02,-1.38,1758762211.7740183
0.01,-0.02,-1.38,1758762211.776598
0.01,-0.02,-1.38,1758762211.7789998
0.01,-0.02,-1.38,1758762211.7816696
0.01,-0.02,-1.38,1758762211.7838092
0.01,-0.02,-1.38,1758762211.78554
0.01,-0.02,-1.38,1758762211.7872283
0.01,-0.02,-1.38,1758762211.789977
0.01,-0.02,-1.38,1758762211.7926507
0.01,-0.02,-1.38,1758762211.7948987
0.01,-0.02,-1.38,1758762211.7972696
0.01,-0.02,-1.38,1758762211.7994597
0.01,-0.02,-1.38,1758762211.8019054
0.01,-0.02,-1.38,1758762211.8051708
0.01,-0.02,-1.38,1758762211.8077593
0.01,-0.02,-1.38,1758762211.810573
0.01,-0.02,-1.38,1758762211.813397
0.01,-0.02,-1.38,1758762211.8173077
0.01,-0.02,-1.38,1758762211.8212235
0.01,-0.02,-1.38,1758762211.8245022
0.01,-0.02,-1.38,1758762211.8283396
0.01,-0.02,-1.38,1758762211.831323
0.01,-0.02,-1.38,1758762211.8352964
0.01,-0.02,-1.38,1758762211.838289
0.01,-0.02,-1.38,1758762211.842133
0.01,-0.02,-1.38,1758762211.8447604
0.01,-0.02,-1.38,1758762211.846608
0.01,-0.02,-1.38,1758762211.8493946
0.01,-0.02,-1.38,1758762211.8511078
0.01,-0.02,-1.38,1758762211.852981
0.01,-0.02,-1.38,1758762211.8549883
0.01,-0.02,-1.38,1758762211.857021
0.01,-0.02,-1.38,1758762211.8589904
0.01,-0.02,-1.38,1758762211.8618035
0.01,-0.02,-1.38,1758762211.8650224
0.01,-0.02,-1.38,1758762211.867565
0.01,-0.02,-1.38,1758762211.870191
0.01,-0.02,-1.38,1758762211.8719432
0.01,-0.02,-1.38,1758762211.8737335
0.01,-0.02,-1.38,1758762211.875773
0.01,-0.02,-1.38,1758762211.8779292
0.01,-0.02,-1.38,1758762211.8800983
0.01,-0.02,-1.38,1758762211.8819385
0.01,-0.02,-1.38,1758762211.8842556
0.01,-0.02,-1.38,1758762211.88601
0.01,-0.02,-1.38,1758762211.8884385
0.01,-0.02,-1.38,1758762211.8903272
0.01,-0.02,-1.38,1758762211.8923628
0.01,-0.02,-1.38,1758762211.8945403
0.01,-0.02,-1.38,1758762211.8965943
0.01,-0.02,-1.38,1758762211.8985903
0.01,-0.02,-1.38,1758762211.900692
0.01,-0.02,-1.38,1758762211.9026625
0.01,-0.02,-1.38,1758762211.904734
0.01,-0.02,-1.38,1758762211.9064636
0.01,-0.02,-1.38,1758762211.9086256
0.01,-0.02,-1.38,1758762211.9105475
0.01,-0.02,-1.38,1758762211.912244
0.01,-0.02,-1.38,1758762211.9143329
0.01,-0.02,-1.38,1758762211.9164326
0.01,-0.02,-1.38,1758762211.918341
0.01,-0.02,-1.38,1758762211.9200535
0.01,-0.02,-1.38,1758762211.9219744
0.01,-0.02,-1.38,1758762211.923746
0.01,-0.02,-1.38,1758762211.9261975
0.01,-0.02,-1.38,1758762211.929347
0.01,-0.02,-1.38,1758762211.9327853
0.01,-0.02,-1.38,1758762211.935599
0.01,-0.02,-1.38,1758762211.937858
0.01,-0.02,-1.38,1758762211.9398887
0.01,-0.02,-1.38,1758762211.942031
0.01,-0.02,-1.38,1758762211.9440334
0.01,-0.02,-1.38,1758762211.945941
0.01,-0.02,-1.38,1758762211.9486258
0.01,-0.02,-1.38,1758762211.951501
0.01,-0.02,-1.38,1758762211.9532602
0.01,-0.02,-1.38,1758762211.9557722
0.01,-0.02,-1.38,1758762211.9575157
0.01,-0.02,-1.38,1758762211.9600368
0.01,-0.02,-1.38,1758762211.9628656
0.01,-0.02,-1.38,1758762211.9653196
0.01,-0.02,-1.38,1758762211.9672496
0.01,-0.02,-1.38,1758762211.9695275
0.01,-0.02,-1.38,1758762211.9714382
0.01,-0.02,-1.38,1758762211.973875
0.01,-0.02,-1.38,1758762211.9757066
0.01,-0.02,-1.38,1758762211.9776063
0.01,-0.02,-1.38,1758762211.979545
0.01,-0.02,-1.38,1758762211.9814794
0.01,-0.02,-1.38,1758762211.983296
0.01,-0.02,-1.38,1758762211.985177
0.01,-0.02,-1.38,1758762211.9870625
0.01,-0.02,-1.38,1758762211.9890084
0.01,-0.02,-1.38,1758762211.9915109
0.01,-0.02,-1.38,1758762211.9939556
0.01,-0.02,-1.38,1758762211.9965625
0.01,-0.01,-1.38,1758762211.998996
0.01,-0.01,-1.38,1758762212.0017118
0.01,-0.01,-1.38,1758762212.0041194
0.01,-0.01,-1.38,1758762212.0064633
0.01,-0.01,-1.38,1758762212.0089557
0.01,-0.01,-1.38,1758762212.0115678
0.01,-0.01,-1.38,1758762212.0138488
0.01,-0.01,-1.38,1758762212.015939
0.01,-0.01,-1.38,1758762212.0183332
0.01,-0.01,-1.38,1758762212.0202398
0.01,-0.01,-1.38,1758762212.0226474
0.01,-0.01,-1.38,1758762212.0247262
0.01,-0.01,-1.38,1758762212.0272202
0.01,-0.01,-1.38,1758762212.0293138
0.01,-0.01,-1.38,1758762212.0317194
0.01,-0.01,-1.38,1758762212.0347128
0.01,-0.01,-1.38,1758762212.0367522
0.01,-0.01,-1.38,1758762212.0396254
0.01,-0.01,-1.38,1758762212.0423348
0.01,-0.01,-1.38,1758762212.044834
0.01,-0.01,-1.38,1758762212.0469978
0.01,-0.01,-1.38,1758762212.049797
0.01,-0.01,-1.38,1758762212.052233
0.01,-0.01,-1.38,1758762212.0549064
0.01,-0.01,-1.38,1758762212.0574813
0.01,-0.01,-1.38,1758762212.059678
0.01,-0.01,-1.38,1758762212.062441
0.01,-0.01,-1.38,1758762212.0645864
0.01,-0.01,-1.38,1758762212.0673666
0.01,-0.01,-1.38,1758762212.0694635
0.01,-0.01,-1.38,1758762212.0721543
0.01,-0.01,-1.38,1758762212.0745118
0.01,-0.01,-1.38,1758762212.0772517
0.01,-0.01,-1.38,1758762212.0798085
0.01,-0.01,-1.38,1758762212.0817978
0.01,-0.01,-1.38,1758762212.0844252
0.01,-0.01,-1.38,1758762212.0871372
0.01,-0.01,-1.38,1758762212.0891948
0.01,-0.01,-1.38,1758762212.092003
0.01,-0.01,-1.38,1758762212.094416
0.01,-0.01,-1.38,1758762212.0980115
0.01,-0.01,-1.38,1758762212.1026173
0.01,-0.01,-1.38,1758762212.105013
0.01,-0.01,-1.38,1758762212.1068337
0.01,-0.01,-1.38,1758762212.1098278
0.01,-0.01,-1.38,1758762212.1118848
0.01,-0.01,-1.38,1758762212.1149082
0.01,-0.01,-1.38,1758762212.116933
0.01,-0.01,-1.38,1758762212.1193206
0.01,-0.01,-1.38,1758762212.1212962
0.01,-0.01,-1.38,1758762212.1240509
0.01,-0.01,-1.38,1758762212.1267383
0.01,-0.01,-1.38,1758762212.1291232
0.01,-0.01,-1.38,1758762212.1310723
0.01,-0.01,-1.38,1758762212.1335623
0.01,-0.02,-1.38,1758762212.1359086
0.01,-0.01,-1.38,1758762212.1381478
0.01,-0.02,-1.38,1758762212.1407568
0.01,-0.01,-1.38,1758762212.143196
0.01,-0.01,-1.38,1758762212.1458557
0.01,-0.01,-1.38,1758762212.148186
0.01,-0.01,-1.38,1758762212.150527
0.01,-0.01,-1.38,1758762212.1533632
0.01,-0.01,-1.38,1758762212.1563847
0.01,-0.01,-1.38,1758762212.1583228
0.01,-0.01,-1.38,1758762212.1607344
0.01,-0.02,-1.38,1758762212.163474
0.01,-0.02,-1.38,1758762212.165866
0.01,-0.02,-1.38,1758762212.1686213
0.01,-0.02,-1.38,1758762212.1705024
0.01,-0.02,-1.38,1758762212.1732223
0.01,-0.02,-1.38,1758762212.1751397
0.01,-0.02,-1.38,1758762212.1774464
0.01,-0.02,-1.38,1758762212.1793687
0.01,-0.02,-1.38,1758762212.182276
0.01,-0.02,-1.38,1758762212.185163
0.01,-0.02,-1.38,1758762212.187255
0.01,-0.02,-1.38,1758762212.1891232
0.01,-0.02,-1.38,1758762212.191294
0.01,-0.02,-1.38,1758762212.193693
0.01,-0.02,-1.38,1758762212.1959414
0.01,-0.02,-1.38,1758762212.1978452
0.01,-0.02,-1.38,1758762212.2005994
0.01,-0.02,-1.38,1758762212.2025068
0.01,-0.02,-1.38,1758762212.2053149
0.01,-0.02,-1.38,1758762212.2074218
0.01,-0.02,-1.38,1758762212.2099657
0.01,-0.02,-1.38,1758762212.2123225
0.01,-0.02,-1.38,1758762212.2153409
0.01,-0.02,-1.38,1758762212.2177098
0.01,-0.02,-1.38,1758762212.2203462
0.01,-0.02,-1.38,1758762212.222413
0.01,-0.02,-1.38,1758762212.225147
0.01,-0.02,-1.38,1758762212.2275226
0.01,-0.02,-1.38,1758762212.229732
0.01,-0.02,-1.38,1758762212.2316463
0.01,-0.02,-1.38,1758762212.2342553
0.01,-0.02,-1.38,1758762212.236173
0.01,-0.02,-1.38,1758762212.2384405
0.01,-0.02,-1.38,1758762212.2403307
0.01,-0.02,-1.38,1758762212.2430725
0.01,-0.02,-1.38,1758762212.2452729
0.01,-0.02,-1.38,1758762212.2474897
0.01,-0.02,-1.38,1758762212.2497666
0.01,-0.02,-1.38,1758762212.2521248
0.01,-0.02,-1.38,1758762212.2544608
0.01,-0.02,-1.38,1758762212.256894
0.01,-0.02,-1.38,1758762212.2591152
0.01,-0.02,-1.38,1758762212.261631
0.01,-0.02,-1.38,1758762212.2638276
0.01,-0.02,-1.38,1758762212.2663548
0.01,-0.02,-1.38,1758762212.2690208
0.01,-0.02,-1.38,1758762212.2710352
0.01,-0.02,-1.38,1758762212.2734928
0.01,-0.02,-1.38,1758762212.275562
0.01,-0.02,-1.38,1758762212.2781875
0.01,-0.02,-1.38,1758762212.280784
0.01,-0.02,-1.38,1758762212.2828314
0.01,-0.02,-1.38,1758762212.2855997
0.01,-0.02,-1.38,1758762212.2874775
0.01,-0.02,-1.38,1758762212.290311
0.01,-0.02,-1.38,1758762212.2921822
0.01,-0.02,-1.38,1758762212.2948542
0.01,-0.02,-1.38,1758762212.2969122
0.01,-0.02,-1.38,1758762212.2993274
0.01,-0.02,-1.38,1758762212.301414
0.01,-0.02,-1.38,1758762212.3042097
0.01,-0.02,-1.38,1758762212.3061016
0.01,-0.02,-1.38,1758762212.3085632
0.01,-0.02,-1.38,1758762212.3113542
0.01,-0.02,-1.38,1758762212.3140469
0.01,-0.02,-1.38,1758762212.316436
0.01,-0.02,-1.38,1758762212.3185446
0.01,-0.02,-1.38,1758762212.3206427
0.01,-0.02,-1.38,1758762212.3234284
0.01,-0.02,-1.38,1758762212.325829
0.01,-0.02,-1.38,1758762212.3285067
0.01,-0.02,-1.38,1758762212.330505
0.01,-0.02,-1.38,1758762212.3332512
0.01,-0.02,-1.38,1758762212.3353126
0.01,-0.02,-1.38,1758762212.3379834
0.01,-0.02,-1.38,1758762212.340196
0.01,-0.02,-1.38,1758762212.3423193
0.01,-0.02,-1.38,1758762212.344758
0.01,-0.02,-1.38,1758762212.3472044
0.01,-0.02,-1.38,1758762212.349553
0.01,-0.02,-1.38,1758762212.352279
0.01,-0.02,-1.38,1758762212.3552072
0.01,-0.02,-1.38,1758762212.3573916
0.01,-0.02,-1.38,1758762212.3592849
0.01,-0.02,-1.38,1758762212.3621027
0.01,-0.02,-1.38,1758762212.364418
0.01,-0.02,-1.38,1758762212.3670864
0.01,-0.02,-1.38,1758762212.369101
0.01,-0.02,-1.38,1758762212.371266
0.01,-0.02,-1.38,1758762212.3740168
0.01,-0.02,-1.38,1758762212.3765993
0.01,-0.02,-1.38,1758762212.37869
0.01,-0.02,-1.38,1758762212.3812325
0.01,-0.02,-1.38,1758762212.3836737
0.01,-0.02,-1.38,1758762212.3863668
0.01,-0.02,-1.38,1758762212.3883398
0.01,-0.02,-1.38,1758762212.3909924
0.01,-0.02,-1.38,1758762212.3930843
0.01,-0.02,-1.38,1758762212.3955922
0.01,-0.02,-1.38,1758762212.3981843
0.01,-0.02,-1.38,1758762212.4001536
0.01,-0.02,-1.38,1758762212.4022253
0.01,-0.02,-1.38,1758762212.405201
0.01,-0.02,-1.38,1758762212.40727
0.01,-0.02,-1.38,1758762212.41004
0.01,-0.02,-1.38,1758762212.4124565
0.01,-0.02,-1.38,1758762212.414942
0.01,-0.02,-1.38,1758762212.417019
0.01,-0.02,-1.38,1758762212.419606
0.01,-0.02,-1.38,1758762212.421697
0.01,-0.02,-1.38,1758762212.4239168
0.01,-0.02,-1.38,1758762212.4263067
0.01,-0.02,-1.38,1758762212.4284055
0.01,-0.02,-1.38,1758762212.4310915
0.01,-0.02,-1.38,1758762212.4333107
0.01,-0.02,-1.38,1758762212.4358566
0.01,-0.02,-1.38,1758762212.4381907
0.01,-0.02,-1.38,1758762212.4405916
0.01,-0.02,-1.38,1758762212.4436429
0.01,-0.02,-1.38,1758762212.44672
0.01,-0.02,-1.38,1758762212.4502983
0.01,-0.02,-1.38,1758762212.4537067
0.01,-0.02,-1.38,1758762212.4563918
0.01,-0.02,-1.38,1758762212.4590142
0.01,-0.02,-1.38,1758762212.4617383
0.01,-0.02,-1.38,1758762212.46416
0.01,-0.02,-1.38,1758762212.467403
0.01,-0.02,-1.38,1758762212.469828
0.01,-0.02,-1.38,1758762212.4720862
0.01,-0.02,-1.38,1758762212.4744587
0.01,-0.02,-1.38,1758762212.4768405
0.01,-0.02,-1.38,1758762212.4798684
0.01,-0.02,-1.39,1758762212.4825
0.01,-0.02,-1.39,1758762212.48478
0.01,-0.02,-1.39,1758762212.4868455
0.01,-0.02,-1.39,1758762212.489335
0.01,-0.02,-1.39,1758762212.4913814
0.01,-0.02,-1.39,1758762212.4938576
0.01,-0.02,-1.39,1758762212.4960113
0.01,-0.02,-1.39,1758762212.4986317
0.01,-0.02,-1.39,1758762212.5012355
0.01,-0.02,-1.39,1758762212.5043375
0.01,-0.02,-1.39,1758762212.506424
0.01,-0.02,-1.39,1758762212.5088923
0.01,-0.02,-1.39,1758762212.511061
0.01,-0.02,-1.39,1758762212.5138545
0.01,-0.02,-1.39,1758762212.5182655
0.01,-0.02,-1.39,1758762212.5200446
0.01,-0.02,-1.39,1758762212.5239663
0.01,-0.02,-1.39,1758762212.5265594
0.01,-0.02,-1.39,1758762212.528417
0.01,-0.02,-1.39,1758762212.5319254
0.01,-0.02,-1.39,1758762212.535185
0.01,-0.02,-1.39,1758762212.537619
0.01,-0.02,-1.39,1758762212.5400715
0.01,-0.02,-1.39,1758762212.5437765
0.01,-0.02,-1.39,1758762212.54727
0.01,-0.02,-1.39,1758762212.5504465
0.01,-0.02,-1.39,1758762212.5525856
0.01,-0.02,-1.39,1758762212.5556204
0.01,-0.01,-1.39,1758762212.5597875
0.01,-0.01,-1.39,1758762212.5624833
0.01,-0.01,-1.39,1758762212.5644565
0.01,-0.01,-1.39,1758762212.5677087
0.01,-0.01,-1.39,1758762212.5717244
0.01,-0.01,-1.39,1758762212.5743802
0.01,-0.01,-1.39,1758762212.5782168
0.01,-0.01,-1.39,1758762212.580005
0.01,-0.01,-1.39,1758762212.583618
0.01,-0.01,-1.39,1758762212.586093
0.01,-0.01,-1.39,1758762212.5883937
0.01,-0.01,-1.39,1758762212.5921931
0.01,-0.01,-1.39,1758762212.5956426
0.01,-0.01,-1.39,1758762212.5987296
0.01,-0.01,-1.39,1758762212.6023738
0.01,-0.01,-1.39,1758762212.6043234
0.01,-0.01,-1.39,1758762212.6073368
0.01,-0.01,-1.39,1758762212.6105175
0.01,-0.01,-1.39,1758762212.6124012
0.01,-0.01,-1.39,1758762212.6161103
0.01,-0.01,-1.39,1758762212.619167
0.01,-0.01,-1.39,1758762212.6219516
0.01,-0.01,-1.39,1758762212.6259766
0.01,-0.01,-1.39,1758762212.628194
0.01,-0.01,-1.39,1758762212.631404
0.01,-0.01,-1.39,1758762212.634341
0.01,-0.01,-1.39,1758762212.6387827
0.01,-0.01,-1.39,1758762212.6416483
0.01,-0.01,-1.39,1758762212.645577
0.01,-0.01,-1.39,1758762212.6479316
0.01,-0.01,-1.39,1758762212.6514306
0.01,-0.01,-1.39,1758762212.6540637
0.01,-0.01,-1.39,1758762212.6565
0.01,-0.01,-1.39,1758762212.6600802
0.01,-0.01,-1.39,1758762212.6630847
0.01,-0.01,-1.39,1758762212.6661215
0.01,-0.01,-1.39,1758762212.6682718
0.01,-0.01,-1.39,1758762212.6720395
0.01,-0.01,-1.39,1758762212.6760614
0.01,-0.01,-1.39,1758762212.6799572
0.01,-0.01,-1.39,1758762212.6834297
0.01,-0.01,-1.39,1758762212.685794
0.01,-0.01,-1.39,1758762212.688104
0.01,-0.01,-1.39,1758762212.6901655
0.01,-0.01,-1.39,1758762212.6928923
0.01,-0.01,-1.39,1758762212.6953692
0.01,-0.01,-1.39,1758762212.697234
0.01,-0.01,-1.39,1758762212.699725
0.01,-0.01,-1.39,1758762212.701794
0.01,-0.01,-1.39,1758762212.7046316
0.01,-0.01,-1.39,1758762212.7075808
0.01,-0.01,-1.39,1758762212.7100365
0.01,-0.01,-1.39,1758762212.7123566
0.01,-0.01,-1.39,1758762212.714775
0.01,-0.01,-1.39,1758762212.7175105
0.01,-0.01,-1.39,1758762212.7202587
0.01,-0.01,-1.39,1758762212.7223334
0.01,-0.01,-1.39,1758762212.724598
0.01,-0.01,-1.39,1758762212.727904
0.01,-0.01,-1.39,1758762212.7300966
0.01,-0.02,-1.39,1758762212.7326863
0.01,-0.01,-1.39,1758762212.736259
0.01,-0.01,-1.39,1758762212.7418356
0.01,-0.01,-1.39,1758762212.744948
0.01,-0.01,-1.39,1758762212.748931
0.01,-0.01,-1.39,1758762212.7520597
0.01,-0.01,-1.39,1758762212.7555523
0.01,-0.01,-1.39,1758762212.7581882
0.01,-0.01,-1.39,1758762212.760536
0.01,-0.01,-1.39,1758762212.7635536
0.01,-0.01,-1.39,1758762212.7663252
0.01,-0.01,-1.39,1758762212.7692726
0.01,-0.01,-1.39,1758762212.7726653
0.01,-0.01,-1.39,1758762212.7755144
0.01,-0.01,-1.39,1758762212.7778225
0.01,-0.01,-1.39,1758762212.7809863
0.01,-0.01,-1.39,1758762212.78434
0.01,-0.01,-1.39,1758762212.7874205
0.01,-0.01,-1.39,1758762212.7906313
0.01,-0.01,-1.39,1758762212.7928884
0.01,-0.01,-1.39,1758762212.7952476
0.01,-0.01,-1.39,1758762212.798364
0.01,-0.01,-1.39,1758762212.8010063
0.01,-0.01,-1.39,1758762212.803691
0.01,-0.01,-1.39,1758762212.806307
0.01,-0.01,-1.39,1758762212.809315
0.01,-0.01,-1.39,1758762212.811622
0.01,-0.01,-1.39,1758762212.8140583
0.01,-0.01,-1.39,1758762212.8163936
0.01,-0.01,-1.39,1758762212.8191178
0.01,-0.01,-1.39,1758762212.8219576
0.01,-0.01,-1.39,1758762212.8236835
0.01,-0.01,-1.39,1758762212.8256726
0.01,-0.01,-1.39,1758762212.8276892
0.01,-0.01,-1.39,1758762212.8297102
0.01,-0.01,-1.39,1758762212.8317645
0.01,-0.01,-1.39,1758762212.833923
0.01,-0.01,-1.39,1758762212.8360112
0.01,-0.01,-1.39,1758762212.838462
0.01,-0.01,-1.39,1758762212.8401532
0.01,-0.01,-1.39,1758762212.8425868
0.01,-0.01,-1.39,1758762212.8443637
0.01,-0.01,-1.39,1758762212.8468018
0.01,-0.01,-1.39,1758762212.8484895
0.01,-0.01,-1.39,1758762212.8505154
0.01,-0.01,-1.39,1758762212.8524516
0.01,-0.01,-1.39,1758762212.8545396
0.01,-0.01,-1.39,1758762212.8568342
0.01,-0.01,-1.39,1758762212.8585594
0.01,-0.01,-1.39,1758762212.8621275
0.01,-0.01,-1.39,1758762212.863937
0.01,-0.01,-1.39,1758762212.8663414
0.01,-0.01,-1.39,1758762212.8680878
0.01,-0.01,-1.39,1758762212.8702085
0.01,-0.01,-1.39,1758762212.872909
0.01,-0.01,-1.39,1758762212.8753195
0.01,-0.01,-1.39,1758762212.8773124
0.01,-0.01,-1.39,1758762212.8793368
0.01,-0.01,-1.39,1758762212.881268
0.01,-0.01,-1.39,1758762212.8836937
0.01,-0.01,-1.39,1758762212.8858016
0.01,-0.01,-1.39,1758762212.8875165
0.01,-0.01,-1.39,1758762212.889489
0.01,-0.01,-1.39,1758762212.8921568
0.01,-0.01,-1.39,1758762212.8945875
0.01,-0.01,-1.39,1758762212.8966892
0.01,-0.01,-1.39,1758762212.8993802
0.01,-0.01,-1.39,1758762212.901456
0.01,-0.01,-1.39,1758762212.904741
0.01,-0.01,-1.39,1758762212.9072554
0.01,-0.01,-1.39,1758762212.9108152
0.01,-0.01,-1.39,1758762212.9125006
0.01,-0.01,-1.39,1758762212.9163198
0.01,-0.01,-1.39,1758762212.9189365
0.01,-0.01,-1.39,1758762212.9220302
0.01,-0.01,-1.39,1758762212.923805
0.01,-0.01,-1.39,1758762212.9270291
0.01,-0.01,-1.39,1758762212.9301507
0.01,-0.01,-1.39,1758762212.9319203
0.01,-0.01,-1.39,1758762212.9357078
0.01,-0.01,-1.39,1758762212.9381025
0.01,-0.01,-1.39,1758762212.9401116
0.01,-0.01,-1.39,1758762212.943611
0.01,-0.01,-1.39,1758762212.9459574
0.01,-0.01,-1.39,1758762212.9483476
0.01,-0.01,-1.39,1758762212.9508624
0.01,-0.01,-1.39,1758762212.9543638
0.01,-0.01,-1.39,1758762212.9579952
0.01,-0.01,-1.39,1758762212.9628243
0.01,-0.01,-1.39,1758762212.9671493
0.01,-0.01,-1.39,1758762212.9720612
0.01,-0.01,-1.39,1758762212.9763262
0.01,-0.01,-1.39,1758762212.9797611
0.01,-0.01,-1.39,1758762212.983572
0.01,-0.01,-1.39,1758762212.9876318
0.01,-0.01,-1.39,1758762212.9912045
0.01,-0.01,-1.39,1758762212.994805
0.01,-0.01,-1.39,1758762212.9988403
0.01,-0.01,-1.39,1758762213.0020394
0.01,-0.01,-1.39,1758762213.0061052
0.01,-0.01,-1.39,1758762213.0107408
0.01,-0.01,-1.39,1758762213.012683
0.01,-0.01,-1.39,1758762213.0149877
0.01,-0.01,-1.39,1758762213.0173898
0.01,-0.01,-1.39,1758762213.0197906
0.01,-0.01,-1.39,1758762213.021866
0.01,-0.01,-1.39,1758762213.023957
0.01,-0.01,-1.39,1758762213.026483
0.01,-0.01,-1.39,1758762213.028942
0.01,-0.01,-1.39,1758762213.0313916
0.01,-0.01,-1.39,1758762213.033913
0.01,-0.01,-1.39,1758762213.0364308
0.01,-0.01,-1.39,1758762213.0387037
0.01,-0.01,-1.39,1758762213.0407882
0.01,-0.01,-1.39,1758762213.0435154
0.01,-0.01,-1.39,1758762213.0459569
0.01,-0.01,-1.39,1758762213.048848
0.01,-0.01,-1.39,1758762213.0509627
0.01,-0.01,-1.39,1758762213.0530438
0.01,-0.01,-1.39,1758762213.055167
0.01,-0.01,-1.39,1758762213.0572107
0.01,-0.01,-1.39,1758762213.0597825
0.01,-0.01,-1.39,1758762213.0619247
0.01,-0.01,-1.39,1758762213.0642805
0.01,-0.01,-1.39,1758762213.0664036
0.01,-0.01,-1.39,1758762213.0685258
0.01,-0.01,-1.39,1758762213.0710585
0.01,-0.01,-1.39,1758762213.0735292
0.01,-0.01,-1.39,1758762213.075814
0.01,-0.01,-1.39,1758762213.0781858
0.01,-0.01,-1.39,1758762213.080247
0.01,-0.01,-1.39,1758762213.0824962
0.01,-0.01,-1.39,1758762213.0854642
0.01,-0.01,-1.39,1758762213.0876355
0.01,-0.01,-1.39,1758762213.0896986
0.01,-0.01,-1.39,1758762213.092132
0.01,-0.01,-1.39,1758762213.0947871
0.01,-0.01,-1.39,1758762213.0969074
0.01,-0.01,-1.39,1758762213.0987585
0.01,-0.01,-1.39,1758762213.101261
0.01,-0.01,-1.39,1758762213.1040452
0.01,-0.01,-1.39,1758762213.1066403
0.01,-0.01,-1.39,1758762213.109163
0.01,-0.01,-1.39,1758762213.1116235
0.01,-0.01,-1.39,1758762213.1142056
0.01,-0.01,-1.39,1758762213.1166782
0.01,-0.01,-1.39,1758762213.118487
0.01,-0.01,-1.39,1758762213.120925
0.01,-0.01,-1.39,1758762213.123423
0.01,-0.01,-1.39,1758762213.1259704
0.01,-0.01,-1.39,1758762213.1280484
0.01,-0.01,-1.39,1758762213.1305506
0.01,-0.01,-1.39,1758762213.1330683
0.01,-0.01,-1.39,1758762213.1352136
0.01,-0.01,-1.39,1758762213.1374335
0.01,-0.01,-1.39,1758762213.1399689
0.01,-0.01,-1.39,1758762213.142223
0.01,-0.01,-1.39,1758762213.1456149
0.01,-0.01,-1.39,1758762213.1476068
0.01,-0.01,-1.39,1758762213.1500263
0.01,-0.01,-1.39,1758762213.1530497
0.01,-0.01,-1.39,1758762213.1559725
0.01,-0.01,-1.39,1758762213.159026
0.01,-0.01,-1.39,1758762213.1616342
0.01,-0.01,-1.39,1758762213.1650484
0.01,-0.01,-1.39,1758762213.1670191
0.01,-0.01,-1.39,1758762213.1692233
0.01,-0.01,-1.39,1758762213.171711
0.01,-0.01,-1.39,1758762213.1749249
0.01,-0.01,-1.39,1758762213.177764
0.01,-0.01,-1.39,1758762213.1796336
0.01,-0.01,-1.39,1758762213.1816697
0.01,-0.01,-1.39,1758762213.184745
0.01,-0.01,-1.39,1758762213.1878436
0.01,-0.01,-1.39,1758762213.1910405
0.01,-0.01,-1.39,1758762213.1942687
0.01,-0.01,-1.39,1758762213.1973183
0.01,-0.01,-1.39,1758762213.2003486
0.01,-0.01,-1.39,1758762213.2031455
0.01,-0.01,-1.39,1758762213.2054183
0.01,-0.01,-1.39,1758762213.2075975
0.01,-0.01,-1.39,1758762213.2096236
0.01,-0.01,-1.39,1758762213.2125094
0.01,-0.01,-1.39,1758762213.2152405
0.01,-0.01,-1.39,1758762213.2175517
0.01,-0.01,-1.39,1758762213.2200656
0.01,-0.01,-1.39,1758762213.2223303
0.01,-0.01,-1.39,1758762213.2255232
0.01,-0.01,-1.39,1758762213.2289217
0.01,-0.01,-1.39,1758762213.2316768
0.01,-0.01,-1.39,1758762213.2338886
0.01,-0.01,-1.39,1758762213.2367976
0.01,-0.01,-1.39,1758762213.2390702
0.01,-0.01,-1.39,1758762213.2413125
0.01,-0.01,-1.39,1758762213.2440498
0.01,-0.01,-1.39,1758762213.2475042
0.01,-0.01,-1.39,1758762213.2496412
0.01,-0.02,-1.39,1758762213.2528307
0.01,-0.02,-1.39,1758762213.2563198
0.01,-0.02,-1.39,1758762213.2592258
0.01,-0.02,-1.39,1758762213.2614417
0.01,-0.02,-1.39,1758762213.2644892
0.01,-0.02,-1.39,1758762213.267061
0.01,-0.02,-1.39,1758762213.2693903
0.01,-0.02,-1.39,1758762213.271651
0.01,-0.02,-1.39,1758762213.2746532
0.01,-0.02,-1.39,1758762213.2779446
0.01,-0.02,-1.39,1758762213.2807453
0.01,-0.02,-1.39,1758762213.2839532
0.01,-0.02,-1.39,1758762213.2865884
0.01,-0.02,-1.39,1758762213.289302
0.01,-0.02,-1.39,1758762213.291808
0.01,-0.02,-1.39,1758762213.294776
0.01,-0.02,-1.39,1758762213.2974727
0.01,-0.02,-1.39,1758762213.3001754
0.01,-0.02,-1.39,1758762213.3031414
0.01,-0.02,-1.39,1758762213.306282
0.01,-0.02,-1.39,1758762213.3091354
0.01,-0.02,-1.39,1758762213.31127
0.01,-0.02,-1.39,1758762213.3142204
0.01,-0.02,-1.39,1758762213.3166676
0.01,-0.02,-1.39,1758762213.3196309
0.01,-0.02,-1.39,1758762213.322579
0.01,-0.02,-1.39,1758762213.325256
0.01,-0.02,-1.39,1758762213.327907
0.01,-0.02,-1.39,1758762213.3311958
0.01,-0.02,-1.39,1758762213.334354
0.01,-0.02,-1.39,1758762213.3368886
0.01,-0.02,-1.39,1758762213.3397565
0.01,-0.02,-1.39,1758762213.342772
0.01,-0.02,-1.39,1758762213.3459427
0.01,-0.02,-1.39,1758762213.3481283
0.01,-0.02,-1.39,1758762213.3503504
0.01,-0.02,-1.39,1758762213.352636
0.01,-0.02,-1.39,1758762213.3561356
0.01,-0.02,-1.39,1758762213.359404
0.01,-0.02,-1.39,1758762213.3614798
0.01,-0.02,-1.39,1758762213.364488
0.01,-0.02,-1.39,1758762213.3666866
0.01,-0.02,-1.39,1758762213.369095
0.01,-0.02,-1.39,1758762213.3716545
0.01,-0.02,-1.39,1758762213.375095
0.01,-0.02,-1.39,1758762213.3785715
0.01,-0.02,-1.39,1758762213.3822737
0.01,-0.02,-1.39,1758762213.3851852
0.01,-0.02,-1.39,1758762213.388413
0.01,-0.02,-1.39,1758762213.3912768
0.01,-0.02,-1.39,1758762213.394397
0.01,-0.02,-1.39,1758762213.3970237
0.01,-0.02,-1.39,1758762213.400511
0.01,-0.02,-1.39,1758762213.4036264
0.01,-0.02,-1.39,1758762213.407442
0.01,-0.02,-1.39,1758762213.4103088
0.01,-0.02,-1.39,1758762213.413112
0.01,-0.02,-1.39,1758762213.4156744
0.01,-0.02,-1.39,1758762213.4181142
0.01,-0.02,-1.39,1758762213.4202583
0.01,-0.02,-1.39,1758762213.4223566
0.01,-0.02,-1.39,1758762213.4252362
0.01,-0.02,-1.39,1758762213.4278986
0.01,-0.02,-1.39,1758762213.4301598
0.01,-0.02,-1.39,1758762213.432478
0.01,-0.02,-1.39,1758762213.4352665
0.01,-0.02,-1.39,1758762213.437349
0.01,-0.02,-1.39,1758762213.4398575
0.01,-0.02,-1.39,1758762213.441944
0.01,-0.02,-1.39,1758762213.4444194
0.01,-0.02,-1.39,1758762213.4464357
0.01,-0.02,-1.39,1758762213.4491415
0.01,-0.02,-1.39,1758762213.4515376
0.01,-0.02,-1.39,1758762213.453611
0.01,-0.02,-1.39,1758762213.456372
0.01,-0.02,-1.39,1758762213.458742
0.01,-0.02,-1.39,1758762213.4617126
0.01,-0.02,-1.39,1758762213.4643571
0.01,-0.02,-1.39,1758762213.4666157
0.01,-0.02,-1.39,1758762213.4686382
0.01,-0.02,-1.39,1758762213.470903
0.01,-0.02,-1.39,1758762213.473135
0.01,-0.02,-1.39,1758762213.475825
0.01,-0.02,-1.39,1758762213.4780304
0.01,-0.02,-1.39,1758762213.4804957
0.01,-0.02,-1.39,1758762213.4826412
0.01,-0.02,-1.39,1758762213.485151
0.01,-0.02,-1.39,1758762213.4877036
0.01,-0.02,-1.39,1758762213.490696
0.01,-0.02,-1.39,1758762213.4934826
0.01,-0.02,-1.39,1758762213.4958556
0.01,-0.02,-1.39,1758762213.4979825
0.01,-0.02,-1.39,1758762213.500694
0.01,-0.02,-1.39,1758762213.5028803
0.01,-0.02,-1.39,1758762213.505676
0.01,-0.02,-1.39,1758762213.50835
0.01,-0.02,-1.39,1758762213.511064
0.01,-0.02,-1.39,1758762213.5134387
0.01,-0.02,-1.39,1758762213.5158913
0.01,-0.02,-1.39,1758762213.5182636
0.01,-0.02,-1.39,1758762213.5204046
0.01,-0.02,-1.39,1758762213.5231616
0.01,-0.02,-1.39,1758762213.5256996
0.01,-0.02,-1.39,1758762213.527849
0.01,-0.02,-1.39,1758762213.5303612
0.01,-0.02,-1.39,1758762213.5330112
0.01,-0.02,-1.39,1758762213.535335
0.01,-0.02,-1.39,1758762213.5381212
0.01,-0.02,-1.39,1758762213.540493
0.01,-0.02,-1.39,1758762213.5428276
0.01,-0.02,-1.39,1758762213.5452034
0.01,-0.02,-1.39,1758762213.5483031
0.01,-0.02,-1.39,1758762213.5510235
0.01,-0.02,-1.39,1758762213.5534031
0.01,-0.02,-1.39,1758762213.5557806
0.01,-0.02,-1.39,1758762213.558111
0.01,-0.02,-1.39,1758762213.560644
0.01,-0.02,-1.39,1758762213.5633817
0.01,-0.02,-1.39,1758762213.566735
0.01,-0.02,-1.39,1758762213.5691955
0.01,-0.02,-1.39,1758762213.571043
0.01,-0.02,-1.39,1758762213.5731535
0.01,-0.02,-1.39,1758762213.575598
0.01,-0.02,-1.39,1758762213.577957
0.01,-0.02,-1.39,1758762213.579972
0.01,-0.02,-1.39,1758762213.5830324
0.01,-0.02,-1.39,1758762213.5852418
0.01,-0.01,-1.39,1758762213.5873804
0.01,-0.01,-1.39,1758762213.5906615
0.01,-0.01,-1.39,1758762213.5929203
0.01,-0.02,-1.39,1758762213.5953228
0.01,-0.02,-1.39,1758762213.597401
0.01,-0.01,-1.39,1758762213.599653
0.01,-0.01,-1.39,1758762213.601723
0.01,-0.01,-1.39,1758762213.60454
0.01,-0.02,-1.39,1758762213.6068785
0.01,-0.02,-1.39,1758762213.6091676
0.01,-0.02,-1.39,1758762213.6113694
0.01,-0.01,-1.39,1758762213.613809
0.01,-0.01,-1.39,1758762213.6156962
0.01,-0.01,-1.39,1758762213.618407
0.01,-0.01,-1.39,1758762213.6202765
0.01,-0.01,-1.39,1758762213.6229374
0.01,-0.01,-1.39,1758762213.6249237
0.01,-0.01,-1.39,1758762213.6273894
0.01,-0.02,-1.39,1758762213.6296556
0.01,-0.02,-1.39,1758762213.6317136
0.01,-0.02,-1.39,1758762213.6340594
0.01,-0.02,-1.39,1758762213.6367474
0.01,-0.02,-1.39,1758762213.6391954
0.01,-0.02,-1.39,1758762213.6414847
0.01,-0.02,-1.39,1758762213.6438756
0.01,-0.02,-1.39,1758762213.6465294
0.01,-0.02,-1.39,1758762213.6485164
0.01,-0.02,-1.39,1758762213.651117
0.01,-0.02,-1.39,1758762213.6535797
0.01,-0.02,-1.39,1758762213.6556077
0.01,-0.01,-1.39,1758762213.6580763
0.01,-0.01,-1.39,1758762213.660345
0.01,-0.01,-1.39,1758762213.6634412
0.01,-0.01,-1.39,1758762213.6658566
0.01,-0.01,-1.39,1758762213.6678526
0.01,-0.01,-1.39,1758762213.6699142
0.01,-0.01,-1.39,1758762213.6725905
0.01,-0.01,-1.39,1758762213.6749394
0.01,-0.01,-1.39,1758762213.6773696
0.01,-0.01,-1.39,1758762213.679241
0.01,-0.01,-1.39,1758762213.6820507
0.01,-0.01,-1.39,1758762213.6848829
0.01,-0.01,-1.39,1758762213.6871543
0.01,-0.01,-1.39,1758762213.6890934
0.01,-0.01,-1.39,1758762213.6923609
0.01,-0.02,-1.39,1758762213.694345
0.01,-0.01,-1.39,1758762213.6967976
0.01,-0.01,-1.39,1758762213.6989636
0.01,-0.01,-1.39,1758762213.7008474
0.01,-0.01,-1.39,1758762213.7039964
0.01,-0.01,-1.39,1758762213.7059393
0.01,-0.01,-1.39,1758762213.7079675
0.01,-0.01,-1.39,1758762213.7098446
0.01,-0.01,-1.39,1758762213.7124372
0.01,-0.01,-1.39,1758762213.715195
0.01,-0.01,-1.39,1758762213.717798
0.01,-0.01,-1.39,1758762213.7196372
0.01,-0.01,-1.39,1758762213.7219377
0.01,-0.01,-1.39,1758762213.7251396
0.01,-0.01,-1.39,1758762213.7275589
0.01,-0.01,-1.39,1758762213.7301226
0.01,-0.01,-1.39,1758762213.732273
0.01,-0.01,-1.39,1758762213.7350376
0.01,-0.01,-1.39,1758762213.7369456
0.01,-0.01,-1.39,1758762213.73963
0.01,-0.01,-1.39,1758762213.7423818
0.01,-0.01,-1.39,1758762213.744998
0.01,-0.01,-1.39,1758762213.7474513
0.01,-0.01,-1.39,1758762213.7499907
0.01,-0.01,-1.39,1758762213.7523603
0.01,-0.01,-1.39,1758762213.7547598
0.01,-0.01,-1.39,1758762213.7566247
0.01,-0.01,-1.39,1758762213.7589886
0.01,-0.01,-1.39,1758762213.761475
0.01,-0.01,-1.39,1758762213.7643964
0.01,-0.01,-1.39,1758762213.7668014
0.01,-0.01,-1.39,1758762213.768775
0.01,-0.01,-1.39,1758762213.770862
0.01,-0.01,-1.39,1758762213.772757
0.01,-0.01,-1.39,1758762213.7755373
0.01,-0.01,-1.39,1758762213.7780635
0.01,-0.01,-1.39,1758762213.780059
0.01,-0.01,-1.39,1758762213.7825086
0.01,-0.01,-1.39,1758762213.7846467
0.01,-0.01,-1.39,1758762213.7870796
0.01,-0.01,-1.39,1758762213.789899
0.01,-0.01,-1.39,1758762213.7918224
0.01,-0.01,-1.39,1758762213.7949443
0.01,-0.01,-1.39,1758762213.797126
0.01,-0.01,-1.39,1758762213.7994742
0.01,-0.01,-1.39,1758762213.8017952
0.01,-0.01,-1.39,1758762213.804751
0.01,-0.01,-1.39,1758762213.8067195
0.01,-0.01,-1.39,1758762213.8094716
0.01,-0.01,-1.39,1758762213.811551
0.01,-0.01,-1.39,1758762213.8140044
0.01,-0.01,-1.39,1758762213.816139
0.01,-0.01,-1.39,1758762213.8184583
0.01,-0.01,-1.4,1758762213.8205285
0.01,-0.01,-1.4,1758762213.823328
0.01,-0.01,-1.4,1758762213.8253453
0.01,-0.01,-1.4,1758762213.8280675
0.01,-0.01,-1.4,1758762213.83062
0.01,-0.01,-1.4,1758762213.8330505
0.01,-0.01,-1.4,1758762213.8351436
0.01,-0.01,-1.4,1758762213.8375175
0.01,-0.01,-1.4,1758762213.839599
0.01,-0.01,-1.4,1758762213.8416636
0.01,-0.01,-1.4,1758762213.8447726
0.01,-0.01,-1.4,1758762213.84681
0.01,-0.01,-1.4,1758762213.8491323
0.01,-0.01,-1.4,1758762213.8514006
0.01,-0.01,-1.4,1758762213.8537824
0.01,-0.01,-1.4,1758762213.8565187
0.01,-0.01,-1.4,1758762213.858615
0.01,-0.01,-1.4,1758762213.8607512
0.01,-0.01,-1.4,1758762213.8630283
0.01,-0.01,-1.4,1758762213.8649142
0.01,-0.01,-1.4,1758762213.866844
0.01,-0.01,-1.4,1758762213.8692656
0.01,-0.01,-1.4,1758762213.8722093
0.01,-0.02,-1.4,1758762213.8753705
0.01,-0.02,-1.4,1758762213.8780694
0.01,-0.02,-1.4,1758762213.8807278
0.01,-0.02,-1.4,1758762213.8831165
0.01,-0.01,-1.4,1758762213.8851397
0.01,-0.02,-1.4,1758762213.887375
0.01,-0.01,-1.4,1758762213.8892145
0.01,-0.01,-1.4,1758762213.8910558
0.01,-0.01,-1.4,1758762213.8930242
0.01,-0.01,-1.4,1758762213.8948436
0.01,-0.02,-1.4,1758762213.8967576
0.01,-0.02,-1.4,1758762213.8985724
0.01,-0.02,-1.4,1758762213.901342
0.01,-0.02,-1.4,1758762213.9042351
0.01,-0.01,-1.4,1758762213.9067092
0.01,-0.01,-1.4,1758762213.9091067
0.01,-0.01,-1.4,1758762213.911169
0.01,-0.01,-1.4,1758762213.9135015
0.01,-0.01,-1.4,1758762213.9153855
0.01,-0.01,-1.4,1758762213.917974
0.01,-0.01,-1.4,1758762213.920223
0.01,-0.01,-1.4,1758762213.923535
0.01,-0.01,-1.4,1758762213.927158
0.01,-0.01,-1.4,1758762213.9298627
0.01,-0.01,-1.4,1758762213.9317894
0.01,-0.01,-1.4,1758762213.9342656
0.01,-0.02,-1.4,1758762213.9370294
0.01,-0.01,-1.4,1758762213.9393742
0.01,-0.01,-1.4,1758762213.941486
0.01,-0.01,-1.4,1758762213.943953
0.01,-0.01,-1.4,1758762213.947214
0.01,-0.01,-1.4,1758762213.949716
0.01,-0.01,-1.4,1758762213.952743
0.01,-0.01,-1.4,1758762213.9549
0.01,-0.01,-1.4,1758762213.9576511
0.01,-0.01,-1.4,1758762213.960682
0.01,-0.01,-1.4,1758762213.96301
0.01,-0.01,-1.4,1758762213.965132
0.01,-0.01,-1.4,1758762213.967825
0.01,-0.01,-1.4,1758762213.9705732
0.01,-0.01,-1.4,1758762213.9732823
0.01,-0.01,-1.4,1758762213.976576
0.01,-0.01,-1.4,1758762213.979645
0.01,-0.01,-1.4,1758762213.982044
0.01,-0.01,-1.4,1758762213.9843144
0.01,-0.01,-1.4,1758762213.9867468
0.01,-0.01,-1.4,1758762213.9888594
0.01,-0.01,-1.4,1758762213.9915488
0.01,-0.01,-1.4,1758762213.9936907
0.01,-0.01,-1.4,1758762213.9962006
0.01,-0.01,-1.4,1758762213.99828
0.01,-0.01,-1.4,1758762214.000693
0.01,-0.01,-1.4,1758762214.0026555
0.01,-0.01,-1.4,1758762214.0053017
0.01,-0.01,-1.4,1758762214.007983
0.01,-0.01,-1.4,1758762214.009907
0.01,-0.01,-1.4,1758762214.0121849
0.01,-0.01,-1.4,1758762214.0151074
0.01,-0.01,-1.4,1758762214.0182545
0.01,-0.01,-1.4,1758762214.0204368
0.01,-0.01,-1.4,1758762214.0228326
0.01,-0.01,-1.4,1758762214.0252025
0.01,-0.01,-1.4,1758762214.0271187
0.01,-0.01,-1.4,1758762214.0293615
0.01,-0.01,-1.4,1758762214.0319362
0.01,-0.01,-1.4,1758762214.0342786
0.01,-0.01,-1.4,1758762214.0361595
0.01,-0.01,-1.4,1758762214.0388644
0.01,-0.01,-1.4,1758762214.041633
0.01,-0.01,-1.4,1758762214.0446048
0.01,-0.01,-1.4,1758762214.0472784
0.01,-0.01,-1.4,1758762214.049655
0.01,-0.01,-1.4,1758762214.0519075
0.01,-0.01,-1.4,1758762214.0549328
0.01,-0.01,-1.4,1758762214.0568955
0.01,-0.01,-1.4,1758762214.0593565
0.01,-0.01,-1.4,1758762214.0621116
0.01,-0.01,-1.4,1758762214.064483
0.01,-0.01,-1.4,1758762214.066641
0.01,-0.01,-1.4,1758762214.0689378
0.01,-0.01,-1.4,1758762214.0711718
0.01,-0.01,-1.4,1758762214.074066
0.01,-0.01,-1.4,1758762214.0763586
0.01,-0.01,-1.4,1758762214.0785804
0.01,-0.01,-1.4,1758762214.0810342
0.01,-0.01,-1.4,1758762214.0834768
0.01,-0.01,-1.4,1758762214.085686
0.01,-0.01,-1.4,1758762214.0884204
0.01,-0.01,-1.4,1758762214.0907042
0.01,-0.01,-1.4,1758762214.0934544
0.01,-0.01,-1.4,1758762214.0961604
0.01,-0.01,-1.4,1758762214.098874
0.01,-0.01,-1.4,1758762214.101645
0.01,-0.01,-1.4,1758762214.1040857
0.01,-0.01,-1.4,1758762214.1069982
0.01,-0.01,-1.4,1758762214.1093884
0.01,-0.01,-1.4,1758762214.112795
0.01,-0.02,-1.4,1758762214.1153138
0.01,-0.02,-1.4,1758762214.1177044
0.01,-0.02,-1.4,1758762214.1196542
0.01,-0.02,-1.4,1758762214.122297
0.01,-0.02,-1.4,1758762214.1246023
0.01,-0.02,-1.4,1758762214.127137
0.01,-0.02,-1.4,1758762214.1293185
0.01,-0.02,-1.4,1758762214.132071
0.01,-0.02,-1.4,1758762214.1345131
0.01,-0.02,-1.4,1758762214.1369946
0.01,-0.02,-1.4,1758762214.1391065
0.01,-0.02,-1.4,1758762214.1412213
0.01,-0.02,-1.4,1758762214.1448927
0.01,-0.02,-1.4,1758762214.1470213
0.01,-0.02,-1.4,1758762214.149104
0.01,-0.02,-1.4,1758762214.1531675
0.01,-0.02,-1.4,1758762214.1555772
0.01,-0.02,-1.4,1758762214.1576614
0.01,-0.02,-1.4,1758762214.160247
0.01,-0.02,-1.4,1758762214.162787
0.01,-0.02,-1.4,1758762214.166046
0.01,-0.02,-1.4,1758762214.1694224
0.01,-0.02,-1.4,1758762214.1721177
0.01,-0.02,-1.4,1758762214.1759906
0.01,-0.02,-1.4,1758762214.178522
0.01,-0.02,-1.4,1758762214.1810002
0.01,-0.02,-1.4,1758762214.1834774
0.01,-0.02,-1.4,1758762214.186051
0.01,-0.02,-1.4,1758762214.188218
0.01,-0.02,-1.4,1758762214.1916475
0.01,-0.02,-1.4,1758762214.193929
0.01,-0.02,-1.4,1758762214.196318
0.01,-0.02,-1.4,1758762214.1988418
0.01,-0.02,-1.4,1758762214.2015476
0.01,-0.02,-1.4,1758762214.2040408
0.01,-0.02,-1.4,1758762214.2072892
0.01,-0.02,-1.4,1758762214.2089767
0.01,-0.02,-1.4,1758762214.2109313
0.01,-0.02,-1.4,1758762214.2132616
0.01,-0.02,-1.4,1758762214.2159774
0.01,-0.02,-1.4,1758762214.2176046
0.01,-0.02,-1.4,1758762214.219389
0.01,-0.02,-1.4,1758762214.221351
0.01,-0.02,-1.4,1758762214.22363
0.01,-0.02,-1.4,1758762214.2253969
0.01,-0.02,-1.4,1758762214.2302997
0.01,-0.02,-1.4,1758762214.231995
0.01,-0.02,-1.4,1758762214.2356598
0.01,-0.02,-1.4,1758762214.2385042
0.01,-0.02,-1.4,1758762214.2412262
0.01,-0.02,-1.4,1758762214.2438793
0.01,-0.02,-1.4,1758762214.2460542
0.01,-0.02,-1.4,1758762214.2488291
0.01,-0.02,-1.4,1758762214.2509573
0.01,-0.02,-1.4,1758762214.2537885
0.01,-0.02,-1.4,1758762214.2567503
0.01,-0.02,-1.4,1758762214.2597663
0.01,-0.02,-1.4,1758762214.2634397
0.01,-0.02,-1.4,1758762214.2656677
0.01,-0.02,-1.4,1758762214.2679584
0.01,-0.02,-1.4,1758762214.269715
0.01,-0.02,-1.4,1758762214.2727656
0.01,-0.02,-1.4,1758762214.2765963
0.01,-0.02,-1.4,1758762214.279305
0.01,-0.02,-1.4,1758762214.2821968
0.01,-0.02,-1.4,1758762214.284759
0.01,-0.02,-1.4,1758762214.2882855
0.01,-0.02,-1.4,1758762214.293203
0.01,-0.02,-1.4,1758762214.2954297
0.01,-0.02,-1.4,1758762214.2977724
0.01,-0.02,-1.4,1758762214.302379
0.01,-0.02,-1.4,1758762214.306406
0.01,-0.02,-1.4,1758762214.30881
0.01,-0.02,-1.4,1758762214.3118832
0.01,-0.02,-1.4,1758762214.3146863
0.01,-0.02,-1.4,1758762214.3181517
0.01,-0.02,-1.4,1758762214.3212175
0.01,-0.02,-1.4,1758762214.3245456
0.01,-0.02,-1.4,1758762214.3275225
0.01,-0.02,-1.4,1758762214.329903
0.01,-0.02,-1.4,1758762214.333219
0.01,-0.02,-1.4,1758762214.3370304
0.01,-0.02,-1.4,1758762214.340591
0.01,-0.02,-1.4,1758762214.3445032
0.01,-0.02,-1.4,1758762214.3479536
0.01,-0.02,-1.4,1758762214.3511302
0.01,-0.02,-1.4,1758762214.354055
0.01,-0.02,-1.4,1758762214.3562078
0.01,-0.02,-1.4,1758762214.359358
0.01,-0.02,-1.4,1758762214.3618326
0.01,-0.02,-1.4,1758762214.3643074
0.01,-0.02,-1.4,1758762214.366704
0.01,-0.02,-1.4,1758762214.3689778
0.01,-0.02,-1.4,1758762214.371194
0.01,-0.02,-1.4,1758762214.3736928
0.01,-0.02,-1.4,1758762214.376578
0.01,-0.02,-1.4,1758762214.379535
0.01,-0.02,-1.4,1758762214.38262
0.01,-0.02,-1.4,1758762214.3854606
0.01,-0.02,-1.4,1758762214.3884504
0.01,-0.02,-1.4,1758762214.3913116
0.01,-0.02,-1.4,1758762214.394194
0.01,-0.02,-1.4,1758762214.3977602
0.01,-0.02,-1.4,1758762214.4000285
0.01,-0.02,-1.4,1758762214.4023094
0.01,-0.02,-1.4,1758762214.404772
0.01,-0.02,-1.4,1758762214.4075837
0.01,-0.02,-1.4,1758762214.409884
0.01,-0.02,-1.4,1758762214.4121282
0.01,-0.02,-1.4,1758762214.4144692
0.01,-0.02,-1.4,1758762214.4167175
0.01,-0.02,-1.4,1758762214.4191594
0.01,-0.02,-1.4,1758762214.421419
0.01,-0.02,-1.4,1758762214.4236443
0.01,-0.02,-1.4,1758762214.4258811
0.01,-0.02,-1.4,1758762214.4281669
0.01,-0.02,-1.4,1758762214.4303908
0.01,-0.02,-1.4,1758762214.4328072
0.01,-0.02,-1.4,1758762214.435072
0.01,-0.02,-1.4,1758762214.437277
0.01,-0.02,-1.4,1758762214.4394855
0.01,-0.02,-1.4,1758762214.44164
0.01,-0.02,-1.4,1758762214.443893
0.01,-0.02,-1.4,1758762214.446183
0.01,-0.02,-1.4,1758762214.448434
0.01,-0.02,-1.4,1758762214.450727
0.01,-0.02,-1.4,1758762214.4530923
0.01,-0.02,-1.4,1758762214.455335
0.01,-0.02,-1.4,1758762214.4575484
0.01,-0.02,-1.4,1758762214.459911
0.01,-0.02,-1.4,1758762214.4621737
0.01,-0.02,-1.4,1758762214.464659
0.01,-0.02,-1.4,1758762214.46692
0.01,-0.02,-1.4,1758762214.469159
0.01,-0.02,-1.4,1758762214.471407
0.01,-0.02,-1.4,1758762214.473942
0.01,-0.02,-1.4,1758762214.4761732
0.01,-0.02,-1.4,1758762214.4783926
0.01,-0.02,-1.4,1758762214.4808714
0.01,-0.02,-1.4,1758762214.4831724
0.01,-0.02,-1.4,1758762214.485513
0.01,-0.02,-1.4,1758762214.4877396
0.01,-0.02,-1.4,1758762214.4897704
0.01,-0.02,-1.4,1758762214.4916806
0.01,-0.02,-1.4,1758762214.4942455
0.01,-0.02,-1.4,1758762214.496513
0.01,-0.02,-1.4,1758762214.498762
0.01,-0.02,-1.4,1758762214.5011437
0.01,-0.02,-1.4,1758762214.5034285
0.01,-0.02,-1.4,1758762214.505785
0.01,-0.02,-1.4,1758762214.5086937
0.01,-0.02,-1.4,1758762214.5118458
0.01,-0.02,-1.4,1758762214.5146406
0.01,-0.02,-1.4,1758762214.516919
0.01,-0.02,-1.4,1758762214.5192893
0.01,-0.02,-1.4,1758762214.5216353
0.01,-0.02,-1.4,1758762214.524228
0.01,-0.02,-1.4,1758762214.526577
0.01,-0.02,-1.4,1758762214.5290744
0.01,-0.02,-1.4,1758762214.531351
0.01,-0.02,-1.4,1758762214.5342095
0.01,-0.02,-1.4,1758762214.5364969
0.01,-0.02,-1.4,1758762214.53876
0.01,-0.02,-1.4,1758762214.5410776
0.01,-0.02,-1.4,1758762214.5434484
0.01,-0.02,-1.4,1758762214.5467577
0.01,-0.02,-1.4,1758762214.5496128
0.01,-0.02,-1.4,1758762214.5520763
0.01,-0.02,-1.4,1758762214.5549672
0.01,-0.02,-1.4,1758762214.5578015
0.01,-0.02,-1.4,1758762214.5603158
0.01,-0.02,-1.4,1758762214.562713
0.01,-0.02,-1.4,1758762214.5651417
0.01,-0.02,-1.4,1758762214.5675166
0.01,-0.02,-1.4,1758762214.5703576
0.01,-0.02,-1.4,1758762214.573249
0.01,-0.02,-1.4,1758762214.57574
0.01,-0.02,-1.4,1758762214.5781398
0.01,-0.02,-1.4,1758762214.580419
0.01,-0.02,-1.4,1758762214.5828085
0.01,-0.02,-1.4,1758762214.5851288
0.01,-0.02,-1.4,1758762214.587332
0.01,-0.02,-1.4,1758762214.589534
0.01,-0.02,-1.4,1758762214.5919175
0.01,-0.02,-1.4,1758762214.5945306
0.01,-0.02,-1.4,1758762214.5967162
0.01,-0.02,-1.4,1758762214.598878
0.01,-0.02,-1.4,1758762214.601213
0.01,-0.02,-1.4,1758762214.604205
0.01,-0.02,-1.4,1758762214.6068978
0.01,-0.02,-1.4,1758762214.609837
0.01,-0.02,-1.4,1758762214.6132853
0.01,-0.02,-1.4,1758762214.6165535
0.01,-0.02,-1.4,1758762214.6202765
0.01,-0.02,-1.4,1758762214.6233044
0.01,-0.02,-1.4,1758762214.6261034
0.01,-0.02,-1.4,1758762214.6288111
0.01,-0.02,-1.4,1758762214.6314692
0.01,-0.02,-1.4,1758762214.6348555
0.01,-0.02,-1.4,1758762214.637669
0.01,-0.02,-1.4,1758762214.6408553
0.01,-0.01,-1.4,1758762214.6436255
0.01,-0.02,-1.4,1758762214.6464105
0.01,-0.02,-1.4,1758762214.6490686
0.01,-0.02,-1.4,1758762214.6518376
0.01,-0.02,-1.4,1758762214.6547155
0.01,-0.01,-1.4,1758762214.6575062
0.01,-0.02,-1.4,1758762214.6602902
0.01,-0.01,-1.4,1758762214.6631498
0.01,-0.01,-1.4,1758762214.6659846
0.01,-0.01,-1.4,1758762214.669654
0.01,-0.02,-1.4,1758762214.6726613
0.01,-0.01,-1.4,1758762214.6763144
0.01,-0.01,-1.4,1758762214.679299
0.01,-0.01,-1.4,1758762214.6820023
0.01,-0.01,-1.4,1758762214.684732
0.01,-0.02,-1.4,1758762214.6875644
0.01,-0.01,-1.4,1758762214.6902435
0.01,-0.01,-1.4,1758762214.6930077
0.01,-0.02,-1.4,1758762214.6956828
0.01,-0.02,-1.4,1758762214.698456
0.01,-0.02,-1.4,1758762214.7011287
0.01,-0.02,-1.4,1758762214.7045026
0.01,-0.02,-1.4,1758762214.7072537
0.01,-0.02,-1.4,1758762214.709926
0.01,-0.02,-1.4,1758762214.712668
0.01,-0.02,-1.4,1758762214.7153912
0.01,-0.02,-1.4,1758762214.7182674
0.01,-0.02,-1.4,1758762214.7210524
0.01,-0.02,-1.4,1758762214.724016
0.01,-0.02,-1.4,1758762214.7267814
0.01,-0.02,-1.4,1758762214.7294683
0.01,-0.02,-1.4,1758762214.7321694
0.01,-0.01,-1.4,1758762214.7349193
0.01,-0.02,-1.4,1758762214.7377543
0.01,-0.02,-1.4,1758762214.740489
0.01,-0.02,-1.4,1758762214.7440417
0.01,-0.02,-1.4,1758762214.7475846
0.01,-0.02,-1.4,1758762214.750411
0.01,-0.02,-1.4,1758762214.753409
0.01,-0.02,-1.4,1758762214.756236
0.01,-0.02,-1.4,1758762214.7590156
0.01,-0.02,-1.4,1758762214.7626548
0.01,-0.02,-1.4,1758762214.7664163
0.01,-0.02,-1.4,1758762214.7697792
0.01,-0.02,-1.4,1758762214.7730336
0.01,-0.02,-1.4,1758762214.7763188
0.01,-0.02,-1.4,1758762214.7792995
0.01,-0.02,-1.4,1758762214.781809
0.01,-0.02,-1.4,1758762214.784566
0.01,-0.02,-1.4,1758762214.787177
0.01,-0.01,-1.4,1758762214.7898629
0.01,-0.02,-1.4,1758762214.7928183
0.01,-0.02,-1.4,1758762214.795519
0.01,-0.02,-1.4,1758762214.7987783
0.01,-0.01,-1.4,1758762214.801815
0.01,-0.02,-1.4,1758762214.8049817
0.01,-0.02,-1.4,1758762214.807999
0.01,-0.02,-1.4,1758762214.8111987
0.01,-0.01,-1.4,1758762214.814822
0.01,-0.01,-1.4,1758762214.8178048
0.01,-0.01,-1.4,1758762214.820696
0.01,-0.01,-1.4,1758762214.824193
0.01,-0.01,-1.4,1758762214.8269572
0.01,-0.01,-1.4,1758762214.829617
0.01,-0.01,-1.4,1758762214.8322978
0.01,-0.01,-1.4,1758762214.8351443
0.01,-0.01,-1.4,1758762214.8378146
0.01,-0.01,-1.4,1758762214.8405886
0.01,-0.01,-1.4,1758762214.8433466
0.01,-0.01,-1.4,1758762214.8470109
0.01,-0.01,-1.4,1758762214.8504314
0.01,-0.01,-1.4,1758762214.853413
0.01,-0.01,-1.4,1758762214.857081
0.01,-0.01,-1.4,1758762214.8593757
0.01,-0.01,-1.4,1758762214.8622289
0.01,-0.01,-1.4,1758762214.865448
0.01,-0.01,-1.4,1758762214.867607
0.01,-0.01,-1.4,1758762214.8710146
0.01,-0.01,-1.4,1758762214.8748782
0.01,-0.01,-1.4,1758762214.879336
0.01,-0.01,-1.4,1758762214.8827624
0.01,-0.01,-1.4,1758762214.885805
0.01,-0.01,-1.4,1758762214.8898027
0.01,-0.01,-1.4,1758762214.8936803
0.01,-0.01,-1.4,1758762214.896753
0.01,-0.01,-1.4,1758762214.89958
0.01,-0.01,-1.4,1758762214.903668
0.01,-0.01,-1.4,1758762214.9064698
0.01,-0.01,-1.4,1758762214.9109714
0.01,-0.01,-1.4,1758762214.914237
0.01,-0.01,-1.4,1758762214.917907
0.01,-0.01,-1.4,1758762214.9220765
0.01,-0.01,-1.4,1758762214.9257553
0.01,-0.01,-1.4,1758762214.9303586
0.01,-0.01,-1.4,1758762214.9338255
0.01,-0.01,-1.4,1758762214.9380047
0.01,-0.01,-1.4,1758762214.9422927
0.01,-0.01,-1.4,1758762214.9461932
0.01,-0.01,-1.4,1758762214.9493146
0.01,-0.01,-1.4,1758762214.9520178
0.01,-0.01,-1.4,1758762214.9542072
0.01,-0.01,-1.4,1758762214.9568264
0.01,-0.01,-1.4,1758762214.9591725
0.01,-0.01,-1.4,1758762214.961611
0.01,-0.01,-1.4,1758762214.9642649
0.01,-0.01,-1.4,1758762214.9667416
0.01,-0.01,-1.4,1758762214.9684975
0.01,-0.01,-1.4,1758762214.9705665
0.01,-0.01,-1.4,1758762214.9730086
0.01,-0.01,-1.4,1758762214.974845
0.01,-0.01,-1.4,1758762214.9774413
0.01,-0.01,-1.4,1758762214.980755
0.01,-0.02,-1.4,1758762214.984218
0.01,-0.02,-1.4,1758762214.9870763
0.01,-0.02,-1.4,1758762214.989586
0.01,-0.02,-1.4,1758762214.9915516
0.01,-0.02,-1.4,1758762214.994192
0.01,-0.02,-1.4,1758762214.9963276
0.01,-0.02,-1.4,1758762214.9989974
0.01,-0.02,-1.4,1758762215.0015774
0.01,-0.02,-1.4,1758762215.0040555
0.01,-0.02,-1.4,1758762215.00595
0.01,-0.02,-1.4,1758762215.0087729
0.01,-0.02,-1.4,1758762215.0107048
0.01,-0.02,-1.4,1758762215.0131457
0.01,-0.02,-1.4,1758762215.014784
0.01,-0.02,-1.4,1758762215.0174358
0.01,-0.02,-1.4,1758762215.021196
0.01,-0.02,-1.4,1758762215.0240586
0.01,-0.02,-1.4,1758762215.02661
0.01,-0.02,-1.4,1758762215.0292654
0.01,-0.01,-1.4,1758762215.031957
0.01,-0.01,-1.4,1758762215.0353572
0.01,-0.01,-1.4,1758762215.0373318
0.01,-0.01,-1.4,1758762215.0398903
0.01,-0.01,-1.4,1758762215.04228
0.01,-0.01,-1.4,1758762215.0442452
0.01,-0.01,-1.4,1758762215.0461266
0.01,-0.01,-1.4,1758762215.048879
0.01,-0.01,-1.4,1758762215.0511544
0.01,-0.01,-1.4,1758762215.0539026
0.01,-0.01,-1.4,1758762215.0562427
0.01,-0.01,-1.4,1758762215.0591264
0.01,-0.01,-1.4,1758762215.0609665
0.01,-0.01,-1.4,1758762215.0635374
0.01,-0.01,-1.4,1758762215.0659854
0.01,-0.01,-1.4,1758762215.0686693
0.01,-0.01,-1.4,1758762215.0710552
0.01,-0.01,-1.4,1758762215.0740602
0.01,-0.01,-1.4,1758762215.076606
0.01,-0.01,-1.4,1758762215.0792384
0.01,-0.01,-1.4,1758762215.0820982
0.01,-0.01,-1.4,1758762215.0848515
0.01,-0.01,-1.4,1758762215.0872326
0.01,-0.01,-1.4,1758762215.08972
0.01,-0.02,-1.4,1758762215.092224
0.01,-0.02,-1.4,1758762215.0949872
0.01,-0.02,-1.4,1758762215.0980823
0.01,-0.02,-1.4,1758762215.099955
0.01,-0.02,-1.4,1758762215.1031842
0.01,-0.02,-1.4,1758762215.105353
0.01,-0.02,-1.4,1758762215.107879
0.01,-0.02,-1.4,1758762215.111705
0.01,-0.02,-1.4,1758762215.1151483
0.01,-0.02,-1.4,1758762215.117672
0.01,-0.02,-1.4,1758762215.1199176
0.01,-0.02,-1.4,1758762215.1235008
0.01,-0.02,-1.4,1758762215.1258926
0.01,-0.02,-1.4,1758762215.1298056
0.01,-0.02,-1.4,1758762215.131981
0.01,-0.02,-1.4,1758762215.1357644
0.01,-0.02,-1.4,1758762215.139226
0.01,-0.02,-1.4,1758762215.1419663
0.01,-0.02,-1.4,1758762215.144473
0.01,-0.02,-1.4,1758762215.1466696
0.01,-0.01,-1.4,1758762215.1494658
0.01,-0.02,-1.4,1758762215.1521752
0.01,-0.02,-1.4,1758762215.15561
0.01,-0.02,-1.4,1758762215.1579492
0.01,-0.01,-1.4,1758762215.1599057
0.01,-0.01,-1.4,1758762215.1621993
0.01,-0.02,-1.4,1758762215.164913
0.01,-0.02,-1.4,1758762215.1672614
0.01,-0.02,-1.4,1758762215.1692443
0.01,-0.02,-1.4,1758762215.1712527
0.01,-0.02,-1.4,1758762215.173377
0.01,-0.01,-1.4,1758762215.1760366
0.01,-0.02,-1.4,1758762215.1780684
0.01,-0.02,-1.4,1758762215.1812477
0.01,-0.02,-1.4,1758762215.1835482
0.01,-0.02,-1.4,1758762215.186556
0.01,-0.02,-1.4,1758762215.1888282
0.01,-0.02,-1.41,1758762215.1905944
0.01,-0.02,-1.41,1758762215.1933143
0.01,-0.02,-1.41,1758762215.1956036
0.01,-0.02,-1.41,1758762215.197564
0.01,-0.02,-1.41,1758762215.200102
0.01,-0.02,-1.41,1758762215.2020996
0.01,-0.02,-1.41,1758762215.2046878
0.01,-0.02,-1.41,1758762215.2066405
0.01,-0.02,-1.41,1758762215.2091825
0.01,-0.02,-1.41,1758762215.211164
0.01,-0.01,-1.41,1758762215.213763
0.01,-0.02,-1.41,1758762215.2160685
0.01,-0.01,-1.41,1758762215.21807
0.01,-0.02,-1.41,1758762215.221105
0.01,-0.02,-1.41,1758762215.2235386
0.01,-0.01,-1.41,1758762215.2258437
0.01,-0.01,-1.41,1758762215.228166
0.01,-0.01,-1.41,1758762215.2304535
0.01,-0.02,-1.41,1758762215.2329206
0.01,-0.02,-1.41,1758762215.2348428
0.01,-0.01,-1.41,1758762215.2374322
0.01,-0.01,-1.41,1758762215.2391007
0.01,-0.01,-1.41,1758762215.2415006
0.01,-0.01,-1.41,1758762215.243828
0.01,-0.01,-1.41,1758762215.2457936
0.01,-0.01,-1.41,1758762215.2484365
0.01,-0.01,-1.41,1758762215.2506886
0.01,-0.01,-1.41,1758762215.2529333
0.01,-0.01,-1.41,1758762215.25499
0.01,-0.01,-1.41,1758762215.2572908
0.01,-0.01,-1.41,1758762215.2597
0.01,-0.01,-1.41,1758762215.2616596
0.01,-0.01,-1.41,1758762215.2640257
0.01,-0.01,-1.41,1758762215.2662332
0.01,-0.01,-1.41,1758762215.2685378
0.01,-0.01,-1.41,1758762215.2707963
0.01,-0.01,-1.41,1758762215.2736454
0.01,-0.01,-1.41,1758762215.275622
0.01,-0.01,-1.41,1758762215.2782562
0.01,-0.01,-1.41,1758762215.2807045
0.01,-0.01,-1.41,1758762215.2842252
0.01,-0.01,-1.41,1758762215.286115
0.01,-0.01,-1.41,1758762215.288854
0.01,-0.01,-1.41,1758762215.2915146
0.01,-0.01,-1.41,1758762215.2940643
0.01,-0.01,-1.41,1758762215.2961402
0.01,-0.01,-1.41,1758762215.298736
0.01,-0.01,-1.41,1758762215.3016274
0.01,-0.01,-1.41,1758762215.3039827
0.01,-0.01,-1.41,1758762215.30594
0.01,-0.01,-1.41,1758762215.3082545
0.01,-0.01,-1.41,1758762215.3102412
0.01,-0.01,-1.41,1758762215.3131218
0.01,-0.01,-1.41,1758762215.3150768
0.01,-0.01,-1.41,1758762215.3170571
0.01,-0.01,-1.41,1758762215.3196886
0.01,-0.01,-1.41,1758762215.321463
0.01,-0.01,-1.41,1758762215.32418
0.01,-0.01,-1.41,1758762215.3264785
0.01,-0.01,-1.41,1758762215.3287623
0.01,-0.01,-1.41,1758762215.3313367
0.01,-0.01,-1.41,1758762215.333613
0.01,-0.01,-1.41,1758762215.3353057
0.01,-0.01,-1.41,1758762215.3375545
0.01,-0.01,-1.41,1758762215.3398175
0.01,-0.01,-1.41,1758762215.341771
0.01,-0.01,-1.41,1758762215.3441062
0.01,-0.01,-1.41,1758762215.3460813
0.01,-0.01,-1.41,1758762215.3481154
0.01,-0.01,-1.41,1758762215.3506892
0.01,-0.01,-1.41,1758762215.3524678
0.01,-0.01,-1.41,1758762215.3548856
0.01,-0.01,-1.41,1758762215.3568878
0.01,-0.01,-1.41,1758762215.3594816
0.01,-0.01,-1.41,1758762215.361399
0.01,-0.01,-1.41,1758762215.3640833
0.01,-0.01,-1.41,1758762215.366614
0.01,-0.01,-1.41,1758762215.368591
0.01,-0.01,-1.41,1758762215.3706746
0.01,-0.01,-1.41,1758762215.373002
0.01,-0.01,-1.41,1758762215.375695
0.01,-0.01,-1.41,1758762215.3776464
0.01,-0.01,-1.41,1758762215.379881
0.01,-0.01,-1.41,1758762215.3830547
0.01,-0.01,-1.41,1758762215.3850584
0.01,-0.01,-1.41,1758762215.3881545
0.01,-0.01,-1.41,1758762215.3910306
0.01,-0.01,-1.41,1758762215.3934574
0.01,-0.01,-1.41,1758762215.3963635
0.01,-0.01,-1.41,1758762215.3987048
0.01,-0.01,-1.41,1758762215.4006789
0.01,-0.01,-1.41,1758762215.4032357
0.01,-0.01,-1.41,1758762215.4066498
0.01,-0.01,-1.41,1758762215.4096782
0.01,-0.01,-1.41,1758762215.411729
0.01,-0.01,-1.41,1758762215.4146204
0.01,-0.01,-1.41,1758762215.4166348
0.01,-0.01,-1.41,1758762215.4192111
0.01,-0.01,-1.41,1758762215.42168
0.01,-0.01,-1.41,1758762215.4241898
0.01,-0.01,-1.41,1758762215.4262502
0.01,-0.01,-1.41,1758762215.4304602
0.01,-0.01,-1.41,1758762215.433708
0.01,-0.01,-1.41,1758762215.4367678
0.01,-0.01,-1.41,1758762215.4402504
0.01,-0.01,-1.41,1758762215.4439795
0.01,-0.01,-1.41,1758762215.447463
0.01,-0.01,-1.41,1758762215.4504757
0.01,-0.01,-1.41,1758762215.4538188
0.01,-0.01,-1.41,1758762215.4564617
0.01,-0.01,-1.41,1758762215.459738
0.01,-0.01,-1.41,1758762215.4630132
0.01,-0.01,-1.41,1758762215.4663343
0.01,-0.01,-1.41,1758762215.469105
0.01,-0.01,-1.41,1758762215.472001
0.01,-0.01,-1.41,1758762215.4753249
0.01,-0.01,-1.41,1758762215.4782147
0.01,-0.01,-1.41,1758762215.4807982
0.01,-0.01,-1.41,1758762215.4851763
0.01,-0.01,-1.41,1758762215.4883258
0.01,-0.01,-1.41,1758762215.491749
0.01,-0.01,-1.41,1758762215.4959977
0.01,-0.01,-1.41,1758762215.499209
0.01,-0.01,-1.41,1758762215.502974
0.01,-0.01,-1.41,1758762215.5054266
0.01,-0.01,-1.41,1758762215.5080912
0.01,-0.01,-1.41,1758762215.5106902
0.01,-0.01,-1.41,1758762215.513474
0.01,-0.01,-1.41,1758762215.5160515
0.01,-0.01,-1.41,1758762215.518351
0.01,-0.01,-1.41,1758762215.5211957
0.01,-0.01,-1.41,1758762215.5240555
0.01,-0.01,-1.41,1758762215.5266905
0.01,-0.01,-1.41,1758762215.5292597
0.01,-0.01,-1.41,1758762215.5316007
0.01,-0.01,-1.41,1758762215.5344572
0.01,-0.01,-1.41,1758762215.5373387
0.01,-0.01,-1.41,1758762215.5403202
0.01,-0.01,-1.41,1758762215.543094
0.01,-0.01,-1.41,1758762215.5457115
0.01,-0.01,-1.41,1758762215.547944
0.01,-0.01,-1.41,1758762215.5505683
0.01,-0.01,-1.41,1758762215.553172
0.01,-0.01,-1.41,1758762215.5560586
0.01,-0.01,-1.41,1758762215.5586815
0.01,-0.01,-1.41,1758762215.5609293
0.01,-0.01,-1.41,1758762215.5637453
0.01,-0.01,-1.41,1758762215.566186
0.01,-0.01,-1.41,1758762215.5690684
0.01,-0.01,-1.41,1758762215.5716164
0.01,-0.01,-1.41,1758762215.5744102
0.01,-0.01,-1.41,1758762215.5767128
0.01,-0.01,-1.41,1758762215.5795438
0.01,-0.01,-1.41,1758762215.5818207
0.01,-0.01,-1.41,1758762215.5852275
0.01,-0.01,-1.41,1758762215.588118
0.01,-0.01,-1.41,1758762215.590382
0.01,-0.01,-1.41,1758762215.5933497
0.01,-0.01,-1.41,1758762215.5959904
0.01,-0.01,-1.41,1758762215.5993764
0.01,-0.01,-1.41,1758762215.6025903
0.01,-0.01,-1.41,1758762215.605514
0.01,-0.01,-1.41,1758762215.6093464
0.01,-0.01,-1.41,1758762215.6115425
0.01,-0.01,-1.41,1758762215.6153853
0.01,-0.01,-1.41,1758762215.6187189
0.01,-0.01,-1.41,1758762215.62142
0.01,-0.01,-1.41,1758762215.6253428
0.01,-0.01,-1.41,1758762215.628182
0.01,-0.01,-1.41,1758762215.6308231
0.01,-0.01,-1.41,1758762215.6338005
0.01,-0.01,-1.41,1758762215.6362274
0.01,-0.01,-1.41,1758762215.639753
0.01,-0.01,-1.41,1758762215.6435163
0.01,-0.01,-1.41,1758762215.6461687
0.01,-0.01,-1.41,1758762215.648534
0.01,-0.01,-1.41,1758762215.6518588
0.01,-0.01,-1.41,1758762215.6557302
0.01,-0.01,-1.41,1758762215.6585326
0.01,-0.01,-1.41,1758762215.6612916
0.01,-0.01,-1.41,1758762215.6644816
0.01,-0.01,-1.41,1758762215.666839
0.01,-0.01,-1.41,1758762215.669283
0.01,-0.01,-1.41,1758762215.6714883
0.01,-0.01,-1.41,1758762215.6735225
0.01,-0.01,-1.41,1758762215.6754248
0.01,-0.01,-1.41,1758762215.677804
0.01,-0.01,-1.41,1758762215.6801646
0.01,-0.01,-1.41,1758762215.682727
0.01,-0.01,-1.41,1758762215.684617
0.01,-0.01,-1.41,1758762215.6890588
0.01,-0.01,-1.41,1758762215.6920786
0.01,-0.01,-1.41,1758762215.6946268
0.01,-0.01,-1.41,1758762215.6963222
0.01,-0.01,-1.41,1758762215.6990912
0.01,-0.01,-1.41,1758762215.700977
0.01,-0.01,-1.41,1758762215.7039747
0.01,-0.01,-1.41,1758762215.706139
0.01,-0.01,-1.41,1758762215.7081482
0.01,-0.01,-1.41,1758762215.7103229
0.01,-0.01,-1.41,1758762215.7132168
0.01,-0.01,-1.41,1758762215.7156382
0.01,-0.01,-1.41,1758762215.7176597
0.01,-0.01,-1.41,1758762215.720116
0.01,-0.01,-1.41,1758762215.72184
0.01,-0.01,-1.41,1758762215.723556
0.01,-0.01,-1.41,1758762215.7263288
0.01,-0.01,-1.41,1758762215.7289028
0.01,-0.01,-1.41,1758762215.730871
0.01,-0.01,-1.41,1758762215.7332792
0.01,-0.01,-1.41,1758762215.736423
0.01,-0.01,-1.41,1758762215.7393737
0.01,-0.01,-1.41,1758762215.7426195
0.01,-0.01,-1.41,1758762215.7455876
0.01,-0.01,-1.41,1758762215.7483938
0.01,-0.01,-1.41,1758762215.750812
0.01,-0.01,-1.41,1758762215.753047
0.01,-0.01,-1.41,1758762215.7554162
0.01,-0.01,-1.41,1758762215.7577913
0.01,-0.01,-1.41,1758762215.7602303
0.01,-0.01,-1.41,1758762215.7623763
0.01,-0.01,-1.41,1758762215.7646682
0.01,-0.01,-1.41,1758762215.76736
0.01,-0.01,-1.41,1758762215.769719
0.01,-0.01,-1.41,1758762215.77149
0.01,-0.01,-1.41,1758762215.7737195
0.01,-0.01,-1.41,1758762215.7756455
0.01,-0.01,-1.41,1758762215.7780166
0.01,-0.01,-1.41,1758762215.779785
0.01,-0.01,-1.41,1758762215.7823803
0.01,-0.01,-1.41,1758762215.7842295
0.01,-0.01,-1.41,1758762215.786778
0.01,-0.01,-1.41,1758762215.7894285
0.01,-0.01,-1.41,1758762215.7917712
0.01,-0.01,-1.41,1758762215.7941103
0.01,-0.01,-1.41,1758762215.7968748
0.01,-0.01,-1.41,1758762215.7991073
0.01,-0.01,-1.41,1758762215.800874
0.01,-0.01,-1.41,1758762215.803812
0.01,-0.01,-1.41,1758762215.805956
0.01,-0.01,-1.41,1758762215.809623
0.01,-0.01,-1.41,1758762215.812157
0.01,-0.01,-1.41,1758762215.8146555
0.01,-0.01,-1.41,1758762215.817165
0.01,-0.01,-1.41,1758762215.8191626
0.01,-0.01,-1.41,1758762215.8211613
0.01,-0.01,-1.41,1758762215.824499
0.01,-0.01,-1.41,1758762215.8273003
0.01,-0.01,-1.41,1758762215.829906
0.01,-0.01,-1.41,1758762215.8327322
0.01,-0.01,-1.41,1758762215.835975
0.01,-0.01,-1.41,1758762215.8390026
0.01,-0.01,-1.41,1758762215.841711
0.01,-0.01,-1.41,1758762215.8435092
0.01,-0.01,-1.41,1758762215.8461032
0.01,-0.01,-1.41,1758762215.8484547
0.01,-0.01,-1.41,1758762215.850833
0.01,-0.01,-1.41,1758762215.8529086
0.01,-0.01,-1.41,1758762215.854848
0.01,-0.01,-1.41,1758762215.8571386
0.01,-0.01,-1.41,1758762215.859063
0.01,-0.01,-1.41,1758762215.8611715
0.01,-0.01,-1.41,1758762215.8635798
0.01,-0.01,-1.41,1758762215.8659244
0.01,-0.01,-1.41,1758762215.8681414
0.01,-0.01,-1.41,1758762215.8705068
0.01,-0.01,-1.41,1758762215.872836
0.01,-0.01,-1.41,1758762215.8749435
0.01,-0.01,-1.41,1758762215.877427
0.01,-0.01,-1.41,1758762215.8798285
0.01,-0.01,-1.41,1758762215.8822403
0.01,-0.01,-1.41,1758762215.8845224
0.01,-0.01,-1.41,1758762215.8878677
0.01,-0.01,-1.41,1758762215.8905318
0.01,-0.01,-1.41,1758762215.8931727
0.01,-0.01,-1.41,1758762215.896206
0.01,-0.01,-1.41,1758762215.8999023
0.01,-0.01,-1.41,1758762215.9022872
0.01,-0.01,-1.41,1758762215.904867
0.01,-0.01,-1.41,1758762215.907246
0.01,-0.01,-1.41,1758762215.9097414
0.01,-0.01,-1.41,1758762215.9121957
0.01,-0.01,-1.41,1758762215.91464
0.01,-0.01,-1.41,1758762215.9170537
0.01,-0.01,-1.41,1758762215.9195073
0.01,-0.01,-1.41,1758762215.9220943
0.01,-0.01,-1.41,1758762215.925089
0.01,-0.01,-1.41,1758762215.9275212
0.01,-0.01,-1.41,1758762215.930301
0.01,-0.01,-1.41,1758762215.933298
0.01,-0.01,-1.41,1758762215.9358766
0.01,-0.01,-1.41,1758762215.9386864
0.01,-0.01,-1.41,1758762215.941591
0.01,-0.01,-1.41,1758762215.944443
0.01,-0.01,-1.41,1758762215.946736
0.01,-0.01,-1.41,1758762215.948833
0.01,-0.01,-1.41,1758762215.950848
0.01,-0.01,-1.41,1758762215.953225
0.01,-0.01,-1.41,1758762215.9554658
0.01,-0.01,-1.41,1758762215.957866
0.01,-0.01,-1.41,1758762215.9602284
0.01,-0.01,-1.41,1758762215.9621098
0.01,-0.01,-1.41,1758762215.96446
0.01,-0.01,-1.41,1758762215.9662108
0.01,-0.01,-1.41,1758762215.9695349
0.01,-0.01,-1.41,1758762215.9718878
0.01,-0.01,-1.41,1758762215.973839
0.01,-0.01,-1.41,1758762215.9769125
0.01,-0.01,-1.41,1758762215.9792593
0.01,-0.01,-1.41,1758762215.981737
0.01,-0.01,-1.41,1758762215.9837716
0.01,-0.01,-1.41,1758762215.986164
0.01,-0.01,-1.41,1758762215.9884677
0.01,-0.01,-1.41,1758762215.9908502
0.01,-0.01,-1.41,1758762215.992776
0.01,-0.01,-1.41,1758762215.995246
0.01,-0.01,-1.41,1758762215.9975512
0.01,-0.01,-1.41,1758762215.999903
0.01,-0.01,-1.41,1758762216.002931
0.01,-0.01,-1.41,1758762216.0053153
0.01,-0.01,-1.41,1758762216.0079808
0.01,-0.01,-1.41,1758762216.0106857
0.01,-0.01,-1.41,1758762216.0137498
0.01,-0.01,-1.41,1758762216.0159223
0.01,-0.01,-1.41,1758762216.0192363
0.01,-0.01,-1.41,1758762216.0226667
0.01,-0.01,-1.41,1758762216.025315
0.01,-0.01,-1.41,1758762216.0275471
0.01,-0.01,-1.41,1758762216.0305138
0.01,-0.01,-1.41,1758762216.0333254
0.01,-0.01,-1.41,1758762216.0352368
0.01,-0.01,-1.41,1758762216.0377662
0.01,-0.01,-1.41,1758762216.039556
0.01,-0.01,-1.41,1758762216.0434902
0.01,-0.01,-1.41,1758762216.045278
0.01,-0.01,-1.41,1758762216.047289
0.01,-0.01,-1.41,1758762216.0501058
0.01,-0.01,-1.41,1758762216.051868
0.01,-0.01,-1.41,1758762216.0545104
0.01,-0.01,-1.41,1758762216.0568318
0.01,-0.01,-1.41,1758762216.059203
0.01,-0.01,-1.41,1758762216.061525
0.01,-0.01,-1.41,1758762216.0639565
0.01,-0.01,-1.41,1758762216.0663638
0.01,-0.01,-1.41,1758762216.0689194
0.01,-0.01,-1.41,1758762216.0713046
0.01,-0.01,-1.41,1758762216.0739088
0.01,-0.01,-1.41,1758762216.0762916
0.01,-0.01,-1.41,1758762216.0787115
0.01,-0.01,-1.41,1758762216.0806396
0.01,-0.01,-1.41,1758762216.083054
0.01,-0.01,-1.41,1758762216.0854454
0.01,-0.01,-1.41,1758762216.0877683
0.01,-0.01,-1.41,1758762216.0897007
0.01,-0.01,-1.41,1758762216.0928483
0.01,-0.01,-1.41,1758762216.095602
0.01,-0.01,-1.41,1758762216.098716
0.01,-0.01,-1.41,1758762216.101231
0.01,-0.01,-1.41,1758762216.1044092
0.01,-0.01,-1.41,1758762216.1073165
0.01,-0.01,-1.41,1758762216.1105645
0.01,-0.01,-1.41,1758762216.1133063
0.01,-0.01,-1.41,1758762216.115734
0.01,-0.01,-1.41,1758762216.1181388
0.01,-0.01,-1.41,1758762216.1205392
0.01,-0.01,-1.41,1758762216.1232612
0.01,-0.01,-1.41,1758762216.1256888
0.01,-0.01,-1.41,1758762216.1280477
0.01,-0.01,-1.41,1758762216.130417
0.01,-0.01,-1.41,1758762216.133183
0.01,-0.01,-1.41,1758762216.1361856
0.01,-0.01,-1.41,1758762216.1389418
0.01,-0.01,-1.41,1758762216.1413486
0.01,-0.01,-1.41,1758762216.1439154
0.01,-0.01,-1.41,1758762216.1463923
0.01,-0.01,-1.41,1758762216.1489415
0.01,-0.01,-1.41,1758762216.1514575
0.01,-0.01,-1.41,1758762216.1543577
0.01,-0.01,-1.41,1758762216.157705
0.01,-0.01,-1.41,1758762216.1608646
0.01,-0.01,-1.41,1758762216.1636703
0.01,-0.01,-1.41,1758762216.1673732
0.01,-0.01,-1.41,1758762216.1702082
0.01,-0.01,-1.41,1758762216.1728885
0.01,-0.01,-1.41,1758762216.17531
0.01,-0.01,-1.41,1758762216.177385
0.01,-0.01,-1.41,1758762216.1799726
0.01,-0.01,-1.41,1758762216.1836293
0.01,-0.01,-1.41,1758762216.1869254
0.01,-0.01,-1.41,1758762216.1895757
0.01,-0.01,-1.41,1758762216.1924903
0.01,-0.01,-1.41,1758762216.1952572
0.01,-0.01,-1.41,1758762216.1983316
0.01,-0.01,-1.41,1758762216.2009974
0.01,-0.01,-1.41,1758762216.20501
0.01,-0.01,-1.41,1758762216.2076263
0.01,-0.01,-1.41,1758762216.2105637
0.01,-0.01,-1.41,1758762216.213113
0.01,-0.01,-1.41,1758762216.2162063
0.01,-0.01,-1.41,1758762216.2189317
0.01,-0.01,-1.41,1758762216.2226164
0.01,-0.01,-1.41,1758762216.226374
0.01,-0.01,-1.41,1758762216.2292984
0.01,-0.01,-1.41,1758762216.2321324
0.01,-0.01,-1.41,1758762216.2353518
0.01,-0.01,-1.41,1758762216.2389846
0.01,-0.01,-1.41,1758762216.2451775
0.01,-0.01,-1.41,1758762216.2469025
0.01,-0.01,-1.41,1758762216.2489388
0.01,-0.01,-1.41,1758762216.2509315
0.01,-0.01,-1.41,1758762216.253378
0.01,-0.01,-1.41,1758762216.25657
0.01,-0.01,-1.41,1758762216.2603536
0.01,-0.01,-1.41,1758762216.2642677
0.01,-0.01,-1.41,1758762216.2665772
0.01,-0.01,-1.41,1758762216.269115
0.01,-0.01,-1.41,1758762216.2725954
0.01,-0.01,-1.41,1758762216.276281
0.01,-0.01,-1.41,1758762216.2787805
0.01,-0.01,-1.41,1758762216.2831233
0.01,-0.01,-1.41,1758762216.286435
0.01,-0.01,-1.41,1758762216.2902253
0.01,-0.01,-1.41,1758762216.2935348
0.01,-0.01,-1.41,1758762216.298345
0.01,-0.01,-1.41,1758762216.3020658
0.01,-0.01,-1.41,1758762216.3056676
0.01,-0.01,-1.41,1758762216.3077226
0.01,-0.01,-1.41,1758762216.3102174
0.01,-0.01,-1.41,1758762216.313642
0.01,-0.01,-1.41,1758762216.316568
0.01,-0.01,-1.41,1758762216.3190978
0.01,-0.01,-1.41,1758762216.321627
0.01,-0.01,-1.41,1758762216.3247232
0.01,-0.01,-1.41,1758762216.3271327
0.01,-0.01,-1.41,1758762216.3302083
0.01,-0.01,-1.41,1758762216.3335173
0.01,-0.01,-1.41,1758762216.3368409
0.01,-0.01,-1.41,1758762216.3399518
0.01,-0.01,-1.41,1758762216.342472
0.01,-0.01,-1.41,1758762216.3455095
0.01,-0.01,-1.41,1758762216.349233
0.01,-0.01,-1.41,1758762216.352907
0.01,-0.01,-1.41,1758762216.3557491
0.01,-0.01,-1.41,1758762216.358192
0.01,-0.01,-1.41,1758762216.3616755
0.01,-0.01,-1.41,1758762216.3643188
0.01,-0.01,-1.41,1758762216.366696
0.01,-0.01,-1.41,1758762216.370319
0.01,-0.01,-1.41,1758762216.3734689
0.01,-0.02,-1.41,1758762216.376804
0.01,-0.02,-1.41,1758762216.3795314
0.01,-0.02,-1.41,1758762216.3823202
0.01,-0.02,-1.41,1758762216.3850226
0.01,-0.02,-1.41,1758762216.387107
0.01,-0.02,-1.41,1758762216.388933
0.01,-0.01,-1.41,1758762216.3908746
0.01,-0.01,-1.41,1758762216.3928769
0.01,-0.01,-1.41,1758762216.395542
0.01,-0.01,-1.41,1758762216.3990295
0.01,-0.01,-1.41,1758762216.4015174
0.01,-0.01,-1.41,1758762216.404143
0.01,-0.01,-1.41,1758762216.405816
0.01,-0.01,-1.41,1758762216.4074452
0.01,-0.01,-1.41,1758762216.4097066
0.01,-0.01,-1.41,1758762216.4126716
0.01,-0.01,-1.41,1758762216.4143472
0.01,-0.01,-1.41,1758762216.416732
0.01,-0.01,-1.41,1758762216.4197242
0.01,-0.01,-1.41,1758762216.4217296
0.01,-0.01,-1.41,1758762216.4239604
0.01,-0.01,-1.41,1758762216.4277964
0.01,-0.02,-1.41,1758762216.4310868
0.01,-0.02,-1.41,1758762216.4331284
0.01,-0.02,-1.41,1758762216.434979
0.01,-0.02,-1.41,1758762216.4380026
0.01,-0.02,-1.41,1758762216.441144
0.01,-0.02,-1.41,1758762216.4433
0.01,-0.02,-1.41,1758762216.4465058
0.01,-0.02,-1.41,1758762216.4493372
0.01,-0.02,-1.41,1758762216.4515276
0.01,-0.02,-1.41,1758762216.4545453
0.01,-0.02,-1.41,1758762216.4577646
0.01,-0.02,-1.41,1758762216.461397
0.01,-0.02,-1.41,1758762216.463565
0.01,-0.02,-1.41,1758762216.4669852
0.01,-0.02,-1.41,1758762216.4689393
0.01,-0.02,-1.41,1758762216.4726536
0.01,-0.02,-1.41,1758762216.4766276
0.01,-0.02,-1.41,1758762216.4792943
0.01,-0.02,-1.41,1758762216.482216
0.01,-0.02,-1.41,1758762216.4847696
0.01,-0.02,-1.41,1758762216.4869626
0.01,-0.02,-1.41,1758762216.4898546
0.01,-0.02,-1.41,1758762216.4934063
0.01,-0.02,-1.41,1758762216.4970465
0.01,-0.02,-1.41,1758762216.4995494
0.01,-0.02,-1.41,1758762216.501956
0.01,-0.02,-1.41,1758762216.5049288
0.01,-0.02,-1.41,1758762216.5076528
0.01,-0.02,-1.41,1758762216.5098624
0.01,-0.02,-1.41,1758762216.5126777
0.01,-0.02,-1.41,1758762216.514968
0.01,-0.02,-1.41,1758762216.5177946
0.01,-0.02,-1.41,1758762216.5198338
0.01,-0.02,-1.41,1758762216.522095
0.01,-0.02,-1.41,1758762216.5244117
0.01,-0.02,-1.41,1758762216.5270774
0.01,-0.02,-1.41,1758762216.529775
0.01,-0.02,-1.41,1758762216.5319123
0.01,-0.02,-1.41,1758762216.5347428
0.01,-0.02,-1.41,1758762216.53677
0.01,-0.02,-1.41,1758762216.5387578
0.01,-0.02,-1.41,1758762216.5413194
0.01,-0.02,-1.42,1758762216.5439353
0.01,-0.02,-1.42,1758762216.545933
0.01,-0.02,-1.42,1758762216.5479703
0.01,-0.02,-1.42,1758762216.550639
0.01,-0.02,-1.42,1758762216.5541415
0.01,-0.02,-1.42,1758762216.5567095
0.01,-0.02,-1.42,1758762216.5603983
0.01,-0.02,-1.42,1758762216.563867
0.01,-0.02,-1.42,1758762216.5660555
0.01,-0.02,-1.42,1758762216.5694368
0.01,-0.02,-1.42,1758762216.572047
0.01,-0.02,-1.42,1758762216.5757792
0.01,-0.02,-1.42,1758762216.5790758
0.01,-0.02,-1.42,1758762216.5815794
0.01,-0.02,-1.42,1758762216.5848691
0.01,-0.02,-1.42,1758762216.5879126
0.01,-0.02,-1.42,1758762216.5896778
0.01,-0.02,-1.42,1758762216.5916688
0.01,-0.02,-1.42,1758762216.5938811
0.01,-0.02,-1.42,1758762216.595621
0.01,-0.02,-1.42,1758762216.5975325
0.01,-0.02,-1.42,1758762216.5995238
0.01,-0.02,-1.42,1758762216.6014607
0.01,-0.02,-1.42,1758762216.6050322
0.01,-0.02,-1.42,1758762216.606826
0.01,-0.02,-1.42,1758762216.6087594
0.01,-0.02,-1.42,1758762216.6130724
0.01,-0.02,-1.42,1758762216.6155813
0.01,-0.02,-1.42,1758762216.6180782
0.01,-0.02,-1.42,1758762216.6198711
0.01,-0.02,-1.42,1758762216.6216662
0.01,-0.02,-1.42,1758762216.6246347
0.01,-0.02,-1.42,1758762216.6278286
0.01,-0.02,-1.42,1758762216.629704
0.01,-0.02,-1.42,1758762216.6329556
0.01,-0.02,-1.42,1758762216.6352592
0.01,-0.02,-1.42,1758762216.6387987
0.01,-0.02,-1.42,1758762216.641896
0.01,-0.02,-1.42,1758762216.6446774
0.01,-0.02,-1.42,1758762216.647639
0.01,-0.02,-1.42,1758762216.65033
0.01,-0.02,-1.42,1758762216.65354
0.01,-0.02,-1.42,1758762216.6560369
0.01,-0.02,-1.42,1758762216.658608
0.01,-0.02,-1.42,1758762216.6617243
0.01,-0.02,-1.42,1758762216.6646771
0.01,-0.02,-1.42,1758762216.6675034
0.01,-0.02,-1.42,1758762216.6709304
0.01,-0.02,-1.42,1758762216.6742873
0.01,-0.02,-1.42,1758762216.6772509
0.01,-0.02,-1.42,1758762216.6800103
0.01,-0.02,-1.42,1758762216.6820543
0.01,-0.02,-1.42,1758762216.6846693
0.01,-0.02,-1.42,1758762216.68655
0.01,-0.02,-1.42,1758762216.68857
0.01,-0.02,-1.42,1758762216.691212
0.01,-0.02,-1.42,1758762216.6952095
0.01,-0.02,-1.42,1758762216.6975718
0.01,-0.02,-1.42,1758762216.6994307
0.01,-0.01,-1.42,1758762216.7016633
0.01,-0.01,-1.42,1758762216.703988
0.01,-0.02,-1.42,1758762216.7059393
0.01,-0.02,-1.42,1758762216.7079897
0.01,-0.02,-1.42,1758762216.71011
0.01,-0.02,-1.42,1758762216.711973
0.01,-0.02,-1.42,1758762216.7142842
0.01,-0.02,-1.42,1758762216.7161777
0.01,-0.02,-1.42,1758762216.7179976
0.01,-0.01,-1.42,1758762216.7200592
0.01,-0.02,-1.42,1758762216.7228005
0.01,-0.02,-1.42,1758762216.7261343
0.01,-0.01,-1.42,1758762216.7285612
0.01,-0.01,-1.42,1758762216.731197
0.01,-0.01,-1.42,1758762216.7334735
0.01,-0.01,-1.42,1758762216.735666
0.01,-0.01,-1.42,1758762216.7377195
0.01,-0.01,-1.42,1758762216.7398665
0.01,-0.01,-1.42,1758762216.7418785
0.01,-0.01,-1.42,1758762216.7448795
0.01,-0.01,-1.42,1758762216.7482214
0.01,-0.01,-1.42,1758762216.750605
0.01,-0.02,-1.42,1758762216.7531
0.01,-0.02,-1.42,1758762216.7557745
0.01,-0.02,-1.42,1758762216.75853
0.01,-0.01,-1.42,1758762216.7613876
0.01,-0.02,-1.42,1758762216.7662566
0.01,-0.02,-1.42,1758762216.76886
0.01,-0.02,-1.42,1758762216.7711768
0.01,-0.01,-1.42,1758762216.7735102
0.01,-0.01,-1.42,1758762216.7755282
0.01,-0.01,-1.42,1758762216.7777867
0.01,-0.01,-1.42,1758762216.7798183
0.01,-0.01,-1.42,1758762216.782239
0.01,-0.02,-1.42,1758762216.7842574
0.01,-0.02,-1.42,1758762216.7866766
0.01,-0.02,-1.42,1758762216.7888634
0.01,-0.02,-1.42,1758762216.7912765
0.01,-0.02,-1.42,1758762216.793342
0.01,-0.02,-1.42,1758762216.7963555
0.01,-0.02,-1.42,1758762216.79823
0.01,-0.02,-1.42,1758762216.800483
0.01,-0.02,-1.42,1758762216.802617
0.01,-0.02,-1.42,1758762216.804966
0.01,-0.02,-1.42,1758762216.8071723
0.01,-0.02,-1.42,1758762216.8091369
0.01,-0.02,-1.42,1758762216.8111088
0.01,-0.01,-1.42,1758762216.8147902
0.01,-0.02,-1.42,1758762216.8180268
0.01,-0.01,-1.42,1758762216.8209193
0.01,-0.01,-1.42,1758762216.824168
0.01,-0.01,-1.42,1758762216.826228
0.01,-0.01,-1.42,1758762216.8281016
0.01,-0.01,-1.42,1758762216.8306966
0.01,-0.01,-1.42,1758762216.8328478
0.01,-0.01,-1.42,1758762216.8349006
0.01,-0.01,-1.42,1758762216.8367293
0.01,-0.01,-1.42,1758762216.8385773
0.01,-0.01,-1.42,1758762216.8409634
0.01,-0.01,-1.42,1758762216.8432136
0.01,-0.01,-1.42,1758762216.8454196
0.01,-0.01,-1.42,1758762216.8474307
0.01,-0.01,-1.42,1758762216.8494515
0.01,-0.01,-1.42,1758762216.8518648
0.01,-0.01,-1.42,1758762216.8543825
0.01,-0.01,-1.42,1758762216.8565204
0.01,-0.01,-1.42,1758762216.8592143
0.01,-0.01,-1.42,1758762216.8620532
0.01,-0.01,-1.42,1758762216.864239
0.01,-0.01,-1.42,1758762216.866047
0.01,-0.01,-1.42,1758762216.867777
0.01,-0.01,-1.42,1758762216.869512
0.01,-0.01,-1.42,1758762216.8717473
0.01,-0.01,-1.42,1758762216.8746965
0.01,-0.01,-1.42,1758762216.876968
0.01,-0.01,-1.42,1758762216.8789868
0.01,-0.01,-1.42,1758762216.8808556
0.01,-0.01,-1.42,1758762216.8831422
0.01,-0.01,-1.42,1758762216.884944
0.01,-0.01,-1.42,1758762216.886812
0.01,-0.01,-1.42,1758762216.8893144
0.01,-0.01,-1.42,1758762216.89153
0.01,-0.01,-1.42,1758762216.8937354
0.01,-0.01,-1.42,1758762216.895867
0.01,-0.01,-1.42,1758762216.8986423
0.01,-0.01,-1.42,1758762216.9005306
0.01,-0.01,-1.42,1758762216.9033785
0.01,-0.01,-1.42,1758762216.9056911
0.01,-0.01,-1.42,1758762216.907467
0.01,-0.01,-1.42,1758762216.90923
0.01,-0.01,-1.42,1758762216.9110773
0.01,-0.01,-1.42,1758762216.9133055
0.01,-0.01,-1.42,1758762216.9153335
0.01,-0.01,-1.42,1758762216.9184222
0.01,-0.01,-1.42,1758762216.9204178
0.01,-0.01,-1.42,1758762216.923019
0.01,-0.01,-1.42,1758762216.9254827
0.01,-0.01,-1.42,1758762216.927868
0.01,-0.01,-1.42,1758762216.930558
0.01,-0.01,-1.42,1758762216.9329522
0.01,-0.01,-1.42,1758762216.9355285
0.01,-0.01,-1.42,1758762216.9380417
0.01,-0.01,-1.42,1758762216.9404883
0.01,-0.01,-1.42,1758762216.9423275
0.01,-0.01,-1.42,1758762216.944949
0.01,-0.01,-1.42,1758762216.9468658
0.01,-0.01,-1.42,1758762216.949173
0.01,-0.01,-1.42,1758762216.9513566
0.01,-0.01,-1.42,1758762216.9548817
0.01,-0.01,-1.42,1758762216.9569564
0.01,-0.01,-1.42,1758762216.9595225
0.01,-0.01,-1.42,1758762216.9615514
0.01,-0.01,-1.42,1758762216.963568
0.01,-0.01,-1.42,1758762216.9658692
0.01,-0.01,-1.42,1758762216.9679103
0.01,-0.01,-1.42,1758762216.9704454
0.01,-0.01,-1.42,1758762216.9726496
0.01,-0.01,-1.42,1758762216.9747589
0.01,-0.01,-1.42,1758762216.9767609
0.01,-0.01,-1.42,1758762216.979939
0.01,-0.01,-1.42,1758762216.98329
0.01,-0.01,-1.42,1758762216.98599
0.01,-0.01,-1.42,1758762216.9890983
0.01,-0.01,-1.42,1758762216.991257
0.01,-0.01,-1.42,1758762216.993547
0.01,-0.01,-1.42,1758762216.996475
0.01,-0.01,-1.42,1758762216.9990065
0.01,-0.01,-1.42,1758762217.0012226
0.01,-0.01,-1.42,1758762217.0032706
0.01,-0.01,-1.42,1758762217.005771
0.01,-0.01,-1.42,1758762217.007823
0.01,-0.01,-1.42,1758762217.0102654
0.01,-0.01,-1.42,1758762217.0130987
0.01,-0.01,-1.42,1758762217.0150702
0.01,-0.01,-1.42,1758762217.017386
0.01,-0.01,-1.42,1758762217.0224571
0.01,-0.01,-1.42,1758762217.0256565
0.01,-0.01,-1.42,1758762217.028594
0.01,-0.01,-1.42,1758762217.0326345
0.01,-0.01,-1.42,1758762217.03556
0.01,-0.01,-1.42,1758762217.0389729
0.01,-0.01,-1.42,1758762217.0419323
0.01,-0.01,-1.42,1758762217.0452929
0.01,-0.01,-1.42,1758762217.048553
0.01,-0.01,-1.42,1758762217.0510297
0.01,-0.01,-1.42,1758762217.054055
0.01,-0.01,-1.42,1758762217.057523
0.01,-0.01,-1.42,1758762217.059799
0.01,-0.01,-1.42,1758762217.0624237
0.01,-0.01,-1.42,1758762217.0651388
0.01,-0.01,-1.42,1758762217.0682008
0.01,-0.01,-1.42,1758762217.0712433
0.01,-0.01,-1.42,1758762217.0741403
0.01,-0.01,-1.42,1758762217.0762258
0.01,-0.01,-1.42,1758762217.078692
0.01,-0.01,-1.42,1758762217.0812197
0.01,-0.01,-1.42,1758762217.0838587
0.01,-0.01,-1.42,1758762217.0856588
0.01,-0.01,-1.42,1758762217.0877986
0.01,-0.01,-1.42,1758762217.089949
0.01,-0.01,-1.42,1758762217.091792
0.01,-0.01,-1.42,1758762217.0941937
0.01,-0.01,-1.42,1758762217.096493
0.01,-0.01,-1.42,1758762217.0990677
0.01,-0.01,-1.42,1758762217.1009157
0.01,-0.01,-1.42,1758762217.1035848
0.01,-0.01,-1.42,1758762217.105842
0.01,-0.01,-1.42,1758762217.1079693
0.01,-0.01,-1.42,1758762217.109867
0.01,-0.01,-1.42,1758762217.1117678
0.01,-0.01,-1.42,1758762217.1140344
0.01,-0.01,-1.42,1758762217.115832
0.01,-0.01,-1.42,1758762217.117794
0.01,-0.01,-1.42,1758762217.1222155
0.01,-0.01,-1.42,1758762217.1243522
0.01,-0.01,-1.42,1758762217.1264
0.01,-0.01,-1.42,1758762217.1286511
0.01,-0.01,-1.42,1758762217.130746
0.01,-0.01,-1.42,1758762217.1331298
0.01,-0.01,-1.42,1758762217.1351285
0.01,-0.01,-1.42,1758762217.136968
0.01,-0.01,-1.42,1758762217.1388648
0.01,-0.01,-1.42,1758762217.1409786
0.01,-0.01,-1.42,1758762217.143417
0.01,-0.01,-1.42,1758762217.145443
0.01,-0.01,-1.42,1758762217.147585
0.01,-0.01,-1.42,1758762217.149709
0.01,-0.01,-1.42,1758762217.1520154
0.01,-0.01,-1.42,1758762217.1541855
0.01,-0.01,-1.42,1758762217.1562777
0.01,-0.02,-1.42,1758762217.1584182
0.01,-0.02,-1.42,1758762217.1604896
0.01,-0.02,-1.42,1758762217.1628926
0.01,-0.02,-1.42,1758762217.1656797
0.01,-0.02,-1.42,1758762217.168869
0.01,-0.02,-1.42,1758762217.1711147
0.01,-0.02,-1.42,1758762217.1732445
0.01,-0.02,-1.42,1758762217.1751308
0.01,-0.01,-1.42,1758762217.1772895
0.01,-0.01,-1.42,1758762217.1800196
0.01,-0.01,-1.42,1758762217.182216
0.01,-0.01,-1.42,1758762217.1843154
0.01,-0.01,-1.42,1758762217.1863902
0.01,-0.01,-1.42,1758762217.1881738
0.01,-0.02,-1.42,1758762217.1918907
0.01,-0.02,-1.42,1758762217.1941376
0.01,-0.02,-1.42,1758762217.1962762
0.01,-0.02,-1.42,1758762217.1987092
0.01,-0.02,-1.42,1758762217.2005112
0.01,-0.02,-1.42,1758762217.2027175
0.01,-0.02,-1.42,1758762217.204955
0.01,-0.02,-1.42,1758762217.2076056
0.01,-0.02,-1.42,1758762217.210569
0.01,-0.01,-1.42,1758762217.2126932
0.01,-0.01,-1.42,1758762217.2148414
0.01,-0.01,-1.42,1758762217.216734
0.01,-0.01,-1.42,1758762217.2191672
0.01,-0.01,-1.42,1758762217.2214985
0.01,-0.01,-1.42,1758762217.224213
0.01,-0.01,-1.42,1758762217.2262611
0.01,-0.01,-1.42,1758762217.228042
0.01,-0.01,-1.42,1758762217.229977
0.01,-0.01,-1.42,1758762217.232489
0.01,-0.01,-1.42,1758762217.2355385
0.01,-0.01,-1.42,1758762217.238498
0.01,-0.01,-1.42,1758762217.242795
0.01,-0.01,-1.42,1758762217.2454646
0.01,-0.01,-1.42,1758762217.2483504
0.01,-0.01,-1.42,1758762217.2517574
0.01,-0.01,-1.42,1758762217.253862
0.01,-0.01,-1.42,1758762217.2568016
0.01,-0.01,-1.42,1758762217.2603068
0.01,-0.01,-1.42,1758762217.263157
0.01,-0.01,-1.42,1758762217.266473
0.01,-0.01,-1.42,1758762217.2690642
0.01,-0.01,-1.42,1758762217.2716513
0.01,-0.01,-1.42,1758762217.2746823
0.01,-0.01,-1.42,1758762217.2781088
0.01,-0.01,-1.42,1758762217.2809188
0.01,-0.01,-1.42,1758762217.2836034
0.01,-0.01,-1.42,1758762217.287242
0.01,-0.01,-1.42,1758762217.2901175
0.01,-0.01,-1.42,1758762217.2931983
0.01,-0.01,-1.42,1758762217.296502
0.01,-0.01,-1.42,1758762217.300499
0.01,-0.01,-1.42,1758762217.3045952
0.01,-0.01,-1.42,1758762217.3090625
0.01,-0.01,-1.42,1758762217.3116984
0.01,-0.01,-1.42,1758762217.314748
0.01,-0.01,-1.42,1758762217.3165162
0.01,-0.01,-1.42,1758762217.3185227
0.01,-0.01,-1.42,1758762217.321084
0.01,-0.01,-1.42,1758762217.3229828
0.01,-0.01,-1.42,1758762217.3249311
0.01,-0.01,-1.42,1758762217.3267283
0.01,-0.01,-1.42,1758762217.328796
0.01,-0.01,-1.42,1758762217.330886
0.01,-0.01,-1.42,1758762217.3332062
0.01,-0.01,-1.42,1758762217.3360896
0.01,-0.01,-1.42,1758762217.339342
0.01,-0.01,-1.42,1758762217.3410904
0.01,-0.01,-1.42,1758762217.3428788
0.01,-0.01,-1.42,1758762217.3454893
0.01,-0.01,-1.42,1758762217.347369
0.01,-0.01,-1.42,1758762217.3491242
0.01,-0.01,-1.42,1758762217.3512125
0.01,-0.01,-1.42,1758762217.3535247
0.01,-0.01,-1.42,1758762217.3566165
0.01,-0.01,-1.42,1758762217.358366
0.01,-0.01,-1.42,1758762217.3607247
0.01,-0.01,-1.42,1758762217.3635526
0.01,-0.01,-1.42,1758762217.3660576
0.01,-0.01,-1.42,1758762217.3679366
0.01,-0.01,-1.42,1758762217.370474
0.01,-0.01,-1.42,1758762217.3723383
0.01,-0.01,-1.42,1758762217.3757353
0.01,-0.02,-1.42,1758762217.3780267
0.01,-0.02,-1.42,1758762217.380613
0.01,-0.02,-1.42,1758762217.3828108
0.01,-0.02,-1.42,1758762217.385276
0.01,-0.02,-1.42,1758762217.387394
0.01,-0.02,-1.42,1758762217.3897843
0.01,-0.02,-1.42,1758762217.3917434
0.01,-0.02,-1.42,1758762217.395059
0.01,-0.02,-1.42,1758762217.3974583
0.01,-0.02,-1.42,1758762217.4007096
0.01,-0.02,-1.42,1758762217.4036531
0.01,-0.02,-1.42,1758762217.4055293
0.01,-0.02,-1.42,1758762217.4074633
0.01,-0.02,-1.42,1758762217.4095354
0.01,-0.02,-1.42,1758762217.4113588
0.01,-0.02,-1.42,1758762217.414323
0.01,-0.02,-1.42,1758762217.4184773
0.01,-0.02,-1.42,1758762217.4213376
0.01,-0.02,-1.42,1758762217.4231973
0.01,-0.02,-1.42,1758762217.4249637
0.01,-0.02,-1.42,1758762217.4289477
0.01,-0.02,-1.42,1758762217.430682
0.01,-0.02,-1.42,1758762217.4346564
0.01,-0.02,-1.42,1758762217.4379249
0.01,-0.02,-1.42,1758762217.440544
0.01,-0.02,-1.42,1758762217.4427063
0.01,-0.02,-1.42,1758762217.4456403
0.01,-0.02,-1.42,1758762217.4486322
0.01,-0.02,-1.42,1758762217.450356
0.01,-0.02,-1.42,1758762217.4533038
0.01,-0.02,-1.42,1758762217.4563067
0.01,-0.02,-1.42,1758762217.458212
0.01,-0.02,-1.42,1758762217.4606936
0.01,-0.02,-1.42,1758762217.4638038
0.01,-0.02,-1.42,1758762217.4654665
0.01,-0.01,-1.42,1758762217.4683712
0.01,-0.01,-1.42,1758762217.4700909
0.01,-0.01,-1.42,1758762217.4733284
0.01,-0.02,-1.42,1758762217.4764965
0.01,-0.01,-1.42,1758762217.4787998
0.01,-0.01,-1.42,1758762217.4821484
0.01,-0.01,-1.42,1758762217.4849818
0.01,-0.01,-1.42,1758762217.4867206
0.01,-0.02,-1.42,1758762217.4897592
0.01,-0.02,-1.42,1758762217.4927907
0.01,-0.01,-1.42,1758762217.4945445
0.01,-0.01,-1.42,1758762217.4975953
0.01,-0.01,-1.42,1758762217.500982
0.01,-0.02,-1.42,1758762217.5046673
0.01,-0.02,-1.42,1758762217.5081737
0.01,-0.02,-1.42,1758762217.5105858
0.01,-0.02,-1.42,1758762217.5149975
0.01,-0.02,-1.42,1758762217.5177135
0.01,-0.02,-1.42,1758762217.5207114
0.01,-0.02,-1.42,1758762217.5243652
0.01,-0.02,-1.42,1758762217.528
0.01,-0.02,-1.42,1758762217.5319145
0.01,-0.02,-1.42,1758762217.5345187
0.01,-0.02,-1.42,1758762217.538263
0.01,-0.02,-1.42,1758762217.5427303
0.01,-0.02,-1.42,1758762217.5467837
0.01,-0.02,-1.42,1758762217.5517616
0.01,-0.02,-1.42,1758762217.5541637
0.01,-0.02,-1.42,1758762217.5575736
0.01,-0.02,-1.42,1758762217.5609882
0.01,-0.02,-1.42,1758762217.5641758
0.01,-0.02,-1.42,1758762217.5666597
0.01,-0.02,-1.42,1758762217.5701182
0.01,-0.02,-1.42,1758762217.5736997
0.01,-0.02,-1.42,1758762217.5772316
0.01,-0.02,-1.42,1758762217.5801306
0.01,-0.02,-1.42,1758762217.5829225
0.01,-0.02,-1.42,1758762217.5864146
0.01,-0.02,-1.42,1758762217.5899036
0.01,-0.02,-1.42,1758762217.5933478
0.01,-0.02,-1.42,1758762217.5964236
0.01,-0.02,-1.42,1758762217.5998566
0.01,-0.02,-1.42,1758762217.602944
0.01,-0.02,-1.42,1758762217.60631
0.01,-0.02,-1.42,1758762217.6089866
0.01,-0.02,-1.42,1758762217.6106346
0.01,-0.02,-1.42,1758762217.6128504
0.01,-0.02,-1.42,1758762217.6147327
0.01,-0.02,-1.42,1758762217.6173582
0.01,-0.02,-1.42,1758762217.6190708
0.01,-0.02,-1.42,1758762217.621726
0.01,-0.02,-1.42,1758762217.623802
0.01,-0.02,-1.42,1758762217.6257403
0.01,-0.02,-1.42,1758762217.627987
0.01,-0.02,-1.42,1758762217.6303835
0.01,-0.02,-1.42,1758762217.6337824
0.01,-0.02,-1.42,1758762217.636497
0.01,-0.02,-1.42,1758762217.639527
0.01,-0.02,-1.42,1758762217.6421692
0.01,-0.01,-1.42,1758762217.644795
0.01,-0.01,-1.42,1758762217.6471288
0.01,-0.01,-1.42,1758762217.64933
0.01,-0.01,-1.42,1758762217.6524255
0.01,-0.01,-1.42,1758762217.655316
0.01,-0.01,-1.42,1758762217.6582358
0.01,-0.01,-1.42,1758762217.6609764
0.01,-0.01,-1.42,1758762217.6636505
0.01,-0.01,-1.42,1758762217.6671238
0.01,-0.01,-1.42,1758762217.6694572
0.01,-0.01,-1.42,1758762217.6723387
0.01,-0.01,-1.42,1758762217.6752162
0.01,-0.01,-1.42,1758762217.6778193
0.01,-0.01,-1.42,1758762217.680242
0.01,-0.01,-1.42,1758762217.6821325
0.01,-0.01,-1.42,1758762217.6843555
0.01,-0.01,-1.42,1758762217.6869705
0.01,-0.01,-1.42,1758762217.6892498
0.01,-0.01,-1.42,1758762217.6918168
0.01,-0.01,-1.42,1758762217.6941743
0.01,-0.01,-1.42,1758762217.6962335
0.01,-0.01,-1.42,1758762217.6993997
0.01,-0.01,-1.42,1758762217.7017448
0.01,-0.01,-1.42,1758762217.7041717
0.01,-0.01,-1.42,1758762217.707073
0.01,-0.01,-1.42,1758762217.7094538
0.01,-0.01,-1.42,1758762217.7114916
0.01,-0.01,-1.42,1758762217.7146146
0.01,-0.01,-1.42,1758762217.7176695
0.01,-0.01,-1.42,1758762217.7196712
0.01,-0.01,-1.42,1758762217.722099
0.01,-0.01,-1.42,1758762217.7253103
0.01,-0.01,-1.42,1758762217.728149
0.01,-0.01,-1.42,1758762217.7306857
0.01,-0.01,-1.42,1758762217.7339215
0.01,-0.01,-1.42,1758762217.7374015
0.01,-0.01,-1.42,1758762217.7405193
0.01,-0.01,-1.42,1758762217.7431674
0.01,-0.01,-1.42,1758762217.7464886
0.01,-0.01,-1.42,1758762217.749137
0.01,-0.01,-1.42,1758762217.7520852
0.01,-0.01,-1.42,1758762217.7552352
0.01,-0.01,-1.42,1758762217.7571902
0.01,-0.01,-1.42,1758762217.760032
0.01,-0.02,-1.42,1758762217.7617946
0.01,-0.02,-1.42,1758762217.7647457
0.01,-0.02,-1.42,1758762217.766679
0.01,-0.01,-1.42,1758762217.7689888
0.01,-0.02,-1.42,1758762217.7714672
0.01,-0.01,-1.42,1758762217.774668
0.01,-0.01,-1.42,1758762217.778638
0.01,-0.01,-1.42,1758762217.7806675
0.01,-0.01,-1.42,1758762217.7840977
0.01,-0.01,-1.42,1758762217.7868392
0.01,-0.01,-1.42,1758762217.7886765
0.01,-0.01,-1.42,1758762217.7915113
0.01,-0.01,-1.42,1758762217.7942777
0.01,-0.01,-1.42,1758762217.796937
0.01,-0.01,-1.42,1758762217.799934
0.01,-0.01,-1.42,1758762217.8023252
0.01,-0.01,-1.42,1758762217.806118
0.01,-0.01,-1.42,1758762217.808314
0.01,-0.01,-1.42,1758762217.8103914
0.01,-0.01,-1.42,1758762217.8120382
0.01,-0.01,-1.42,1758762217.815558
0.01,-0.01,-1.42,1758762217.8189816
0.01,-0.01,-1.42,1758762217.8208551
0.01,-0.01,-1.42,1758762217.8236318
0.01,-0.01,-1.42,1758762217.825801
0.01,-0.01,-1.42,1758762217.8279471
0.01,-0.01,-1.42,1758762217.8306828
0.01,-0.01,-1.42,1758762217.8334754
0.01,-0.02,-1.42,1758762217.8363924
0.01,-0.01,-1.42,1758762217.8400917
0.01,-0.02,-1.42,1758762217.84341
0.01,-0.02,-1.42,1758762217.8464642
0.01,-0.01,-1.42,1758762217.8492029
0.01,-0.02,-1.42,1758762217.8518658
0.01,-0.01,-1.42,1758762217.855451
0.01,-0.01,-1.42,1758762217.8585196
0.01,-0.02,-1.42,1758762217.8610458
0.01,-0.02,-1.42,1758762217.865096
0.01,-0.02,-1.42,1758762217.867132
0.01,-0.02,-1.42,1758762217.8709
0.01,-0.02,-1.42,1758762217.8747864
0.01,-0.02,-1.42,1758762217.8786502
0.01,-0.02,-1.42,1758762217.881943
0.01,-0.02,-1.42,1758762217.8858366
0.01,-0.02,-1.42,1758762217.8883002
0.01,-0.02,-1.42,1758762217.890452
0.01,-0.01,-1.42,1758762217.893691
0.01,-0.01,-1.43,1758762217.8965352
0.01,-0.01,-1.43,1758762217.8985877
0.01,-0.01,-1.43,1758762217.9019563
0.01,-0.01,-1.43,1758762217.9051323
0.01,-0.01,-1.43,1758762217.9081464
0.01,-0.01,-1.43,1758762217.9107602
0.01,-0.01,-1.43,1758762217.9139333
0.01,-0.01,-1.43,1758762217.9155908
0.01,-0.01,-1.43,1758762217.9185548
0.01,-0.01,-1.43,1758762217.9205236
0.01,-0.01,-1.43,1758762217.9233105
0.01,-0.01,-1.43,1758762217.9251812
0.01,-0.02,-1.43,1758762217.927771
0.01,-0.02,-1.43,1758762217.9308271
0.01,-0.02,-1.43,1758762217.932479
0.01,-0.02,-1.43,1758762217.9353385
0.01,-0.02,-1.43,1758762217.937865
0.01,-0.02,-1.43,1758762217.9407706
0.01,-0.02,-1.43,1758762217.9423783
0.01,-0.02,-1.43,1758762217.9449754
0.01,-0.02,-1.43,1758762217.9486864
0.01,-0.02,-1.43,1758762217.9506185
0.01,-0.02,-1.43,1758762217.953131
0.01,-0.02,-1.43,1758762217.9558852
0.01,-0.02,-1.43,1758762217.959039
0.01,-0.02,-1.43,1758762217.9612722
0.01,-0.01,-1.43,1758762217.964217
0.01,-0.01,-1.43,1758762217.9663846
0.01,-0.01,-1.43,1758762217.9692087
0.01,-0.01,-1.43,1758762217.9718616
0.01,-0.01,-1.43,1758762217.974549
0.01,-0.01,-1.43,1758762217.9777725
0.01,-0.01,-1.43,1758762217.980019
0.01,-0.01,-1.43,1758762217.982432
0.01,-0.01,-1.43,1758762217.9865043
0.01,-0.02,-1.43,1758762217.9897957
0.01,-0.02,-1.43,1758762217.992734
0.01,-0.02,-1.43,1758762217.994959
0.01,-0.02,-1.43,1758762217.998036
0.01,-0.02,-1.43,1758762218.0010004
0.01,-0.02,-1.43,1758762218.0043402
0.01,-0.02,-1.43,1758762218.006538
0.01,-0.02,-1.43,1758762218.0098605
0.01,-0.02,-1.43,1758762218.0124197
0.01,-0.02,-1.43,1758762218.0158358
0.01,-0.02,-1.43,1758762218.0181625
0.01,-0.02,-1.43,1758762218.021643
0.01,-0.02,-1.43,1758762218.024771
0.01,-0.02,-1.43,1758762218.026939
0.01,-0.02,-1.43,1758762218.0304532
0.01,-0.02,-1.43,1758762218.0339365
0.01,-0.02,-1.43,1758762218.0383725
0.01,-0.02,-1.43,1758762218.041683
0.01,-0.02,-1.43,1758762218.0452068
0.01,-0.02,-1.43,1758762218.0482378
0.01,-0.02,-1.43,1758762218.0516143
0.01,-0.02,-1.43,1758762218.0546615
0.01,-0.02,-1.43,1758762218.0588312
0.01,-0.02,-1.43,1758762218.061719
0.01,-0.02,-1.43,1758762218.0644352
0.01,-0.02,-1.43,1758762218.0669649
0.01,-0.02,-1.43,1758762218.0692968
0.01,-0.02,-1.43,1758762218.0721142
0.01,-0.02,-1.43,1758762218.0759263
0.01,-0.02,-1.43,1758762218.079797
0.01,-0.02,-1.43,1758762218.0829043
0.01,-0.02,-1.43,1758762218.086475
0.01,-0.02,-1.43,1758762218.089758
0.01,-0.02,-1.43,1758762218.0932996
0.01,-0.02,-1.43,1758762218.096558
0.01,-0.02,-1.43,1758762218.0999663
0.01,-0.02,-1.43,1758762218.1031528
0.01,-0.02,-1.43,1758762218.1069071
0.01,-0.02,-1.43,1758762218.110474
0.01,-0.02,-1.43,1758762218.115115
0.01,-0.02,-1.43,1758762218.1186144
0.01,-0.02,-1.43,1758762218.1227765
0.01,-0.02,-1.43,1758762218.125924
0.01,-0.02,-1.43,1758762218.1292677
0.01,-0.02,-1.43,1758762218.1322715
0.01,-0.02,-1.43,1758762218.1364503
0.01,-0.02,-1.43,1758762218.138462
0.01,-0.02,-1.43,1758762218.1414702
0.01,-0.02,-1.43,1758762218.14558
0.01,-0.02,-1.43,1758762218.1496773
0.01,-0.02,-1.43,1758762218.1526792
0.01,-0.02,-1.43,1758762218.156159
0.01,-0.02,-1.43,1758762218.1581738
0.01,-0.02,-1.43,1758762218.1617253
0.01,-0.01,-1.43,1758762218.165717
0.01,-0.01,-1.43,1758762218.1693022
0.01,-0.01,-1.43,1758762218.1723034
0.01,-0.01,-1.43,1758762218.1759083
0.01,-0.01,-1.43,1758762218.1777508
0.01,-0.01,-1.43,1758762218.1815176
0.01,-0.01,-1.43,1758762218.1846268
0.01,-0.01,-1.43,1758762218.1869838
0.01,-0.01,-1.43,1758762218.1901176
0.01,-0.01,-1.43,1758762218.1934257
0.01,-0.01,-1.43,1758762218.1963902
0.01,-0.01,-1.43,1758762218.1985807
0.01,-0.01,-1.43,1758762218.2015274
0.01,-0.01,-1.43,1758762218.2046368
0.01,-0.01,-1.43,1758762218.2063732
0.01,-0.02,-1.43,1758762218.209964
0.01,-0.02,-1.43,1758762218.2128632
0.01,-0.02,-1.43,1758762218.2147026
0.01,-0.01,-1.43,1758762218.2182524
0.01,-0.02,-1.43,1758762218.221978
0.01,-0.02,-1.43,1758762218.2249117
0.01,-0.02,-1.43,1758762218.2278426
0.01,-0.02,-1.43,1758762218.2299902
0.01,-0.02,-1.43,1758762218.232472
0.01,-0.02,-1.43,1758762218.2349577
0.01,-0.02,-1.43,1758762218.2387896
0.01,-0.01,-1.43,1758762218.2416966
0.01,-0.02,-1.43,1758762218.2455585
0.01,-0.02,-1.43,1758762218.2484362
0.01,-0.02,-1.43,1758762218.250739
0.01,-0.02,-1.43,1758762218.25448
0.01,-0.02,-1.43,1758762218.2580194
0.01,-0.01,-1.43,1758762218.2618222
0.01,-0.01,-1.43,1758762218.265946
0.01,-0.01,-1.43,1758762218.2694838
0.01,-0.01,-1.43,1758762218.2726684
0.01,-0.01,-1.43,1758762218.2763667
0.01,-0.01,-1.43,1758762218.2801251
0.01,-0.01,-1.43,1758762218.284246
0.01,-0.01,-1.43,1758762218.286492
0.01,-0.01,-1.43,1758762218.2901857
0.01,-0.01,-1.43,1758762218.293785
0.01,-0.01,-1.43,1758762218.2973914
0.01,-0.01,-1.43,1758762218.3003693
0.01,-0.01,-1.43,1758762218.3042336
0.01,-0.01,-1.43,1758762218.306539
0.01,-0.01,-1.43,1758762218.310269
0.01,-0.01,-1.43,1758762218.31352
0.01,-0.01,-1.43,1758762218.3175688
0.01,-0.01,-1.43,1758762218.319801
0.01,-0.01,-1.43,1758762218.3244169
0.01,-0.01,-1.43,1758762218.327885
0.01,-0.01,-1.43,1758762218.3312929
0.01,-0.01,-1.43,1758762218.3341436
0.01,-0.01,-1.43,1758762218.337332
0.01,-0.01,-1.43,1758762218.340589
0.01,-0.01,-1.43,1758762218.344309
0.01,-0.01,-1.43,1758762218.3473222
0.01,-0.01,-1.43,1758762218.3508668
0.01,-0.01,-1.43,1758762218.3541825
0.01,-0.01,-1.43,1758762218.3571918
0.01,-0.01,-1.43,1758762218.360227
0.01,-0.01,-1.43,1758762218.3635266
0.01,-0.01,-1.43,1758762218.367046
0.01,-0.01,-1.43,1758762218.3705776
0.01,-0.01,-1.43,1758762218.3741288
0.01,-0.01,-1.43,1758762218.3777945
0.01,-0.01,-1.43,1758762218.3807223
0.01,-0.02,-1.43,1758762218.38418
0.01,-0.02,-1.43,1758762218.38774
0.01,-0.02,-1.43,1758762218.391773
0.01,-0.02,-1.43,1758762218.3951502
0.01,-0.02,-1.43,1758762218.398444
0.01,-0.02,-1.43,1758762218.4017167
0.01,-0.02,-1.43,1758762218.4048245
0.01,-0.02,-1.43,1758762218.4083972
0.01,-0.02,-1.43,1758762218.411744
0.01,-0.02,-1.43,1758762218.416462
0.01,-0.02,-1.43,1758762218.4203198
0.01,-0.02,-1.43,1758762218.422357
0.01,-0.02,-1.43,1758762218.4256132
0.01,-0.02,-1.43,1758762218.429258
0.01,-0.02,-1.43,1758762218.4327283
0.01,-0.02,-1.43,1758762218.4368174
0.01,-0.02,-1.43,1758762218.440739
0.01,-0.02,-1.43,1758762218.4424686
0.01,-0.02,-1.43,1758762218.446386
0.01,-0.02,-1.43,1758762218.4493592
0.01,-0.02,-1.43,1758762218.4529274
0.01,-0.02,-1.43,1758762218.4555411
0.01,-0.02,-1.43,1758762218.4597795
0.01,-0.02,-1.43,1758762218.4616404
0.01,-0.02,-1.43,1758762218.4644277
0.01,-0.02,-1.43,1758762218.4665878
0.01,-0.02,-1.43,1758762218.4702165
0.01,-0.02,-1.43,1758762218.4734185
0.01,-0.02,-1.43,1758762218.4778998
0.01,-0.02,-1.43,1758762218.4807892
0.01,-0.02,-1.43,1758762218.483111
0.01,-0.02,-1.43,1758762218.4849296
0.01,-0.02,-1.43,1758762218.4876847
0.01,-0.02,-1.43,1758762218.4893484
0.01,-0.02,-1.43,1758762218.490993
0.01,-0.02,-1.43,1758762218.4932537
0.01,-0.02,-1.43,1758762218.4969225
0.01,-0.02,-1.43,1758762218.500445
0.01,-0.02,-1.43,1758762218.5036075
0.01,-0.02,-1.43,1758762218.507732
0.01,-0.02,-1.43,1758762218.5111394
0.01,-0.02,-1.43,1758762218.5144608
0.01,-0.02,-1.43,1758762218.5174055
0.01,-0.02,-1.43,1758762218.520367
0.01,-0.02,-1.43,1758762218.523693
0.01,-0.02,-1.43,1758762218.5273345
0.01,-0.02,-1.43,1758762218.5302582
0.01,-0.02,-1.43,1758762218.533584
0.01,-0.02,-1.43,1758762218.5370672
0.01,-0.02,-1.43,1758762218.540269
0.01,-0.02,-1.43,1758762218.5433345
0.01,-0.02,-1.43,1758762218.5468042
0.01,-0.02,-1.43,1758762218.550282
0.01,-0.02,-1.43,1758762218.5543172
0.01,-0.02,-1.43,1758762218.5578055
0.01,-0.02,-1.43,1758762218.5619364
0.01,-0.01,-1.43,1758762218.5652862
0.01,-0.02,-1.43,1758762218.5684357
0.01,-0.02,-1.43,1758762218.5720286
0.01,-0.02,-1.43,1758762218.5742917
0.01,-0.02,-1.43,1758762218.5771525
0.01,-0.02,-1.43,1758762218.5799682
0.01,-0.02,-1.43,1758762218.5820649
0.01,-0.02,-1.43,1758762218.5852416
0.01,-0.02,-1.43,1758762218.5879326
0.01,-0.02,-1.43,1758762218.590179
0.01,-0.02,-1.43,1758762218.5943966
0.01,-0.02,-1.43,1758762218.597877
0.01,-0.02,-1.43,1758762218.6008282
0.01,-0.02,-1.43,1758762218.6039748
0.01,-0.02,-1.43,1758762218.6069305
0.01,-0.02,-1.43,1758762218.6099536
0.01,-0.02,-1.43,1758762218.612955
0.01,-0.02,-1.43,1758762218.6160705
0.01,-0.02,-1.43,1758762218.6191795
0.01,-0.02,-1.43,1758762218.622255
0.01,-0.02,-1.43,1758762218.6258435
0.01,-0.02,-1.43,1758762218.6295488
0.01,-0.02,-1.43,1758762218.632482
0.01,-0.02,-1.43,1758762218.635816
0.01,-0.02,-1.43,1758762218.638777
0.01,-0.01,-1.43,1758762218.641786
0.01,-0.01,-1.43,1758762218.6449225
0.01,-0.01,-1.43,1758762218.648043
0.01,-0.02,-1.43,1758762218.6511514
0.01,-0.02,-1.43,1758762218.654151
0.01,-0.02,-1.43,1758762218.6574907
0.01,-0.01,-1.43,1758762218.660922
0.01,-0.01,-1.43,1758762218.6640077
0.01,-0.01,-1.43,1758762218.6671226
0.01,-0.01,-1.43,1758762218.670047
0.01,-0.01,-1.43,1758762218.6730976
0.01,-0.01,-1.43,1758762218.6761432
0.01,-0.01,-1.43,1758762218.6791875
0.01,-0.01,-1.43,1758762218.6823711
0.01,-0.01,-1.43,1758762218.6881878
0.01,-0.01,-1.43,1758762218.6905935
0.01,-0.01,-1.43,1758762218.694329
0.01,-0.01,-1.43,1758762218.6981325
0.01,-0.01,-1.43,1758762218.701683
0.01,-0.01,-1.43,1758762218.7053592
0.01,-0.01,-1.43,1758762218.7091956
0.01,-0.01,-1.43,1758762218.713123
0.01,-0.01,-1.43,1758762218.7173245
0.01,-0.01,-1.43,1758762218.720545
0.01,-0.01,-1.43,1758762218.72288
0.01,-0.01,-1.43,1758762218.7265706
0.01,-0.01,-1.43,1758762218.7297013
0.01,-0.01,-1.43,1758762218.733647
0.01,-0.01,-1.43,1758762218.736563
0.01,-0.01,-1.43,1758762218.7401085
0.01,-0.01,-1.43,1758762218.7443326
0.01,-0.01,-1.43,1758762218.746732
0.01,-0.01,-1.43,1758762218.7505932
0.01,-0.01,-1.43,1758762218.7531009
0.01,-0.01,-1.43,1758762218.755692
0.01,-0.01,-1.43,1758762218.7578008
0.01,-0.01,-1.43,1758762218.759655
0.01,-0.01,-1.43,1758762218.761874
0.01,-0.02,-1.43,1758762218.7639008
0.01,-0.02,-1.43,1758762218.765892
0.01,-0.02,-1.43,1758762218.7675347
0.01,-0.02,-1.43,1758762218.7694771
0.01,-0.02,-1.43,1758762218.7710707
0.01,-0.02,-1.43,1758762218.7737134
0.01,-0.01,-1.43,1758762218.7755706
0.01,-0.01,-1.43,1758762218.7783184
0.01,-0.01,-1.43,1758762218.7806988
0.01,-0.01,-1.43,1758762218.7827542
0.01,-0.01,-1.43,1758762218.784905
0.01,-0.01,-1.43,1758762218.787975
0.01,-0.01,-1.43,1758762218.7898977
0.01,-0.02,-1.43,1758762218.792221
0.01,-0.02,-1.43,1758762218.7940674
0.01,-0.02,-1.43,1758762218.7958944
0.01,-0.01,-1.43,1758762218.7990513
0.01,-0.01,-1.43,1758762218.8018956
0.01,-0.01,-1.43,1758762218.805286
0.01,-0.01,-1.43,1758762218.807778
0.01,-0.02,-1.43,1758762218.810501
0.01,-0.02,-1.43,1758762218.813513
0.01,-0.02,-1.43,1758762218.8158238
0.01,-0.02,-1.43,1758762218.8191822
0.01,-0.02,-1.43,1758762218.8220212
0.01,-0.02,-1.43,1758762218.824912
0.01,-0.02,-1.43,1758762218.8275042
0.01,-0.02,-1.43,1758762218.830054
0.01,-0.02,-1.43,1758762218.832865
0.01,-0.02,-1.43,1758762218.8352273
0.01,-0.02,-1.43,1758762218.837201
0.01,-0.02,-1.43,1758762218.839151
0.01,-0.02,-1.43,1758762218.8416135
0.01,-0.02,-1.43,1758762218.8440344
0.01,-0.02,-1.43,1758762218.8461587
0.01,-0.02,-1.43,1758762218.848416
0.01,-0.02,-1.43,1758762218.8506808
0.01,-0.02,-1.43,1758762218.8529515
0.01,-0.02,-1.43,1758762218.8551424
0.01,-0.02,-1.43,1758762218.8573625
0.01,-0.02,-1.43,1758762218.859682
0.01,-0.02,-1.43,1758762218.862102
0.01,-0.02,-1.43,1758762218.864845
0.01,-0.02,-1.43,1758762218.8664992
0.01,-0.02,-1.43,1758762218.8681192
0.01,-0.02,-1.43,1758762218.870167
0.01,-0.02,-1.43,1758762218.8720348
0.01,-0.02,-1.43,1758762218.8741248
0.01,-0.01,-1.43,1758762218.877014
0.01,-0.02,-1.43,1758762218.8787546
0.01,-0.02,-1.43,1758762218.8804777
0.01,-0.02,-1.43,1758762218.8833716
0.01,-0.02,-1.43,1758762218.8856945
0.01,-0.01,-1.43,1758762218.8880286
0.01,-0.01,-1.43,1758762218.8896956
0.01,-0.01,-1.43,1758762218.891725
0.01,-0.01,-1.43,1758762218.894301
0.01,-0.01,-1.43,1758762218.8959472
0.01,-0.01,-1.43,1758762218.897853
0.01,-0.01,-1.43,1758762218.8994925
0.01,-0.01,-1.43,1758762218.9019744
0.01,-0.01,-1.43,1758762218.9039905
0.01,-0.01,-1.43,1758762218.9056304
0.01,-0.01,-1.43,1758762218.907728
0.01,-0.01,-1.43,1758762218.9094896
0.01,-0.01,-1.43,1758762218.9113436
0.01,-0.01,-1.43,1758762218.9140089
0.01,-0.01,-1.43,1758762218.9165812
0.01,-0.01,-1.43,1758762218.9185038
0.01,-0.01,-1.43,1758762218.9210842
0.01,-0.01,-1.43,1758762218.9237258
0.01,-0.01,-1.43,1758762218.9263442
0.01,-0.01,-1.43,1758762218.9294057
0.01,-0.01,-1.43,1758762218.9318807
0.01,-0.01,-1.43,1758762218.934576
0.01,-0.01,-1.43,1758762218.9381993
0.01,-0.01,-1.43,1758762218.9412532
0.01,-0.01,-1.43,1758762218.9450877
0.01,-0.01,-1.43,1758762218.9481342
0.01,-0.01,-1.43,1758762218.9512012
0.01,-0.01,-1.43,1758762218.9534566
0.01,-0.01,-1.43,1758762218.9559803
0.01,-0.01,-1.43,1758762218.9577038
0.01,-0.01,-1.43,1758762218.960181
0.01,-0.01,-1.43,1758762218.962392
0.01,-0.01,-1.43,1758762218.9651878
0.01,-0.01,-1.43,1758762218.967994
0.01,-0.01,-1.43,1758762218.9708366
0.01,-0.01,-1.43,1758762218.972868
0.01,-0.01,-1.43,1758762218.9757712
0.01,-0.01,-1.43,1758762218.9785953
0.01,-0.01,-1.43,1758762218.9821565
0.01,-0.01,-1.43,1758762218.9857466
0.01,-0.01,-1.43,1758762218.9900362
0.01,-0.01,-1.43,1758762218.9924178
0.01,-0.01,-1.43,1758762218.994951
0.01,-0.01,-1.43,1758762218.9976747
0.01,-0.01,-1.43,1758762219.0014162
0.01,-0.01,-1.43,1758762219.0042844
0.01,-0.01,-1.43,1758762219.0075717
0.01,-0.01,-1.43,1758762219.010467
0.01,-0.01,-1.43,1758762219.013888
0.01,-0.01,-1.43,1758762219.0168295
0.01,-0.01,-1.43,1758762219.0200148
0.01,-0.01,-1.43,1758762219.0232382
0.01,-0.01,-1.43,1758762219.026733
0.01,-0.01,-1.43,1758762219.0297823
0.01,-0.01,-1.43,1758762219.0332077
0.01,-0.01,-1.43,1758762219.036146
0.01,-0.01,-1.43,1758762219.0389965
0.01,-0.01,-1.43,1758762219.0416205
0.01,-0.01,-1.43,1758762219.0443118
0.01,-0.01,-1.43,1758762219.046978
0.01,-0.01,-1.43,1758762219.0496116
0.01,-0.01,-1.43,1758762219.0526056
0.01,-0.01,-1.43,1758762219.0552886
0.01,-0.01,-1.43,1758762219.058282
0.01,-0.01,-1.43,1758762219.0613444
0.01,-0.01,-1.43,1758762219.0641067
0.01,-0.01,-1.43,1758762219.0673678
0.01,-0.01,-1.43,1758762219.0700383
0.01,-0.01,-1.43,1758762219.072724
0.01,-0.01,-1.43,1758762219.0760386
0.01,-0.01,-1.43,1758762219.0788116
0.01,-0.01,-1.43,1758762219.081442
0.01,-0.01,-1.43,1758762219.0843716
0.01,-0.01,-1.43,1758762219.0871315
0.01,-0.01,-1.43,1758762219.0905282
0.01,-0.01,-1.43,1758762219.0933392
0.01,-0.01,-1.43,1758762219.0963514
0.01,-0.01,-1.43,1758762219.099913
0.01,-0.01,-1.43,1758762219.10291
0.01,-0.01,-1.43,1758762219.1060972
0.01,-0.01,-1.43,1758762219.1078954
0.01,-0.01,-1.43,1758762219.1126742
0.01,-0.01,-1.43,1758762219.116578
0.01,-0.01,-1.43,1758762219.1200385
0.01,-0.01,-1.43,1758762219.1228952
0.01,-0.01,-1.43,1758762219.1257164
0.01,-0.01,-1.43,1758762219.129582
0.01,-0.01,-1.43,1758762219.1327124
0.01,-0.01,-1.43,1758762219.1345289
0.01,-0.01,-1.43,1758762219.1375566
0.01,-0.01,-1.43,1758762219.1400166
0.01,-0.01,-1.43,1758762219.1421375
0.01,-0.01,-1.43,1758762219.1451542
0.01,-0.01,-1.43,1758762219.1469269
0.01,-0.01,-1.43,1758762219.1494272
0.01,-0.01,-1.43,1758762219.1523726
0.01,-0.01,-1.43,1758762219.15411
0.01,-0.01,-1.43,1758762219.1574745
0.01,-0.01,-1.43,1758762219.1607678
0.01,-0.01,-1.43,1758762219.16319
0.01,-0.01,-1.43,1758762219.1668153
0.01,-0.01,-1.43,1758762219.170262
0.01,-0.01,-1.43,1758762219.1741917
0.01,-0.01,-1.43,1758762219.1771564
0.01,-0.01,-1.43,1758762219.179947
0.01,-0.01,-1.43,1758762219.1830122
0.01,-0.01,-1.43,1758762219.1867323
0.01,-0.01,-1.43,1758762219.1897042
0.01,-0.01,-1.43,1758762219.19316
0.01,-0.01,-1.43,1758762219.196742
0.01,-0.01,-1.43,1758762219.200722
0.01,-0.01,-1.43,1758762219.2038488
0.01,-0.01,-1.43,1758762219.206084
0.01,-0.01,-1.43,1758762219.2095745
0.01,-0.01,-1.43,1758762219.2128017
0.01,-0.01,-1.43,1758762219.2165124
0.01,-0.01,-1.43,1758762219.2205925
0.01,-0.01,-1.43,1758762219.2238965
0.01,-0.01,-1.43,1758762219.2283382
0.01,-0.01,-1.43,1758762219.2308297
0.01,-0.01,-1.43,1758762219.234608
0.01,-0.01,-1.43,1758762219.23795
0.01,-0.01,-1.43,1758762219.2407231
0.01,-0.01,-1.43,1758762219.243435
0.01,-0.01,-1.43,1758762219.247076
0.01,-0.01,-1.43,1758762219.2496283
0.01,-0.01,-1.43,1758762219.2524817
0.01,-0.01,-1.43,1758762219.2545087
0.01,-0.01,-1.43,1758762219.257042
0.01,-0.01,-1.43,1758762219.2606306
0.01,-0.01,-1.43,1758762219.26385
0.01,-0.01,-1.43,1758762219.2667143
0.01,-0.01,-1.43,1758762219.2696338
0.01,-0.01,-1.43,1758762219.273125
0.01,-0.01,-1.43,1758762219.276313
0.01,-0.01,-1.43,1758762219.2792816
0.01,-0.01,-1.43,1758762219.2820344
0.01,-0.01,-1.43,1758762219.2848227
0.01,-0.01,-1.43,1758762219.2874088
0.01,-0.01,-1.43,1758762219.2898283
0.01,-0.01,-1.43,1758762219.2925131
0.01,-0.01,-1.43,1758762219.2950244
0.01,-0.01,-1.43,1758762219.2976792
0.01,-0.01,-1.43,1758762219.3002696
0.01,-0.01,-1.43,1758762219.3027537
0.01,-0.01,-1.43,1758762219.3051643
0.01,-0.01,-1.43,1758762219.30749
0.01,-0.01,-1.43,1758762219.3101003
0.01,-0.01,-1.43,1758762219.3131418
0.01,-0.01,-1.43,1758762219.3163984
0.01,-0.01,-1.43,1758762219.319039
0.01,-0.01,-1.43,1758762219.3218884
0.01,-0.01,-1.43,1758762219.3246162
0.01,-0.01,-1.43,1758762219.3270364
0.01,-0.01,-1.43,1758762219.329962
0.01,-0.01,-1.43,1758762219.3331604
0.01,-0.01,-1.43,1758762219.335799
0.01,-0.01,-1.43,1758762219.3382728
0.01,-0.01,-1.43,1758762219.3414063
0.01,-0.01,-1.43,1758762219.3440962
0.01,-0.01,-1.43,1758762219.3467424
0.01,-0.01,-1.43,1758762219.3497367
0.01,-0.01,-1.43,1758762219.3523247
0.01,-0.01,-1.43,1758762219.3553922
0.01,-0.01,-1.43,1758762219.3578017
0.01,-0.01,-1.43,1758762219.360304
0.01,-0.01,-1.43,1758762219.3633163
0.01,-0.01,-1.43,1758762219.365865
0.01,-0.01,-1.43,1758762219.3687146
0.01,-0.01,-1.43,1758762219.3711982
0.01,-0.01,-1.43,1758762219.3741894
0.01,-0.01,-1.43,1758762219.3769891
0.01,-0.01,-1.43,1758762219.3797395
0.01,-0.01,-1.43,1758762219.38353
0.01,-0.01,-1.43,1758762219.3861086
0.01,-0.01,-1.43,1758762219.3885612
0.01,-0.01,-1.43,1758762219.3911974
0.01,-0.01,-1.43,1758762219.393768
0.01,-0.01,-1.43,1758762219.3966804
0.01,-0.01,-1.43,1758762219.39948
0.01,-0.01,-1.43,1758762219.4019694
0.01,-0.01,-1.43,1758762219.4047225
0.01,-0.01,-1.43,1758762219.4079568
0.01,-0.01,-1.43,1758762219.410742
0.01,-0.01,-1.43,1758762219.4139187
0.01,-0.01,-1.43,1758762219.4169097
0.01,-0.01,-1.43,1758762219.419984
0.01,-0.01,-1.44,1758762219.423108
0.01,-0.01,-1.44,1758762219.4258628
0.01,-0.01,-1.44,1758762219.4293983
0.01,-0.01,-1.44,1758762219.4324665
0.01,-0.01,-1.44,1758762219.43579
0.01,-0.01,-1.44,1758762219.438366
0.01,-0.01,-1.44,1758762219.4417272
0.01,-0.01,-1.44,1758762219.4443655
0.01,-0.01,-1.44,1758762219.4462771
0.01,-0.01,-1.44,1758762219.4499328
0.01,-0.02,-1.44,1758762219.453483
0.01,-0.02,-1.44,1758762219.4572413
0.01,-0.02,-1.44,1758762219.461115
0.01,-0.02,-1.44,1758762219.4639363
0.01,-0.02,-1.44,1758762219.4669702
0.01,-0.02,-1.44,1758762219.4698577
0.01,-0.02,-1.44,1758762219.4727635
0.01,-0.02,-1.44,1758762219.4759364
0.01,-0.02,-1.44,1758762219.4791126
0.01,-0.02,-1.44,1758762219.4821005
0.01,-0.02,-1.44,1758762219.4854448
0.01,-0.02,-1.44,1758762219.4883306
0.01,-0.02,-1.44,1758762219.4918191
0.01,-0.02,-1.44,1758762219.4950304
0.01,-0.02,-1.44,1758762219.4978466
0.01,-0.02,-1.44,1758762219.5012484
0.01,-0.02,-1.44,1758762219.5036476
0.01,-0.02,-1.44,1758762219.5062578
0.01,-0.02,-1.44,1758762219.5088603
0.01,-0.02,-1.44,1758762219.5114582
0.01,-0.02,-1.44,1758762219.5140593
0.01,-0.02,-1.44,1758762219.5168605
0.01,-0.02,-1.44,1758762219.5209804
0.01,-0.02,-1.44,1758762219.5243282
0.01,-0.02,-1.44,1758762219.527281
0.01,-0.02,-1.44,1758762219.5300014
0.01,-0.02,-1.44,1758762219.5330656
0.01,-0.02,-1.44,1758762219.5382364
0.01,-0.02,-1.44,1758762219.5414846
0.01,-0.02,-1.44,1758762219.5439696
0.01,-0.02,-1.44,1758762219.54645
0.01,-0.02,-1.44,1758762219.548867
0.01,-0.02,-1.44,1758762219.5512557
0.01,-0.02,-1.44,1758762219.553408
0.01,-0.02,-1.44,1758762219.5560794
0.01,-0.02,-1.44,1758762219.5583992
0.01,-0.02,-1.44,1758762219.5616634
0.01,-0.02,-1.44,1758762219.5642078
0.01,-0.02,-1.44,1758762219.5667267
0.01,-0.02,-1.44,1758762219.5697803
0.01,-0.02,-1.44,1758762219.5732105
0.01,-0.02,-1.44,1758762219.5759575
0.01,-0.02,-1.44,1758762219.578738
0.01,-0.02,-1.44,1758762219.5814466
0.01,-0.02,-1.44,1758762219.5839503
0.01,-0.02,-1.44,1758762219.5863826
0.01,-0.02,-1.44,1758762219.588482
0.01,-0.02,-1.44,1758762219.5908267
0.01,-0.02,-1.44,1758762219.593346
0.01,-0.02,-1.44,1758762219.5957377
0.01,-0.02,-1.44,1758762219.5981812
0.01,-0.02,-1.44,1758762219.600547
0.01,-0.02,-1.44,1758762219.6027477
0.01,-0.02,-1.44,1758762219.6056747
0.01,-0.02,-1.44,1758762219.6077688
0.01,-0.02,-1.44,1758762219.6104815
0.01,-0.02,-1.44,1758762219.6133606
0.01,-0.02,-1.44,1758762219.617574
0.01,-0.02,-1.44,1758762219.6203642
0.01,-0.02,-1.44,1758762219.623364
0.01,-0.02,-1.44,1758762219.6282902
0.01,-0.02,-1.44,1758762219.630913
0.01,-0.02,-1.44,1758762219.6340516
0.01,-0.02,-1.44,1758762219.636861
0.01,-0.02,-1.44,1758762219.6399868
0.01,-0.02,-1.44,1758762219.6427088
0.01,-0.02,-1.44,1758762219.64687
0.01,-0.02,-1.44,1758762219.6498852
0.01,-0.02,-1.44,1758762219.6525784
0.01,-0.02,-1.44,1758762219.656175
0.01,-0.01,-1.44,1758762219.6588857
0.01,-0.02,-1.44,1758762219.661891
0.01,-0.02,-1.44,1758762219.665367
0.01,-0.01,-1.44,1758762219.66804
0.01,-0.02,-1.44,1758762219.6707466
0.01,-0.02,-1.44,1758762219.674403
0.01,-0.02,-1.44,1758762219.6779823
0.01,-0.02,-1.44,1758762219.6808655
0.01,-0.02,-1.44,1758762219.684181
0.01,-0.02,-1.44,1758762219.6873486
0.01,-0.02,-1.44,1758762219.690564
0.01,-0.02,-1.44,1758762219.6944606
0.01,-0.02,-1.44,1758762219.6985016
0.01,-0.02,-1.44,1758762219.7015774
0.01,-0.02,-1.44,1758762219.7047875
0.01,-0.02,-1.44,1758762219.7098317
0.01,-0.02,-1.44,1758762219.7125835
0.01,-0.02,-1.44,1758762219.7156887
0.01,-0.02,-1.44,1758762219.7177083
0.01,-0.02,-1.44,1758762219.7215593
0.01,-0.02,-1.44,1758762219.725355
0.01,-0.02,-1.44,1758762219.7291615
0.01,-0.02,-1.44,1758762219.732918
0.01,-0.02,-1.44,1758762219.7357535
0.01,-0.02,-1.44,1758762219.7393472
0.01,-0.02,-1.44,1758762219.7433662
0.01,-0.02,-1.44,1758762219.7458813
0.01,-0.02,-1.44,1758762219.7484677
0.01,-0.02,-1.44,1758762219.751752
0.01,-0.02,-1.44,1758762219.755473
0.01,-0.02,-1.44,1758762219.758596
0.01,-0.02,-1.44,1758762219.7616315
0.01,-0.02,-1.44,1758762219.764599
0.01,-0.02,-1.44,1758762219.7681608
0.01,-0.02,-1.44,1758762219.7712677
0.01,-0.02,-1.44,1758762219.77527
0.01,-0.02,-1.44,1758762219.777868
0.01,-0.02,-1.44,1758762219.7803528
0.01,-0.02,-1.44,1758762219.7832143
0.01,-0.02,-1.44,1758762219.786293
0.01,-0.02,-1.44,1758762219.789389
0.01,-0.02,-1.44,1758762219.7931583
0.01,-0.02,-1.44,1758762219.7960248
0.01,-0.02,-1.44,1758762219.799215
0.01,-0.02,-1.44,1758762219.8022597
0.01,-0.02,-1.44,1758762219.805751
0.01,-0.02,-1.44,1758762219.8085637
0.01,-0.02,-1.44,1758762219.8120425
0.01,-0.02,-1.44,1758762219.8151076
0.01,-0.02,-1.44,1758762219.817454
0.01,-0.02,-1.44,1758762219.820547
0.01,-0.02,-1.44,1758762219.822631
0.01,-0.02,-1.44,1758762219.8246846
0.01,-0.02,-1.44,1758762219.8268409
0.01,-0.02,-1.44,1758762219.8288343
0.01,-0.02,-1.44,1758762219.8311148
0.01,-0.02,-1.44,1758762219.833578
0.01,-0.02,-1.44,1758762219.8357928
0.01,-0.02,-1.44,1758762219.8378367
0.01,-0.02,-1.44,1758762219.8402605
0.01,-0.02,-1.44,1758762219.8423288
0.01,-0.02,-1.44,1758762219.844767
0.01,-0.02,-1.44,1758762219.846744
0.01,-0.02,-1.44,1758762219.8492937
0.01,-0.02,-1.44,1758762219.85125
0.01,-0.02,-1.44,1758762219.8538384
0.01,-0.02,-1.44,1758762219.8557477
0.01,-0.02,-1.44,1758762219.8581269
0.01,-0.02,-1.44,1758762219.8602276
0.01,-0.02,-1.44,1758762219.8621955
0.01,-0.02,-1.44,1758762219.86431
0.01,-0.02,-1.44,1758762219.8662384
0.01,-0.01,-1.44,1758762219.868364
0.01,-0.01,-1.44,1758762219.8703864
0.01,-0.01,-1.44,1758762219.8735783
0.01,-0.02,-1.44,1758762219.876919
0.01,-0.02,-1.44,1758762219.880176
0.01,-0.01,-1.44,1758762219.883004
0.01,-0.02,-1.44,1758762219.8861165
0.01,-0.01,-1.44,1758762219.8888884
0.01,-0.01,-1.44,1758762219.8919623
0.01,-0.01,-1.44,1758762219.894884
0.01,-0.01,-1.44,1758762219.898003
0.01,-0.01,-1.44,1758762219.9009006
0.01,-0.01,-1.44,1758762219.9039526
0.01,-0.01,-1.44,1758762219.907153
0.01,-0.01,-1.44,1758762219.9106855
0.01,-0.01,-1.44,1758762219.9135454
0.01,-0.01,-1.44,1758762219.9164915
0.01,-0.01,-1.44,1758762219.9196825
0.01,-0.01,-1.44,1758762219.9230716
0.01,-0.01,-1.44,1758762219.9260268
0.01,-0.01,-1.44,1758762219.9289353
0.01,-0.01,-1.44,1758762219.9317875
0.01,-0.01,-1.44,1758762219.9349833
0.01,-0.01,-1.44,1758762219.9378998
0.01,-0.01,-1.44,1758762219.9408338
0.01,-0.01,-1.44,1758762219.9439442
0.01,-0.01,-1.44,1758762219.946871
0.01,-0.02,-1.44,1758762219.9497051
0.01,-0.02,-1.44,1758762219.952591
0.01,-0.02,-1.44,1758762219.9555662
0.01,-0.02,-1.44,1758762219.9583695
0.01,-0.01,-1.44,1758762219.96111
0.01,-0.02,-1.44,1758762219.9643683
0.01,-0.01,-1.44,1758762219.967475
0.01,-0.01,-1.44,1758762219.9702077
0.01,-0.01,-1.44,1758762219.9734445
0.01,-0.01,-1.44,1758762219.9765854
0.01,-0.01,-1.44,1758762219.979483
0.01,-0.01,-1.44,1758762219.9827857
0.01,-0.01,-1.44,1758762219.9856503
0.01,-0.01,-1.44,1758762219.988866
0.01,-0.01,-1.44,1758762219.9916637
0.01,-0.01,-1.44,1758762219.9946654
0.01,-0.01,-1.44,1758762219.9975815
0.01,-0.01,-1.44,1758762220.0004556
0.01,-0.01,-1.44,1758762220.0037837
0.01,-0.01,-1.44,1758762220.006755
0.01,-0.01,-1.44,1758762220.009688
0.01,-0.01,-1.44,1758762220.0129168
0.01,-0.01,-1.44,1758762220.0157828
0.01,-0.01,-1.44,1758762220.018705
0.01,-0.01,-1.44,1758762220.0215309
0.01,-0.01,-1.44,1758762220.024793
0.01,-0.01,-1.44,1758762220.0281603
0.01,-0.01,-1.44,1758762220.0312684
0.01,-0.01,-1.44,1758762220.0342703
0.01,-0.01,-1.44,1758762220.03756
0.01,-0.01,-1.44,1758762220.0404792
0.01,-0.01,-1.44,1758762220.043784
0.01,-0.01,-1.44,1758762220.04667
0.01,-0.01,-1.44,1758762220.049795
0.01,-0.01,-1.44,1758762220.0528245
0.01,-0.01,-1.44,1758762220.055788
0.01,-0.01,-1.44,1758762220.0587149
0.01,-0.01,-1.44,1758762220.061885
0.01,-0.01,-1.44,1758762220.0648675
0.01,-0.01,-1.44,1758762220.0681162
0.01,-0.01,-1.44,1758762220.0708952
0.01,-0.01,-1.44,1758762220.0737832
0.01,-0.01,-1.44,1758762220.077207
0.01,-0.01,-1.44,1758762220.080522
0.01,-0.01,-1.44,1758762220.083362
0.01,-0.01,-1.44,1758762220.0862484
0.01,-0.01,-1.44,1758762220.0892084
0.01,-0.01,-1.44,1758762220.092415
0.01,-0.01,-1.44,1758762220.0951934
0.01,-0.01,-1.44,1758762220.0981536
0.01,-0.01,-1.44,1758762220.101343
0.01,-0.01,-1.44,1758762220.1046765
0.01,-0.01,-1.44,1758762220.1075838
0.01,-0.01,-1.44,1758762220.1107705
0.01,-0.01,-1.44,1758762220.1137228
0.01,-0.01,-1.44,1758762220.1167183
0.01,-0.01,-1.44,1758762220.1194942
0.01,-0.01,-1.44,1758762220.1224828
0.01,-0.01,-1.44,1758762220.1255496
0.01,-0.01,-1.44,1758762220.128502
0.01,-0.01,-1.44,1758762220.1313496
0.01,-0.01,-1.44,1758762220.1345518
0.01,-0.01,-1.44,1758762220.137539
0.01,-0.01,-1.44,1758762220.1403282
0.01,-0.01,-1.44,1758762220.1432457
0.01,-0.01,-1.44,1758762220.146398
0.01,-0.01,-1.44,1758762220.1492968
0.01,-0.01,-1.44,1758762220.1522987
0.01,-0.01,-1.44,1758762220.1552954
0.01,-0.01,-1.44,1758762220.1580985
0.01,-0.01,-1.44,1758762220.1612036
0.01,-0.01,-1.44,1758762220.164447
0.01,-0.01,-1.44,1758762220.1674216
0.01,-0.01,-1.44,1758762220.170156
0.01,-0.01,-1.44,1758762220.17327
0.01,-0.01,-1.44,1758762220.176558
0.01,-0.01,-1.44,1758762220.17938
0.01,-0.01,-1.44,1758762220.1824002
0.01,-0.01,-1.44,1758762220.18527
0.01,-0.01,-1.44,1758762220.1880603
0.01,-0.01,-1.44,1758762220.1910849
0.01,-0.01,-1.44,1758762220.1943166
0.01,-0.01,-1.44,1758762220.197181
0.01,-0.01,-1.44,1758762220.200376
0.01,-0.01,-1.44,1758762220.2032042
0.01,-0.01,-1.44,1758762220.2060568
0.01,-0.01,-1.44,1758762220.2090726
0.01,-0.01,-1.44,1758762220.2122817
0.01,-0.01,-1.44,1758762220.2153294
0.01,-0.01,-1.44,1758762220.218583
0.01,-0.01,-1.44,1758762220.2217577
0.01,-0.01,-1.44,1758762220.2246478
0.01,-0.01,-1.44,1758762220.2275765
0.01,-0.02,-1.44,1758762220.2303348
0.01,-0.02,-1.44,1758762220.2339864
0.01,-0.02,-1.44,1758762220.2368574
0.01,-0.02,-1.44,1758762220.2399418
0.01,-0.02,-1.44,1758762220.242838
0.01,-0.02,-1.44,1758762220.246001
0.01,-0.02,-1.44,1758762220.2487743
0.01,-0.02,-1.44,1758762220.2516286
0.01,-0.02,-1.44,1758762220.254751
0.01,-0.01,-1.44,1758762220.257943
0.01,-0.01,-1.44,1758762220.2607875
0.0,-0.01,-1.44,1758762220.2636864
0.01,-0.02,-1.44,1758762220.2665129
0.01,-0.02,-1.44,1758762220.269764
0.01,-0.02,-1.44,1758762220.2730632
0.01,-0.02,-1.44,1758762220.2763772
0.01,-0.02,-1.44,1758762220.279225
0.01,-0.02,-1.44,1758762220.2821667
0.01,-0.02,-1.44,1758762220.2845595
0.01,-0.02,-1.44,1758762220.286598
0.01,-0.01,-1.44,1758762220.2889962
0.01,-0.01,-1.44,1758762220.2909915
0.01,-0.02,-1.44,1758762220.2930808
0.01,-0.02,-1.44,1758762220.2956774
0.01,-0.02,-1.44,1758762220.2977998
0.01,-0.02,-1.44,1758762220.3002355
0.01,-0.02,-1.44,1758762220.3023808
0.01,-0.01,-1.44,1758762220.3050342
0.01,-0.02,-1.44,1758762220.307176
0.01,-0.02,-1.44,1758762220.3092816
0.01,-0.02,-1.44,1758762220.3113563
0.01,-0.02,-1.44,1758762220.3138945
0.01,-0.01,-1.44,1758762220.3159797
0.01,-0.02,-1.44,1758762220.3183692
0.01,-0.01,-1.44,1758762220.3204098
0.01,-0.01,-1.44,1758762220.3236496
0.01,-0.01,-1.44,1758762220.325796
0.01,-0.01,-1.44,1758762220.3281395
0.01,-0.01,-1.44,1758762220.3304734
0.01,-0.01,-1.44,1758762220.333996
0.01,-0.01,-1.44,1758762220.336557
0.01,-0.01,-1.44,1758762220.3391354
0.01,-0.01,-1.44,1758762220.341512
0.01,-0.01,-1.44,1758762220.3446078
0.01,-0.01,-1.44,1758762220.34669
0.01,-0.01,-1.44,1758762220.3491688
0.01,-0.01,-1.44,1758762220.3520873
0.01,-0.01,-1.44,1758762220.355014
0.01,-0.01,-1.44,1758762220.3574111
0.01,-0.01,-1.44,1758762220.360392
0.01,-0.01,-1.44,1758762220.3629007
0.01,-0.01,-1.44,1758762220.365237
0.01,-0.01,-1.44,1758762220.368229
0.01,-0.01,-1.44,1758762220.3709471
0.01,-0.01,-1.44,1758762220.373259
0.01,-0.02,-1.44,1758762220.375631
0.01,-0.01,-1.44,1758762220.3784494
0.01,-0.01,-1.44,1758762220.3814166
0.01,-0.01,-1.44,1758762220.3837905
0.01,-0.01,-1.44,1758762220.3868525
0.01,-0.01,-1.44,1758762220.3891416
0.01,-0.01,-1.44,1758762220.3914173
0.01,-0.01,-1.44,1758762220.393997
0.01,-0.01,-1.44,1758762220.397354
0.01,-0.01,-1.44,1758762220.3997293
0.01,-0.01,-1.44,1758762220.4021628
0.01,-0.01,-1.44,1758762220.4051492
0.01,-0.01,-1.44,1758762220.4076653
0.01,-0.01,-1.44,1758762220.4100676
0.01,-0.01,-1.44,1758762220.4124205
0.01,-0.01,-1.44,1758762220.4149826
0.01,-0.01,-1.44,1758762220.4172666
0.01,-0.01,-1.44,1758762220.4200869
0.01,-0.01,-1.44,1758762220.422825
0.01,-0.01,-1.44,1758762220.4250462
0.01,-0.02,-1.44,1758762220.42738
0.01,-0.02,-1.44,1758762220.4303386
0.01,-0.02,-1.44,1758762220.432721
0.01,-0.02,-1.44,1758762220.4363344
0.01,-0.02,-1.44,1758762220.439258
0.01,-0.02,-1.44,1758762220.441577
0.01,-0.02,-1.44,1758762220.4446
0.01,-0.02,-1.44,1758762220.4469438
0.01,-0.02,-1.44,1758762220.449755
0.01,-0.02,-1.44,1758762220.4521232
0.01,-0.02,-1.44,1758762220.455211
0.01,-0.02,-1.44,1758762220.45758
0.01,-0.02,-1.44,1758762220.4599876
0.01,-0.01,-1.44,1758762220.462931
0.01,-0.02,-1.44,1758762220.465814
0.01,-0.02,-1.44,1758762220.4681582
0.01,-0.02,-1.44,1758762220.4711063
0.01,-0.02,-1.44,1758762220.4735746
0.01,-0.02,-1.44,1758762220.476092
0.01,-0.02,-1.44,1758762220.479121
0.01,-0.02,-1.44,1758762220.482002
0.01,-0.02,-1.44,1758762220.4843934
0.01,-0.02,-1.44,1758762220.486493
0.01,-0.02,-1.44,1758762220.489436
0.01,-0.02,-1.44,1758762220.4921403
0.01,-0.02,-1.44,1758762220.4947047
0.01,-0.01,-1.44,1758762220.4972086
0.01,-0.01,-1.44,1758762220.4992769
0.01,-0.02,-1.44,1758762220.501541
0.01,-0.01,-1.44,1758762220.50458
0.01,-0.01,-1.44,1758762220.5081494
0.01,-0.02,-1.44,1758762220.5107124
0.01,-0.02,-1.44,1758762220.5137062
0.01,-0.02,-1.44,1758762220.5158334
0.01,-0.02,-1.44,1758762220.5180411
0.01,-0.02,-1.44,1758762220.5203452
0.01,-0.02,-1.44,1758762220.5223985
0.01,-0.02,-1.44,1758762220.5248594
0.01,-0.02,-1.44,1758762220.5271282
0.01,-0.02,-1.44,1758762220.5294876
0.01,-0.02,-1.44,1758762220.5318198
0.01,-0.02,-1.44,1758762220.5341892
0.01,-0.02,-1.44,1758762220.5370862
0.01,-0.02,-1.44,1758762220.5394378
0.01,-0.02,-1.44,1758762220.5418882
0.01,-0.02,-1.44,1758762220.5442057
0.01,-0.02,-1.44,1758762220.5465608
0.01,-0.02,-1.44,1758762220.54862
0.01,-0.02,-1.44,1758762220.550918
0.01,-0.02,-1.44,1758762220.5530634
0.01,-0.02,-1.44,1758762220.5555224
0.01,-0.02,-1.44,1758762220.5575056
0.01,-0.02,-1.44,1758762220.5598657
0.01,-0.02,-1.44,1758762220.5618594
0.01,-0.02,-1.44,1758762220.564421
0.01,-0.02,-1.44,1758762220.5665183
0.01,-0.02,-1.44,1758762220.5687268
0.01,-0.02,-1.44,1758762220.570757
0.01,-0.02,-1.44,1758762220.5731988
0.01,-0.02,-1.44,1758762220.5752296
0.01,-0.02,-1.44,1758762220.577824
0.01,-0.02,-1.44,1758762220.58046
0.01,-0.02,-1.44,1758762220.5828252
0.01,-0.02,-1.44,1758762220.5855958
0.01,-0.02,-1.44,1758762220.5880694
0.01,-0.02,-1.44,1758762220.5909634
0.01,-0.02,-1.44,1758762220.5933058
0.01,-0.02,-1.44,1758762220.5963297
0.01,-0.02,-1.44,1758762220.598623
0.01,-0.02,-1.44,1758762220.601715
0.01,-0.02,-1.44,1758762220.6043067
0.01,-0.02,-1.44,1758762220.6071782
0.01,-0.02,-1.44,1758762220.6095045
0.01,-0.02,-1.44,1758762220.6118748
0.01,-0.02,-1.44,1758762220.614851
0.01,-0.02,-1.44,1758762220.6172397
0.01,-0.02,-1.44,1758762220.6200185
0.01,-0.02,-1.44,1758762220.6224067
0.01,-0.02,-1.44,1758762220.625605
0.01,-0.02,-1.44,1758762220.628229
0.01,-0.02,-1.44,1758762220.6305563
0.01,-0.02,-1.44,1758762220.633809
0.01,-0.02,-1.44,1758762220.6361449
0.01,-0.02,-1.44,1758762220.6388886
0.01,-0.02,-1.44,1758762220.641382
0.01,-0.02,-1.44,1758762220.6439822
0.01,-0.02,-1.44,1758762220.6467688
0.01,-0.02,-1.44,1758762220.649099
0.01,-0.02,-1.44,1758762220.6513865
0.01,-0.02,-1.44,1758762220.6545722
0.01,-0.02,-1.44,1758762220.6568558
0.01,-0.02,-1.44,1758762220.6590264
0.01,-0.02,-1.44,1758762220.6615283
0.01,-0.02,-1.44,1758762220.6649835
0.01,-0.02,-1.44,1758762220.6678174
0.01,-0.02,-1.44,1758762220.6701417
0.01,-0.02,-1.44,1758762220.6723957
0.01,-0.02,-1.44,1758762220.6755016
0.01,-0.02,-1.44,1758762220.6781108
0.01,-0.02,-1.44,1758762220.6805022
0.01,-0.02,-1.44,1758762220.6834712
0.01,-0.02,-1.44,1758762220.6858177
0.01,-0.02,-1.44,1758762220.688789
0.01,-0.02,-1.44,1758762220.6911128
0.01,-0.02,-1.44,1758762220.6942852
0.01,-0.02,-1.44,1758762220.696376
0.01,-0.02,-1.44,1758762220.699369
0.01,-0.02,-1.44,1758762220.701681
0.01,-0.02,-1.44,1758762220.7046473
0.01,-0.02,-1.44,1758762220.7069476
0.01,-0.02,-1.44,1758762220.7099123
0.01,-0.02,-1.44,1758762220.712292
0.01,-0.02,-1.44,1758762220.715394
0.01,-0.02,-1.44,1758762220.717783
0.01,-0.02,-1.44,1758762220.720032
0.01,-0.02,-1.44,1758762220.7229695
0.01,-0.02,-1.44,1758762220.725291
0.01,-0.02,-1.44,1758762220.728079
0.01,-0.02,-1.44,1758762220.7300522
0.01,-0.02,-1.44,1758762220.7324634
0.01,-0.02,-1.44,1758762220.7345822
0.01,-0.02,-1.44,1758762220.7370386
0.01,-0.02,-1.44,1758762220.739452
0.01,-0.02,-1.44,1758762220.7416463
0.01,-0.02,-1.44,1758762220.7437034
0.01,-0.02,-1.44,1758762220.746101
0.01,-0.02,-1.44,1758762220.74863
0.01,-0.02,-1.44,1758762220.7507515
0.01,-0.02,-1.44,1758762220.753142
0.01,-0.02,-1.44,1758762220.7554946
0.01,-0.02,-1.44,1758762220.7582934
0.01,-0.02,-1.44,1758762220.7606494
0.01,-0.02,-1.44,1758762220.7636192
0.01,-0.02,-1.44,1758762220.7659972
0.01,-0.02,-1.44,1758762220.7689512
0.01,-0.02,-1.44,1758762220.7712617
0.01,-0.02,-1.44,1758762220.774173
0.01,-0.02,-1.44,1758762220.7764988
0.01,-0.02,-1.44,1758762220.7793753
0.01,-0.02,-1.44,1758762220.7817152
0.01,-0.02,-1.44,1758762220.7844994
0.01,-0.02,-1.44,1758762220.786615
0.01,-0.02,-1.44,1758762220.7887485
0.01,-0.02,-1.44,1758762220.7916913
0.01,-0.02,-1.44,1758762220.7948816
0.01,-0.02,-1.44,1758762220.7972617
0.01,-0.02,-1.44,1758762220.799328
0.01,-0.02,-1.44,1758762220.8022776
0.01,-0.02,-1.44,1758762220.804644
0.01,-0.02,-1.44,1758762220.8076203
0.01,-0.02,-1.44,1758762220.8096898
0.01,-0.02,-1.44,1758762220.8128474
0.01,-0.02,-1.44,1758762220.816163
0.01,-0.02,-1.44,1758762220.8190355
0.01,-0.02,-1.44,1758762220.8212826
0.01,-0.02,-1.44,1758762220.823865
0.01,-0.02,-1.44,1758762220.827219
0.01,-0.02,-1.44,1758762220.8304138
0.01,-0.02,-1.44,1758762220.8332484
0.01,-0.02,-1.44,1758762220.836304
0.01,-0.02,-1.44,1758762220.8387127
0.01,-0.02,-1.44,1758762220.8410485
0.01,-0.02,-1.44,1758762220.8442178
0.01,-0.02,-1.44,1758762220.847418
0.01,-0.02,-1.45,1758762220.8497603
0.01,-0.02,-1.45,1758762220.852954
0.01,-0.02,-1.45,1758762220.8558168
0.01,-0.02,-1.45,1758762220.8592696
0.01,-0.02,-1.45,1758762220.862063
0.01,-0.02,-1.45,1758762220.8655958
0.01,-0.02,-1.45,1758762220.8683898
0.01,-0.02,-1.45,1758762220.87177
0.01,-0.02,-1.45,1758762220.8748646
0.01,-0.02,-1.45,1758762220.8777966
0.01,-0.02,-1.45,1758762220.8808022
0.01,-0.02,-1.45,1758762220.8842857
0.01,-0.02,-1.45,1758762220.8870463
0.01,-0.02,-1.45,1758762220.890207
0.01,-0.02,-1.45,1758762220.892938
0.01,-0.02,-1.45,1758762220.896454
0.01,-0.02,-1.45,1758762220.8999832
0.01,-0.02,-1.45,1758762220.9029198
0.01,-0.02,-1.45,1758762220.9052372
0.01,-0.02,-1.45,1758762220.9081872
0.01,-0.02,-1.45,1758762220.9099655
0.01,-0.02,-1.45,1758762220.9129052
0.01,-0.02,-1.45,1758762220.915984
0.01,-0.02,-1.45,1758762220.9182446
0.01,-0.02,-1.45,1758762220.9215498
0.01,-0.02,-1.45,1758762220.924008
0.01,-0.02,-1.45,1758762220.926797
0.01,-0.02,-1.45,1758762220.9284675
0.01,-0.02,-1.45,1758762220.931895
0.01,-0.02,-1.45,1758762220.9358635
0.01,-0.02,-1.45,1758762220.93841
0.01,-0.02,-1.45,1758762220.9400797
0.01,-0.02,-1.45,1758762220.9423494
0.01,-0.02,-1.45,1758762220.9456916
0.01,-0.02,-1.45,1758762220.9494328
0.01,-0.02,-1.45,1758762220.9518828
0.01,-0.02,-1.45,1758762220.954248
0.01,-0.02,-1.45,1758762220.9575915
0.01,-0.02,-1.45,1758762220.9603226
0.01,-0.02,-1.45,1758762220.9635303
0.01,-0.02,-1.45,1758762220.9662764
0.01,-0.02,-1.45,1758762220.969612
0.01,-0.02,-1.45,1758762220.9732282
0.01,-0.02,-1.45,1758762220.9760675
0.01,-0.02,-1.45,1758762220.9792564
0.01,-0.01,-1.45,1758762220.9819994
0.01,-0.02,-1.45,1758762220.9850168
0.01,-0.02,-1.45,1758762220.9878595
0.01,-0.02,-1.45,1758762220.9914863
0.01,-0.02,-1.45,1758762220.994012
0.01,-0.02,-1.45,1758762220.9971051
0.01,-0.02,-1.45,1758762220.9989038
0.01,-0.01,-1.45,1758762221.0019944
0.01,-0.01,-1.45,1758762221.0058618
0.01,-0.01,-1.45,1758762221.0111728
0.01,-0.01,-1.45,1758762221.0142336
0.01,-0.01,-1.45,1758762221.0186627
0.01,-0.01,-1.45,1758762221.022394
0.01,-0.02,-1.45,1758762221.025387
0.01,-0.01,-1.45,1758762221.0290422
0.01,-0.01,-1.45,1758762221.0323212
0.01,-0.01,-1.45,1758762221.036286
0.01,-0.01,-1.45,1758762221.0400238
0.01,-0.01,-1.45,1758762221.0433433
0.01,-0.01,-1.45,1758762221.0466638
0.01,-0.01,-1.45,1758762221.049954
0.01,-0.01,-1.45,1758762221.0536454
0.01,-0.01,-1.45,1758762221.057607
0.01,-0.01,-1.45,1758762221.0614042
0.01,-0.01,-1.45,1758762221.0647435
0.01,-0.01,-1.45,1758762221.0683796
0.01,-0.02,-1.45,1758762221.0716848
0.01,-0.02,-1.45,1758762221.075594
0.01,-0.01,-1.45,1758762221.0789173
0.01,-0.02,-1.45,1758762221.0824823
0.01,-0.01,-1.45,1758762221.0856206
0.01,-0.01,-1.45,1758762221.0888343
0.01,-0.01,-1.45,1758762221.091694
0.01,-0.01,-1.45,1758762221.0947864
0.01,-0.01,-1.45,1758762221.0977657
0.01,-0.01,-1.45,1758762221.1006913
0.01,-0.01,-1.45,1758762221.1034849
0.01,-0.01,-1.45,1758762221.106363
0.01,-0.01,-1.45,1758762221.1096523
0.01,-0.01,-1.45,1758762221.1123729
0.01,-0.01,-1.45,1758762221.1162522
0.01,-0.01,-1.45,1758762221.1188858
0.01,-0.02,-1.45,1758762221.1224167
0.01,-0.01,-1.45,1758762221.1256032
0.01,-0.02,-1.45,1758762221.1283164
0.01,-0.02,-1.45,1758762221.1309865
0.01,-0.02,-1.45,1758762221.134263
0.01,-0.02,-1.45,1758762221.1370313
0.01,-0.02,-1.45,1758762221.140109
0.01,-0.02,-1.45,1758762221.143077
0.01,-0.02,-1.45,1758762221.145868
0.01,-0.02,-1.45,1758762221.1485856
0.01,-0.02,-1.45,1758762221.1516323
0.01,-0.02,-1.45,1758762221.154707
0.01,-0.02,-1.45,1758762221.1575491
0.01,-0.02,-1.45,1758762221.160195
0.01,-0.02,-1.45,1758762221.163308
0.01,-0.02,-1.45,1758762221.1661527
0.01,-0.02,-1.45,1758762221.1688695
0.01,-0.02,-1.45,1758762221.1715827
0.01,-0.02,-1.45,1758762221.1743407
0.01,-0.02,-1.45,1758762221.176268
0.01,-0.02,-1.45,1758762221.1782353
0.01,-0.02,-1.45,1758762221.1799817
0.01,-0.02,-1.45,1758762221.182841
0.01,-0.02,-1.45,1758762221.1858912
0.01,-0.02,-1.45,1758762221.1895986
0.01,-0.02,-1.45,1758762221.1920867
0.01,-0.02,-1.45,1758762221.1946282
0.01,-0.02,-1.45,1758762221.1975136
0.01,-0.02,-1.45,1758762221.199223
0.01,-0.02,-1.45,1758762221.2009954
0.01,-0.02,-1.45,1758762221.2027946
0.01,-0.02,-1.45,1758762221.2046006
0.01,-0.02,-1.45,1758762221.2066257
0.01,-0.02,-1.45,1758762221.2091713
0.01,-0.02,-1.45,1758762221.2113574
0.01,-0.02,-1.45,1758762221.213654
0.01,-0.02,-1.45,1758762221.2165585
0.01,-0.02,-1.45,1758762221.21889
0.01,-0.02,-1.45,1758762221.2211654
0.01,-0.02,-1.45,1758762221.2237709
0.01,-0.02,-1.45,1758762221.2261746
0.01,-0.02,-1.45,1758762221.2284591
0.01,-0.02,-1.45,1758762221.2301817
0.01,-0.02,-1.45,1758762221.2320218
0.01,-0.02,-1.45,1758762221.2341394
0.01,-0.02,-1.45,1758762221.2359982
0.01,-0.02,-1.45,1758762221.2377863
0.01,-0.02,-1.45,1758762221.240511
0.01,-0.02,-1.45,1758762221.2432554
0.01,-0.02,-1.45,1758762221.2455678
0.01,-0.02,-1.45,1758762221.247447
0.01,-0.02,-1.45,1758762221.2490718
0.01,-0.02,-1.45,1758762221.2512794
0.01,-0.02,-1.45,1758762221.2533586
0.01,-0.02,-1.45,1758762221.2554157
0.01,-0.02,-1.45,1758762221.2576733
0.01,-0.02,-1.45,1758762221.2594807
0.01,-0.02,-1.45,1758762221.2614894
0.01,-0.02,-1.45,1758762221.2637568
0.01,-0.02,-1.45,1758762221.26612
0.01,-0.02,-1.45,1758762221.26817
0.01,-0.02,-1.45,1758762221.2700052
0.01,-0.02,-1.45,1758762221.2721405
0.01,-0.02,-1.45,1758762221.274397
0.01,-0.02,-1.45,1758762221.2768023
0.01,-0.02,-1.45,1758762221.2789526
0.01,-0.02,-1.45,1758762221.2813485
0.01,-0.02,-1.45,1758762221.283613
0.01,-0.02,-1.45,1758762221.2868304
0.01,-0.02,-1.45,1758762221.2890558
0.01,-0.02,-1.45,1758762221.2911162
0.01,-0.02,-1.45,1758762221.293808
0.01,-0.02,-1.45,1758762221.2962718
0.01,-0.02,-1.45,1758762221.2992449
0.01,-0.02,-1.45,1758762221.3021386
0.01,-0.02,-1.45,1758762221.3046668
0.01,-0.02,-1.45,1758762221.3066082
0.01,-0.02,-1.45,1758762221.308341
0.01,-0.02,-1.45,1758762221.3102157
0.01,-0.02,-1.45,1758762221.3122354
0.01,-0.02,-1.45,1758762221.3140686
0.01,-0.02,-1.45,1758762221.315845
0.01,-0.02,-1.45,1758762221.3177438
0.01,-0.02,-1.45,1758762221.3196151
0.01,-0.02,-1.45,1758762221.321704
0.01,-0.02,-1.45,1758762221.3235598
0.01,-0.02,-1.45,1758762221.3260882
0.01,-0.02,-1.45,1758762221.3288696
0.01,-0.02,-1.45,1758762221.3308384
0.01,-0.01,-1.45,1758762221.3332918
0.01,-0.02,-1.45,1758762221.3359706
0.01,-0.01,-1.45,1758762221.3386517
0.01,-0.01,-1.45,1758762221.3405724
0.01,-0.01,-1.45,1758762221.3431213
0.01,-0.01,-1.45,1758762221.3452208
0.01,-0.01,-1.45,1758762221.3479135
0.01,-0.01,-1.45,1758762221.350139
0.01,-0.01,-1.45,1758762221.3520854
0.01,-0.01,-1.45,1758762221.354451
0.01,-0.01,-1.45,1758762221.3569434
0.01,-0.01,-1.45,1758762221.3589644
0.01,-0.01,-1.45,1758762221.3608694
0.01,-0.01,-1.45,1758762221.363062
0.01,-0.01,-1.45,1758762221.3648818
0.01,-0.01,-1.45,1758762221.3666408
0.01,-0.01,-1.45,1758762221.3689897
0.01,-0.01,-1.45,1758762221.3709736
0.01,-0.01,-1.45,1758762221.373147
0.01,-0.01,-1.45,1758762221.375486
0.01,-0.01,-1.45,1758762221.3784058
0.01,-0.01,-1.45,1758762221.3806326
0.01,-0.01,-1.45,1758762221.3833652
0.01,-0.01,-1.45,1758762221.386354
0.01,-0.01,-1.45,1758762221.3898027
0.01,-0.01,-1.45,1758762221.3934443
0.01,-0.01,-1.45,1758762221.395687
0.01,-0.01,-1.45,1758762221.3984883
0.01,-0.01,-1.45,1758762221.4009144
0.01,-0.01,-1.45,1758762221.4036884
0.01,-0.01,-1.45,1758762221.4070382
0.01,-0.01,-1.45,1758762221.4101005
0.01,-0.01,-1.45,1758762221.4133058
0.01,-0.01,-1.45,1758762221.416083
0.01,-0.01,-1.45,1758762221.4187744
0.01,-0.01,-1.45,1758762221.421224
0.01,-0.01,-1.45,1758762221.4241712
0.01,-0.01,-1.45,1758762221.427033
0.01,-0.01,-1.45,1758762221.429835
0.01,-0.01,-1.45,1758762221.432607
0.01,-0.01,-1.45,1758762221.435932
0.01,-0.01,-1.45,1758762221.439078
0.01,-0.01,-1.45,1758762221.4430203
0.01,-0.01,-1.45,1758762221.4463654
0.01,-0.01,-1.45,1758762221.4492664
0.01,-0.01,-1.45,1758762221.4522328
0.01,-0.01,-1.45,1758762221.4559648
0.01,-0.01,-1.45,1758762221.458983
0.01,-0.01,-1.45,1758762221.4614422
0.01,-0.01,-1.45,1758762221.4643786
0.01,-0.01,-1.45,1758762221.467999
0.01,-0.01,-1.45,1758762221.4710374
0.01,-0.01,-1.45,1758762221.4740627
0.01,-0.01,-1.45,1758762221.4771085
0.01,-0.01,-1.45,1758762221.4796278
0.01,-0.01,-1.45,1758762221.482379
0.01,-0.01,-1.45,1758762221.4852688
0.01,-0.01,-1.45,1758762221.4878004
0.01,-0.01,-1.45,1758762221.4903326
0.01,-0.01,-1.45,1758762221.4928534
0.01,-0.01,-1.45,1758762221.4956028
0.01,-0.01,-1.45,1758762221.4981678
0.01,-0.01,-1.45,1758762221.500728
0.01,-0.01,-1.45,1758762221.503273
0.01,-0.01,-1.45,1758762221.5058506
0.01,-0.01,-1.45,1758762221.5084114
0.01,-0.01,-1.45,1758762221.5109825
0.01,-0.01,-1.45,1758762221.513615
0.01,-0.01,-1.45,1758762221.516643
0.01,-0.01,-1.45,1758762221.5194373
0.01,-0.01,-1.45,1758762221.5221543
0.01,-0.01,-1.45,1758762221.5244956
0.01,-0.01,-1.45,1758762221.5267775
0.01,-0.01,-1.45,1758762221.5290482
0.01,-0.01,-1.45,1758762221.5312564
0.01,-0.01,-1.45,1758762221.5340087
0.01,-0.01,-1.45,1758762221.5373032
0.01,-0.01,-1.45,1758762221.5401578
0.01,-0.01,-1.45,1758762221.542762
0.01,-0.01,-1.45,1758762221.5460696
0.01,-0.01,-1.45,1758762221.5493093
0.01,-0.01,-1.45,1758762221.5521362
0.01,-0.01,-1.45,1758762221.5547678
0.01,-0.01,-1.45,1758762221.5581186
0.01,-0.01,-1.45,1758762221.5615034
0.01,-0.01,-1.45,1758762221.5654707
0.01,-0.01,-1.45,1758762221.5684793
0.01,-0.01,-1.45,1758762221.5721042
0.01,-0.01,-1.45,1758762221.5747836
0.01,-0.01,-1.45,1758762221.5780933
0.01,-0.01,-1.45,1758762221.581667
0.01,-0.01,-1.45,1758762221.5851412
0.01,-0.01,-1.45,1758762221.588148
0.01,-0.01,-1.45,1758762221.5916998
0.01,-0.01,-1.45,1758762221.5939891
0.01,-0.01,-1.45,1758762221.5975358
0.01,-0.01,-1.45,1758762221.600406
0.01,-0.01,-1.45,1758762221.602774
0.01,-0.01,-1.45,1758762221.605602
0.01,-0.01,-1.45,1758762221.6081543
0.01,-0.01,-1.45,1758762221.6106043
0.01,-0.01,-1.45,1758762221.6158128
0.01,-0.01,-1.45,1758762221.618287
0.01,-0.01,-1.45,1758762221.6219466
0.01,-0.01,-1.45,1758762221.6257775
0.01,-0.01,-1.45,1758762221.6294734
0.01,-0.01,-1.45,1758762221.6331604
0.01,-0.01,-1.45,1758762221.6360595
0.01,-0.01,-1.45,1758762221.640695
0.01,-0.01,-1.45,1758762221.6441264
0.01,-0.01,-1.45,1758762221.648969
0.01,-0.01,-1.45,1758762221.6522946
0.01,-0.01,-1.45,1758762221.6558776
0.01,-0.01,-1.45,1758762221.658786
0.01,-0.01,-1.45,1758762221.662505
0.01,-0.01,-1.45,1758762221.6662908
0.01,-0.01,-1.45,1758762221.6699655
0.01,-0.01,-1.45,1758762221.6737063
0.01,-0.01,-1.45,1758762221.6776247
0.01,-0.01,-1.45,1758762221.6794198
0.01,-0.01,-1.45,1758762221.6835322
0.01,-0.01,-1.45,1758762221.6871612
0.01,-0.01,-1.45,1758762221.692052
0.01,-0.01,-1.45,1758762221.6950052
0.01,-0.01,-1.45,1758762221.6981318
0.01,-0.01,-1.45,1758762221.701031
0.01,-0.01,-1.45,1758762221.7030072
0.01,-0.01,-1.45,1758762221.7052455
0.01,-0.01,-1.45,1758762221.7076604
0.01,-0.01,-1.45,1758762221.7098703
0.01,-0.01,-1.45,1758762221.7124362
0.01,-0.01,-1.45,1758762221.7150526
0.01,-0.01,-1.45,1758762221.7171674
0.01,-0.01,-1.45,1758762221.7195723
0.01,-0.01,-1.45,1758762221.7216942
0.01,-0.01,-1.45,1758762221.7240417
0.01,-0.01,-1.45,1758762221.7263
0.01,-0.01,-1.45,1758762221.728929
0.01,-0.01,-1.45,1758762221.7316642
0.01,-0.01,-1.45,1758762221.733737
0.01,-0.01,-1.45,1758762221.736186
0.01,-0.01,-1.45,1758762221.7381766
0.01,-0.01,-1.45,1758762221.7411735
0.01,-0.01,-1.45,1758762221.7438056
0.01,-0.01,-1.45,1758762221.7458143
0.01,-0.01,-1.45,1758762221.74902
0.01,-0.01,-1.45,1758762221.7515762
0.01,-0.01,-1.45,1758762221.7549746
0.01,-0.01,-1.45,1758762221.7575414
0.01,-0.01,-1.45,1758762221.7609668
0.01,-0.01,-1.45,1758762221.7632675
0.01,-0.01,-1.45,1758762221.7658088
0.01,-0.01,-1.45,1758762221.7694397
0.01,-0.01,-1.45,1758762221.7727463
0.01,-0.01,-1.45,1758762221.775105
0.01,-0.01,-1.45,1758762221.777869
0.01,-0.01,-1.45,1758762221.7798998
0.01,-0.01,-1.45,1758762221.7833362
0.01,-0.01,-1.45,1758762221.7869563
0.01,-0.01,-1.45,1758762221.7888124
0.01,-0.01,-1.45,1758762221.7927651
0.01,-0.01,-1.45,1758762221.795655
0.01,-0.01,-1.45,1758762221.7982955
0.01,-0.01,-1.45,1758762221.8010798
0.01,-0.01,-1.45,1758762221.8039708
0.01,-0.01,-1.45,1758762221.806881
0.01,-0.01,-1.45,1758762221.8100078
0.01,-0.01,-1.45,1758762221.8124137
0.01,-0.01,-1.45,1758762221.816419
0.01,-0.01,-1.45,1758762221.8194652
0.01,-0.01,-1.45,1758762221.8235283
0.01,-0.01,-1.45,1758762221.8283362
0.01,-0.01,-1.45,1758762221.8331993
0.01,-0.01,-1.45,1758762221.8359785
0.01,-0.01,-1.45,1758762221.8400657
0.01,-0.01,-1.45,1758762221.8430803
0.01,-0.01,-1.45,1758762221.8469095
0.01,-0.01,-1.45,1758762221.8517356
0.01,-0.01,-1.45,1758762221.8563082
0.01,-0.01,-1.45,1758762221.859502
0.01,-0.01,-1.45,1758762221.8641138
0.01,-0.01,-1.45,1758762221.866308
0.01,-0.01,-1.45,1758762221.8696198
0.01,-0.01,-1.45,1758762221.8727715
0.01,-0.01,-1.45,1758762221.875875
0.01,-0.01,-1.45,1758762221.879084
0.01,-0.01,-1.45,1758762221.8827095
0.01,-0.01,-1.45,1758762221.8867807
0.01,-0.01,-1.45,1758762221.8901534
0.01,-0.01,-1.45,1758762221.8932748
0.01,-0.01,-1.45,1758762221.8971672
0.01,-0.01,-1.45,1758762221.9029915
0.01,-0.01,-1.45,1758762221.9082458
0.01,-0.01,-1.45,1758762221.9117465
0.01,-0.01,-1.45,1758762221.9144323
0.01,-0.01,-1.45,1758762221.9180703
0.01,-0.01,-1.45,1758762221.9211762
0.01,-0.01,-1.45,1758762221.9242024
0.01,-0.01,-1.45,1758762221.9281008
0.01,-0.01,-1.45,1758762221.9314013
0.01,-0.01,-1.45,1758762221.9350345
0.01,-0.01,-1.45,1758762221.938913
0.01,-0.01,-1.45,1758762221.9424293
0.01,-0.01,-1.45,1758762221.945987
0.01,-0.01,-1.45,1758762221.949013
0.01,-0.01,-1.45,1758762221.9519591
0.01,-0.01,-1.45,1758762221.954584
0.01,-0.01,-1.45,1758762221.958354
0.01,-0.01,-1.45,1758762221.9614809
0.01,-0.01,-1.45,1758762221.9648287
0.01,-0.01,-1.45,1758762221.9689262
0.01,-0.01,-1.45,1758762221.9722433
0.01,-0.01,-1.45,1758762221.9747832
0.01,-0.01,-1.45,1758762221.9777086
0.01,-0.01,-1.45,1758762221.9802997
0.01,-0.01,-1.45,1758762221.9822626
0.01,-0.01,-1.45,1758762221.9862697
0.01,-0.01,-1.45,1758762221.989667
0.01,-0.01,-1.45,1758762221.9931295
0.01,-0.01,-1.45,1758762221.9960313
0.01,-0.01,-1.45,1758762221.999773
0.01,-0.01,-1.45,1758762222.0020423
0.01,-0.01,-1.45,1758762222.0045598
0.01,-0.01,-1.45,1758762222.006196
0.01,-0.01,-1.45,1758762222.0101218
0.01,-0.01,-1.45,1758762222.012844
0.01,-0.01,-1.45,1758762222.0159202
0.01,-0.01,-1.45,1758762222.018867
0.01,-0.01,-1.45,1758762222.0224142
0.01,-0.01,-1.45,1758762222.0256884
0.01,-0.01,-1.45,1758762222.0285738
0.01,-0.01,-1.45,1758762222.0308833
0.01,-0.01,-1.45,1758762222.0342984
0.01,-0.01,-1.45,1758762222.0379865
0.01,-0.01,-1.45,1758762222.0409987
0.01,-0.01,-1.45,1758762222.0441897
0.01,-0.01,-1.45,1758762222.0462952
0.01,-0.01,-1.45,1758762222.0490296
0.01,-0.01,-1.45,1758762222.0509489
0.01,-0.01,-1.45,1758762222.0543046
0.01,-0.01,-1.45,1758762222.057295
0.01,-0.01,-1.45,1758762222.06034
0.01,-0.01,-1.45,1758762222.0628655
0.01,-0.01,-1.45,1758762222.066667
0.01,-0.01,-1.45,1758762222.0703442
0.01,-0.01,-1.45,1758762222.0737922
0.01,-0.01,-1.45,1758762222.0766113
0.01,-0.01,-1.45,1758762222.0782337
0.01,-0.01,-1.45,1758762222.080798
0.01,-0.01,-1.45,1758762222.0824244
0.01,-0.01,-1.45,1758762222.085665
0.01,-0.01,-1.45,1758762222.0880532
0.01,-0.01,-1.45,1758762222.0897057
0.01,-0.01,-1.45,1758762222.0926597
0.01,-0.01,-1.45,1758762222.0942717
0.01,-0.01,-1.45,1758762222.0962186
0.01,-0.01,-1.45,1758762222.098755
0.01,-0.01,-1.45,1758762222.10118
0.01,-0.01,-1.45,1758762222.1028852
0.01,-0.01,-1.45,1758762222.105468
0.01,-0.01,-1.45,1758762222.1085658
0.01,-0.01,-1.45,1758762222.1101758
0.01,-0.01,-1.45,1758762222.113189
0.01,-0.01,-1.45,1758762222.1159496
0.01,-0.01,-1.45,1758762222.1180086
0.01,-0.01,-1.45,1758762222.1206212
0.01,-0.01,-1.45,1758762222.122725
0.01,-0.01,-1.45,1758762222.1257095
0.01,-0.01,-1.45,1758762222.1284196
0.01,-0.01,-1.45,1758762222.130058
0.01,-0.01,-1.45,1758762222.1335006
0.01,-0.01,-1.45,1758762222.1362956
0.01,-0.01,-1.45,1758762222.1401167
0.01,-0.01,-1.45,1758762222.1424675
0.01,-0.01,-1.45,1758762222.1462774
0.01,-0.01,-1.45,1758762222.149608
0.01,-0.01,-1.45,1758762222.152274
0.01,-0.01,-1.45,1758762222.1541402
0.01,-0.01,-1.45,1758762222.1577451
0.01,-0.01,-1.45,1758762222.1613674
0.01,-0.01,-1.45,1758762222.1642983
0.01,-0.01,-1.45,1758762222.1660497
0.01,-0.01,-1.45,1758762222.1689737
0.01,-0.01,-1.45,1758762222.1718554
0.01,-0.01,-1.45,1758762222.1743815
0.01,-0.01,-1.45,1758762222.17732
0.01,-0.01,-1.45,1758762222.1798098
0.01,-0.01,-1.45,1758762222.1814847
0.01,-0.01,-1.45,1758762222.184904
0.01,-0.01,-1.45,1758762222.1866436
0.01,-0.01,-1.45,1758762222.1901894
0.01,-0.01,-1.45,1758762222.192808
0.01,-0.01,-1.45,1758762222.1944246
0.01,-0.01,-1.45,1758762222.1976948
0.01,-0.01,-1.45,1758762222.2005608
0.01,-0.01,-1.45,1758762222.2028189
0.01,-0.01,-1.45,1758762222.2060833
0.01,-0.01,-1.45,1758762222.2084925
0.01,-0.01,-1.45,1758762222.2104926
0.01,-0.01,-1.45,1758762222.213755
0.01,-0.01,-1.45,1758762222.216533
0.01,-0.01,-1.45,1758762222.2181506
0.01,-0.01,-1.45,1758762222.2214935
0.01,-0.01,-1.45,1758762222.22439
0.01,-0.01,-1.45,1758762222.2266586
0.01,-0.01,-1.45,1758762222.2296522
0.01,-0.01,-1.45,1758762222.2322197
0.01,-0.01,-1.45,1758762222.2345347
0.01,-0.01,-1.45,1758762222.2375047
0.01,-0.01,-1.45,1758762222.2401912
0.01,-0.01,-1.45,1758762222.2424705
0.01,-0.01,-1.45,1758762222.245778
0.01,-0.01,-1.45,1758762222.2487583
0.01,-0.02,-1.45,1758762222.251783
0.01,-0.02,-1.45,1758762222.2538643
0.01,-0.02,-1.45,1758762222.2568345
0.01,-0.02,-1.45,1758762222.2600856
0.01,-0.01,-1.45,1758762222.2618968
0.01,-0.01,-1.45,1758762222.2646215
0.01,-0.01,-1.45,1758762222.2665384
0.01,-0.01,-1.45,1758762222.2694693
0.01,-0.01,-1.45,1758762222.272171
0.01,-0.01,-1.45,1758762222.2740233
0.01,-0.01,-1.45,1758762222.2761862
0.01,-0.01,-1.45,1758762222.2779553
0.01,-0.01,-1.45,1758762222.2802577
0.01,-0.01,-1.45,1758762222.2820392
0.01,-0.01,-1.45,1758762222.285602
0.01,-0.01,-1.45,1758762222.2883685
0.01,-0.01,-1.45,1758762222.290504
0.01,-0.01,-1.45,1758762222.2923915
0.01,-0.01,-1.45,1758762222.2948864
0.01,-0.01,-1.45,1758762222.2971914
0.01,-0.01,-1.45,1758762222.2993088
0.01,-0.01,-1.45,1758762222.3011658
0.01,-0.01,-1.45,1758762222.3040185
0.01,-0.01,-1.45,1758762222.3064675
0.01,-0.01,-1.45,1758762222.3091688
0.01,-0.01,-1.45,1758762222.3119085
0.01,-0.01,-1.45,1758762222.3147094
0.01,-0.01,-1.45,1758762222.3173685
0.01,-0.01,-1.45,1758762222.3200696
0.01,-0.01,-1.45,1758762222.322868
0.01,-0.01,-1.45,1758762222.3255014
0.01,-0.01,-1.45,1758762222.3282228
0.01,-0.01,-1.45,1758762222.3308833
0.01,-0.01,-1.45,1758762222.3336253
0.01,-0.01,-1.45,1758762222.3362985
0.01,-0.01,-1.45,1758762222.3389528
0.01,-0.01,-1.45,1758762222.341461
0.01,-0.01,-1.45,1758762222.3450232
0.01,-0.01,-1.46,1758762222.3482904
0.01,-0.01,-1.46,1758762222.3509357
0.01,-0.01,-1.46,1758762222.3534667
0.01,-0.01,-1.46,1758762222.3560882
0.01,-0.01,-1.46,1758762222.3586476
0.01,-0.01,-1.46,1758762222.3611498
0.01,-0.01,-1.46,1758762222.3639612
0.01,-0.01,-1.46,1758762222.3665235
0.01,-0.01,-1.46,1758762222.3690765
0.01,-0.01,-1.46,1758762222.3715878
0.01,-0.01,-1.46,1758762222.3742523
0.01,-0.01,-1.46,1758762222.3767748
0.01,-0.01,-1.46,1758762222.379267
0.01,-0.01,-1.46,1758762222.3818333
0.01,-0.01,-1.46,1758762222.384121
0.01,-0.01,-1.46,1758762222.3867028
0.01,-0.01,-1.46,1758762222.3895586
0.01,-0.01,-1.46,1758762222.3923917
0.01,-0.01,-1.46,1758762222.395766
0.01,-0.01,-1.46,1758762222.398731
0.01,-0.01,-1.46,1758762222.4012382
0.01,-0.01,-1.46,1758762222.4039564
0.01,-0.01,-1.46,1758762222.406745
0.01,-0.01,-1.46,1758762222.4095774
0.01,-0.01,-1.46,1758762222.4120972
0.01,-0.01,-1.46,1758762222.4148753
0.01,-0.01,-1.46,1758762222.4174972
0.01,-0.01,-1.46,1758762222.4205835
0.01,-0.01,-1.46,1758762222.4234524
0.01,-0.01,-1.46,1758762222.426736
0.01,-0.01,-1.46,1758762222.430135
0.01,-0.01,-1.46,1758762222.4332793
0.01,-0.01,-1.46,1758762222.436149
0.01,-0.01,-1.46,1758762222.4387484
0.01,-0.01,-1.46,1758762222.4412768
0.01,-0.01,-1.46,1758762222.445716
0.01,-0.01,-1.46,1758762222.4476082
0.01,-0.01,-1.46,1758762222.449638
0.01,-0.01,-1.46,1758762222.4520571
0.01,-0.01,-1.46,1758762222.454432
0.01,-0.01,-1.46,1758762222.4570322
0.01,-0.01,-1.46,1758762222.4593098
0.01,-0.01,-1.46,1758762222.461493
0.01,-0.01,-1.46,1758762222.4639194
0.01,-0.01,-1.46,1758762222.4661872
0.01,-0.01,-1.46,1758762222.4683852
0.01,-0.01,-1.46,1758762222.47062
0.01,-0.01,-1.46,1758762222.4728415
0.01,-0.01,-1.46,1758762222.474879
0.01,-0.01,-1.46,1758762222.4770305
0.01,-0.01,-1.46,1758762222.4792533
0.01,-0.01,-1.46,1758762222.4814122
0.01,-0.01,-1.46,1758762222.4833188
0.01,-0.01,-1.46,1758762222.4865074
0.01,-0.01,-1.46,1758762222.4899936
0.01,-0.01,-1.46,1758762222.4939537
0.01,-0.01,-1.46,1758762222.4978712
0.01,-0.01,-1.46,1758762222.5022564
0.01,-0.01,-1.46,1758762222.5077477
0.01,-0.01,-1.46,1758762222.510367
0.01,-0.01,-1.46,1758762222.5138595
0.01,-0.01,-1.46,1758762222.5173051
0.01,-0.01,-1.46,1758762222.521571
0.01,-0.01,-1.46,1758762222.5251024
0.01,-0.01,-1.46,1758762222.527015
0.01,-0.01,-1.46,1758762222.5297728
0.01,-0.01,-1.46,1758762222.5326123
0.01,-0.01,-1.46,1758762222.5346212
0.01,-0.01,-1.46,1758762222.5377178
0.01,-0.01,-1.46,1758762222.5405262
0.01,-0.01,-1.46,1758762222.5424628
0.01,-0.01,-1.46,1758762222.5453486
0.01,-0.01,-1.46,1758762222.548246
0.01,-0.01,-1.46,1758762222.550252
0.01,-0.01,-1.46,1758762222.5531151
0.01,-0.01,-1.46,1758762222.5548923
0.01,-0.01,-1.46,1758762222.5574515
0.01,-0.01,-1.46,1758762222.559977
0.01,-0.01,-1.46,1758762222.5617533
0.01,-0.01,-1.46,1758762222.5643308
0.01,-0.01,-1.46,1758762222.5669146
0.01,-0.01,-1.46,1758762222.5695906
0.01,-0.01,-1.46,1758762222.5727026
0.01,-0.01,-1.46,1758762222.5758965
0.01,-0.01,-1.46,1758762222.578312
0.01,-0.01,-1.46,1758762222.5815072
0.01,-0.01,-1.46,1758762222.584043
0.01,-0.01,-1.46,1758762222.5861125
0.01,-0.01,-1.46,1758762222.5899844
0.01,-0.01,-1.46,1758762222.5927773
0.01,-0.01,-1.46,1758762222.5947256
0.01,-0.01,-1.46,1758762222.597394
0.01,-0.01,-1.46,1758762222.5993886
0.01,-0.01,-1.46,1758762222.6016033
0.01,-0.01,-1.46,1758762222.6047106
0.01,-0.01,-1.46,1758762222.6078272
0.01,-0.01,-1.46,1758762222.6100595
0.01,-0.01,-1.46,1758762222.612457
0.01,-0.01,-1.46,1758762222.6144495
0.01,-0.01,-1.46,1758762222.617386
0.01,-0.01,-1.46,1758762222.6202018
0.01,-0.01,-1.46,1758762222.6222312
0.01,-0.01,-1.46,1758762222.625052
0.01,-0.01,-1.46,1758762222.6268618
0.01,-0.01,-1.46,1758762222.6295316
0.01,-0.01,-1.46,1758762222.632414
0.01,-0.01,-1.46,1758762222.6342998
0.01,-0.01,-1.46,1758762222.6372595
0.01,-0.01,-1.46,1758762222.6392446
0.01,-0.01,-1.46,1758762222.64137
0.01,-0.01,-1.46,1758762222.6440246
0.01,-0.01,-1.46,1758762222.645954
0.01,-0.01,-1.46,1758762222.6493175
0.01,-0.01,-1.46,1758762222.6524298
0.01,-0.01,-1.46,1758762222.6564095
0.01,-0.01,-1.46,1758762222.6582444
0.01,-0.01,-1.46,1758762222.661083
0.01,-0.01,-1.46,1758762222.6638453
0.01,-0.01,-1.46,1758762222.666063
0.01,-0.01,-1.46,1758762222.668646
0.01,-0.01,-1.46,1758762222.6705098
0.01,-0.01,-1.46,1758762222.6742022
0.01,-0.01,-1.46,1758762222.6769922
0.01,-0.01,-1.46,1758762222.67885
0.01,-0.01,-1.46,1758762222.681641
0.01,-0.01,-1.46,1758762222.6844528
0.01,-0.01,-1.46,1758762222.688508
0.01,-0.01,-1.46,1758762222.6919284
0.01,-0.01,-1.46,1758762222.6940064
0.01,-0.01,-1.46,1758762222.6972213
0.01,-0.01,-1.46,1758762222.7006311
0.01,-0.01,-1.46,1758762222.7037935
0.01,-0.01,-1.46,1758762222.705938
0.01,-0.01,-1.46,1758762222.708891
0.01,-0.01,-1.46,1758762222.7109
0.01,-0.01,-1.46,1758762222.7140536
0.01,-0.01,-1.46,1758762222.7172155
0.01,-0.01,-1.46,1758762222.7208126
0.01,-0.01,-1.46,1758762222.7244823
0.01,-0.01,-1.46,1758762222.7280643
0.01,-0.01,-1.46,1758762222.7323935
0.01,-0.01,-1.46,1758762222.736403
0.01,-0.01,-1.46,1758762222.7397268
0.01,-0.01,-1.46,1758762222.74228
0.01,-0.01,-1.46,1758762222.7452674
0.01,-0.01,-1.46,1758762222.7472684
0.01,-0.01,-1.46,1758762222.7491305
0.01,-0.01,-1.46,1758762222.7521677
0.01,-0.01,-1.46,1758762222.7553267
0.01,-0.01,-1.46,1758762222.7582023
0.01,-0.01,-1.46,1758762222.7614958
0.01,-0.01,-1.46,1758762222.7635262
0.01,-0.01,-1.46,1758762222.7656386
0.01,-0.01,-1.46,1758762222.7673972
0.01,-0.01,-1.46,1758762222.769168
0.01,-0.01,-1.46,1758762222.7714746
0.01,-0.01,-1.46,1758762222.7741716
0.01,-0.01,-1.46,1758762222.7770774
0.01,-0.01,-1.46,1758762222.7799494
0.01,-0.01,-1.46,1758762222.7829
0.01,-0.01,-1.46,1758762222.7854786
0.01,-0.01,-1.46,1758762222.7880664
0.01,-0.01,-1.46,1758762222.789948
0.01,-0.01,-1.46,1758762222.7922258
0.01,-0.01,-1.46,1758762222.794589
0.01,-0.01,-1.46,1758762222.797101
0.01,-0.01,-1.46,1758762222.7989044
0.01,-0.01,-1.46,1758762222.8016627
0.01,-0.01,-1.46,1758762222.8043964
0.01,-0.01,-1.46,1758762222.8070369
0.01,-0.01,-1.46,1758762222.8100567
0.01,-0.01,-1.46,1758762222.8127596
0.01,-0.01,-1.46,1758762222.815743
0.01,-0.01,-1.46,1758762222.8188813
0.01,-0.01,-1.46,1758762222.8219934
0.01,-0.02,-1.46,1758762222.8241403
0.01,-0.02,-1.46,1758762222.8267498
0.01,-0.02,-1.46,1758762222.8292491
0.01,-0.02,-1.46,1758762222.831865
0.01,-0.02,-1.46,1758762222.834496
0.01,-0.02,-1.46,1758762222.8368657
0.01,-0.02,-1.46,1758762222.839931
0.01,-0.02,-1.46,1758762222.8434
0.01,-0.02,-1.46,1758762222.8459342
0.01,-0.02,-1.46,1758762222.848677
0.01,-0.02,-1.46,1758762222.8517833
0.01,-0.02,-1.46,1758762222.8546062
0.01,-0.02,-1.46,1758762222.8569417
0.01,-0.02,-1.46,1758762222.8591774
0.01,-0.02,-1.46,1758762222.8618288
0.01,-0.02,-1.46,1758762222.8657367
0.01,-0.02,-1.46,1758762222.868358
0.01,-0.02,-1.46,1758762222.8714209
0.01,-0.02,-1.46,1758762222.8739417
0.01,-0.02,-1.46,1758762222.8762982
0.01,-0.02,-1.46,1758762222.8779871
0.01,-0.02,-1.46,1758762222.8813465
0.01,-0.02,-1.46,1758762222.8836296
0.01,-0.02,-1.46,1758762222.8859055
0.01,-0.02,-1.46,1758762222.8886647
0.01,-0.02,-1.46,1758762222.891287
0.01,-0.02,-1.46,1758762222.8941326
0.01,-0.02,-1.46,1758762222.8966312
0.01,-0.02,-1.46,1758762222.8989964
0.01,-0.02,-1.46,1758762222.901659
0.01,-0.02,-1.46,1758762222.9038506
0.01,-0.02,-1.46,1758762222.906569
0.01,-0.02,-1.46,1758762222.908757
0.01,-0.02,-1.46,1758762222.9104557
0.01,-0.02,-1.46,1758762222.9140117
0.01,-0.02,-1.46,1758762222.9157834
0.01,-0.02,-1.46,1758762222.9180462
0.01,-0.02,-1.46,1758762222.9203548
0.01,-0.02,-1.46,1758762222.9227226
0.01,-0.02,-1.46,1758762222.9249036
0.01,-0.02,-1.46,1758762222.9271474
0.01,-0.02,-1.46,1758762222.9290872
0.01,-0.02,-1.46,1758762222.9309716
0.01,-0.02,-1.46,1758762222.9328682
0.01,-0.02,-1.46,1758762222.9346144
0.01,-0.02,-1.46,1758762222.936587
0.01,-0.02,-1.46,1758762222.938396
0.01,-0.02,-1.46,1758762222.9410014
0.01,-0.02,-1.46,1758762222.942885
0.01,-0.02,-1.46,1758762222.9447827
0.01,-0.02,-1.46,1758762222.946536
0.01,-0.02,-1.46,1758762222.9484005
0.01,-0.02,-1.46,1758762222.9507985
0.01,-0.02,-1.46,1758762222.9528055
0.01,-0.02,-1.46,1758762222.9546735
0.01,-0.02,-1.46,1758762222.9566133
0.01,-0.02,-1.46,1758762222.958465
0.01,-0.02,-1.46,1758762222.9602072
0.01,-0.02,-1.46,1758762222.9619966
0.01,-0.02,-1.46,1758762222.9638798
0.01,-0.02,-1.46,1758762222.9659374
0.01,-0.02,-1.46,1758762222.9678075
0.01,-0.02,-1.46,1758762222.969676
0.01,-0.02,-1.46,1758762222.9714868
0.01,-0.02,-1.46,1758762222.9733033
0.01,-0.01,-1.46,1758762222.9767766
0.01,-0.01,-1.46,1758762222.9787369
0.01,-0.01,-1.46,1758762222.9813595
0.01,-0.01,-1.46,1758762222.9842632
0.01,-0.01,-1.46,1758762222.9860303
0.01,-0.01,-1.46,1758762222.9883382
0.01,-0.01,-1.46,1758762222.990257
0.01,-0.01,-1.46,1758762222.9931242
0.01,-0.01,-1.46,1758762222.996068
0.01,-0.01,-1.46,1758762222.9979117
0.01,-0.01,-1.46,1758762223.000342
0.01,-0.01,-1.46,1758762223.0021744
0.01,-0.01,-1.46,1758762223.0050857
0.01,-0.01,-1.46,1758762223.0067725
0.01,-0.01,-1.46,1758762223.0094566
0.01,-0.01,-1.46,1758762223.011927
0.01,-0.01,-1.46,1758762223.0137155
0.01,-0.01,-1.46,1758762223.0160804
0.01,-0.01,-1.46,1758762223.0177238
0.01,-0.01,-1.46,1758762223.0202878
0.01,-0.01,-1.46,1758762223.0224323
0.01,-0.01,-1.46,1758762223.026262
0.01,-0.01,-1.46,1758762223.0294173
0.01,-0.01,-1.46,1758762223.032253
0.01,-0.01,-1.46,1758762223.034299
0.01,-0.01,-1.46,1758762223.0361729
0.01,-0.01,-1.46,1758762223.038975
0.01,-0.01,-1.46,1758762223.0413833
0.01,-0.01,-1.46,1758762223.0440075
0.01,-0.01,-1.46,1758762223.046485
0.01,-0.01,-1.46,1758762223.0487309
0.01,-0.01,-1.46,1758762223.050864
0.01,-0.01,-1.46,1758762223.0526586
0.01,-0.01,-1.46,1758762223.0551426
0.01,-0.01,-1.46,1758762223.0571134
0.01,-0.01,-1.46,1758762223.059661
0.01,-0.01,-1.46,1758762223.0615592
0.01,-0.01,-1.46,1758762223.063982
0.01,-0.01,-1.46,1758762223.0662465
0.01,-0.01,-1.46,1758762223.0698771
0.01,-0.01,-1.46,1758762223.0717864
0.01,-0.01,-1.46,1758762223.0747638
0.01,-0.01,-1.46,1758762223.07656
0.01,-0.01,-1.46,1758762223.0790691
0.01,-0.01,-1.46,1758762223.0811226
0.01,-0.01,-1.46,1758762223.0832443
0.01,-0.01,-1.46,1758762223.0852058
0.01,-0.01,-1.46,1758762223.0873787
0.01,-0.01,-1.46,1758762223.089123
0.01,-0.01,-1.46,1758762223.09277
0.01,-0.01,-1.46,1758762223.0954382
0.01,-0.01,-1.46,1758762223.0977197
0.01,-0.01,-1.46,1758762223.0994885
0.01,-0.01,-1.46,1758762223.1029422
0.01,-0.01,-1.46,1758762223.1059413
0.01,-0.01,-1.46,1758762223.108855
0.01,-0.01,-1.46,1758762223.1122704
0.01,-0.01,-1.46,1758762223.114454
0.01,-0.01,-1.46,1758762223.116387
0.01,-0.01,-1.46,1758762223.1186926
0.01,-0.01,-1.46,1758762223.1221306
0.01,-0.01,-1.46,1758762223.1246195
0.01,-0.01,-1.46,1758762223.1274097
0.01,-0.01,-1.46,1758762223.1306734
0.01,-0.01,-1.46,1758762223.1325054
0.01,-0.01,-1.46,1758762223.136305
0.01,-0.01,-1.46,1758762223.1389625
0.01,-0.01,-1.46,1758762223.1406398
0.01,-0.01,-1.46,1758762223.1434028
0.01,-0.01,-1.46,1758762223.1466556
0.01,-0.01,-1.46,1758762223.1501565
0.01,-0.01,-1.46,1758762223.1521745
0.01,-0.01,-1.46,1758762223.1548018
0.01,-0.01,-1.46,1758762223.1572862
0.01,-0.01,-1.46,1758762223.159368
0.01,-0.01,-1.46,1758762223.162737
0.01,-0.01,-1.46,1758762223.1649528
0.01,-0.01,-1.46,1758762223.1669936
0.01,-0.01,-1.46,1758762223.1697495
0.01,-0.01,-1.46,1758762223.1723747
0.01,-0.01,-1.46,1758762223.1761189
0.01,-0.01,-1.46,1758762223.178654
0.01,-0.01,-1.46,1758762223.1808314
0.01,-0.01,-1.46,1758762223.1839688
0.01,-0.01,-1.46,1758762223.1870272
0.01,-0.01,-1.46,1758762223.1899552
0.01,-0.01,-1.46,1758762223.1918583
0.01,-0.01,-1.46,1758762223.1945038
0.01,-0.01,-1.46,1758762223.1970143
0.01,-0.01,-1.46,1758762223.1997364
0.01,-0.01,-1.46,1758762223.2019248
0.01,-0.01,-1.46,1758762223.2040994
0.01,-0.01,-1.46,1758762223.206268
0.01,-0.01,-1.46,1758762223.2083676
0.01,-0.01,-1.46,1758762223.210498
0.01,-0.01,-1.46,1758762223.2129097
0.01,-0.01,-1.46,1758762223.214971
0.01,-0.01,-1.46,1758762223.2167122
0.01,-0.01,-1.46,1758762223.2184007
0.01,-0.01,-1.46,1758762223.220161
0.01,-0.01,-1.46,1758762223.222184
0.01,-0.01,-1.46,1758762223.2240722
0.01,-0.01,-1.46,1758762223.2269793
0.01,-0.01,-1.46,1758762223.228722
0.01,-0.01,-1.46,1758762223.2312253
0.01,-0.01,-1.46,1758762223.2335994
0.01,-0.01,-1.46,1758762223.236173
0.01,-0.01,-1.46,1758762223.238999
0.01,-0.01,-1.46,1758762223.2414894
0.01,-0.01,-1.46,1758762223.2445035
0.01,-0.01,-1.46,1758762223.2475734
0.01,-0.01,-1.46,1758762223.2510448
0.01,-0.01,-1.46,1758762223.2541893
0.01,-0.01,-1.46,1758762223.2573423
0.01,-0.01,-1.46,1758762223.2604165
0.01,-0.01,-1.46,1758762223.262957
0.01,-0.01,-1.46,1758762223.2657237
0.01,-0.01,-1.46,1758762223.2682488
0.01,-0.01,-1.46,1758762223.2706969
0.01,-0.01,-1.46,1758762223.2735095
0.01,-0.01,-1.46,1758762223.2762704
0.01,-0.01,-1.46,1758762223.278685
0.01,-0.01,-1.46,1758762223.2811835
0.01,-0.01,-1.46,1758762223.2840395
0.01,-0.01,-1.46,1758762223.2868843
0.01,-0.01,-1.46,1758762223.2895486
0.01,-0.01,-1.46,1758762223.291576
0.01,-0.01,-1.46,1758762223.2940223
0.01,-0.01,-1.46,1758762223.2966876
0.01,-0.01,-1.46,1758762223.299646
0.01,-0.01,-1.46,1758762223.3020802
0.01,-0.01,-1.46,1758762223.3049295
0.01,-0.01,-1.46,1758762223.307511
0.01,-0.01,-1.46,1758762223.3102472
0.01,-0.01,-1.46,1758762223.3128407
0.01,-0.01,-1.46,1758762223.315211
0.01,-0.01,-1.46,1758762223.3181229
0.01,-0.01,-1.46,1758762223.320671
0.01,-0.01,-1.46,1758762223.323729
0.01,-0.01,-1.46,1758762223.32697
0.01,-0.01,-1.46,1758762223.329453
0.01,-0.01,-1.46,1758762223.3326294
0.01,-0.01,-1.46,1758762223.3352704
0.01,-0.01,-1.46,1758762223.3385963
0.01,-0.01,-1.46,1758762223.3411791
0.01,-0.01,-1.46,1758762223.344021
0.01,-0.01,-1.46,1758762223.3466356
0.01,-0.01,-1.46,1758762223.3506863
0.01,-0.01,-1.46,1758762223.3529892
0.01,-0.01,-1.46,1758762223.3567314
0.01,-0.01,-1.46,1758762223.3591557
0.01,-0.01,-1.46,1758762223.3617651
0.01,-0.01,-1.46,1758762223.365364
0.01,-0.01,-1.46,1758762223.367705
0.01,-0.01,-1.46,1758762223.370638
0.01,-0.01,-1.46,1758762223.3729532
0.01,-0.01,-1.46,1758762223.3762412
0.01,-0.01,-1.46,1758762223.3789032
0.01,-0.01,-1.46,1758762223.3814914
0.01,-0.01,-1.46,1758762223.3845472
0.01,-0.01,-1.46,1758762223.3878114
0.01,-0.01,-1.46,1758762223.3906744
0.01,-0.01,-1.46,1758762223.3930745
0.01,-0.02,-1.46,1758762223.3963296
0.01,-0.01,-1.46,1758762223.3990924
0.01,-0.01,-1.46,1758762223.401998
0.01,-0.01,-1.46,1758762223.4051769
0.01,-0.01,-1.46,1758762223.407194
0.01,-0.01,-1.46,1758762223.4108186
0.01,-0.01,-1.46,1758762223.4134638
0.01,-0.01,-1.46,1758762223.4163015
0.01,-0.01,-1.46,1758762223.418696
0.01,-0.01,-1.46,1758762223.4219682
0.01,-0.01,-1.46,1758762223.425447
0.01,-0.01,-1.46,1758762223.4282885
0.01,-0.01,-1.46,1758762223.4310942
0.01,-0.01,-1.46,1758762223.4339936
0.01,-0.01,-1.46,1758762223.4368696
0.01,-0.01,-1.46,1758762223.4394376
0.01,-0.01,-1.46,1758762223.442208
0.01,-0.01,-1.46,1758762223.4451966
0.01,-0.01,-1.46,1758762223.4480636
0.01,-0.01,-1.46,1758762223.4508584
0.01,-0.01,-1.46,1758762223.4537091
0.01,-0.01,-1.46,1758762223.456745
0.01,-0.01,-1.46,1758762223.4595284
0.01,-0.01,-1.46,1758762223.462299
0.01,-0.01,-1.46,1758762223.4648626
0.01,-0.01,-1.46,1758762223.4673362
0.01,-0.01,-1.46,1758762223.469937
0.01,-0.01,-1.46,1758762223.4724
0.01,-0.01,-1.46,1758762223.4750051
0.01,-0.01,-1.46,1758762223.4775443
0.01,-0.01,-1.46,1758762223.4801724
0.01,-0.01,-1.46,1758762223.4829
0.01,-0.01,-1.46,1758762223.485441
0.01,-0.01,-1.46,1758762223.4879656
0.01,-0.01,-1.46,1758762223.4907265
0.01,-0.01,-1.46,1758762223.493312
0.01,-0.01,-1.46,1758762223.495885
0.01,-0.01,-1.46,1758762223.498407
0.01,-0.01,-1.46,1758762223.5009413
0.01,-0.01,-1.46,1758762223.5034554
0.01,-0.01,-1.46,1758762223.5060575
0.01,-0.01,-1.46,1758762223.5085964
0.01,-0.01,-1.46,1758762223.511124
0.01,-0.01,-1.46,1758762223.5138388
0.01,-0.01,-1.46,1758762223.5163424
0.01,-0.01,-1.46,1758762223.5189087
0.01,-0.01,-1.46,1758762223.5215502
0.01,-0.01,-1.46,1758762223.5242362
0.01,-0.01,-1.46,1758762223.526798
0.01,-0.01,-1.46,1758762223.5293176
0.01,-0.01,-1.46,1758762223.5318444
0.01,-0.01,-1.46,1758762223.5345058
0.01,-0.01,-1.46,1758762223.5370166
0.01,-0.01,-1.46,1758762223.539639
0.01,-0.01,-1.46,1758762223.5421658
0.01,-0.01,-1.46,1758762223.544906
0.01,-0.01,-1.46,1758762223.5476067
0.01,-0.01,-1.46,1758762223.550289
0.01,-0.01,-1.46,1758762223.5528674
0.01,-0.01,-1.46,1758762223.555494
0.01,-0.01,-1.46,1758762223.5580266
0.01,-0.01,-1.46,1758762223.560561
0.01,-0.01,-1.46,1758762223.563254
0.01,-0.01,-1.46,1758762223.5658195
0.01,-0.01,-1.46,1758762223.5685644
0.01,-0.01,-1.46,1758762223.5710945
0.01,-0.01,-1.46,1758762223.5736687
0.01,-0.01,-1.46,1758762223.5762017
0.01,-0.01,-1.46,1758762223.5787642
0.01,-0.01,-1.46,1758762223.5813646
0.01,-0.01,-1.46,1758762223.584114
0.01,-0.01,-1.46,1758762223.586608
0.01,-0.01,-1.46,1758762223.5893197
0.01,-0.01,-1.46,1758762223.5918562
0.01,-0.01,-1.46,1758762223.5946932
0.01,-0.01,-1.46,1758762223.597353
0.01,-0.01,-1.46,1758762223.5998795
0.01,-0.01,-1.46,1758762223.6023629
0.01,-0.01,-1.46,1758762223.604943
0.01,-0.01,-1.46,1758762223.6074674
0.01,-0.01,-1.46,1758762223.6100056
0.01,-0.01,-1.46,1758762223.6126246
0.01,-0.01,-1.46,1758762223.6151457
0.01,-0.01,-1.46,1758762223.6177468
0.01,-0.01,-1.46,1758762223.620262
0.01,-0.01,-1.46,1758762223.6228118
0.01,-0.01,-1.46,1758762223.626035
0.01,-0.01,-1.46,1758762223.628937
0.01,-0.01,-1.46,1758762223.631531
0.01,-0.01,-1.46,1758762223.634134
0.01,-0.01,-1.46,1758762223.636755
0.01,-0.01,-1.46,1758762223.6394274
0.01,-0.01,-1.46,1758762223.6428068
0.01,-0.01,-1.46,1758762223.645725
0.01,-0.01,-1.46,1758762223.6482964
0.01,-0.01,-1.46,1758762223.6509
0.01,-0.01,-1.46,1758762223.653869
0.01,-0.01,-1.46,1758762223.6565416
0.01,-0.01,-1.46,1758762223.659119
0.01,-0.01,-1.46,1758762223.6616936
0.01,-0.01,-1.46,1758762223.6655326
0.01,-0.01,-1.46,1758762223.6684113
0.01,-0.01,-1.46,1758762223.6710088
0.01,-0.01,-1.46,1758762223.6745346
0.01,-0.01,-1.46,1758762223.6776953
0.01,-0.01,-1.46,1758762223.6810472
0.01,-0.01,-1.46,1758762223.684131
0.01,-0.01,-1.46,1758762223.686865
0.01,-0.01,-1.46,1758762223.689778
0.01,-0.01,-1.46,1758762223.692389
0.01,-0.01,-1.46,1758762223.695801
0.01,-0.01,-1.46,1758762223.6987724
0.01,-0.01,-1.46,1758762223.701371
0.01,-0.01,-1.47,1758762223.7041826
0.01,-0.01,-1.47,1758762223.706539
0.01,-0.01,-1.47,1758762223.7088697
0.01,-0.01,-1.47,1758762223.711338
0.01,-0.01,-1.47,1758762223.7137723
0.01,-0.01,-1.47,1758762223.7160213
0.01,-0.01,-1.47,1758762223.7182682
0.01,-0.01,-1.47,1758762223.720393
0.01,-0.01,-1.47,1758762223.7224934
0.01,-0.01,-1.47,1758762223.7250483
0.01,-0.01,-1.47,1758762223.727987
0.01,-0.01,-1.47,1758762223.7308743
0.01,-0.01,-1.47,1758762223.7333186
0.01,-0.01,-1.47,1758762223.7358618
0.01,-0.01,-1.47,1758762223.7382455
0.01,-0.01,-1.47,1758762223.7406702
0.01,-0.01,-1.47,1758762223.7432616
0.01,-0.01,-1.47,1758762223.7461796
0.01,-0.01,-1.47,1758762223.750285
0.01,-0.01,-1.47,1758762223.7537367
0.01,-0.01,-1.47,1758762223.756173
0.01,-0.01,-1.47,1758762223.7577968
0.01,-0.01,-1.47,1758762223.7597485
0.01,-0.01,-1.47,1758762223.76244
0.01,-0.01,-1.47,1758762223.765493
0.01,-0.01,-1.47,1758762223.7680402
0.01,-0.01,-1.47,1758762223.7697656
0.01,-0.01,-1.47,1758762223.7721827
0.01,-0.01,-1.47,1758762223.7758083
0.01,-0.01,-1.47,1758762223.7783637
0.01,-0.01,-1.47,1758762223.7808704
0.01,-0.01,-1.47,1758762223.784309
0.01,-0.01,-1.47,1758762223.786687
0.01,-0.01,-1.47,1758762223.790076
0.01,-0.01,-1.47,1758762223.792272
0.01,-0.01,-1.47,1758762223.7940698
0.01,-0.01,-1.47,1758762223.796661
0.01,-0.01,-1.47,1758762223.7983088
0.01,-0.01,-1.47,1758762223.799924
0.01,-0.01,-1.47,1758762223.8026054
0.01,-0.01,-1.47,1758762223.805106
0.01,-0.01,-1.47,1758762223.8067615
0.01,-0.01,-1.47,1758762223.8091943
0.01,-0.01,-1.47,1758762223.8108234
0.01,-0.01,-1.47,1758762223.812484
0.01,-0.01,-1.47,1758762223.815972
0.01,-0.01,-1.47,1758762223.8176415
0.01,-0.01,-1.47,1758762223.8201594
0.01,-0.01,-1.47,1758762223.8217804
0.01,-0.01,-1.47,1758762223.824264
0.01,-0.01,-1.47,1758762223.8258774
0.01,-0.01,-1.47,1758762223.828194
0.01,-0.01,-1.47,1758762223.829893
0.01,-0.01,-1.47,1758762223.8321714
0.01,-0.01,-1.47,1758762223.8339038
0.01,-0.01,-1.47,1758762223.8356009
0.01,-0.01,-1.47,1758762223.838714
0.01,-0.01,-1.47,1758762223.841504
0.01,-0.01,-1.47,1758762223.8433516
0.01,-0.01,-1.47,1758762223.846506
0.01,-0.01,-1.47,1758762223.8497672
0.01,-0.01,-1.47,1758762223.8524568
0.01,-0.01,-1.47,1758762223.8542309
0.01,-0.01,-1.47,1758762223.8564806
0.01,-0.01,-1.47,1758762223.8585465
0.01,-0.01,-1.47,1758762223.8613088
0.01,-0.01,-1.47,1758762223.864539
0.01,-0.01,-1.47,1758762223.8683634
0.01,-0.01,-1.47,1758762223.8721592
0.01,-0.01,-1.47,1758762223.8760293
0.01,-0.01,-1.47,1758762223.879902
0.01,-0.01,-1.47,1758762223.8839684
0.01,-0.01,-1.47,1758762223.8863585
0.01,-0.01,-1.47,1758762223.890689
0.01,-0.01,-1.47,1758762223.8939114
0.01,-0.01,-1.47,1758762223.897699
0.01,-0.01,-1.47,1758762223.9014113
0.01,-0.01,-1.47,1758762223.905073
0.01,-0.01,-1.47,1758762223.9086013
0.01,-0.01,-1.47,1758762223.912107
0.01,-0.01,-1.47,1758762223.9145443
0.01,-0.01,-1.47,1758762223.9170363
0.01,-0.01,-1.47,1758762223.920105
0.01,-0.01,-1.47,1758762223.9235394
0.01,-0.01,-1.47,1758762223.9270682
0.01,-0.01,-1.47,1758762223.9293735
0.01,-0.01,-1.47,1758762223.932937
0.01,-0.01,-1.47,1758762223.93684
0.01,-0.01,-1.47,1758762223.940292
0.01,-0.01,-1.47,1758762223.9436154
0.01,-0.01,-1.47,1758762223.9468307
0.01,-0.01,-1.47,1758762223.949794
0.01,-0.01,-1.47,1758762223.9532073
0.01,-0.01,-1.47,1758762223.9566054
0.01,-0.01,-1.47,1758762223.959314
0.01,-0.01,-1.47,1758762223.962918
0.01,-0.01,-1.47,1758762223.9659324
0.01,-0.01,-1.47,1758762223.968963
0.01,-0.01,-1.47,1758762223.9725986
0.01,-0.01,-1.47,1758762223.9750357
0.01,-0.01,-1.47,1758762223.977135
0.01,-0.01,-1.47,1758762223.9798293
0.01,-0.01,-1.47,1758762223.9823337
0.01,-0.01,-1.47,1758762223.9842305
0.01,-0.01,-1.47,1758762223.986647
0.01,-0.01,-1.47,1758762223.989254
0.01,-0.01,-1.47,1758762223.9915206
0.01,-0.01,-1.47,1758762223.9939158
0.01,-0.01,-1.47,1758762223.9964762
0.01,-0.01,-1.47,1758762223.998584
0.01,-0.01,-1.47,1758762224.000419
0.01,-0.01,-1.47,1758762224.0037315
0.01,-0.01,-1.47,1758762224.0070522
0.01,-0.01,-1.47,1758762224.0102527
0.01,-0.01,-1.47,1758762224.0133436
0.01,-0.01,-1.47,1758762224.015555
0.01,-0.01,-1.47,1758762224.0178385
0.01,-0.01,-1.47,1758762224.019758
0.01,-0.01,-1.47,1758762224.022347
0.01,-0.01,-1.47,1758762224.024719
0.01,-0.01,-1.47,1758762224.0267737
0.01,-0.01,-1.47,1758762224.02864
0.01,-0.01,-1.47,1758762224.030965
0.01,-0.01,-1.47,1758762224.0330474
0.01,-0.02,-1.47,1758762224.0357068
0.01,-0.01,-1.47,1758762224.0378318
0.01,-0.02,-1.47,1758762224.040093
0.01,-0.02,-1.47,1758762224.0424306
0.01,-0.02,-1.47,1758762224.0444143
0.01,-0.02,-1.47,1758762224.0463283
0.01,-0.02,-1.47,1758762224.048683
0.01,-0.02,-1.47,1758762224.0514047
0.01,-0.02,-1.47,1758762224.0540855
0.01,-0.02,-1.47,1758762224.058298
0.01,-0.02,-1.47,1758762224.062064
0.01,-0.02,-1.47,1758762224.0649216
0.01,-0.01,-1.47,1758762224.0679884
0.01,-0.01,-1.47,1758762224.0701685
0.01,-0.02,-1.47,1758762224.0722773
0.01,-0.02,-1.47,1758762224.0751765
0.01,-0.02,-1.47,1758762224.0774364
0.01,-0.01,-1.47,1758762224.079704
0.01,-0.01,-1.47,1758762224.0816696
0.01,-0.02,-1.47,1758762224.0843718
0.01,-0.01,-1.47,1758762224.086381
0.01,-0.02,-1.47,1758762224.0889406
0.01,-0.01,-1.47,1758762224.0909271
0.01,-0.01,-1.47,1758762224.093394
0.01,-0.01,-1.47,1758762224.0956025
0.01,-0.01,-1.47,1758762224.097651
0.01,-0.01,-1.47,1758762224.0996892
0.01,-0.01,-1.47,1758762224.1017632
0.01,-0.01,-1.47,1758762224.104173
0.01,-0.01,-1.47,1758762224.1065996
0.01,-0.01,-1.47,1758762224.108608
0.01,-0.01,-1.47,1758762224.1110415
0.01,-0.01,-1.47,1758762224.1130388
0.01,-0.01,-1.47,1758762224.1153724
0.01,-0.01,-1.47,1758762224.117335
0.01,-0.01,-1.47,1758762224.1196277
0.01,-0.01,-1.47,1758762224.1216471
0.01,-0.01,-1.47,1758762224.1242185
0.01,-0.01,-1.47,1758762224.1262617
0.01,-0.01,-1.47,1758762224.1282108
0.01,-0.01,-1.47,1758762224.1301198
0.01,-0.01,-1.47,1758762224.1329625
0.01,-0.01,-1.47,1758762224.135062
0.01,-0.01,-1.47,1758762224.1375976
0.01,-0.01,-1.47,1758762224.139876
0.01,-0.01,-1.47,1758762224.1418483
0.01,-0.01,-1.47,1758762224.1439562
0.01,-0.01,-1.47,1758762224.1463387
0.01,-0.01,-1.47,1758762224.1481814
0.01,-0.01,-1.47,1758762224.150395
0.01,-0.01,-1.47,1758762224.152343
0.01,-0.01,-1.47,1758762224.1551895
0.01,-0.01,-1.47,1758762224.1570892
0.01,-0.01,-1.47,1758762224.159611
0.01,-0.01,-1.47,1758762224.1621206
0.01,-0.01,-1.47,1758762224.164313
0.01,-0.01,-1.47,1758762224.1662016
0.01,-0.01,-1.47,1758762224.168518
0.01,-0.01,-1.47,1758762224.1704116
0.01,-0.01,-1.47,1758762224.172996
0.01,-0.01,-1.47,1758762224.1749334
0.01,-0.01,-1.47,1758762224.1774218
0.01,-0.01,-1.47,1758762224.1793692
0.01,-0.01,-1.47,1758762224.1816351
0.01,-0.01,-1.47,1758762224.1836526
0.01,-0.01,-1.47,1758762224.1862028
0.01,-0.01,-1.47,1758762224.1887174
0.01,-0.01,-1.47,1758762224.1908264
0.01,-0.01,-1.47,1758762224.192854
0.01,-0.01,-1.47,1758762224.1950295
0.01,-0.01,-1.47,1758762224.1971552
0.01,-0.01,-1.47,1758762224.1994405
0.01,-0.01,-1.47,1758762224.2014406
0.01,-0.01,-1.47,1758762224.2034516
0.01,-0.01,-1.47,1758762224.2054298
0.01,-0.01,-1.47,1758762224.2072165
0.01,-0.01,-1.47,1758762224.2096946
0.01,-0.01,-1.47,1758762224.2121108
0.01,-0.01,-1.47,1758762224.2141905
0.01,-0.01,-1.47,1758762224.216747
0.01,-0.01,-1.47,1758762224.2186496
0.01,-0.01,-1.47,1758762224.2208662
0.01,-0.01,-1.47,1758762224.2236743
0.01,-0.01,-1.47,1758762224.2263873
0.01,-0.01,-1.47,1758762224.228407
0.01,-0.01,-1.47,1758762224.2308784
0.01,-0.01,-1.47,1758762224.233719
0.01,-0.01,-1.47,1758762224.236466
0.01,-0.01,-1.47,1758762224.2392545
0.01,-0.01,-1.47,1758762224.2411227
0.01,-0.01,-1.47,1758762224.2447472
0.01,-0.01,-1.47,1758762224.24691
0.01,-0.01,-1.47,1758762224.2487671
0.01,-0.01,-1.47,1758762224.2522223
0.01,-0.01,-1.47,1758762224.2555425
0.01,-0.01,-1.47,1758762224.25793
0.01,-0.01,-1.47,1758762224.260482
0.01,-0.01,-1.47,1758762224.2629175
0.01,-0.01,-1.47,1758762224.264838
0.01,-0.01,-1.47,1758762224.2680447
0.01,-0.01,-1.47,1758762224.270557
0.01,-0.01,-1.47,1758762224.273711
0.01,-0.01,-1.47,1758762224.2769432
0.01,-0.01,-1.47,1758762224.279623
0.01,-0.01,-1.47,1758762224.282307
0.01,-0.01,-1.47,1758762224.2845263
0.01,-0.01,-1.47,1758762224.2867548
0.01,-0.01,-1.47,1758762224.289356
0.01,-0.01,-1.47,1758762224.2917948
0.01,-0.01,-1.47,1758762224.2949278
0.01,-0.01,-1.47,1758762224.297996
0.01,-0.01,-1.47,1758762224.2999816
0.01,-0.01,-1.47,1758762224.30261
0.01,-0.01,-1.47,1758762224.305701
0.01,-0.01,-1.47,1758762224.3085892
0.01,-0.01,-1.47,1758762224.3111248
0.01,-0.01,-1.47,1758762224.313724
0.01,-0.01,-1.47,1758762224.3169284
0.01,-0.01,-1.47,1758762224.3195903
0.01,-0.01,-1.47,1758762224.322708
0.01,-0.01,-1.47,1758762224.3255396
0.01,-0.01,-1.47,1758762224.3281198
0.01,-0.01,-1.47,1758762224.331241
0.01,-0.01,-1.47,1758762224.3340998
0.01,-0.01,-1.47,1758762224.3371425
0.01,-0.01,-1.47,1758762224.340586
0.01,-0.01,-1.47,1758762224.3433735
0.01,-0.01,-1.47,1758762224.3462882
0.01,-0.01,-1.47,1758762224.348935
0.01,-0.01,-1.47,1758762224.351938
0.01,-0.01,-1.47,1758762224.3546684
0.01,-0.01,-1.47,1758762224.3579364
0.01,-0.01,-1.47,1758762224.3608215
0.01,-0.01,-1.47,1758762224.364501
0.01,-0.01,-1.47,1758762224.3673842
0.01,-0.01,-1.47,1758762224.3705995
0.01,-0.02,-1.47,1758762224.3731651
0.01,-0.02,-1.47,1758762224.3748353
0.01,-0.02,-1.47,1758762224.3769517
0.01,-0.02,-1.47,1758762224.3789086
0.01,-0.02,-1.47,1758762224.3806317
0.01,-0.02,-1.47,1758762224.383629
0.01,-0.01,-1.47,1758762224.3866398
0.01,-0.02,-1.47,1758762224.3888855
0.01,-0.02,-1.47,1758762224.3924909
0.01,-0.01,-1.47,1758762224.3949852
0.01,-0.01,-1.47,1758762224.3972251
0.01,-0.02,-1.47,1758762224.400109
0.01,-0.02,-1.47,1758762224.4032707
0.01,-0.02,-1.47,1758762224.4054198
0.01,-0.02,-1.47,1758762224.4079328
0.01,-0.01,-1.47,1758762224.4109387
0.01,-0.01,-1.47,1758762224.4145415
0.01,-0.01,-1.47,1758762224.417696
0.01,-0.01,-1.47,1758762224.4208915
0.01,-0.01,-1.47,1758762224.4228897
0.01,-0.01,-1.47,1758762224.424529
0.01,-0.01,-1.47,1758762224.426514
0.01,-0.01,-1.47,1758762224.4286168
0.01,-0.01,-1.47,1758762224.4304624
0.01,-0.01,-1.47,1758762224.432805
0.01,-0.01,-1.47,1758762224.436299
0.01,-0.01,-1.47,1758762224.4393487
0.01,-0.01,-1.47,1758762224.4410284
0.01,-0.01,-1.47,1758762224.4439409
0.01,-0.01,-1.47,1758762224.4467485
0.01,-0.01,-1.47,1758762224.449001
0.01,-0.01,-1.47,1758762224.4516518
0.01,-0.01,-1.47,1758762224.4541745
0.01,-0.01,-1.47,1758762224.4564848
0.01,-0.01,-1.47,1758762224.4588797
0.01,-0.02,-1.47,1758762224.4612231
0.01,-0.02,-1.47,1758762224.4634717
0.01,-0.02,-1.47,1758762224.4656625
0.01,-0.02,-1.47,1758762224.4679868
0.01,-0.02,-1.47,1758762224.4702597
0.01,-0.02,-1.47,1758762224.4725723
0.01,-0.02,-1.47,1758762224.474936
0.01,-0.01,-1.47,1758762224.477189
0.01,-0.01,-1.47,1758762224.4800198
0.01,-0.01,-1.47,1758762224.4822743
0.01,-0.01,-1.47,1758762224.4847002
0.01,-0.01,-1.47,1758762224.487109
0.01,-0.02,-1.47,1758762224.489283
0.01,-0.02,-1.47,1758762224.4915557
0.01,-0.02,-1.47,1758762224.494619
0.01,-0.02,-1.47,1758762224.4976883
0.01,-0.02,-1.47,1758762224.5002744
0.01,-0.02,-1.47,1758762224.5024695
0.01,-0.02,-1.47,1758762224.5057433
0.01,-0.02,-1.47,1758762224.508559
0.01,-0.02,-1.47,1758762224.511203
0.01,-0.02,-1.47,1758762224.5134494
0.01,-0.02,-1.47,1758762224.5157225
0.01,-0.02,-1.47,1758762224.5180006
0.01,-0.02,-1.47,1758762224.520223
0.01,-0.02,-1.47,1758762224.522455
0.01,-0.02,-1.47,1758762224.524763
0.01,-0.02,-1.47,1758762224.527345
0.01,-0.02,-1.47,1758762224.529698
0.01,-0.02,-1.47,1758762224.5319376
0.01,-0.02,-1.47,1758762224.5343077
0.01,-0.02,-1.47,1758762224.5365648
0.01,-0.02,-1.47,1758762224.538952
0.01,-0.02,-1.47,1758762224.5412054
0.01,-0.02,-1.47,1758762224.5435452
0.01,-0.02,-1.47,1758762224.5460029
0.01,-0.02,-1.47,1758762224.5489223
0.01,-0.02,-1.47,1758762224.551733
0.01,-0.02,-1.47,1758762224.5546298
0.01,-0.02,-1.47,1758762224.5573113
0.01,-0.02,-1.47,1758762224.5609574
0.01,-0.02,-1.47,1758762224.5636988
0.01,-0.02,-1.47,1758762224.566099
0.01,-0.02,-1.47,1758762224.5687969
0.01,-0.02,-1.47,1758762224.572219
0.01,-0.02,-1.47,1758762224.5755813
0.01,-0.02,-1.47,1758762224.5789108
0.01,-0.02,-1.47,1758762224.581882
0.01,-0.02,-1.47,1758762224.5845134
0.01,-0.02,-1.47,1758762224.5867867
0.01,-0.02,-1.47,1758762224.589013
0.01,-0.02,-1.47,1758762224.5914946
0.01,-0.02,-1.47,1758762224.5937874
0.01,-0.02,-1.47,1758762224.5961308
0.01,-0.02,-1.47,1758762224.598336
0.01,-0.02,-1.47,1758762224.600557
0.01,-0.02,-1.47,1758762224.6029596
0.01,-0.02,-1.47,1758762224.6053724
0.01,-0.02,-1.47,1758762224.6081288
0.01,-0.02,-1.47,1758762224.6106193
0.01,-0.02,-1.47,1758762224.6133313
0.01,-0.02,-1.47,1758762224.616655
0.01,-0.02,-1.47,1758762224.6190548
0.01,-0.02,-1.47,1758762224.621379
0.01,-0.02,-1.47,1758762224.6237311
0.01,-0.02,-1.47,1758762224.6260054
0.01,-0.02,-1.47,1758762224.6282752
0.01,-0.02,-1.47,1758762224.630715
0.01,-0.02,-1.47,1758762224.633036
0.01,-0.02,-1.47,1758762224.6352818
0.01,-0.02,-1.47,1758762224.6374917
0.01,-0.02,-1.47,1758762224.639703
0.01,-0.02,-1.47,1758762224.641922
0.01,-0.02,-1.47,1758762224.6442018
0.01,-0.02,-1.47,1758762224.6465397
0.01,-0.02,-1.47,1758762224.649008
0.01,-0.02,-1.47,1758762224.6513126
0.01,-0.02,-1.47,1758762224.6536725
0.01,-0.02,-1.47,1758762224.655937
0.01,-0.02,-1.47,1758762224.6583335
0.01,-0.02,-1.47,1758762224.6606224
0.01,-0.02,-1.47,1758762224.6631114
0.01,-0.02,-1.47,1758762224.6653962
0.01,-0.02,-1.47,1758762224.6677108
0.01,-0.02,-1.47,1758762224.6699295
0.01,-0.02,-1.47,1758762224.6722367
0.01,-0.02,-1.47,1758762224.6745813
0.01,-0.02,-1.47,1758762224.6764274
0.01,-0.02,-1.47,1758762224.678687
0.01,-0.02,-1.47,1758762224.681099
0.01,-0.02,-1.47,1758762224.6835332
0.01,-0.02,-1.47,1758762224.685841
0.01,-0.02,-1.47,1758762224.688037
0.01,-0.02,-1.47,1758762224.690297
0.01,-0.02,-1.47,1758762224.6925075
0.01,-0.02,-1.47,1758762224.695155
0.01,-0.02,-1.47,1758762224.6975265
0.01,-0.02,-1.47,1758762224.7003777
0.01,-0.02,-1.47,1758762224.7029097
0.01,-0.02,-1.47,1758762224.70586
0.01,-0.02,-1.47,1758762224.7085738
0.01,-0.02,-1.47,1758762224.7108848
0.01,-0.02,-1.47,1758762224.713173
0.01,-0.02,-1.47,1758762224.715432
0.01,-0.02,-1.47,1758762224.7178333
0.01,-0.02,-1.47,1758762224.720192
0.01,-0.02,-1.47,1758762224.7230947
0.01,-0.02,-1.47,1758762224.7263052
0.01,-0.02,-1.47,1758762224.7289958
0.01,-0.02,-1.47,1758762224.7313366
0.01,-0.02,-1.47,1758762224.7336967
0.01,-0.02,-1.47,1758762224.7360637
0.01,-0.02,-1.47,1758762224.7385972
0.01,-0.02,-1.47,1758762224.740966
0.01,-0.02,-1.47,1758762224.7441912
0.01,-0.02,-1.47,1758762224.7465813
0.01,-0.02,-1.47,1758762224.7489345
0.01,-0.02,-1.47,1758762224.7518675
0.01,-0.02,-1.47,1758762224.75433
0.01,-0.02,-1.47,1758762224.7566466
0.01,-0.02,-1.47,1758762224.7589653
0.01,-0.02,-1.47,1758762224.7620149
0.01,-0.02,-1.47,1758762224.765845
0.01,-0.02,-1.47,1758762224.7685568
0.01,-0.02,-1.47,1758762224.7713232
0.01,-0.02,-1.47,1758762224.7740562
0.01,-0.02,-1.47,1758762224.7765112
0.01,-0.02,-1.47,1758762224.779261
0.01,-0.02,-1.47,1758762224.7817862
0.01,-0.02,-1.47,1758762224.7841728
0.01,-0.02,-1.47,1758762224.7865598
0.01,-0.02,-1.47,1758762224.7893367
0.01,-0.02,-1.47,1758762224.7936456
0.01,-0.02,-1.47,1758762224.7964556
0.01,-0.02,-1.47,1758762224.7986505
0.01,-0.02,-1.47,1758762224.8011432
0.01,-0.02,-1.47,1758762224.8046217
0.01,-0.02,-1.47,1758762224.8069272
0.01,-0.02,-1.47,1758762224.809996
0.01,-0.02,-1.47,1758762224.812773
0.01,-0.02,-1.47,1758762224.815704
0.01,-0.02,-1.47,1758762224.8182151
0.01,-0.02,-1.47,1758762224.8206186
0.01,-0.02,-1.47,1758762224.8231423
0.01,-0.02,-1.47,1758762224.8256032
0.01,-0.02,-1.47,1758762224.8278422
0.01,-0.02,-1.47,1758762224.8302982
0.01,-0.02,-1.47,1758762224.8326423
0.01,-0.02,-1.47,1758762224.8349006
0.01,-0.02,-1.47,1758762224.837076
0.01,-0.02,-1.47,1758762224.8393264
0.01,-0.02,-1.47,1758762224.8416853
0.01,-0.02,-1.47,1758762224.8441255
0.01,-0.02,-1.47,1758762224.84738
0.01,-0.02,-1.47,1758762224.8499527
0.01,-0.02,-1.47,1758762224.8524208
0.01,-0.02,-1.47,1758762224.8541498
0.01,-0.02,-1.47,1758762224.8562205
0.01,-0.02,-1.47,1758762224.85825
0.01,-0.02,-1.47,1758762224.859885
0.01,-0.02,-1.47,1758762224.8616543
0.01,-0.02,-1.47,1758762224.863622
0.01,-0.02,-1.47,1758762224.8652956
0.01,-0.02,-1.47,1758762224.866941
0.01,-0.02,-1.47,1758762224.8688269
0.01,-0.02,-1.47,1758762224.8710938
0.01,-0.02,-1.47,1758762224.8738885
0.01,-0.02,-1.47,1758762224.8765
0.01,-0.02,-1.47,1758762224.8801205
0.01,-0.02,-1.47,1758762224.8837862
0.01,-0.02,-1.47,1758762224.886838
0.01,-0.02,-1.47,1758762224.889681
0.01,-0.02,-1.47,1758762224.8919177
0.01,-0.02,-1.47,1758762224.8939905
0.01,-0.02,-1.47,1758762224.896379
0.01,-0.02,-1.47,1758762224.8988202
0.01,-0.02,-1.47,1758762224.900778
0.01,-0.02,-1.47,1758762224.9030592
0.01,-0.02,-1.47,1758762224.9054697
0.01,-0.02,-1.47,1758762224.908137
0.01,-0.02,-1.47,1758762224.910666
0.01,-0.02,-1.47,1758762224.912806
0.01,-0.02,-1.47,1758762224.9147282
0.01,-0.02,-1.47,1758762224.9166543
0.01,-0.02,-1.47,1758762224.9185617
0.01,-0.02,-1.47,1758762224.9204702
0.01,-0.02,-1.47,1758762224.922488
0.01,-0.02,-1.47,1758762224.924517
0.01,-0.02,-1.47,1758762224.9264112
0.01,-0.02,-1.47,1758762224.9283938
0.01,-0.02,-1.47,1758762224.9301922
0.01,-0.02,-1.47,1758762224.9322836
0.01,-0.02,-1.47,1758762224.9339447
0.01,-0.02,-1.47,1758762224.9362104
0.01,-0.02,-1.47,1758762224.9378414
0.01,-0.02,-1.47,1758762224.9401562
0.01,-0.02,-1.47,1758762224.9421413
0.01,-0.02,-1.47,1758762224.944346
0.01,-0.02,-1.47,1758762224.9464712
0.01,-0.02,-1.47,1758762224.9486372
0.01,-0.02,-1.47,1758762224.950425
0.01,-0.02,-1.47,1758762224.9525733
0.01,-0.02,-1.47,1758762224.9546704
0.01,-0.02,-1.47,1758762224.9570897
0.01,-0.02,-1.47,1758762224.9596827
0.01,-0.02,-1.47,1758762224.962428
0.01,-0.02,-1.47,1758762224.9653366
0.01,-0.02,-1.47,1758762224.9675057
0.01,-0.02,-1.47,1758762224.9696898
0.01,-0.02,-1.47,1758762224.9713578
0.01,-0.02,-1.47,1758762224.9743588
0.01,-0.02,-1.47,1758762224.9761095
0.01,-0.02,-1.47,1758762224.977754
0.01,-0.02,-1.47,1758762224.9797022
0.01,-0.02,-1.48,1758762224.9816654
0.01,-0.02,-1.48,1758762224.984198
0.01,-0.02,-1.48,1758762224.9872751
0.01,-0.02,-1.48,1758762224.9895267
0.01,-0.02,-1.48,1758762224.9924855
0.01,-0.02,-1.48,1758762224.9959264
0.01,-0.02,-1.48,1758762224.9983757
0.01,-0.02,-1.48,1758762225.0010986
0.01,-0.02,-1.48,1758762225.0039055
0.01,-0.02,-1.48,1758762225.007501
0.01,-0.02,-1.48,1758762225.010546
0.01,-0.02,-1.48,1758762225.014166
0.01,-0.02,-1.48,1758762225.0172043
0.01,-0.02,-1.48,1758762225.020229
0.01,-0.02,-1.48,1758762225.0239563
0.01,-0.02,-1.48,1758762225.0275033
0.01,-0.02,-1.48,1758762225.0306509
0.01,-0.02,-1.48,1758762225.0342653
0.01,-0.02,-1.48,1758762225.0373075
0.01,-0.02,-1.48,1758762225.043279
0.01,-0.02,-1.48,1758762225.0465114
0.01,-0.02,-1.48,1758762225.0500324
0.01,-0.02,-1.48,1758762225.053184
0.01,-0.02,-1.48,1758762225.056772
0.01,-0.02,-1.48,1758762225.059067
0.01,-0.02,-1.48,1758762225.0619936
0.01,-0.02,-1.48,1758762225.064806
0.01,-0.02,-1.48,1758762225.0674765
0.01,-0.02,-1.48,1758762225.0704095
0.01,-0.02,-1.48,1758762225.0726817
0.01,-0.02,-1.48,1758762225.0757897
0.01,-0.02,-1.48,1758762225.0778112
0.01,-0.02,-1.48,1758762225.079866
0.01,-0.02,-1.48,1758762225.0816462
0.01,-0.02,-1.48,1758762225.0839326
0.01,-0.02,-1.48,1758762225.0856302
0.01,-0.02,-1.48,1758762225.087234
0.01,-0.02,-1.48,1758762225.0898526
0.01,-0.02,-1.48,1758762225.0922005
0.01,-0.02,-1.48,1758762225.0954351
0.01,-0.02,-1.48,1758762225.0976598
0.01,-0.02,-1.48,1758762225.0997825
0.01,-0.02,-1.48,1758762225.1022398
0.01,-0.01,-1.48,1758762225.1042843
0.01,-0.02,-1.48,1758762225.106226
0.01,-0.01,-1.48,1758762225.1079078
0.01,-0.02,-1.48,1758762225.1102245
0.01,-0.01,-1.48,1758762225.112226
0.01,-0.01,-1.48,1758762225.113899
0.01,-0.01,-1.48,1758762225.1160913
0.01,-0.01,-1.48,1758762225.118
0.01,-0.01,-1.48,1758762225.1199863
0.01,-0.01,-1.48,1758762225.1219304
0.01,-0.01,-1.48,1758762225.1236906
0.01,-0.01,-1.48,1758762225.1259148
0.01,-0.01,-1.48,1758762225.1279004
0.01,-0.01,-1.48,1758762225.1299918
0.01,-0.01,-1.48,1758762225.132014
0.01,-0.01,-1.48,1758762225.1342363
0.01,-0.01,-1.48,1758762225.1358972
0.01,-0.01,-1.48,1758762225.1376655
0.01,-0.01,-1.48,1758762225.1396894
0.01,-0.01,-1.48,1758762225.141715
0.01,-0.01,-1.48,1758762225.1437893
0.01,-0.01,-1.48,1758762225.1457882
0.01,-0.01,-1.48,1758762225.1475005
0.01,-0.02,-1.48,1758762225.1495
0.01,-0.01,-1.48,1758762225.1511924
0.01,-0.01,-1.48,1758762225.153508
0.01,-0.01,-1.48,1758762225.1554365
0.01,-0.01,-1.48,1758762225.15756
0.01,-0.01,-1.48,1758762225.1593044
0.01,-0.01,-1.48,1758762225.1616094
0.01,-0.01,-1.48,1758762225.163791
0.01,-0.01,-1.48,1758762225.1667545
0.01,-0.01,-1.48,1758762225.169137
0.01,-0.01,-1.48,1758762225.1715667
0.01,-0.01,-1.48,1758762225.174023
0.01,-0.01,-1.48,1758762225.1760392
0.01,-0.01,-1.48,1758762225.1777418
0.01,-0.01,-1.48,1758762225.179706
0.01,-0.01,-1.48,1758762225.181708
0.01,-0.01,-1.48,1758762225.183468
0.01,-0.01,-1.48,1758762225.1855783
0.01,-0.02,-1.48,1758762225.188019
0.01,-0.02,-1.48,1758762225.1910045
0.01,-0.02,-1.48,1758762225.1944168
0.01,-0.01,-1.48,1758762225.1972218
0.01,-0.02,-1.48,1758762225.1998615
0.01,-0.02,-1.48,1758762225.2028675
0.01,-0.01,-1.48,1758762225.2054408
0.01,-0.01,-1.48,1758762225.2086244
0.01,-0.01,-1.48,1758762225.2105286
0.01,-0.02,-1.48,1758762225.2136705
0.01,-0.02,-1.48,1758762225.2160604
0.01,-0.02,-1.48,1758762225.2189224
0.01,-0.02,-1.48,1758762225.221392
0.01,-0.02,-1.48,1758762225.22382
0.01,-0.02,-1.48,1758762225.2258542
0.01,-0.02,-1.48,1758762225.2275836
0.01,-0.02,-1.48,1758762225.229909
0.01,-0.02,-1.48,1758762225.2319589
0.01,-0.02,-1.48,1758762225.2338943
0.01,-0.02,-1.48,1758762225.235639
0.01,-0.02,-1.48,1758762225.2376568
0.01,-0.02,-1.48,1758762225.2399712
0.01,-0.02,-1.48,1758762225.2417295
0.01,-0.01,-1.48,1758762225.243728
0.01,-0.02,-1.48,1758762225.246079
0.01,-0.02,-1.48,1758762225.2483263
0.01,-0.02,-1.48,1758762225.2504225
0.01,-0.02,-1.48,1758762225.2529151
0.01,-0.02,-1.48,1758762225.256349
0.01,-0.02,-1.48,1758762225.2585473
0.01,-0.01,-1.48,1758762225.2602713
0.01,-0.01,-1.48,1758762225.2632182
0.01,-0.01,-1.48,1758762225.265283
0.01,-0.02,-1.48,1758762225.267913
0.01,-0.02,-1.48,1758762225.269874
0.01,-0.02,-1.48,1758762225.271932
0.01,-0.02,-1.48,1758762225.274058
0.01,-0.02,-1.48,1758762225.276476
0.01,-0.02,-1.48,1758762225.2784812
0.01,-0.02,-1.48,1758762225.2814295
0.01,-0.02,-1.48,1758762225.2841382
0.01,-0.02,-1.48,1758762225.286164
0.01,-0.02,-1.48,1758762225.289137
0.01,-0.02,-1.48,1758762225.2926548
0.01,-0.02,-1.48,1758762225.2959824
0.01,-0.02,-1.48,1758762225.2995722
0.01,-0.02,-1.48,1758762225.3028202
0.01,-0.02,-1.48,1758762225.306771
0.01,-0.02,-1.48,1758762225.3091104
0.01,-0.02,-1.48,1758762225.3116517
0.01,-0.02,-1.48,1758762225.314631
0.01,-0.02,-1.48,1758762225.318108
0.01,-0.02,-1.48,1758762225.3198042
0.01,-0.02,-1.48,1758762225.3229463
0.01,-0.02,-1.48,1758762225.3264048
0.01,-0.01,-1.48,1758762225.3283846
0.01,-0.01,-1.48,1758762225.330239
0.01,-0.01,-1.48,1758762225.333209
0.01,-0.01,-1.48,1758762225.3365464
0.01,-0.01,-1.48,1758762225.3383064
0.01,-0.01,-1.48,1758762225.3410645
0.01,-0.01,-1.48,1758762225.3427951
0.01,-0.01,-1.48,1758762225.346126
0.01,-0.01,-1.48,1758762225.3478012
0.01,-0.01,-1.48,1758762225.3499303
0.01,-0.01,-1.48,1758762225.353363
0.01,-0.01,-1.48,1758762225.35544
0.01,-0.01,-1.48,1758762225.3576007
0.01,-0.01,-1.48,1758762225.3601182
0.01,-0.01,-1.48,1758762225.3618407
0.01,-0.01,-1.48,1758762225.363933
0.01,-0.01,-1.48,1758762225.3661056
0.01,-0.01,-1.48,1758762225.3680928
0.01,-0.01,-1.48,1758762225.3705745
0.01,-0.01,-1.48,1758762225.373113
0.01,-0.01,-1.48,1758762225.3751535
0.01,-0.01,-1.48,1758762225.3774898
0.01,-0.01,-1.48,1758762225.3795283
0.01,-0.01,-1.48,1758762225.3818
0.01,-0.01,-1.48,1758762225.3841126
0.01,-0.01,-1.48,1758762225.3864217
0.01,-0.01,-1.48,1758762225.3885398
0.01,-0.01,-1.48,1758762225.3909235
0.01,-0.01,-1.48,1758762225.3930614
0.01,-0.01,-1.48,1758762225.395189
0.01,-0.01,-1.48,1758762225.3975158
0.01,-0.01,-1.48,1758762225.39983
0.01,-0.01,-1.48,1758762225.401857
0.01,-0.01,-1.48,1758762225.404506
0.01,-0.01,-1.48,1758762225.4072526
0.01,-0.01,-1.48,1758762225.4092388
0.01,-0.01,-1.48,1758762225.4124346
0.01,-0.01,-1.48,1758762225.414245
0.01,-0.01,-1.48,1758762225.4163334
0.01,-0.01,-1.48,1758762225.4188256
0.01,-0.01,-1.48,1758762225.420972
0.01,-0.01,-1.48,1758762225.4240494
0.01,-0.01,-1.48,1758762225.4258327
0.01,-0.01,-1.48,1758762225.4279208
0.01,-0.01,-1.48,1758762225.4308498
0.01,-0.01,-1.48,1758762225.4334254
0.01,-0.01,-1.48,1758762225.435536
0.01,-0.01,-1.48,1758762225.4372733
0.01,-0.01,-1.48,1758762225.4395325
0.01,-0.01,-1.48,1758762225.442587
0.01,-0.01,-1.48,1758762225.444332
0.01,-0.01,-1.48,1758762225.4462736
0.01,-0.01,-1.48,1758762225.4485834
0.01,-0.01,-1.48,1758762225.4508991
0.01,-0.01,-1.48,1758762225.4536598
0.01,-0.01,-1.48,1758762225.4564283
0.01,-0.01,-1.48,1758762225.458466
0.01,-0.01,-1.48,1758762225.4606557
0.01,-0.01,-1.48,1758762225.4635975
0.01,-0.01,-1.48,1758762225.4657784
0.01,-0.01,-1.48,1758762225.4676657
0.01,-0.01,-1.48,1758762225.46964
0.01,-0.01,-1.48,1758762225.4720564
0.01,-0.01,-1.48,1758762225.4744935
0.01,-0.01,-1.48,1758762225.4775372
0.01,-0.01,-1.48,1758762225.4805474
0.01,-0.01,-1.48,1758762225.482364
0.01,-0.01,-1.48,1758762225.4849372
0.01,-0.01,-1.48,1758762225.4878144
0.01,-0.01,-1.48,1758762225.4906464
0.01,-0.01,-1.48,1758762225.4928646
0.01,-0.01,-1.48,1758762225.4951916
0.01,-0.01,-1.48,1758762225.4977286
0.01,-0.01,-1.48,1758762225.5000904
0.01,-0.01,-1.48,1758762225.503002
0.01,-0.01,-1.48,1758762225.5050414
0.01,-0.01,-1.48,1758762225.507321
0.01,-0.01,-1.48,1758762225.5095944
0.01,-0.01,-1.48,1758762225.5119786
0.01,-0.01,-1.48,1758762225.5149066
0.01,-0.01,-1.48,1758762225.5173326
0.01,-0.01,-1.48,1758762225.5196998
0.01,-0.01,-1.48,1758762225.5220544
0.01,-0.01,-1.48,1758762225.524678
0.01,-0.01,-1.48,1758762225.527144
0.01,-0.01,-1.48,1758762225.5298765
0.01,-0.01,-1.48,1758762225.5316827
0.01,-0.01,-1.48,1758762225.5343492
0.01,-0.01,-1.48,1758762225.5366352
0.01,-0.01,-1.48,1758762225.5389888
0.01,-0.01,-1.48,1758762225.5415092
0.01,-0.01,-1.48,1758762225.544266
0.01,-0.01,-1.48,1758762225.5462291
0.01,-0.01,-1.48,1758762225.5484324
0.01,-0.01,-1.48,1758762225.5504673
0.01,-0.02,-1.48,1758762225.5534525
0.01,-0.01,-1.48,1758762225.555756
0.01,-0.01,-1.48,1758762225.5578
0.01,-0.01,-1.48,1758762225.5612888
0.01,-0.01,-1.48,1758762225.56365
0.01,-0.01,-1.48,1758762225.5653932
0.01,-0.01,-1.48,1758762225.5674324
0.01,-0.01,-1.48,1758762225.5697703
0.01,-0.01,-1.48,1758762225.5717893
0.01,-0.01,-1.48,1758762225.5746784
0.01,-0.01,-1.48,1758762225.5763605
0.01,-0.01,-1.48,1758762225.578609
0.01,-0.01,-1.48,1758762225.5808704
0.01,-0.01,-1.48,1758762225.5830994
0.01,-0.01,-1.48,1758762225.5868516
0.01,-0.01,-1.48,1758762225.5891063
0.01,-0.01,-1.48,1758762225.592142
0.01,-0.01,-1.48,1758762225.5939472
0.01,-0.01,-1.48,1758762225.5961404
0.01,-0.01,-1.48,1758762225.598611
0.01,-0.01,-1.48,1758762225.6008058
0.01,-0.01,-1.48,1758762225.6037347
0.01,-0.01,-1.48,1758762225.6060288
0.01,-0.01,-1.48,1758762225.6091075
0.01,-0.01,-1.48,1758762225.6118994
0.01,-0.01,-1.48,1758762225.6141143
0.01,-0.01,-1.48,1758762225.6165645
0.01,-0.01,-1.48,1758762225.6193728
0.01,-0.01,-1.48,1758762225.6221745
0.01,-0.01,-1.48,1758762225.6245196
0.01,-0.01,-1.48,1758762225.6266575
0.01,-0.01,-1.48,1758762225.6287563
0.01,-0.01,-1.48,1758762225.6311913
0.01,-0.01,-1.48,1758762225.6335526
0.01,-0.01,-1.48,1758762225.635918
0.01,-0.01,-1.48,1758762225.6378014
0.01,-0.01,-1.48,1758762225.6402135
0.01,-0.01,-1.48,1758762225.6430728
0.01,-0.01,-1.48,1758762225.645934
0.01,-0.01,-1.48,1758762225.6480153
0.01,-0.01,-1.48,1758762225.6511595
0.01,-0.01,-1.48,1758762225.655459
0.01,-0.01,-1.48,1758762225.6574712
0.01,-0.01,-1.48,1758762225.6598487
0.01,-0.01,-1.48,1758762225.6630034
0.01,-0.01,-1.48,1758762225.6649213
0.01,-0.01,-1.48,1758762225.6675797
0.01,-0.01,-1.48,1758762225.6711783
0.01,-0.01,-1.48,1758762225.6732805
0.01,-0.01,-1.48,1758762225.676334
0.01,-0.01,-1.48,1758762225.6796
0.01,-0.01,-1.48,1758762225.6821575
0.01,-0.01,-1.48,1758762225.6850562
0.01,-0.01,-1.48,1758762225.6882498
0.01,-0.01,-1.48,1758762225.6902978
0.01,-0.01,-1.48,1758762225.693085
0.01,-0.01,-1.48,1758762225.6951916
0.01,-0.01,-1.48,1758762225.6971729
0.01,-0.01,-1.48,1758762225.6991465
0.01,-0.01,-1.48,1758762225.7011912
0.01,-0.01,-1.48,1758762225.703197
0.01,-0.01,-1.48,1758762225.7052202
0.01,-0.01,-1.48,1758762225.7070515
0.01,-0.01,-1.48,1758762225.7087193
0.01,-0.01,-1.48,1758762225.7105832
0.01,-0.01,-1.48,1758762225.7123816
0.01,-0.01,-1.48,1758762225.7154615
0.01,-0.01,-1.48,1758762225.7181256
0.01,-0.01,-1.48,1758762225.7204256
0.01,-0.01,-1.48,1758762225.7220738
0.01,-0.01,-1.48,1758762225.7242818
0.01,-0.01,-1.48,1758762225.7263527
0.01,-0.01,-1.48,1758762225.7287664
0.01,-0.01,-1.48,1758762225.730893
0.01,-0.01,-1.48,1758762225.732998
0.01,-0.01,-1.48,1758762225.7350843
0.01,-0.01,-1.48,1758762225.737007
0.01,-0.01,-1.48,1758762225.7387004
0.01,-0.01,-1.48,1758762225.740898
0.01,-0.01,-1.48,1758762225.7432067
0.01,-0.01,-1.48,1758762225.7452352
0.01,-0.01,-1.48,1758762225.7483392
0.01,-0.01,-1.48,1758762225.750239
0.01,-0.01,-1.48,1758762225.7536314
0.01,-0.01,-1.48,1758762225.7554913
0.01,-0.02,-1.48,1758762225.7579994
0.01,-0.01,-1.48,1758762225.7601328
0.01,-0.02,-1.48,1758762225.76285
0.01,-0.01,-1.48,1758762225.7651217
0.01,-0.01,-1.48,1758762225.7675412
0.01,-0.02,-1.48,1758762225.769797
0.01,-0.02,-1.48,1758762225.772302
0.01,-0.02,-1.48,1758762225.7742474
0.01,-0.02,-1.48,1758762225.776619
0.01,-0.02,-1.48,1758762225.7788832
0.01,-0.02,-1.48,1758762225.7812257
0.01,-0.02,-1.48,1758762225.783419
0.01,-0.02,-1.48,1758762225.7857225
0.01,-0.02,-1.48,1758762225.7879732
0.01,-0.02,-1.48,1758762225.7907095
0.01,-0.02,-1.48,1758762225.792884
0.01,-0.02,-1.48,1758762225.7956192
0.01,-0.02,-1.48,1758762225.7976873
0.01,-0.02,-1.48,1758762225.7998424
0.01,-0.02,-1.48,1758762225.801987
0.01,-0.02,-1.48,1758762225.8046908
0.01,-0.02,-1.48,1758762225.8070471
0.01,-0.02,-1.48,1758762225.8092952
0.01,-0.02,-1.48,1758762225.811386
0.01,-0.02,-1.48,1758762225.8136952
0.01,-0.02,-1.48,1758762225.8156695
0.01,-0.02,-1.48,1758762225.817796
0.01,-0.02,-1.48,1758762225.8198814
0.01,-0.02,-1.48,1758762225.822715
0.01,-0.02,-1.48,1758762225.8245332
0.01,-0.02,-1.48,1758762225.8271732
0.01,-0.02,-1.48,1758762225.8294263
0.01,-0.02,-1.48,1758762225.831813
0.01,-0.02,-1.48,1758762225.8340278
0.01,-0.02,-1.48,1758762225.8361378
0.01,-0.02,-1.48,1758762225.8382626
0.01,-0.02,-1.48,1758762225.8403273
0.01,-0.02,-1.48,1758762225.8430183
0.01,-0.02,-1.48,1758762225.844999
0.01,-0.02,-1.48,1758762225.8473642
0.01,-0.02,-1.48,1758762225.849679
0.01,-0.02,-1.48,1758762225.8515978
0.01,-0.02,-1.48,1758762225.85453
0.01,-0.02,-1.48,1758762225.8562517
0.01,-0.02,-1.48,1758762225.8585882
0.01,-0.02,-1.48,1758762225.8614855
0.01,-0.02,-1.48,1758762225.8635366
0.01,-0.02,-1.48,1758762225.866228
0.01,-0.02,-1.48,1758762225.868537
0.01,-0.02,-1.48,1758762225.871623
0.01,-0.02,-1.48,1758762225.8740056
0.01,-0.02,-1.48,1758762225.8761623
0.01,-0.02,-1.48,1758762225.879217
0.01,-0.02,-1.48,1758762225.8815644
0.01,-0.02,-1.48,1758762225.8840084
0.01,-0.02,-1.48,1758762225.8875484
0.01,-0.02,-1.48,1758762225.8896596
0.01,-0.02,-1.48,1758762225.8920307
0.01,-0.02,-1.48,1758762225.8946888
0.01,-0.02,-1.48,1758762225.897017
0.01,-0.02,-1.48,1758762225.8991363
0.01,-0.02,-1.48,1758762225.9013553
0.01,-0.02,-1.48,1758762225.90369
0.01,-0.02,-1.48,1758762225.9057348
0.01,-0.02,-1.48,1758762225.907766
0.01,-0.02,-1.48,1758762225.909897
0.01,-0.02,-1.48,1758762225.9122274
0.01,-0.02,-1.48,1758762225.914472
0.01,-0.02,-1.48,1758762225.9165046
0.01,-0.02,-1.48,1758762225.9187508
0.01,-0.02,-1.48,1758762225.9214246
0.01,-0.02,-1.48,1758762225.9238298
0.01,-0.02,-1.48,1758762225.9256215
0.01,-0.02,-1.48,1758762225.9280095
0.01,-0.02,-1.48,1758762225.930225
0.01,-0.02,-1.48,1758762225.9322588
0.01,-0.02,-1.48,1758762225.9347043
0.01,-0.02,-1.48,1758762225.9368198
0.01,-0.02,-1.48,1758762225.939144
0.01,-0.02,-1.48,1758762225.9412591
0.01,-0.02,-1.48,1758762225.943848
0.01,-0.02,-1.48,1758762225.9469166
0.01,-0.02,-1.48,1758762225.9497929
0.01,-0.02,-1.48,1758762225.952742
0.01,-0.02,-1.48,1758762225.9560544
0.01,-0.02,-1.48,1758762225.958484
0.01,-0.02,-1.48,1758762225.9609776
0.01,-0.02,-1.48,1758762225.9639478
0.01,-0.02,-1.48,1758762225.9667137
0.01,-0.02,-1.48,1758762225.969207
0.01,-0.02,-1.48,1758762225.9721954
0.01,-0.02,-1.48,1758762225.975196
0.01,-0.02,-1.48,1758762225.978207
0.01,-0.02,-1.48,1758762225.980867
0.01,-0.02,-1.48,1758762225.9838436
0.01,-0.01,-1.48,1758762225.9868407
0.01,-0.02,-1.48,1758762225.9897962
0.01,-0.02,-1.48,1758762225.993028
0.01,-0.02,-1.48,1758762225.9961188
0.01,-0.01,-1.48,1758762225.9996028
0.01,-0.01,-1.48,1758762226.0022783
0.01,-0.01,-1.48,1758762226.0058813
0.01,-0.01,-1.48,1758762226.0088437
0.01,-0.01,-1.48,1758762226.0110445
0.01,-0.01,-1.48,1758762226.014109
0.01,-0.01,-1.48,1758762226.016963
0.01,-0.01,-1.48,1758762226.0197515
0.01,-0.01,-1.48,1758762226.023147
0.01,-0.01,-1.48,1758762226.0263298
0.01,-0.01,-1.48,1758762226.0290413
0.01,-0.01,-1.48,1758762226.032169
0.01,-0.01,-1.48,1758762226.0356538
0.01,-0.01,-1.48,1758762226.03875
0.01,-0.01,-1.48,1758762226.041746
0.01,-0.01,-1.48,1758762226.0445924
0.01,-0.01,-1.48,1758762226.0469985
0.01,-0.01,-1.48,1758762226.0500536
0.01,-0.01,-1.48,1758762226.0526729
0.01,-0.01,-1.48,1758762226.0556357
0.01,-0.01,-1.48,1758762226.0586872
0.01,-0.01,-1.48,1758762226.0613656
0.01,-0.01,-1.48,1758762226.0637968
0.01,-0.01,-1.48,1758762226.0665925
0.01,-0.01,-1.48,1758762226.069331
0.01,-0.01,-1.48,1758762226.072236
0.01,-0.01,-1.48,1758762226.0746422
0.01,-0.01,-1.48,1758762226.0774565
0.01,-0.01,-1.48,1758762226.080395
0.01,-0.01,-1.48,1758762226.0831585
0.01,-0.01,-1.48,1758762226.0856683
0.01,-0.01,-1.48,1758762226.0887716
0.01,-0.01,-1.48,1758762226.091226
0.01,-0.01,-1.48,1758762226.0943012
0.01,-0.01,-1.48,1758762226.0970864
0.01,-0.01,-1.48,1758762226.1001775
0.01,-0.01,-1.48,1758762226.1029706
0.01,-0.01,-1.48,1758762226.105712
0.01,-0.01,-1.48,1758762226.1082182
0.01,-0.01,-1.48,1758762226.1113212
0.01,-0.01,-1.48,1758762226.1140866
0.01,-0.01,-1.48,1758762226.1179943
0.01,-0.01,-1.48,1758762226.121125
0.01,-0.01,-1.48,1758762226.1255035
0.01,-0.01,-1.48,1758762226.127804
0.01,-0.01,-1.48,1758762226.1310878
0.01,-0.01,-1.48,1758762226.133432
0.01,-0.01,-1.48,1758762226.137056
0.01,-0.01,-1.48,1758762226.1394627
0.01,-0.01,-1.48,1758762226.1421268
0.01,-0.01,-1.48,1758762226.145663
0.01,-0.01,-1.48,1758762226.1487317
0.01,-0.01,-1.48,1758762226.1520724
0.01,-0.01,-1.48,1758762226.1560788
0.01,-0.01,-1.48,1758762226.159727
0.01,-0.01,-1.48,1758762226.162483
0.01,-0.01,-1.48,1758762226.165702
0.01,-0.01,-1.48,1758762226.1683772
0.01,-0.01,-1.48,1758762226.1708856
0.01,-0.01,-1.48,1758762226.1734855
0.01,-0.01,-1.48,1758762226.176299
0.01,-0.01,-1.48,1758762226.1787858
0.01,-0.01,-1.48,1758762226.1821618
0.01,-0.01,-1.48,1758762226.1849525
0.01,-0.01,-1.48,1758762226.1875985
0.01,-0.01,-1.48,1758762226.1903286
0.01,-0.01,-1.48,1758762226.1930609
0.01,-0.01,-1.48,1758762226.1962006
0.01,-0.01,-1.48,1758762226.1987677
0.01,-0.01,-1.48,1758762226.2015057
0.01,-0.01,-1.48,1758762226.2045383
0.01,-0.01,-1.48,1758762226.2071812
0.01,-0.01,-1.48,1758762226.2097332
0.01,-0.01,-1.48,1758762226.212427
0.01,-0.01,-1.48,1758762226.2151067
0.01,-0.01,-1.48,1758762226.2184253
0.01,-0.01,-1.48,1758762226.221135
0.01,-0.01,-1.48,1758762226.2239044
0.01,-0.01,-1.48,1758762226.2267747
0.01,-0.01,-1.48,1758762226.2312846
0.01,-0.01,-1.48,1758762226.2357326
0.01,-0.01,-1.48,1758762226.239391
0.01,-0.01,-1.48,1758762226.2435863
0.01,-0.01,-1.48,1758762226.246933
0.01,-0.01,-1.48,1758762226.2502773
0.01,-0.01,-1.48,1758762226.2532003
0.01,-0.01,-1.48,1758762226.2549536
0.01,-0.01,-1.48,1758762226.2566986
0.01,-0.01,-1.48,1758762226.2584448
0.01,-0.01,-1.48,1758762226.260187
0.01,-0.01,-1.48,1758762226.2628856
0.01,-0.01,-1.48,1758762226.264854
0.01,-0.01,-1.48,1758762226.267089
0.01,-0.01,-1.48,1758762226.2703252
0.01,-0.01,-1.48,1758762226.2727883
0.01,-0.01,-1.48,1758762226.2747624
0.01,-0.01,-1.48,1758762226.276618
0.01,-0.01,-1.48,1758762226.278498
0.01,-0.01,-1.48,1758762226.2826517
0.01,-0.01,-1.48,1758762226.2844565
0.01,-0.01,-1.48,1758762226.2862022
0.01,-0.01,-1.48,1758762226.2879868
0.01,-0.01,-1.48,1758762226.289958
0.01,-0.01,-1.48,1758762226.2919192
0.01,-0.01,-1.48,1758762226.2941463
0.01,-0.01,-1.49,1758762226.2960808
0.01,-0.01,-1.49,1758762226.2980115
0.01,-0.01,-1.49,1758762226.2999406
0.01,-0.01,-1.49,1758762226.3017037
0.01,-0.01,-1.49,1758762226.3037488
0.01,-0.01,-1.49,1758762226.3061829
0.01,-0.01,-1.49,1758762226.30833
0.01,-0.01,-1.49,1758762226.3101065
0.01,-0.01,-1.49,1758762226.311886
0.01,-0.01,-1.49,1758762226.3137372
0.01,-0.01,-1.49,1758762226.3154955
0.01,-0.01,-1.49,1758762226.3175106
0.01,-0.01,-1.49,1758762226.3193967
0.01,-0.01,-1.49,1758762226.3213594
0.01,-0.01,-1.49,1758762226.323327
0.01,-0.01,-1.49,1758762226.325235
0.01,-0.01,-1.49,1758762226.3272252
0.01,-0.01,-1.49,1758762226.3291678
0.01,-0.01,-1.49,1758762226.3311288
0.01,-0.01,-1.49,1758762226.333149
0.01,-0.01,-1.49,1758762226.335355
0.01,-0.01,-1.49,1758762226.3372111
0.01,-0.01,-1.49,1758762226.3392043
0.01,-0.01,-1.49,1758762226.341222
0.01,-0.01,-1.49,1758762226.343459
0.01,-0.01,-1.49,1758762226.345426
0.01,-0.01,-1.49,1758762226.3473928
0.01,-0.01,-1.49,1758762226.3493793
0.01,-0.01,-1.49,1758762226.3512485
0.01,-0.01,-1.49,1758762226.3535836
0.01,-0.01,-1.49,1758762226.3568134
0.01,-0.01,-1.49,1758762226.3598526
0.01,-0.01,-1.49,1758762226.3620408
0.01,-0.01,-1.49,1758762226.3650715
0.01,-0.01,-1.49,1758762226.3676286
0.01,-0.01,-1.49,1758762226.3702116
0.01,-0.01,-1.49,1758762226.3730848
0.01,-0.01,-1.49,1758762226.3754995
0.01,-0.01,-1.49,1758762226.378194
0.01,-0.01,-1.49,1758762226.3805563
0.01,-0.01,-1.49,1758762226.3833542
0.01,-0.01,-1.49,1758762226.3854532
0.01,-0.01,-1.49,1758762226.387601
0.01,-0.01,-1.49,1758762226.3898537
0.01,-0.01,-1.49,1758762226.3923156
0.01,-0.01,-1.49,1758762226.3947742
0.01,-0.01,-1.49,1758762226.3972807
0.01,-0.01,-1.49,1758762226.3993433
0.01,-0.01,-1.49,1758762226.4015417
0.01,-0.01,-1.49,1758762226.4039435
0.01,-0.01,-1.49,1758762226.4060557
0.01,-0.01,-1.49,1758762226.408419
0.01,-0.01,-1.49,1758762226.4106555
0.01,-0.01,-1.49,1758762226.4127152
0.01,-0.01,-1.49,1758762226.415093
0.01,-0.01,-1.49,1758762226.4176357
0.01,-0.01,-1.49,1758762226.420573
0.01,-0.01,-1.49,1758762226.423843
0.01,-0.01,-1.49,1758762226.4264624
0.01,-0.01,-1.49,1758762226.428681
0.01,-0.01,-1.49,1758762226.4311092
0.01,-0.01,-1.49,1758762226.4334617
0.01,-0.01,-1.49,1758762226.4358058
0.01,-0.01,-1.49,1758762226.437963
0.01,-0.01,-1.49,1758762226.4408956
0.01,-0.01,-1.49,1758762226.4436572
0.01,-0.01,-1.49,1758762226.44671
0.01,-0.01,-1.49,1758762226.449156
0.01,-0.01,-1.49,1758762226.4512453
0.01,-0.01,-1.49,1758762226.4536178
0.01,-0.01,-1.49,1758762226.455567
0.01,-0.01,-1.49,1758762226.45774
0.01,-0.0,-1.49,1758762226.459939
0.01,-0.01,-1.49,1758762226.4619112
0.01,-0.01,-1.49,1758762226.4643035
0.01,-0.01,-1.49,1758762226.466461
0.01,-0.01,-1.49,1758762226.4686
0.01,-0.01,-1.49,1758762226.4706528
0.01,-0.01,-1.49,1758762226.4728286
0.01,-0.01,-1.49,1758762226.475279
0.01,-0.01,-1.49,1758762226.4773262
0.01,-0.01,-1.49,1758762226.4795458
0.01,-0.01,-1.49,1758762226.4817317
0.01,-0.01,-1.49,1758762226.4845762
0.01,-0.01,-1.49,1758762226.4868968
0.01,-0.01,-1.49,1758762226.488974
0.01,-0.01,-1.49,1758762226.4912145
0.01,-0.0,-1.49,1758762226.4940133
0.01,-0.0,-1.49,1758762226.4970455
0.01,-0.0,-1.49,1758762226.499205
0.01,-0.0,-1.49,1758762226.501389
0.01,-0.01,-1.49,1758762226.5038085
0.01,-0.01,-1.49,1758762226.5066488
0.01,-0.01,-1.49,1758762226.5089192
0.01,-0.01,-1.49,1758762226.511047
0.01,-0.01,-1.49,1758762226.5133517
0.01,-0.01,-1.49,1758762226.5155656
0.01,-0.01,-1.49,1758762226.517857
0.01,-0.01,-1.49,1758762226.5199933
0.01,-0.01,-1.49,1758762226.5226974
0.01,-0.01,-1.49,1758762226.5252306
0.01,-0.01,-1.49,1758762226.5276406
0.01,-0.01,-1.49,1758762226.5305438
0.01,-0.01,-1.49,1758762226.5339656
0.01,-0.01,-1.49,1758762226.5361483
0.01,-0.01,-1.49,1758762226.5381968
0.01,-0.01,-1.49,1758762226.5402937
0.01,-0.01,-1.49,1758762226.5429995
0.01,-0.01,-1.49,1758762226.5451448
0.01,-0.01,-1.49,1758762226.547269
0.01,-0.01,-1.49,1758762226.549322
0.01,-0.01,-1.49,1758762226.551422
0.01,-0.01,-1.49,1758762226.5540147
0.01,-0.01,-1.49,1758762226.5563655
0.01,-0.01,-1.49,1758762226.558301
0.01,-0.01,-1.49,1758762226.560562
0.01,-0.01,-1.49,1758762226.5628808
0.01,-0.01,-1.49,1758762226.5650043
0.01,-0.01,-1.49,1758762226.567072
0.01,-0.01,-1.49,1758762226.569103
0.01,-0.01,-1.49,1758762226.571283
0.01,-0.01,-1.49,1758762226.573445
0.01,-0.01,-1.49,1758762226.5755844
0.01,-0.01,-1.49,1758762226.5778651
0.01,-0.01,-1.49,1758762226.5800822
0.01,-0.01,-1.49,1758762226.5823135
0.01,-0.01,-1.49,1758762226.5856085
0.01,-0.01,-1.49,1758762226.5884683
0.01,-0.01,-1.49,1758762226.5910676
0.01,-0.01,-1.49,1758762226.5937393
0.01,-0.01,-1.49,1758762226.597582
0.01,-0.01,-1.49,1758762226.5996983
0.01,-0.01,-1.49,1758762226.6018343
0.01,-0.01,-1.49,1758762226.6075296
0.01,-0.01,-1.49,1758762226.6095474
0.01,-0.01,-1.49,1758762226.6114817
0.01,-0.01,-1.49,1758762226.613485
0.01,-0.01,-1.49,1758762226.6160488
0.01,-0.01,-1.49,1758762226.6191485
0.01,-0.01,-1.49,1758762226.621488
0.01,-0.01,-1.49,1758762226.6243303
0.01,-0.01,-1.49,1758762226.6264467
0.01,-0.01,-1.49,1758762226.6286626
0.01,-0.01,-1.49,1758762226.6311886
0.01,-0.01,-1.49,1758762226.633776
0.01,-0.01,-1.49,1758762226.6362927
0.01,-0.01,-1.49,1758762226.6384592
0.01,-0.01,-1.49,1758762226.6410887
0.01,-0.01,-1.49,1758762226.643762
0.01,-0.01,-1.49,1758762226.6457074
0.01,-0.01,-1.49,1758762226.6476357
0.01,-0.01,-1.49,1758762226.6496332
0.01,-0.01,-1.49,1758762226.6515243
0.01,-0.01,-1.49,1758762226.6536922
0.01,-0.01,-1.49,1758762226.6558597
0.01,-0.01,-1.49,1758762226.6584933
0.01,-0.01,-1.49,1758762226.6610096
0.01,-0.01,-1.49,1758762226.663854
0.01,-0.01,-1.49,1758762226.6661563
0.01,-0.01,-1.49,1758762226.6682217
0.01,-0.01,-1.49,1758762226.670931
0.01,-0.01,-1.49,1758762226.6753256
0.01,-0.01,-1.49,1758762226.6785693
0.01,-0.01,-1.49,1758762226.6820529
0.01,-0.01,-1.49,1758762226.685076
0.01,-0.01,-1.49,1758762226.6884837
0.01,-0.01,-1.49,1758762226.6917503
0.01,-0.01,-1.49,1758762226.695626
0.01,-0.01,-1.49,1758762226.698924
0.01,-0.01,-1.49,1758762226.7029634
0.01,-0.01,-1.49,1758762226.7062223
0.01,-0.01,-1.49,1758762226.71008
0.01,-0.01,-1.49,1758762226.7133322
0.01,-0.01,-1.49,1758762226.7164426
0.01,-0.01,-1.49,1758762226.7196257
0.01,-0.02,-1.49,1758762226.7220297
0.01,-0.02,-1.49,1758762226.7247815
0.01,-0.02,-1.49,1758762226.7272382
0.01,-0.02,-1.49,1758762226.729696
0.01,-0.02,-1.49,1758762226.732166
0.01,-0.02,-1.49,1758762226.7348576
0.01,-0.02,-1.49,1758762226.7372596
0.01,-0.02,-1.49,1758762226.7401795
0.01,-0.02,-1.49,1758762226.7433498
0.01,-0.01,-1.49,1758762226.745989
0.01,-0.02,-1.49,1758762226.7489989
0.01,-0.01,-1.49,1758762226.7527964
0.01,-0.01,-1.49,1758762226.7560792
0.01,-0.01,-1.49,1758762226.7593615
0.01,-0.01,-1.49,1758762226.7619157
0.01,-0.01,-1.49,1758762226.7645335
0.01,-0.01,-1.49,1758762226.7668152
0.01,-0.01,-1.49,1758762226.768934
0.01,-0.01,-1.49,1758762226.7715533
0.01,-0.01,-1.49,1758762226.7738163
0.01,-0.01,-1.49,1758762226.7756524
0.01,-0.01,-1.49,1758762226.777542
0.01,-0.01,-1.49,1758762226.77956
0.01,-0.01,-1.49,1758762226.781723
0.01,-0.01,-1.49,1758762226.7846584
0.01,-0.01,-1.49,1758762226.7875228
0.01,-0.01,-1.49,1758762226.7897575
0.01,-0.01,-1.49,1758762226.791727
0.01,-0.01,-1.49,1758762226.7936823
0.01,-0.01,-1.49,1758762226.7954676
0.01,-0.01,-1.49,1758762226.7978697
0.01,-0.01,-1.49,1758762226.8000858
0.01,-0.01,-1.49,1758762226.8027346
0.01,-0.01,-1.49,1758762226.8055906
0.01,-0.01,-1.49,1758762226.807538
0.01,-0.01,-1.49,1758762226.8102837
0.01,-0.01,-1.49,1758762226.8126848
0.01,-0.01,-1.49,1758762226.8152497
0.01,-0.01,-1.49,1758762226.8174212
0.01,-0.01,-1.49,1758762226.8198416
0.01,-0.01,-1.49,1758762226.8217545
0.01,-0.01,-1.49,1758762226.8241658
0.01,-0.01,-1.49,1758762226.8258471
0.01,-0.01,-1.49,1758762226.827754
0.01,-0.02,-1.49,1758762226.8306372
0.01,-0.01,-1.49,1758762226.833094
0.01,-0.01,-1.49,1758762226.8347297
0.01,-0.01,-1.49,1758762226.8379505
0.01,-0.01,-1.49,1758762226.8401344
0.01,-0.01,-1.49,1758762226.84198
0.01,-0.01,-1.49,1758762226.8437529
0.01,-0.01,-1.49,1758762226.8456635
0.01,-0.01,-1.49,1758762226.8477263
0.01,-0.01,-1.49,1758762226.8507874
0.01,-0.01,-1.49,1758762226.8529608
0.01,-0.01,-1.49,1758762226.8552775
0.01,-0.01,-1.49,1758762226.85732
0.01,-0.01,-1.49,1758762226.8600202
0.01,-0.01,-1.49,1758762226.8624787
0.01,-0.01,-1.49,1758762226.8654222
0.01,-0.01,-1.49,1758762226.8671377
0.01,-0.01,-1.49,1758762226.8691435
0.01,-0.01,-1.49,1758762226.8708568
0.01,-0.01,-1.49,1758762226.8731742
0.01,-0.01,-1.49,1758762226.8767686
0.01,-0.01,-1.49,1758762226.879503
0.01,-0.01,-1.49,1758762226.8817816
0.01,-0.01,-1.49,1758762226.884524
0.01,-0.01,-1.49,1758762226.887292
0.01,-0.01,-1.49,1758762226.8909156
0.01,-0.01,-1.49,1758762226.8943348
0.01,-0.01,-1.49,1758762226.8964643
0.01,-0.01,-1.49,1758762226.898674
0.01,-0.02,-1.49,1758762226.901397
0.01,-0.02,-1.49,1758762226.9036934
0.01,-0.02,-1.49,1758762226.9056592
0.01,-0.01,-1.49,1758762226.9081626
0.01,-0.01,-1.49,1758762226.9104772
0.01,-0.02,-1.49,1758762226.9127984
0.01,-0.02,-1.49,1758762226.9148617
0.01,-0.02,-1.49,1758762226.9172163
0.01,-0.02,-1.49,1758762226.9194467
0.01,-0.02,-1.49,1758762226.921368
0.01,-0.02,-1.49,1758762226.9237416
0.01,-0.02,-1.49,1758762226.9270968
0.01,-0.02,-1.49,1758762226.9297426
0.01,-0.02,-1.49,1758762226.932299
0.01,-0.02,-1.49,1758762226.9342935
0.01,-0.02,-1.49,1758762226.9366536
0.01,-0.02,-1.49,1758762226.9385903
0.01,-0.02,-1.49,1758762226.9408023
0.01,-0.02,-1.49,1758762226.9430602
0.01,-0.02,-1.49,1758762226.945373
0.01,-0.02,-1.49,1758762226.9474666
0.01,-0.02,-1.49,1758762226.9497852
0.01,-0.01,-1.49,1758762226.95182
0.01,-0.02,-1.49,1758762226.9543543
0.01,-0.02,-1.49,1758762226.9579546
0.01,-0.02,-1.49,1758762226.9600585
0.01,-0.01,-1.49,1758762226.9628532
0.01,-0.01,-1.49,1758762226.9656396
0.01,-0.01,-1.49,1758762226.9686458
0.01,-0.02,-1.49,1758762226.9715211
0.01,-0.02,-1.49,1758762226.9735222
0.01,-0.02,-1.49,1758762226.975993
0.01,-0.02,-1.49,1758762226.9784625
0.01,-0.02,-1.49,1758762226.98174
0.01,-0.02,-1.49,1758762226.9839122
0.01,-0.02,-1.49,1758762226.986778
0.01,-0.02,-1.49,1758762226.9886308
0.01,-0.02,-1.49,1758762226.991022
0.01,-0.02,-1.49,1758762226.9929514
0.01,-0.02,-1.49,1758762226.99517
0.01,-0.02,-1.49,1758762226.9974685
0.01,-0.02,-1.49,1758762226.999627
0.01,-0.02,-1.49,1758762227.0016642
0.01,-0.02,-1.49,1758762227.0044496
0.01,-0.02,-1.49,1758762227.0064435
0.01,-0.02,-1.49,1758762227.008925
0.01,-0.02,-1.49,1758762227.010816
0.01,-0.02,-1.49,1758762227.0131564
0.01,-0.02,-1.49,1758762227.0154753
0.01,-0.02,-1.49,1758762227.0175824
0.01,-0.02,-1.49,1758762227.019486
0.01,-0.02,-1.49,1758762227.022117
0.01,-0.02,-1.49,1758762227.0242963
0.01,-0.02,-1.49,1758762227.026657
0.01,-0.02,-1.49,1758762227.0284965
0.01,-0.02,-1.49,1758762227.03092
0.01,-0.02,-1.49,1758762227.032926
0.01,-0.02,-1.49,1758762227.0356257
0.01,-0.01,-1.49,1758762227.0381353
0.01,-0.02,-1.49,1758762227.04066
0.01,-0.02,-1.49,1758762227.0434785
0.01,-0.02,-1.49,1758762227.0455394
0.01,-0.02,-1.49,1758762227.0474622
0.01,-0.02,-1.49,1758762227.0492496
0.01,-0.02,-1.49,1758762227.0513318
0.01,-0.02,-1.49,1758762227.0542946
0.01,-0.02,-1.49,1758762227.056836
0.01,-0.02,-1.49,1758762227.0588238
0.01,-0.02,-1.49,1758762227.060707
0.01,-0.02,-1.49,1758762227.0630653
0.01,-0.02,-1.49,1758762227.0650067
0.01,-0.02,-1.49,1758762227.0670245
0.01,-0.02,-1.49,1758762227.0691278
0.01,-0.02,-1.49,1758762227.0709743
0.01,-0.02,-1.49,1758762227.0734885
0.01,-0.02,-1.49,1758762227.0761666
0.01,-0.02,-1.49,1758762227.078545
0.01,-0.02,-1.49,1758762227.080501
0.01,-0.02,-1.49,1758762227.08242
0.01,-0.02,-1.49,1758762227.0850575
0.01,-0.02,-1.49,1758762227.0870214
0.01,-0.02,-1.49,1758762227.089323
0.01,-0.02,-1.49,1758762227.0912874
0.01,-0.02,-1.49,1758762227.093899
0.01,-0.02,-1.49,1758762227.097463
0.01,-0.02,-1.49,1758762227.100111
0.01,-0.02,-1.49,1758762227.1031797
0.01,-0.02,-1.49,1758762227.1053188
0.01,-0.01,-1.49,1758762227.1073153
0.01,-0.02,-1.49,1758762227.109875
0.01,-0.02,-1.49,1758762227.1119275
0.01,-0.02,-1.49,1758762227.114297
0.01,-0.02,-1.49,1758762227.1165578
0.01,-0.01,-1.49,1758762227.1185875
0.01,-0.01,-1.49,1758762227.120488
0.01,-0.01,-1.49,1758762227.1232312
0.01,-0.01,-1.49,1758762227.125253
0.01,-0.01,-1.49,1758762227.12777
0.01,-0.01,-1.49,1758762227.1296008
0.01,-0.01,-1.49,1758762227.13178
0.01,-0.01,-1.49,1758762227.1338367
0.01,-0.01,-1.49,1758762227.1366751
0.01,-0.01,-1.49,1758762227.138839
0.01,-0.01,-1.49,1758762227.1412845
0.01,-0.01,-1.49,1758762227.143289
0.01,-0.01,-1.49,1758762227.1453934
0.01,-0.01,-1.49,1758762227.1472678
0.01,-0.01,-1.49,1758762227.1497085
0.01,-0.01,-1.49,1758762227.1516745
0.01,-0.01,-1.49,1758762227.154075
0.01,-0.01,-1.49,1758762227.1566975
0.01,-0.01,-1.49,1758762227.158594
0.01,-0.01,-1.49,1758762227.1606245
0.01,-0.01,-1.49,1758762227.1627803
0.01,-0.01,-1.49,1758762227.1646802
0.01,-0.01,-1.49,1758762227.167195
0.01,-0.01,-1.49,1758762227.1692352
0.01,-0.01,-1.49,1758762227.1711462
0.01,-0.01,-1.49,1758762227.173605
0.01,-0.01,-1.49,1758762227.175613
0.01,-0.01,-1.49,1758762227.177765
0.01,-0.01,-1.49,1758762227.1799502
0.01,-0.01,-1.49,1758762227.1831808
0.01,-0.01,-1.49,1758762227.185438
0.01,-0.01,-1.49,1758762227.1874192
0.01,-0.01,-1.49,1758762227.1894903
0.01,-0.01,-1.49,1758762227.1918004
0.01,-0.01,-1.49,1758762227.1943896
0.01,-0.01,-1.49,1758762227.1963422
0.01,-0.01,-1.49,1758762227.198576
0.01,-0.01,-1.49,1758762227.2005415
0.01,-0.01,-1.49,1758762227.203051
0.01,-0.01,-1.49,1758762227.205061
0.01,-0.01,-1.49,1758762227.2074397
0.01,-0.01,-1.49,1758762227.2092886
0.01,-0.01,-1.49,1758762227.211264
0.01,-0.01,-1.49,1758762227.213447
0.01,-0.01,-1.49,1758762227.216034
0.01,-0.01,-1.49,1758762227.218384
0.01,-0.01,-1.49,1758762227.220461
0.01,-0.01,-1.49,1758762227.2224452
0.01,-0.01,-1.49,1758762227.224894
0.01,-0.01,-1.49,1758762227.2267797
0.01,-0.01,-1.49,1758762227.2290928
0.01,-0.02,-1.49,1758762227.230993
0.01,-0.02,-1.49,1758762227.2333646
0.01,-0.02,-1.49,1758762227.2352111
0.01,-0.02,-1.49,1758762227.237671
0.01,-0.02,-1.49,1758762227.239472
0.01,-0.02,-1.49,1758762227.241851
0.01,-0.02,-1.49,1758762227.244591
0.01,-0.02,-1.49,1758762227.2467537
0.01,-0.02,-1.49,1758762227.2491188
0.01,-0.02,-1.49,1758762227.2516186
0.01,-0.02,-1.49,1758762227.2536707
0.01,-0.02,-1.49,1758762227.2557328
0.01,-0.02,-1.49,1758762227.258243
0.01,-0.02,-1.49,1758762227.26142
0.01,-0.02,-1.49,1758762227.2640913
0.01,-0.02,-1.49,1758762227.2665408
0.01,-0.02,-1.49,1758762227.2685022
0.01,-0.02,-1.49,1758762227.270779
0.01,-0.02,-1.49,1758762227.2727904
0.01,-0.02,-1.49,1758762227.2749891
0.01,-0.02,-1.49,1758762227.2774162
0.01,-0.02,-1.49,1758762227.279884
0.01,-0.02,-1.49,1758762227.28168
0.01,-0.02,-1.49,1758762227.2851443
0.01,-0.02,-1.49,1758762227.287961
0.01,-0.02,-1.49,1758762227.2906542
0.01,-0.02,-1.49,1758762227.2940917
0.01,-0.02,-1.49,1758762227.295878
0.01,-0.02,-1.49,1758762227.2982888
0.01,-0.02,-1.49,1758762227.300592
0.01,-0.02,-1.49,1758762227.302499
0.01,-0.02,-1.49,1758762227.305299
0.01,-0.02,-1.49,1758762227.3076096
0.01,-0.02,-1.49,1758762227.3096774
0.01,-0.02,-1.49,1758762227.3115692
0.01,-0.02,-1.49,1758762227.3146093
0.01,-0.02,-1.49,1758762227.317792
0.01,-0.02,-1.49,1758762227.319722
0.01,-0.02,-1.49,1758762227.3214922
0.01,-0.02,-1.49,1758762227.3237636
0.01,-0.02,-1.49,1758762227.3258398
0.01,-0.02,-1.49,1758762227.3281205
0.01,-0.02,-1.49,1758762227.3299282
0.01,-0.02,-1.49,1758762227.331861
0.01,-0.02,-1.49,1758762227.33472
0.01,-0.02,-1.49,1758762227.3378572
0.01,-0.02,-1.49,1758762227.3401294
0.01,-0.02,-1.49,1758762227.3429954
0.01,-0.02,-1.49,1758762227.3456352
0.01,-0.02,-1.49,1758762227.348339
0.01,-0.02,-1.49,1758762227.3509765
0.01,-0.02,-1.49,1758762227.3533468
0.01,-0.02,-1.49,1758762227.3557189
0.01,-0.02,-1.49,1758762227.3576975
0.01,-0.02,-1.49,1758762227.3600652
0.01,-0.02,-1.49,1758762227.3624015
0.01,-0.02,-1.49,1758762227.3651783
0.01,-0.02,-1.49,1758762227.3677816
0.01,-0.02,-1.49,1758762227.370215
0.01,-0.02,-1.49,1758762227.3722272
0.01,-0.02,-1.49,1758762227.3743386
0.01,-0.02,-1.49,1758762227.3768654
0.01,-0.02,-1.49,1758762227.3789232
0.01,-0.02,-1.49,1758762227.382346
0.01,-0.02,-1.49,1758762227.3849988
0.01,-0.02,-1.49,1758762227.3877048
0.01,-0.02,-1.49,1758762227.3900926
0.01,-0.02,-1.49,1758762227.3922446
0.01,-0.02,-1.49,1758762227.3944747
0.01,-0.02,-1.49,1758762227.397176
0.01,-0.02,-1.49,1758762227.399963
0.01,-0.02,-1.49,1758762227.4020872
0.01,-0.02,-1.49,1758762227.4051876
0.01,-0.02,-1.49,1758762227.4074194
0.01,-0.02,-1.49,1758762227.40988
0.01,-0.02,-1.49,1758762227.4119966
0.01,-0.02,-1.49,1758762227.4142962
0.01,-0.02,-1.49,1758762227.416824
0.01,-0.02,-1.49,1758762227.4202132
0.01,-0.02,-1.49,1758762227.4224432
0.01,-0.02,-1.49,1758762227.4254415
0.01,-0.02,-1.49,1758762227.4276023
0.01,-0.02,-1.49,1758762227.4295423
0.01,-0.02,-1.49,1758762227.431876
0.01,-0.02,-1.49,1758762227.4347997
0.01,-0.02,-1.49,1758762227.4376822
0.01,-0.02,-1.49,1758762227.44055
0.01,-0.02,-1.49,1758762227.4433548
0.01,-0.02,-1.49,1758762227.4460886
0.01,-0.02,-1.49,1758762227.4484382
0.01,-0.02,-1.49,1758762227.4509482
0.01,-0.02,-1.49,1758762227.4536445
0.01,-0.02,-1.49,1758762227.4567168
0.01,-0.02,-1.49,1758762227.4594483
0.01,-0.02,-1.49,1758762227.4621208
0.01,-0.02,-1.49,1758762227.4652607
0.01,-0.02,-1.49,1758762227.4680684
0.01,-0.02,-1.49,1758762227.4711075
0.01,-0.02,-1.49,1758762227.473327
0.01,-0.02,-1.49,1758762227.4759538
0.01,-0.02,-1.49,1758762227.4778864
0.01,-0.02,-1.49,1758762227.4803498
0.01,-0.02,-1.49,1758762227.4841275
0.01,-0.02,-1.49,1758762227.48705
0.01,-0.02,-1.49,1758762227.4904597
0.01,-0.02,-1.49,1758762227.493961
0.01,-0.02,-1.49,1758762227.4965916
0.01,-0.02,-1.49,1758762227.4985125
0.01,-0.02,-1.49,1758762227.5008693
0.01,-0.02,-1.49,1758762227.503162
0.01,-0.02,-1.49,1758762227.505802
0.01,-0.02,-1.49,1758762227.5082424
0.01,-0.02,-1.49,1758762227.5104754
0.01,-0.02,-1.49,1758762227.5126386
0.01,-0.02,-1.49,1758762227.5144832
0.01,-0.02,-1.49,1758762227.5165756
0.01,-0.02,-1.49,1758762227.5192862
0.01,-0.02,-1.49,1758762227.5214138
0.01,-0.02,-1.49,1758762227.5237267
0.01,-0.02,-1.49,1758762227.5266194
0.01,-0.02,-1.49,1758762227.5295677
0.01,-0.02,-1.49,1758762227.5329068
0.01,-0.02,-1.49,1758762227.5352042
0.01,-0.02,-1.5,1758762227.538263
0.01,-0.02,-1.5,1758762227.5404787
0.01,-0.02,-1.5,1758762227.5435376
0.01,-0.02,-1.5,1758762227.54539
0.01,-0.02,-1.5,1758762227.547512
0.01,-0.02,-1.5,1758762227.550175
0.01,-0.02,-1.5,1758762227.5519817
0.01,-0.02,-1.5,1758762227.554752
0.01,-0.02,-1.5,1758762227.5565648
0.01,-0.02,-1.5,1758762227.5589569
0.01,-0.02,-1.5,1758762227.561084
0.01,-0.02,-1.5,1758762227.5633006
0.01,-0.02,-1.5,1758762227.5662272
0.01,-0.02,-1.5,1758762227.5683658
0.01,-0.02,-1.5,1758762227.5702038
0.01,-0.02,-1.5,1758762227.5732408
0.01,-0.02,-1.5,1758762227.577062
0.01,-0.02,-1.5,1758762227.579933
0.01,-0.02,-1.5,1758762227.5820055
0.01,-0.02,-1.5,1758762227.58418
0.01,-0.02,-1.5,1758762227.5863285
0.01,-0.02,-1.5,1758762227.5888934
0.01,-0.02,-1.5,1758762227.5912824
0.01,-0.02,-1.5,1758762227.593631
0.01,-0.02,-1.5,1758762227.595686
0.01,-0.02,-1.5,1758762227.597854
0.01,-0.02,-1.5,1758762227.600197
0.01,-0.02,-1.5,1758762227.60278
0.01,-0.02,-1.5,1758762227.6050744
0.01,-0.02,-1.5,1758762227.6077669
0.01,-0.02,-1.5,1758762227.6096127
0.01,-0.02,-1.5,1758762227.6123154
0.01,-0.02,-1.5,1758762227.6154485
0.01,-0.02,-1.5,1758762227.6175604
0.01,-0.02,-1.5,1758762227.6214306
0.01,-0.02,-1.5,1758762227.624587
0.01,-0.02,-1.5,1758762227.627103
0.01,-0.02,-1.5,1758762227.6294186
0.01,-0.02,-1.5,1758762227.6320894
0.01,-0.02,-1.5,1758762227.6350205
0.01,-0.02,-1.5,1758762227.6372004
0.01,-0.02,-1.5,1758762227.6394844
0.01,-0.02,-1.5,1758762227.6416008
0.01,-0.02,-1.5,1758762227.6446595
0.01,-0.02,-1.5,1758762227.6468115
0.01,-0.02,-1.5,1758762227.6487863
0.01,-0.02,-1.5,1758762227.651719
0.01,-0.02,-1.5,1758762227.6543145
0.01,-0.02,-1.5,1758762227.6570024
0.01,-0.02,-1.5,1758762227.6587744
0.01,-0.02,-1.5,1758762227.6609087
0.01,-0.02,-1.5,1758762227.6630185
0.01,-0.02,-1.5,1758762227.6647935
0.01,-0.02,-1.5,1758762227.6665828
0.01,-0.02,-1.5,1758762227.668883
0.01,-0.02,-1.5,1758762227.6711838
0.01,-0.02,-1.5,1758762227.67361
0.01,-0.02,-1.5,1758762227.6761749
0.01,-0.02,-1.5,1758762227.679222
0.01,-0.02,-1.5,1758762227.681064
0.01,-0.02,-1.5,1758762227.683439
0.01,-0.02,-1.5,1758762227.6858225
0.01,-0.02,-1.5,1758762227.6878674
0.01,-0.02,-1.5,1758762227.6896756
0.01,-0.02,-1.5,1758762227.691687
0.01,-0.02,-1.5,1758762227.6942315
0.01,-0.02,-1.5,1758762227.696521
0.01,-0.02,-1.5,1758762227.699094
0.01,-0.02,-1.5,1758762227.701266
0.01,-0.02,-1.5,1758762227.7032528
0.01,-0.02,-1.5,1758762227.7058458
0.01,-0.02,-1.5,1758762227.7078197
0.01,-0.02,-1.5,1758762227.709695
0.01,-0.02,-1.5,1758762227.7114155
0.01,-0.02,-1.5,1758762227.713185
0.01,-0.02,-1.5,1758762227.7149382
0.01,-0.02,-1.5,1758762227.7172482
0.01,-0.02,-1.5,1758762227.719083
0.01,-0.02,-1.5,1758762227.7209148
0.01,-0.02,-1.5,1758762227.7232969
0.01,-0.02,-1.5,1758762227.7250433
0.01,-0.02,-1.5,1758762227.7268124
0.01,-0.02,-1.5,1758762227.7287347
0.01,-0.02,-1.5,1758762227.7305949
0.01,-0.02,-1.5,1758762227.7323766
0.01,-0.02,-1.5,1758762227.7343016
0.01,-0.02,-1.5,1758762227.7362409
0.01,-0.02,-1.5,1758762227.738062
0.01,-0.02,-1.5,1758762227.7397912
0.01,-0.02,-1.5,1758762227.7418983
0.01,-0.02,-1.5,1758762227.7436666
0.01,-0.02,-1.5,1758762227.7457902
0.01,-0.02,-1.5,1758762227.7477283
0.01,-0.02,-1.5,1758762227.749757
0.01,-0.02,-1.5,1758762227.7518215
0.01,-0.02,-1.5,1758762227.7544312
0.01,-0.02,-1.5,1758762227.7573984
0.01,-0.02,-1.5,1758762227.7592485
0.01,-0.02,-1.5,1758762227.7611318
0.01,-0.02,-1.5,1758762227.763196
0.01,-0.02,-1.5,1758762227.7650805
0.01,-0.02,-1.5,1758762227.766848
0.01,-0.02,-1.5,1758762227.76859
0.01,-0.02,-1.5,1758762227.7704437
0.01,-0.02,-1.5,1758762227.772261
0.01,-0.02,-1.5,1758762227.774053
0.01,-0.02,-1.5,1758762227.7757978
0.01,-0.02,-1.5,1758762227.7776582
0.01,-0.02,-1.5,1758762227.7793794
0.01,-0.02,-1.5,1758762227.7812016
0.01,-0.02,-1.5,1758762227.7829883
0.01,-0.02,-1.5,1758762227.7850404
0.01,-0.02,-1.5,1758762227.7867894
0.01,-0.02,-1.5,1758762227.788963
0.01,-0.02,-1.5,1758762227.7907803
0.01,-0.02,-1.5,1758762227.7928717
0.01,-0.02,-1.5,1758762227.7949498
0.01,-0.02,-1.5,1758762227.7969146
0.01,-0.02,-1.5,1758762227.798652
0.01,-0.02,-1.5,1758762227.8007548
0.01,-0.02,-1.5,1758762227.8027997
0.01,-0.02,-1.5,1758762227.8046217
0.01,-0.02,-1.5,1758762227.8070707
0.01,-0.02,-1.5,1758762227.8092597
0.01,-0.02,-1.5,1758762227.8118255
0.01,-0.02,-1.5,1758762227.8143466
0.01,-0.02,-1.5,1758762227.8161895
0.01,-0.02,-1.5,1758762227.817979
0.01,-0.02,-1.5,1758762227.819755
0.01,-0.02,-1.5,1758762227.821504
0.01,-0.02,-1.5,1758762227.8234038
0.01,-0.02,-1.5,1758762227.8254547
0.01,-0.02,-1.5,1758762227.8280883
0.01,-0.02,-1.5,1758762227.8306923
0.01,-0.02,-1.5,1758762227.833239
0.01,-0.02,-1.5,1758762227.835766
0.01,-0.02,-1.5,1758762227.8374965
0.01,-0.02,-1.5,1758762227.8409636
0.01,-0.02,-1.5,1758762227.8442445
0.01,-0.02,-1.5,1758762227.846678
0.01,-0.02,-1.5,1758762227.8490033
0.01,-0.02,-1.5,1758762227.852381
0.01,-0.02,-1.5,1758762227.8558173
0.01,-0.02,-1.5,1758762227.8592985
0.01,-0.02,-1.5,1758762227.8619096
0.01,-0.02,-1.5,1758762227.8647776
0.01,-0.02,-1.5,1758762227.8673408
0.01,-0.02,-1.5,1758762227.869905
0.01,-0.02,-1.5,1758762227.873243
0.01,-0.02,-1.5,1758762227.876461
0.01,-0.02,-1.5,1758762227.879578
0.01,-0.02,-1.5,1758762227.8832705
0.01,-0.02,-1.5,1758762227.8866887
0.01,-0.02,-1.5,1758762227.889673
0.01,-0.02,-1.5,1758762227.8923965
0.01,-0.02,-1.5,1758762227.894845
0.01,-0.02,-1.5,1758762227.8974998
0.01,-0.02,-1.5,1758762227.9012334
0.01,-0.02,-1.5,1758762227.9041786
0.01,-0.02,-1.5,1758762227.906808
0.01,-0.02,-1.5,1758762227.9092164
0.01,-0.02,-1.5,1758762227.911641
0.01,-0.02,-1.5,1758762227.914112
0.01,-0.02,-1.5,1758762227.916777
0.01,-0.02,-1.5,1758762227.919268
0.01,-0.02,-1.5,1758762227.921806
0.01,-0.02,-1.5,1758762227.92419
0.01,-0.02,-1.5,1758762227.926551
0.01,-0.02,-1.5,1758762227.9291656
0.01,-0.02,-1.5,1758762227.9317274
0.01,-0.02,-1.5,1758762227.934736
0.01,-0.02,-1.5,1758762227.937503
0.01,-0.02,-1.5,1758762227.940391
0.01,-0.02,-1.5,1758762227.943126
0.01,-0.02,-1.5,1758762227.9456255
0.01,-0.02,-1.5,1758762227.9482934
0.01,-0.02,-1.5,1758762227.950976
0.01,-0.02,-1.5,1758762227.953713
0.01,-0.02,-1.5,1758762227.956277
0.01,-0.02,-1.5,1758762227.960135
0.01,-0.02,-1.5,1758762227.963248
0.01,-0.02,-1.5,1758762227.9652257
0.01,-0.02,-1.5,1758762227.9681215
0.01,-0.02,-1.5,1758762227.971121
0.01,-0.02,-1.5,1758762227.9742062
0.01,-0.02,-1.5,1758762227.9773183
0.01,-0.02,-1.5,1758762227.980198
0.01,-0.02,-1.5,1758762227.9836688
0.01,-0.02,-1.5,1758762227.9861248
0.01,-0.02,-1.5,1758762227.9885137
0.01,-0.02,-1.5,1758762227.9911685
0.01,-0.02,-1.5,1758762227.993578
0.01,-0.02,-1.5,1758762227.9963958
0.01,-0.02,-1.5,1758762227.9990146
0.01,-0.02,-1.5,1758762228.002678
0.01,-0.02,-1.5,1758762228.0049868
0.01,-0.02,-1.5,1758762228.0072787
0.01,-0.02,-1.5,1758762228.0095658
0.01,-0.02,-1.5,1758762228.0122766
0.01,-0.02,-1.5,1758762228.0158749
0.01,-0.02,-1.5,1758762228.0187552
0.01,-0.02,-1.5,1758762228.0218592
0.01,-0.02,-1.5,1758762228.0249088
0.01,-0.02,-1.5,1758762228.0277514
0.01,-0.02,-1.5,1758762228.030168
0.01,-0.02,-1.5,1758762228.0326316
0.01,-0.02,-1.5,1758762228.0345592
0.01,-0.02,-1.5,1758762228.0363815
0.01,-0.01,-1.5,1758762228.0385995
0.01,-0.01,-1.5,1758762228.04034
0.01,-0.02,-1.5,1758762228.0422
0.01,-0.01,-1.5,1758762228.045294
0.01,-0.01,-1.5,1758762228.0471675
0.01,-0.02,-1.5,1758762228.0493286
0.01,-0.02,-1.5,1758762228.051285
0.01,-0.02,-1.5,1758762228.0530195
0.01,-0.02,-1.5,1758762228.0554535
0.01,-0.02,-1.5,1758762228.0579877
0.01,-0.02,-1.5,1758762228.060715
0.01,-0.02,-1.5,1758762228.0633724
0.01,-0.02,-1.5,1758762228.0657756
0.01,-0.02,-1.5,1758762228.068764
0.01,-0.02,-1.5,1758762228.070437
0.01,-0.02,-1.5,1758762228.0728445
0.01,-0.02,-1.5,1758762228.0748258
0.01,-0.02,-1.5,1758762228.0770886
0.01,-0.02,-1.5,1758762228.0790677
0.01,-0.02,-1.5,1758762228.0812578
0.01,-0.02,-1.5,1758762228.0829616
0.01,-0.02,-1.5,1758762228.08473
0.01,-0.02,-1.5,1758762228.086558
0.01,-0.02,-1.5,1758762228.088235
0.01,-0.02,-1.5,1758762228.0901322
0.01,-0.02,-1.5,1758762228.0923345
0.01,-0.02,-1.5,1758762228.0941334
0.01,-0.02,-1.5,1758762228.0961194
0.01,-0.02,-1.5,1758762228.098145
0.01,-0.02,-1.5,1758762228.1001658
0.01,-0.02,-1.5,1758762228.1021078
0.01,-0.02,-1.5,1758762228.1043844
0.01,-0.02,-1.5,1758762228.106069
0.01,-0.02,-1.5,1758762228.1076825
0.01,-0.02,-1.5,1758762228.109879
0.01,-0.02,-1.5,1758762228.1117468
0.01,-0.02,-1.5,1758762228.113687
0.01,-0.02,-1.5,1758762228.1161644
0.01,-0.02,-1.5,1758762228.1181045
0.01,-0.02,-1.5,1758762228.1197934
0.01,-0.02,-1.5,1758762228.1214588
0.01,-0.02,-1.5,1758762228.1236432
0.01,-0.02,-1.5,1758762228.1266885
0.01,-0.02,-1.5,1758762228.1300695
0.01,-0.02,-1.5,1758762228.133227
0.01,-0.02,-1.5,1758762228.1358874
0.01,-0.02,-1.5,1758762228.1386414
0.01,-0.02,-1.5,1758762228.1416864
0.01,-0.02,-1.5,1758762228.1449816
0.01,-0.02,-1.5,1758762228.1478348
0.01,-0.02,-1.5,1758762228.150576
0.01,-0.02,-1.5,1758762228.1538837
0.01,-0.02,-1.5,1758762228.1567297
0.01,-0.02,-1.5,1758762228.1599903
0.01,-0.02,-1.5,1758762228.1636994
0.01,-0.02,-1.5,1758762228.166837
0.01,-0.02,-1.5,1758762228.1696506
0.01,-0.02,-1.5,1758762228.1724668
0.01,-0.02,-1.5,1758762228.1754608
0.01,-0.02,-1.5,1758762228.1780355
0.01,-0.02,-1.5,1758762228.1808665
0.01,-0.02,-1.5,1758762228.183432
0.01,-0.02,-1.5,1758762228.1862366
0.01,-0.02,-1.5,1758762228.1894894
0.01,-0.02,-1.5,1758762228.192714
0.01,-0.02,-1.5,1758762228.1956396
0.01,-0.02,-1.5,1758762228.1981883
0.01,-0.02,-1.5,1758762228.200694
0.01,-0.02,-1.5,1758762228.2032871
0.01,-0.02,-1.5,1758762228.2059045
0.01,-0.02,-1.5,1758762228.2080889
0.01,-0.02,-1.5,1758762228.210947
0.01,-0.02,-1.5,1758762228.2140725
0.01,-0.02,-1.5,1758762228.2172413
0.01,-0.02,-1.5,1758762228.219924
0.01,-0.02,-1.5,1758762228.2224777
0.01,-0.02,-1.5,1758762228.225084
0.01,-0.02,-1.5,1758762228.2281904
0.01,-0.02,-1.5,1758762228.2313068
0.01,-0.02,-1.5,1758762228.2340286
0.01,-0.02,-1.5,1758762228.2367167
0.01,-0.02,-1.5,1758762228.2392485
0.01,-0.02,-1.5,1758762228.2417738
0.01,-0.02,-1.5,1758762228.2451038
0.01,-0.02,-1.5,1758762228.2482092
0.01,-0.02,-1.5,1758762228.25152
0.01,-0.02,-1.5,1758762228.254876
0.01,-0.02,-1.5,1758762228.258134
0.01,-0.02,-1.5,1758762228.2614524
0.01,-0.02,-1.5,1758762228.2645452
0.01,-0.02,-1.5,1758762228.2673938
0.01,-0.02,-1.5,1758762228.2702758
0.01,-0.02,-1.5,1758762228.2732084
0.01,-0.02,-1.5,1758762228.2773492
0.01,-0.02,-1.5,1758762228.2808554
0.01,-0.02,-1.5,1758762228.2842488
0.01,-0.02,-1.5,1758762228.286492
0.01,-0.02,-1.5,1758762228.2884429
0.01,-0.02,-1.5,1758762228.290206
0.01,-0.02,-1.5,1758762228.2928858
0.01,-0.02,-1.5,1758762228.295341
0.01,-0.01,-1.5,1758762228.298967
0.01,-0.01,-1.5,1758762228.30351
0.01,-0.02,-1.5,1758762228.3071427
0.01,-0.02,-1.5,1758762228.309688
0.01,-0.02,-1.5,1758762228.3121002
0.01,-0.02,-1.5,1758762228.3149028
0.01,-0.02,-1.5,1758762228.3173404
0.01,-0.02,-1.5,1758762228.3198647
0.01,-0.02,-1.5,1758762228.3218362
0.01,-0.02,-1.5,1758762228.324871
0.01,-0.02,-1.5,1758762228.3272767
0.01,-0.02,-1.5,1758762228.33035
0.01,-0.02,-1.5,1758762228.3331628
0.01,-0.02,-1.5,1758762228.336121
0.01,-0.02,-1.5,1758762228.338615
0.01,-0.02,-1.5,1758762228.3414965
0.01,-0.02,-1.5,1758762228.3441322
0.01,-0.02,-1.5,1758762228.3468504
0.01,-0.02,-1.5,1758762228.3498592
0.01,-0.02,-1.5,1758762228.3523743
0.01,-0.02,-1.5,1758762228.356116
0.01,-0.02,-1.5,1758762228.3582814
0.01,-0.02,-1.5,1758762228.3608365
0.01,-0.02,-1.5,1758762228.3636446
0.01,-0.02,-1.5,1758762228.36684
0.01,-0.02,-1.5,1758762228.3693132
0.01,-0.02,-1.5,1758762228.3720572
0.01,-0.02,-1.5,1758762228.3745418
0.01,-0.02,-1.5,1758762228.377965
0.01,-0.02,-1.5,1758762228.380374
0.01,-0.02,-1.5,1758762228.383181
0.01,-0.02,-1.5,1758762228.386212
0.01,-0.02,-1.5,1758762228.3883574
0.01,-0.02,-1.5,1758762228.391163
0.01,-0.02,-1.5,1758762228.3936296
0.01,-0.02,-1.5,1758762228.396219
0.01,-0.02,-1.5,1758762228.398943
0.01,-0.02,-1.5,1758762228.402974
0.01,-0.02,-1.5,1758762228.405476
0.01,-0.02,-1.5,1758762228.4077537
0.01,-0.02,-1.5,1758762228.410722
0.01,-0.02,-1.5,1758762228.4124718
0.01,-0.02,-1.5,1758762228.4164505
0.01,-0.02,-1.5,1758762228.4194748
0.01,-0.02,-1.5,1758762228.4225936
0.01,-0.02,-1.5,1758762228.4243186
0.01,-0.02,-1.5,1758762228.427672
0.01,-0.02,-1.5,1758762228.4294703
0.01,-0.02,-1.5,1758762228.4332511
0.01,-0.02,-1.5,1758762228.436404
0.01,-0.02,-1.5,1758762228.4388423
0.01,-0.02,-1.5,1758762228.440672
0.01,-0.02,-1.5,1758762228.4435868
0.01,-0.02,-1.5,1758762228.4453812
0.01,-0.02,-1.5,1758762228.4487448
0.01,-0.02,-1.5,1758762228.4515617
0.01,-0.02,-1.5,1758762228.4547236
0.01,-0.02,-1.5,1758762228.4564605
0.01,-0.02,-1.5,1758762228.4590485
0.01,-0.02,-1.5,1758762228.4636526
0.01,-0.02,-1.5,1758762228.4661317
0.01,-0.02,-1.5,1758762228.4682178
0.01,-0.02,-1.5,1758762228.4712653
0.01,-0.02,-1.5,1758762228.4732883
0.01,-0.02,-1.5,1758762228.4761355
0.01,-0.02,-1.5,1758762228.4790795
0.01,-0.02,-1.5,1758762228.4808648
0.01,-0.02,-1.5,1758762228.4831605
0.01,-0.02,-1.5,1758762228.4847758
0.01,-0.02,-1.5,1758762228.4880755
0.01,-0.02,-1.5,1758762228.4906106
0.01,-0.02,-1.5,1758762228.4928024
0.01,-0.02,-1.5,1758762228.4957745
0.01,-0.02,-1.5,1758762228.4982965
0.01,-0.02,-1.5,1758762228.4999924
0.01,-0.02,-1.5,1758762228.5027585
0.01,-0.02,-1.5,1758762228.5047622
0.01,-0.02,-1.5,1758762228.507548
0.01,-0.02,-1.5,1758762228.5092547
0.01,-0.02,-1.5,1758762228.5117695
0.01,-0.02,-1.5,1758762228.5151768
0.01,-0.02,-1.5,1758762228.5168796
0.01,-0.02,-1.5,1758762228.5199728
0.01,-0.02,-1.5,1758762228.5230365
0.01,-0.02,-1.5,1758762228.5250788
0.01,-0.02,-1.5,1758762228.527751
0.01,-0.02,-1.5,1758762228.5294995
0.01,-0.02,-1.5,1758762228.532029
0.01,-0.02,-1.5,1758762228.53505
0.01,-0.02,-1.5,1758762228.5370088
0.01,-0.02,-1.5,1758762228.5395448
0.01,-0.02,-1.5,1758762228.543538
0.01,-0.02,-1.5,1758762228.547433
0.01,-0.02,-1.5,1758762228.5496197
0.01,-0.02,-1.5,1758762228.552857
0.01,-0.02,-1.5,1758762228.556208
0.01,-0.02,-1.5,1758762228.558973
0.01,-0.02,-1.5,1758762228.5607986
0.01,-0.02,-1.5,1758762228.56395
0.01,-0.02,-1.5,1758762228.56685
0.01,-0.02,-1.5,1758762228.5685554
0.01,-0.02,-1.5,1758762228.571033
0.01,-0.02,-1.5,1758762228.5728254
0.01,-0.02,-1.5,1758762228.576254
0.01,-0.02,-1.5,1758762228.5785935
0.01,-0.02,-1.5,1758762228.5807705
0.01,-0.02,-1.5,1758762228.5837662
0.01,-0.02,-1.5,1758762228.586254
0.01,-0.02,-1.5,1758762228.5880835
0.01,-0.02,-1.5,1758762228.5930066
0.01,-0.02,-1.5,1758762228.5971725
0.01,-0.02,-1.5,1758762228.6007578
0.01,-0.02,-1.5,1758762228.6044376
0.01,-0.02,-1.5,1758762228.6076748
0.01,-0.02,-1.5,1758762228.610361
0.01,-0.02,-1.5,1758762228.6138194
0.01,-0.02,-1.5,1758762228.616756
0.01,-0.02,-1.5,1758762228.6201165
0.01,-0.02,-1.5,1758762228.6231625
0.01,-0.02,-1.5,1758762228.6266203
0.01,-0.02,-1.5,1758762228.6295705
0.01,-0.02,-1.5,1758762228.633096
0.01,-0.02,-1.5,1758762228.6353016
0.01,-0.02,-1.5,1758762228.6378138
0.01,-0.02,-1.5,1758762228.6405356
0.01,-0.02,-1.5,1758762228.643321
0.01,-0.02,-1.5,1758762228.6463492
0.01,-0.02,-1.5,1758762228.649146
0.01,-0.02,-1.5,1758762228.652365
0.01,-0.02,-1.5,1758762228.654967
0.01,-0.02,-1.5,1758762228.656849
0.01,-0.02,-1.5,1758762228.6592574
0.01,-0.02,-1.5,1758762228.660998
0.01,-0.02,-1.5,1758762228.6632452
0.01,-0.02,-1.5,1758762228.6652558
0.01,-0.02,-1.5,1758762228.6672015
0.01,-0.02,-1.5,1758762228.6695368
0.01,-0.02,-1.5,1758762228.6729712
0.01,-0.02,-1.5,1758762228.6760771
0.01,-0.02,-1.5,1758762228.6780562
0.01,-0.02,-1.5,1758762228.6797917
0.01,-0.02,-1.5,1758762228.6815822
0.01,-0.02,-1.5,1758762228.683964
0.01,-0.02,-1.5,1758762228.6866968
0.01,-0.02,-1.5,1758762228.688834
0.01,-0.02,-1.5,1758762228.6918762
0.01,-0.02,-1.5,1758762228.6947098
0.01,-0.02,-1.5,1758762228.696459
0.01,-0.02,-1.5,1758762228.6991498
0.01,-0.02,-1.5,1758762228.702423
0.01,-0.02,-1.5,1758762228.7062962
0.01,-0.02,-1.5,1758762228.7095788
0.01,-0.02,-1.5,1758762228.711951
0.01,-0.02,-1.5,1758762228.7137823
0.01,-0.02,-1.5,1758762228.7160263
0.01,-0.02,-1.5,1758762228.7178104
0.01,-0.02,-1.5,1758762228.720045
0.01,-0.02,-1.5,1758762228.7219162
0.01,-0.02,-1.5,1758762228.7238364
0.01,-0.02,-1.5,1758762228.7256618
0.01,-0.02,-1.5,1758762228.72756
0.01,-0.02,-1.5,1758762228.7293384
0.01,-0.02,-1.5,1758762228.7318585
0.01,-0.02,-1.5,1758762228.734412
0.01,-0.02,-1.5,1758762228.7363112
0.01,-0.02,-1.5,1758762228.7382283
0.01,-0.02,-1.5,1758762228.7404249
0.01,-0.02,-1.5,1758762228.7423956
0.01,-0.02,-1.5,1758762228.7443204
0.01,-0.02,-1.5,1758762228.7466695
0.01,-0.02,-1.5,1758762228.7483964
0.01,-0.02,-1.5,1758762228.7502224
0.01,-0.02,-1.5,1758762228.7519982
0.01,-0.02,-1.5,1758762228.7545302
0.01,-0.02,-1.5,1758762228.7565916
0.01,-0.02,-1.5,1758762228.759132
0.01,-0.02,-1.5,1758762228.761087
0.01,-0.02,-1.5,1758762228.763172
0.01,-0.02,-1.5,1758762228.7650292
0.01,-0.02,-1.5,1758762228.7676127
0.01,-0.02,-1.5,1758762228.7694116
0.01,-0.02,-1.5,1758762228.7711678
0.01,-0.02,-1.5,1758762228.7731104
0.01,-0.02,-1.5,1758762228.7748616
0.01,-0.02,-1.5,1758762228.7766554
0.01,-0.02,-1.5,1758762228.7792838
0.01,-0.02,-1.5,1758762228.7810538
0.01,-0.02,-1.5,1758762228.7834494
0.01,-0.02,-1.5,1758762228.785165
0.01,-0.02,-1.5,1758762228.787293
0.01,-0.02,-1.5,1758762228.789053
0.01,-0.02,-1.5,1758762228.790999
0.01,-0.02,-1.5,1758762228.792989
0.01,-0.02,-1.5,1758762228.79537
0.01,-0.02,-1.5,1758762228.7970867
0.01,-0.02,-1.5,1758762228.799343
0.01,-0.02,-1.5,1758762228.8010836
0.01,-0.02,-1.5,1758762228.802942
0.01,-0.02,-1.5,1758762228.8052804
0.01,-0.02,-1.5,1758762228.8074114
0.01,-0.02,-1.5,1758762228.809195
0.01,-0.02,-1.5,1758762228.8109765
0.01,-0.02,-1.5,1758762228.8129654
0.01,-0.02,-1.5,1758762228.814926
0.01,-0.02,-1.5,1758762228.8167274
0.01,-0.02,-1.5,1758762228.8185575
0.01,-0.02,-1.51,1758762228.820335
0.01,-0.02,-1.51,1758762228.8222969
0.01,-0.02,-1.51,1758762228.8243911
0.01,-0.02,-1.51,1758762228.8261764
0.01,-0.02,-1.51,1758762228.8283298
0.01,-0.02,-1.51,1758762228.8308263
0.01,-0.02,-1.51,1758762228.832843
0.01,-0.02,-1.51,1758762228.8349786
0.01,-0.02,-1.51,1758762228.8367822
0.01,-0.02,-1.51,1758762228.8384783
0.01,-0.02,-1.51,1758762228.8403914
0.01,-0.02,-1.51,1758762228.8426611
0.01,-0.02,-1.51,1758762228.8448265
0.01,-0.02,-1.51,1758762228.8466766
0.01,-0.02,-1.51,1758762228.8485043
0.01,-0.02,-1.51,1758762228.850741
0.01,-0.02,-1.51,1758762228.8525062
0.01,-0.02,-1.51,1758762228.85508
0.01,-0.02,-1.51,1758762228.8576438
0.01,-0.02,-1.51,1758762228.859619
0.01,-0.02,-1.51,1758762228.8614004
0.01,-0.02,-1.51,1758762228.863271
0.01,-0.02,-1.51,1758762228.865038
0.01,-0.02,-1.51,1758762228.8667967
0.01,-0.02,-1.51,1758762228.869388
0.01,-0.02,-1.51,1758762228.871115
0.01,-0.02,-1.51,1758762228.8740375
0.01,-0.02,-1.51,1758762228.8761926
0.01,-0.02,-1.51,1758762228.8779876
0.01,-0.02,-1.51,1758762228.879805
0.01,-0.02,-1.51,1758762228.8823297
0.01,-0.02,-1.51,1758762228.884701
0.01,-0.02,-1.51,1758762228.886507
0.01,-0.02,-1.51,1758762228.8886435
0.01,-0.02,-1.51,1758762228.89059
0.01,-0.02,-1.51,1758762228.8928945
0.01,-0.02,-1.51,1758762228.894632
0.01,-0.02,-1.51,1758762228.8977835
0.01,-0.02,-1.51,1758762228.9001172
0.01,-0.02,-1.51,1758762228.9023132
0.01,-0.02,-1.51,1758762228.904424
0.01,-0.02,-1.51,1758762228.906405
0.01,-0.02,-1.51,1758762228.9092665
0.01,-0.02,-1.51,1758762228.9119134
0.01,-0.02,-1.51,1758762228.9145646
0.01,-0.02,-1.51,1758762228.917074
0.01,-0.02,-1.51,1758762228.9192207
0.01,-0.02,-1.51,1758762228.9226952
0.01,-0.02,-1.51,1758762228.9260962
0.01,-0.02,-1.51,1758762228.927871
0.01,-0.02,-1.51,1758762228.929964
0.01,-0.02,-1.51,1758762228.9318595
0.01,-0.02,-1.51,1758762228.9348075
0.01,-0.02,-1.51,1758762228.9376128
0.01,-0.02,-1.51,1758762228.9401412
0.01,-0.02,-1.51,1758762228.9433763
0.01,-0.02,-1.51,1758762228.9468074
0.01,-0.02,-1.51,1758762228.9494078
0.01,-0.02,-1.51,1758762228.952804
0.01,-0.02,-1.51,1758762228.9557254
0.01,-0.02,-1.51,1758762228.9579732
0.01,-0.02,-1.51,1758762228.9608126
0.01,-0.02,-1.51,1758762228.9631307
0.01,-0.02,-1.51,1758762228.9650693
0.01,-0.02,-1.51,1758762228.9679213
0.01,-0.02,-1.51,1758762228.9703507
0.01,-0.02,-1.51,1758762228.9732916
0.01,-0.02,-1.51,1758762228.9767127
0.01,-0.02,-1.51,1758762228.9792912
0.01,-0.02,-1.51,1758762228.98277
0.01,-0.02,-1.51,1758762228.9851992
0.01,-0.02,-1.51,1758762228.9869497
0.01,-0.02,-1.51,1758762228.9888916
0.01,-0.02,-1.51,1758762228.991029
0.01,-0.02,-1.51,1758762228.9929185
0.01,-0.02,-1.51,1758762228.99475
0.01,-0.02,-1.51,1758762228.9964595
0.01,-0.02,-1.51,1758762228.998655
0.01,-0.02,-1.51,1758762229.0013294
0.01,-0.02,-1.51,1758762229.0045197
0.01,-0.02,-1.51,1758762229.0078502
0.01,-0.02,-1.51,1758762229.0108762
0.01,-0.02,-1.51,1758762229.012904
0.01,-0.02,-1.51,1758762229.0160117
0.01,-0.02,-1.51,1758762229.018088
0.01,-0.02,-1.51,1758762229.0203764
0.01,-0.02,-1.51,1758762229.0236063
0.01,-0.02,-1.51,1758762229.0274076
0.01,-0.02,-1.51,1758762229.0314386
0.01,-0.02,-1.51,1758762229.0354507
0.01,-0.02,-1.51,1758762229.040042
0.01,-0.02,-1.51,1758762229.0443776
0.01,-0.02,-1.51,1758762229.0480866
0.01,-0.02,-1.51,1758762229.0514538
0.01,-0.02,-1.51,1758762229.056385
0.01,-0.02,-1.51,1758762229.0596097
0.01,-0.02,-1.51,1758762229.06262
0.01,-0.02,-1.51,1758762229.0661657
0.01,-0.02,-1.51,1758762229.069091
0.01,-0.02,-1.51,1758762229.072068
0.01,-0.02,-1.51,1758762229.0763514
0.01,-0.02,-1.51,1758762229.079377
0.01,-0.02,-1.51,1758762229.0832684
0.01,-0.02,-1.51,1758762229.0864832
0.01,-0.02,-1.51,1758762229.0894551
0.01,-0.02,-1.51,1758762229.0923889
0.01,-0.02,-1.51,1758762229.095942
0.01,-0.02,-1.51,1758762229.099455
0.01,-0.02,-1.51,1758762229.104254
0.01,-0.02,-1.51,1758762229.1078858
0.01,-0.02,-1.51,1758762229.111187
0.01,-0.02,-1.51,1758762229.1147742
0.01,-0.02,-1.51,1758762229.1179905
0.01,-0.02,-1.51,1758762229.121624
0.01,-0.02,-1.51,1758762229.124642
0.01,-0.02,-1.51,1758762229.1264577
0.01,-0.02,-1.51,1758762229.12845
0.01,-0.02,-1.51,1758762229.130917
0.01,-0.02,-1.51,1758762229.1328862
0.01,-0.02,-1.51,1758762229.1349976
0.01,-0.02,-1.51,1758762229.1369212
0.01,-0.02,-1.51,1758762229.1390965
0.01,-0.02,-1.51,1758762229.1410575
0.01,-0.02,-1.51,1758762229.143409
0.01,-0.02,-1.51,1758762229.1451902
0.01,-0.02,-1.51,1758762229.148023
0.01,-0.02,-1.51,1758762229.1497755
0.01,-0.02,-1.51,1758762229.151781
0.01,-0.02,-1.51,1758762229.1544275
0.01,-0.02,-1.51,1758762229.1568506
0.01,-0.02,-1.51,1758762229.1596346
0.01,-0.02,-1.51,1758762229.1630723
0.01,-0.02,-1.51,1758762229.1663315
0.01,-0.02,-1.51,1758762229.1691525
0.01,-0.02,-1.51,1758762229.1723473
0.01,-0.02,-1.51,1758762229.1756444
0.01,-0.02,-1.51,1758762229.1783948
0.01,-0.02,-1.51,1758762229.181245
0.01,-0.02,-1.51,1758762229.1847332
0.01,-0.02,-1.51,1758762229.1878643
0.01,-0.02,-1.51,1758762229.1901538
0.01,-0.02,-1.51,1758762229.1924262
0.01,-0.02,-1.51,1758762229.1947606
0.01,-0.02,-1.51,1758762229.1966765
0.01,-0.02,-1.51,1758762229.2000544
0.01,-0.02,-1.51,1758762229.2035
0.01,-0.02,-1.51,1758762229.2056518
0.01,-0.02,-1.51,1758762229.208551
0.01,-0.02,-1.51,1758762229.2113824
0.01,-0.03,-1.51,1758762229.2135427
0.01,-0.03,-1.51,1758762229.2155216
0.01,-0.03,-1.51,1758762229.2178645
0.01,-0.03,-1.51,1758762229.2199116
0.01,-0.03,-1.51,1758762229.2221498
0.01,-0.03,-1.51,1758762229.2248895
0.01,-0.03,-1.51,1758762229.22757
0.01,-0.03,-1.51,1758762229.230172
0.01,-0.03,-1.51,1758762229.2323468
0.01,-0.03,-1.51,1758762229.2353146
0.01,-0.02,-1.51,1758762229.2385182
0.01,-0.03,-1.51,1758762229.241752
0.01,-0.03,-1.51,1758762229.2443538
0.01,-0.02,-1.51,1758762229.2466338
0.01,-0.02,-1.51,1758762229.2490215
0.01,-0.02,-1.51,1758762229.251359
0.01,-0.02,-1.51,1758762229.2541778
0.01,-0.02,-1.51,1758762229.2574956
0.01,-0.02,-1.51,1758762229.259847
0.01,-0.02,-1.51,1758762229.2619226
0.01,-0.02,-1.51,1758762229.2641056
0.01,-0.02,-1.51,1758762229.2664697
0.01,-0.02,-1.51,1758762229.2692037
0.01,-0.02,-1.51,1758762229.2724245
0.01,-0.02,-1.51,1758762229.2751586
0.01,-0.02,-1.51,1758762229.2774255
0.01,-0.02,-1.51,1758762229.2797284
0.01,-0.02,-1.51,1758762229.281664
0.01,-0.02,-1.51,1758762229.2843292
0.01,-0.02,-1.51,1758762229.286592
0.01,-0.02,-1.51,1758762229.2893517
0.01,-0.02,-1.51,1758762229.2921803
0.01,-0.02,-1.51,1758762229.2948284
0.01,-0.02,-1.51,1758762229.2972004
0.01,-0.02,-1.51,1758762229.2992918
0.01,-0.02,-1.51,1758762229.3019123
0.01,-0.02,-1.51,1758762229.305499
0.01,-0.02,-1.51,1758762229.3087618
0.01,-0.02,-1.51,1758762229.3109603
0.01,-0.02,-1.51,1758762229.3131049
0.01,-0.02,-1.51,1758762229.3156664
0.01,-0.02,-1.51,1758762229.3176455
0.01,-0.02,-1.51,1758762229.320083
0.01,-0.02,-1.51,1758762229.3222709
0.01,-0.02,-1.51,1758762229.325147
0.01,-0.02,-1.51,1758762229.328227
0.01,-0.02,-1.51,1758762229.331263
0.01,-0.02,-1.51,1758762229.3335009
0.01,-0.02,-1.51,1758762229.3357842
0.01,-0.02,-1.51,1758762229.3387313
0.01,-0.02,-1.51,1758762229.3414292
0.01,-0.02,-1.51,1758762229.344223
0.01,-0.02,-1.51,1758762229.347797
0.01,-0.02,-1.51,1758762229.349893
0.01,-0.02,-1.51,1758762229.352043
0.01,-0.02,-1.51,1758762229.3558388
0.01,-0.02,-1.51,1758762229.3578055
0.01,-0.02,-1.51,1758762229.3605814
0.01,-0.02,-1.51,1758762229.363013
0.01,-0.02,-1.51,1758762229.3649354
0.01,-0.02,-1.51,1758762229.3672037
0.01,-0.02,-1.51,1758762229.3691957
0.01,-0.02,-1.51,1758762229.3718438
0.01,-0.02,-1.51,1758762229.3741024
0.01,-0.02,-1.51,1758762229.3766844
0.01,-0.02,-1.51,1758762229.379233
0.01,-0.02,-1.51,1758762229.38115
0.01,-0.02,-1.51,1758762229.3834374
0.01,-0.02,-1.51,1758762229.3853514
0.01,-0.02,-1.51,1758762229.3875558
0.01,-0.02,-1.51,1758762229.3898685
0.01,-0.02,-1.51,1758762229.392083
0.01,-0.02,-1.51,1758762229.394684
0.01,-0.02,-1.51,1758762229.3969
0.01,-0.02,-1.51,1758762229.3988583
0.01,-0.02,-1.51,1758762229.400815
0.01,-0.02,-1.51,1758762229.4030335
0.01,-0.02,-1.51,1758762229.4052043
0.01,-0.02,-1.51,1758762229.4073603
0.01,-0.02,-1.51,1758762229.4092782
0.01,-0.02,-1.51,1758762229.4118187
0.01,-0.02,-1.51,1758762229.4141357
0.01,-0.02,-1.51,1758762229.4163198
0.01,-0.02,-1.51,1758762229.4182436
0.01,-0.02,-1.51,1758762229.4204965
0.01,-0.02,-1.51,1758762229.4229355
0.01,-0.01,-1.51,1758762229.424963
0.01,-0.01,-1.51,1758762229.4268324
0.01,-0.01,-1.51,1758762229.429361
0.01,-0.01,-1.51,1758762229.4321182
0.01,-0.02,-1.51,1758762229.434554
0.01,-0.02,-1.51,1758762229.4368408
0.01,-0.02,-1.51,1758762229.4390588
0.01,-0.02,-1.51,1758762229.4409778
0.01,-0.02,-1.51,1758762229.443177
0.01,-0.02,-1.51,1758762229.4451504
0.01,-0.02,-1.51,1758762229.4474273
0.01,-0.02,-1.51,1758762229.4493551
0.01,-0.02,-1.51,1758762229.4515817
0.01,-0.02,-1.51,1758762229.4536169
0.01,-0.02,-1.51,1758762229.4562988
0.01,-0.02,-1.51,1758762229.459259
0.01,-0.02,-1.51,1758762229.4621675
0.01,-0.02,-1.51,1758762229.465461
0.01,-0.02,-1.51,1758762229.4684634
0.01,-0.02,-1.51,1758762229.4713883
0.01,-0.02,-1.51,1758762229.47468
0.01,-0.02,-1.51,1758762229.4776747
0.01,-0.02,-1.51,1758762229.481151
0.01,-0.02,-1.51,1758762229.4842758
0.01,-0.02,-1.51,1758762229.487276
0.01,-0.02,-1.51,1758762229.4902318
0.01,-0.02,-1.51,1758762229.4931788
0.01,-0.02,-1.51,1758762229.4952033
0.01,-0.02,-1.51,1758762229.4974172
0.01,-0.02,-1.51,1758762229.4993083
0.01,-0.02,-1.51,1758762229.5012202
0.01,-0.02,-1.51,1758762229.504615
0.01,-0.02,-1.51,1758762229.5074234
0.01,-0.02,-1.51,1758762229.5098171
0.01,-0.02,-1.51,1758762229.5129151
0.01,-0.02,-1.51,1758762229.515328
0.01,-0.02,-1.51,1758762229.518371
0.01,-0.02,-1.51,1758762229.5215786
0.01,-0.02,-1.51,1758762229.5244713
0.01,-0.02,-1.51,1758762229.5269625
0.01,-0.02,-1.51,1758762229.5295134
0.01,-0.02,-1.51,1758762229.532323
0.01,-0.02,-1.51,1758762229.5353904
0.01,-0.02,-1.51,1758762229.5381367
0.01,-0.02,-1.51,1758762229.5411234
0.01,-0.02,-1.51,1758762229.543654
0.01,-0.02,-1.51,1758762229.546005
0.01,-0.02,-1.51,1758762229.5487006
0.01,-0.02,-1.51,1758762229.5510316
0.01,-0.02,-1.51,1758762229.5540676
0.01,-0.02,-1.51,1758762229.5570548
0.01,-0.02,-1.51,1758762229.5599318
0.01,-0.02,-1.51,1758762229.5629103
0.01,-0.02,-1.51,1758762229.566041
0.01,-0.02,-1.51,1758762229.568455
0.01,-0.02,-1.51,1758762229.57131
0.01,-0.02,-1.51,1758762229.5746171
0.01,-0.02,-1.51,1758762229.5775132
0.01,-0.02,-1.51,1758762229.580566
0.01,-0.02,-1.51,1758762229.5831594
0.01,-0.02,-1.51,1758762229.586156
0.01,-0.02,-1.51,1758762229.589352
0.01,-0.02,-1.51,1758762229.59225
0.01,-0.02,-1.51,1758762229.5952473
0.01,-0.02,-1.51,1758762229.5981808
0.01,-0.02,-1.51,1758762229.601264
0.01,-0.02,-1.51,1758762229.6043074
0.01,-0.02,-1.51,1758762229.6074655
0.01,-0.02,-1.51,1758762229.6098833
0.01,-0.02,-1.51,1758762229.6129303
0.01,-0.02,-1.51,1758762229.6155815
0.01,-0.02,-1.51,1758762229.618533
0.01,-0.02,-1.51,1758762229.6215622
0.01,-0.02,-1.51,1758762229.6249132
0.01,-0.02,-1.51,1758762229.627765
0.01,-0.02,-1.51,1758762229.630748
0.01,-0.02,-1.51,1758762229.6340606
0.01,-0.02,-1.51,1758762229.6369889
0.01,-0.02,-1.51,1758762229.639941
0.01,-0.02,-1.51,1758762229.643077
0.01,-0.02,-1.51,1758762229.6459007
0.01,-0.02,-1.51,1758762229.6487503
0.01,-0.02,-1.51,1758762229.6517403
0.01,-0.01,-1.51,1758762229.6548438
0.01,-0.02,-1.51,1758762229.6577575
0.01,-0.02,-1.51,1758762229.660848
0.01,-0.02,-1.51,1758762229.6637652
0.01,-0.02,-1.51,1758762229.6667316
0.01,-0.02,-1.51,1758762229.6695342
0.01,-0.02,-1.51,1758762229.6724496
0.01,-0.02,-1.51,1758762229.6750169
0.01,-0.02,-1.51,1758762229.6780522
0.01,-0.02,-1.51,1758762229.680956
0.01,-0.02,-1.51,1758762229.6839352
0.01,-0.02,-1.51,1758762229.6874623
0.01,-0.02,-1.51,1758762229.6903815
0.01,-0.02,-1.51,1758762229.6933868
0.01,-0.02,-1.51,1758762229.6961317
0.01,-0.02,-1.51,1758762229.6989355
0.01,-0.02,-1.51,1758762229.701402
0.01,-0.02,-1.51,1758762229.7043588
0.01,-0.02,-1.51,1758762229.7072067
0.01,-0.02,-1.51,1758762229.710011
0.01,-0.02,-1.51,1758762229.7123492
0.01,-0.02,-1.51,1758762229.7152178
0.01,-0.02,-1.51,1758762229.7180028
0.01,-0.02,-1.51,1758762229.7206154
0.01,-0.02,-1.51,1758762229.7232745
0.01,-0.02,-1.51,1758762229.7261565
0.01,-0.02,-1.51,1758762229.7286766
0.01,-0.01,-1.51,1758762229.7318006
0.01,-0.02,-1.51,1758762229.7346554
0.01,-0.02,-1.51,1758762229.7377882
0.01,-0.02,-1.51,1758762229.7411494
0.01,-0.02,-1.51,1758762229.74432
0.01,-0.02,-1.51,1758762229.7470896
0.01,-0.02,-1.51,1758762229.7497735
0.01,-0.02,-1.51,1758762229.7524197
0.01,-0.02,-1.51,1758762229.7554834
0.01,-0.02,-1.51,1758762229.757593
0.01,-0.02,-1.51,1758762229.7606895
0.01,-0.02,-1.51,1758762229.7640843
0.01,-0.02,-1.51,1758762229.766942
0.01,-0.02,-1.51,1758762229.769444
0.01,-0.02,-1.51,1758762229.7723742
0.01,-0.02,-1.51,1758762229.7753289
0.01,-0.02,-1.51,1758762229.7779677
0.01,-0.02,-1.51,1758762229.7803116
0.01,-0.02,-1.51,1758762229.7833884
0.01,-0.02,-1.51,1758762229.7866795
0.01,-0.02,-1.51,1758762229.789619
0.01,-0.02,-1.51,1758762229.794137
0.01,-0.02,-1.51,1758762229.798
0.01,-0.02,-1.51,1758762229.8007574
0.01,-0.02,-1.51,1758762229.8036482
0.01,-0.02,-1.51,1758762229.8057556
0.01,-0.02,-1.51,1758762229.808346
0.01,-0.02,-1.51,1758762229.8107052
0.01,-0.02,-1.51,1758762229.8134222
0.01,-0.02,-1.51,1758762229.815601
0.01,-0.02,-1.51,1758762229.8185403
0.01,-0.02,-1.51,1758762229.8215735
0.01,-0.02,-1.51,1758762229.82384
0.01,-0.02,-1.51,1758762229.8270664
0.01,-0.02,-1.51,1758762229.8292952
0.01,-0.02,-1.51,1758762229.831364
0.01,-0.02,-1.51,1758762229.833909
0.01,-0.02,-1.51,1758762229.8369217
0.01,-0.02,-1.51,1758762229.8396878
0.01,-0.02,-1.51,1758762229.8429973
0.01,-0.02,-1.51,1758762229.8457146
0.01,-0.02,-1.51,1758762229.84837
0.01,-0.02,-1.51,1758762229.8509853
0.01,-0.02,-1.51,1758762229.8537326
0.01,-0.02,-1.51,1758762229.8565266
0.01,-0.02,-1.51,1758762229.8594415
0.01,-0.02,-1.51,1758762229.8629549
0.01,-0.02,-1.51,1758762229.8661566
0.01,-0.02,-1.51,1758762229.8691175
0.01,-0.02,-1.51,1758762229.8720338
0.01,-0.02,-1.51,1758762229.8746183
0.01,-0.02,-1.51,1758762229.8772657
0.01,-0.02,-1.51,1758762229.880275
0.01,-0.02,-1.51,1758762229.883468
0.01,-0.02,-1.51,1758762229.8864295
0.01,-0.02,-1.51,1758762229.889361
0.01,-0.02,-1.51,1758762229.8921905
0.01,-0.02,-1.51,1758762229.8950262
0.01,-0.02,-1.51,1758762229.897853
0.01,-0.02,-1.51,1758762229.9009757
0.01,-0.02,-1.51,1758762229.9037464
0.01,-0.02,-1.51,1758762229.907346
0.01,-0.02,-1.51,1758762229.9105003
0.01,-0.02,-1.51,1758762229.9134312
0.01,-0.02,-1.51,1758762229.916261
0.01,-0.02,-1.51,1758762229.920137
0.01,-0.02,-1.51,1758762229.9235327
0.01,-0.02,-1.51,1758762229.927221
0.01,-0.02,-1.51,1758762229.9302592
0.01,-0.02,-1.51,1758762229.9339604
0.01,-0.02,-1.51,1758762229.9374905
0.01,-0.02,-1.51,1758762229.9402912
0.01,-0.02,-1.51,1758762229.9431176
0.01,-0.02,-1.51,1758762229.9464853
0.01,-0.02,-1.51,1758762229.9491773
0.01,-0.02,-1.51,1758762229.9520571
0.01,-0.02,-1.51,1758762229.9550605
0.01,-0.02,-1.51,1758762229.9581242
0.01,-0.02,-1.51,1758762229.9605231
0.01,-0.02,-1.51,1758762229.963105
0.01,-0.02,-1.51,1758762229.9656744
0.01,-0.02,-1.51,1758762229.96827
0.01,-0.02,-1.51,1758762229.970676
0.01,-0.02,-1.51,1758762229.973463
0.01,-0.02,-1.51,1758762229.9770873
0.01,-0.02,-1.51,1758762229.9800763
0.01,-0.02,-1.51,1758762229.9830089
0.01,-0.02,-1.51,1758762229.9860034
0.01,-0.02,-1.51,1758762229.9888484
0.01,-0.02,-1.51,1758762229.9917417
0.01,-0.02,-1.51,1758762229.994988
0.01,-0.01,-1.51,1758762229.997595
0.01,-0.01,-1.51,1758762229.9999948
0.01,-0.01,-1.51,1758762230.0024033
0.01,-0.01,-1.51,1758762230.005113
0.01,-0.01,-1.51,1758762230.007575
0.01,-0.01,-1.51,1758762230.010044
0.01,-0.02,-1.51,1758762230.0128398
0.01,-0.01,-1.51,1758762230.0160062
0.01,-0.01,-1.51,1758762230.018857
0.01,-0.01,-1.51,1758762230.0221655
0.01,-0.01,-1.51,1758762230.024906
0.01,-0.01,-1.51,1758762230.0275862
0.01,-0.01,-1.51,1758762230.0303009
0.01,-0.01,-1.51,1758762230.0335364
0.01,-0.01,-1.51,1758762230.0360804
0.01,-0.01,-1.51,1758762230.038577
0.01,-0.01,-1.51,1758762230.041518
0.01,-0.01,-1.51,1758762230.044523
0.01,-0.01,-1.51,1758762230.0475132
0.01,-0.01,-1.51,1758762230.051024
0.01,-0.01,-1.51,1758762230.0534103
0.01,-0.01,-1.51,1758762230.0559742
0.01,-0.01,-1.51,1758762230.0583076
0.01,-0.01,-1.51,1758762230.0607026
0.01,-0.01,-1.51,1758762230.0630474
0.01,-0.01,-1.51,1758762230.0656655
0.01,-0.01,-1.51,1758762230.0686224
0.01,-0.01,-1.51,1758762230.0710747
0.01,-0.01,-1.51,1758762230.0737233
0.01,-0.01,-1.51,1758762230.076254
0.01,-0.01,-1.51,1758762230.0793295
0.01,-0.01,-1.51,1758762230.082397
0.01,-0.01,-1.51,1758762230.0851555
0.01,-0.01,-1.51,1758762230.0878
0.01,-0.01,-1.51,1758762230.0906725
0.01,-0.01,-1.51,1758762230.0931938
0.01,-0.01,-1.51,1758762230.0965998
0.01,-0.01,-1.51,1758762230.0992
0.01,-0.01,-1.51,1758762230.102008
0.01,-0.01,-1.51,1758762230.1049273
0.01,-0.01,-1.51,1758762230.1075563
0.01,-0.01,-1.51,1758762230.1097906
0.01,-0.01,-1.51,1758762230.11229
0.01,-0.01,-1.51,1758762230.115409
0.01,-0.01,-1.51,1758762230.118404
0.01,-0.01,-1.51,1758762230.1213374
0.01,-0.01,-1.51,1758762230.12453
0.01,-0.01,-1.51,1758762230.1272614
0.01,-0.01,-1.51,1758762230.1300104
0.01,-0.01,-1.51,1758762230.132458
0.01,-0.01,-1.51,1758762230.134816
0.01,-0.01,-1.51,1758762230.1380384
0.01,-0.01,-1.51,1758762230.141027
0.01,-0.01,-1.51,1758762230.1436465
0.01,-0.01,-1.51,1758762230.1460133
0.01,-0.01,-1.51,1758762230.1484149
0.01,-0.01,-1.51,1758762230.1508105
0.01,-0.01,-1.51,1758762230.1532383
0.01,-0.01,-1.51,1758762230.1556313
0.01,-0.01,-1.51,1758762230.1582465
0.01,-0.01,-1.51,1758762230.1606796
0.01,-0.01,-1.51,1758762230.1635542
0.01,-0.01,-1.51,1758762230.1662698
0.01,-0.01,-1.51,1758762230.1691537
0.01,-0.01,-1.51,1758762230.1715395
0.01,-0.01,-1.51,1758762230.174135
0.01,-0.01,-1.51,1758762230.1771154
0.01,-0.01,-1.51,1758762230.1804311
0.01,-0.01,-1.51,1758762230.1833076
0.01,-0.01,-1.51,1758762230.1867049
0.01,-0.01,-1.51,1758762230.1896186
0.01,-0.01,-1.51,1758762230.1930482
0.01,-0.01,-1.51,1758762230.1955528
0.01,-0.01,-1.51,1758762230.1981225
0.01,-0.01,-1.51,1758762230.2005198
0.01,-0.01,-1.51,1758762230.203102
0.01,-0.01,-1.51,1758762230.2057614
0.01,-0.01,-1.51,1758762230.208283
0.01,-0.01,-1.51,1758762230.2113628
0.01,-0.01,-1.51,1758762230.2149084
0.01,-0.01,-1.51,1758762230.2179818
0.01,-0.01,-1.52,1758762230.2209744
0.01,-0.01,-1.52,1758762230.2235584
0.01,-0.01,-1.52,1758762230.2262657
0.01,-0.01,-1.52,1758762230.229503
0.01,-0.01,-1.52,1758762230.2324483
0.01,-0.01,-1.52,1758762230.2353263
0.01,-0.01,-1.52,1758762230.23793
0.01,-0.01,-1.52,1758762230.2412229
0.01,-0.01,-1.52,1758762230.244011
0.01,-0.01,-1.52,1758762230.247038
0.01,-0.01,-1.52,1758762230.2498894
0.01,-0.01,-1.52,1758762230.253189
0.01,-0.01,-1.52,1758762230.256148
0.01,-0.01,-1.52,1758762230.2591848
0.01,-0.01,-1.52,1758762230.261739
0.01,-0.01,-1.52,1758762230.2643578
0.01,-0.01,-1.52,1758762230.2675755
0.01,-0.01,-1.52,1758762230.270372
0.01,-0.01,-1.52,1758762230.272823
0.01,-0.01,-1.52,1758762230.2752504
0.01,-0.01,-1.52,1758762230.2776089
0.01,-0.01,-1.52,1758762230.2800229
0.01,-0.01,-1.52,1758762230.2824144
0.01,-0.01,-1.52,1758762230.2845254
0.01,-0.01,-1.52,1758762230.286356
0.01,-0.01,-1.52,1758762230.2881408
0.01,-0.01,-1.52,1758762230.2899086
0.01,-0.01,-1.52,1758762230.292429
0.01,-0.01,-1.52,1758762230.294827
0.01,-0.01,-1.52,1758762230.297294
0.01,-0.01,-1.52,1758762230.299765
0.01,-0.01,-1.52,1758762230.302395
0.01,-0.01,-1.52,1758762230.3046248
0.01,-0.01,-1.52,1758762230.306487
0.01,-0.01,-1.52,1758762230.3082814
0.01,-0.01,-1.52,1758762230.3100758
0.01,-0.01,-1.52,1758762230.3118267
0.01,-0.01,-1.52,1758762230.3137853
0.01,-0.01,-1.52,1758762230.3155644
0.01,-0.01,-1.52,1758762230.3178642
0.01,-0.01,-1.52,1758762230.3201838
0.01,-0.01,-1.52,1758762230.3219786
0.01,-0.01,-1.52,1758762230.3238316
0.01,-0.01,-1.52,1758762230.3256607
0.01,-0.01,-1.52,1758762230.3281572
0.01,-0.01,-1.52,1758762230.330728
0.01,-0.01,-1.52,1758762230.3328266
0.01,-0.01,-1.52,1758762230.334659
0.01,-0.01,-1.52,1758762230.3364372
0.01,-0.01,-1.52,1758762230.3382018
0.01,-0.01,-1.52,1758762230.3399704
0.01,-0.01,-1.52,1758762230.3417404
0.01,-0.01,-1.52,1758762230.3450906
0.01,-0.01,-1.52,1758762230.34806
0.01,-0.01,-1.52,1758762230.351364
0.01,-0.01,-1.52,1758762230.353455
0.01,-0.01,-1.52,1758762230.356314
0.01,-0.01,-1.52,1758762230.35911
0.01,-0.01,-1.52,1758762230.3611257
0.01,-0.01,-1.52,1758762230.3644147
0.01,-0.01,-1.52,1758762230.3673232
0.01,-0.01,-1.52,1758762230.3692384
0.01,-0.01,-1.52,1758762230.372494
0.01,-0.01,-1.52,1758762230.375882
0.01,-0.01,-1.52,1758762230.377925
0.01,-0.01,-1.52,1758762230.380744
0.01,-0.01,-1.52,1758762230.383798
0.01,-0.01,-1.52,1758762230.3858776
0.01,-0.01,-1.52,1758762230.389331
0.01,-0.01,-1.52,1758762230.3928692
0.01,-0.01,-1.52,1758762230.395468
0.01,-0.01,-1.52,1758762230.397331
0.01,-0.01,-1.52,1758762230.4008093
0.01,-0.01,-1.52,1758762230.403133
0.01,-0.01,-1.52,1758762230.4056957
0.01,-0.01,-1.52,1758762230.4078865
0.01,-0.01,-1.52,1758762230.4100823
0.01,-0.01,-1.52,1758762230.413259
0.01,-0.01,-1.52,1758762230.4160435
0.01,-0.01,-1.52,1758762230.4184313
0.01,-0.01,-1.52,1758762230.4208047
0.01,-0.01,-1.52,1758762230.4228003
0.01,-0.01,-1.52,1758762230.4263082
0.01,-0.01,-1.52,1758762230.4289894
0.01,-0.01,-1.52,1758762230.432125
0.01,-0.01,-1.52,1758762230.4345407
0.01,-0.01,-1.52,1758762230.4366913
0.01,-0.01,-1.52,1758762230.4393685
0.01,-0.01,-1.52,1758762230.4422784
0.01,-0.01,-1.52,1758762230.4449024
0.01,-0.01,-1.52,1758762230.446779
0.01,-0.01,-1.52,1758762230.4498184
0.01,-0.01,-1.52,1758762230.452441
0.01,-0.01,-1.52,1758762230.4551427
0.01,-0.01,-1.52,1758762230.4579628
0.01,-0.01,-1.52,1758762230.4604554
0.01,-0.01,-1.52,1758762230.462371
0.01,-0.01,-1.52,1758762230.4654388
0.01,-0.01,-1.52,1758762230.4678392
0.01,-0.01,-1.52,1758762230.4703505
0.01,-0.01,-1.52,1758762230.4730675
0.01,-0.01,-1.52,1758762230.4752336
0.01,-0.01,-1.52,1758762230.4781296
0.01,-0.01,-1.52,1758762230.4807196
0.01,-0.01,-1.52,1758762230.484134
0.01,-0.01,-1.52,1758762230.486181
0.01,-0.01,-1.52,1758762230.4888537
0.01,-0.01,-1.52,1758762230.490764
0.01,-0.01,-1.52,1758762230.4936965
0.01,-0.01,-1.52,1758762230.496529
0.01,-0.01,-1.52,1758762230.4985647
0.01,-0.01,-1.52,1758762230.502631
0.01,-0.01,-1.52,1758762230.5049567
0.01,-0.01,-1.52,1758762230.5082748
0.01,-0.01,-1.52,1758762230.5106676
0.01,-0.01,-1.52,1758762230.513305
0.01,-0.01,-1.52,1758762230.5163455
0.01,-0.01,-1.52,1758762230.5184145
0.01,-0.01,-1.52,1758762230.5204208
0.01,-0.01,-1.52,1758762230.52295
0.01,-0.01,-1.52,1758762230.5267582
0.01,-0.01,-1.52,1758762230.5289383
0.01,-0.01,-1.52,1758762230.5309987
0.01,-0.01,-1.52,1758762230.5331593
0.01,-0.01,-1.52,1758762230.535107
0.01,-0.01,-1.52,1758762230.5371356
0.01,-0.01,-1.52,1758762230.538896
0.01,-0.01,-1.52,1758762230.541153
0.01,-0.01,-1.52,1758762230.543852
0.01,-0.01,-1.52,1758762230.5464437
0.01,-0.01,-1.52,1758762230.5493417
0.01,-0.01,-1.52,1758762230.5514517
0.01,-0.01,-1.52,1758762230.554455
0.01,-0.01,-1.52,1758762230.5577075
0.01,-0.01,-1.52,1758762230.559811
0.01,-0.01,-1.52,1758762230.5620518
0.01,-0.01,-1.52,1758762230.5651894
0.01,-0.01,-1.52,1758762230.5674818
0.01,-0.01,-1.52,1758762230.570089
0.01,-0.01,-1.52,1758762230.5738297
0.01,-0.01,-1.52,1758762230.5764852
0.01,-0.01,-1.52,1758762230.5792344
0.01,-0.01,-1.52,1758762230.5823765
0.01,-0.01,-1.52,1758762230.5851965
0.01,-0.01,-1.52,1758762230.5876665
0.01,-0.01,-1.52,1758762230.5908072
0.01,-0.01,-1.52,1758762230.5932672
0.01,-0.01,-1.52,1758762230.597204
0.01,-0.01,-1.52,1758762230.5998456
0.01,-0.01,-1.52,1758762230.6024208
0.01,-0.01,-1.52,1758762230.6056051
0.01,-0.01,-1.52,1758762230.6082022
0.01,-0.01,-1.52,1758762230.6105
0.01,-0.01,-1.52,1758762230.613552
0.01,-0.01,-1.52,1758762230.6163034
0.01,-0.01,-1.52,1758762230.618925
0.01,-0.01,-1.52,1758762230.6221037
0.01,-0.01,-1.52,1758762230.6251864
0.01,-0.01,-1.52,1758762230.628115
0.01,-0.01,-1.52,1758762230.630688
0.01,-0.01,-1.52,1758762230.6336017
0.01,-0.01,-1.52,1758762230.6367972
0.01,-0.01,-1.52,1758762230.639466
0.01,-0.01,-1.52,1758762230.6424112
0.01,-0.01,-1.52,1758762230.64539
0.01,-0.01,-1.52,1758762230.647987
0.01,-0.01,-1.52,1758762230.6510165
0.01,-0.01,-1.52,1758762230.6550736
0.01,-0.01,-1.52,1758762230.6584663
0.01,-0.01,-1.52,1758762230.6615102
0.01,-0.01,-1.52,1758762230.664712
0.01,-0.01,-1.52,1758762230.667075
0.01,-0.01,-1.52,1758762230.670289
0.01,-0.01,-1.52,1758762230.673339
0.01,-0.01,-1.52,1758762230.676383
0.01,-0.01,-1.52,1758762230.678653
0.01,-0.01,-1.52,1758762230.681839
0.01,-0.01,-1.52,1758762230.6848314
0.01,-0.01,-1.52,1758762230.6875768
0.01,-0.01,-1.52,1758762230.690432
0.01,-0.01,-1.52,1758762230.6935863
0.01,-0.01,-1.52,1758762230.696602
0.01,-0.01,-1.52,1758762230.6991825
0.01,-0.01,-1.52,1758762230.7024686
0.01,-0.01,-1.52,1758762230.7054389
0.01,-0.01,-1.52,1758762230.7077403
0.01,-0.01,-1.52,1758762230.7105658
0.01,-0.01,-1.52,1758762230.7133925
0.01,-0.01,-1.52,1758762230.7168512
0.01,-0.01,-1.52,1758762230.7192922
0.01,-0.01,-1.52,1758762230.7224894
0.01,-0.01,-1.52,1758762230.7257411
0.01,-0.01,-1.52,1758762230.7289083
0.01,-0.01,-1.52,1758762230.7316403
0.01,-0.01,-1.52,1758762230.7342637
0.01,-0.01,-1.52,1758762230.737198
0.01,-0.01,-1.52,1758762230.739733
0.01,-0.01,-1.52,1758762230.74244
0.01,-0.01,-1.52,1758762230.745548
0.01,-0.01,-1.52,1758762230.7482264
0.01,-0.01,-1.52,1758762230.750597
0.01,-0.01,-1.52,1758762230.7535336
0.01,-0.01,-1.52,1758762230.7562954
0.01,-0.01,-1.52,1758762230.758874
0.01,-0.01,-1.52,1758762230.762117
0.01,-0.01,-1.52,1758762230.7645922
0.01,-0.01,-1.52,1758762230.7674346
0.01,-0.01,-1.52,1758762230.7702694
0.01,-0.01,-1.52,1758762230.7734072
0.01,-0.01,-1.52,1758762230.7759864
0.01,-0.01,-1.52,1758762230.778411
0.01,-0.01,-1.52,1758762230.7809074
0.01,-0.01,-1.52,1758762230.783067
0.01,-0.01,-1.52,1758762230.7855847
0.01,-0.01,-1.52,1758762230.788043
0.01,-0.01,-1.52,1758762230.790194
0.01,-0.01,-1.52,1758762230.793257
0.01,-0.01,-1.52,1758762230.7953887
0.01,-0.01,-1.52,1758762230.7982695
0.01,-0.01,-1.52,1758762230.8004394
0.01,-0.01,-1.52,1758762230.8029604
0.01,-0.01,-1.52,1758762230.8055043
0.01,-0.01,-1.52,1758762230.8077283
0.01,-0.01,-1.52,1758762230.8105133
0.01,-0.01,-1.52,1758762230.812798
0.01,-0.01,-1.52,1758762230.8156984
0.01,-0.01,-1.52,1758762230.8181214
0.01,-0.01,-1.52,1758762230.8205986
0.01,-0.01,-1.52,1758762230.823059
0.01,-0.01,-1.52,1758762230.825597
0.01,-0.01,-1.52,1758762230.8278234
0.01,-0.01,-1.52,1758762230.8311627
0.01,-0.01,-1.52,1758762230.8336034
0.01,-0.01,-1.52,1758762230.8360474
0.01,-0.01,-1.52,1758762230.8382387
0.01,-0.01,-1.52,1758762230.8410566
0.01,-0.01,-1.52,1758762230.8431969
0.01,-0.01,-1.52,1758762230.8459554
0.01,-0.01,-1.52,1758762230.8478346
0.01,-0.01,-1.52,1758762230.8502324
0.01,-0.01,-1.52,1758762230.8532512
0.01,-0.01,-1.52,1758762230.855333
0.01,-0.01,-1.52,1758762230.8575137
0.01,-0.01,-1.52,1758762230.8599503
0.01,-0.01,-1.52,1758762230.8620646
0.01,-0.01,-1.52,1758762230.8640344
0.01,-0.01,-1.52,1758762230.8664672
0.01,-0.01,-1.52,1758762230.8689506
0.01,-0.01,-1.52,1758762230.870796
0.01,-0.01,-1.52,1758762230.873282
0.01,-0.01,-1.52,1758762230.875647
0.01,-0.01,-1.52,1758762230.8778782
0.01,-0.01,-1.52,1758762230.8800745
0.01,-0.01,-1.52,1758762230.8825004
0.01,-0.01,-1.52,1758762230.8851106
0.01,-0.01,-1.52,1758762230.8873098
0.01,-0.01,-1.52,1758762230.889158
0.01,-0.01,-1.52,1758762230.8913274
0.01,-0.01,-1.52,1758762230.894044
0.01,-0.01,-1.52,1758762230.8959117
0.01,-0.01,-1.52,1758762230.898067
0.01,-0.01,-1.52,1758762230.9009886
0.01,-0.01,-1.52,1758762230.9043672
0.01,-0.01,-1.52,1758762230.906245
0.01,-0.01,-1.52,1758762230.9089208
0.01,-0.01,-1.52,1758762230.9108071
0.01,-0.01,-1.52,1758762230.9134383
0.01,-0.01,-1.52,1758762230.9162672
0.01,-0.01,-1.52,1758762230.9183602
0.01,-0.01,-1.52,1758762230.9205108
0.01,-0.01,-1.52,1758762230.923023
0.01,-0.01,-1.52,1758762230.9254105
0.01,-0.01,-1.52,1758762230.927945
0.01,-0.01,-1.52,1758762230.93028
0.01,-0.01,-1.52,1758762230.933113
0.01,-0.01,-1.52,1758762230.9357636
0.01,-0.01,-1.52,1758762230.9382155
0.01,-0.01,-1.52,1758762230.940325
0.01,-0.01,-1.52,1758762230.942511
0.01,-0.01,-1.52,1758762230.9454308
0.01,-0.01,-1.52,1758762230.9476397
0.01,-0.01,-1.52,1758762230.9500866
0.01,-0.01,-1.52,1758762230.953055
0.01,-0.01,-1.52,1758762230.9552262
0.01,-0.01,-1.52,1758762230.9580138
0.01,-0.01,-1.52,1758762230.959934
0.01,-0.01,-1.52,1758762230.9623945
0.01,-0.01,-1.52,1758762230.965302
0.01,-0.01,-1.52,1758762230.967482
0.01,-0.01,-1.52,1758762230.9703236
0.01,-0.01,-1.52,1758762230.9726052
0.01,-0.01,-1.52,1758762230.9751115
0.01,-0.01,-1.52,1758762230.977901
0.01,-0.01,-1.52,1758762230.9797518
0.01,-0.01,-1.52,1758762230.9822495
0.01,-0.01,-1.52,1758762230.9849403
0.01,-0.01,-1.52,1758762230.9871008
0.01,-0.01,-1.52,1758762230.9896135
0.01,-0.01,-1.52,1758762230.991684
0.01,-0.01,-1.52,1758762230.994191
0.01,-0.01,-1.52,1758762230.9967115
0.01,-0.01,-1.52,1758762230.998844
0.01,-0.01,-1.52,1758762231.0013115
0.01,-0.01,-1.52,1758762231.0044773
0.01,-0.01,-1.52,1758762231.0065703
0.01,-0.01,-1.52,1758762231.0094368
0.01,-0.01,-1.52,1758762231.0116014
0.01,-0.01,-1.52,1758762231.0142083
0.01,-0.01,-1.52,1758762231.0170724
0.01,-0.01,-1.52,1758762231.0192077
0.01,-0.01,-1.52,1758762231.0216928
0.01,-0.01,-1.52,1758762231.0240245
0.01,-0.01,-1.52,1758762231.0265012
0.01,-0.01,-1.52,1758762231.0292728
0.01,-0.01,-1.52,1758762231.031945
0.01,-0.01,-1.52,1758762231.0347877
0.01,-0.01,-1.52,1758762231.037588
0.01,-0.01,-1.52,1758762231.0397818
0.01,-0.01,-1.52,1758762231.0422711
0.01,-0.01,-1.52,1758762231.0448368
0.01,-0.01,-1.52,1758762231.0473263
0.01,-0.01,-1.52,1758762231.0498066
0.01,-0.01,-1.52,1758762231.0519435
0.01,-0.01,-1.52,1758762231.054159
0.01,-0.01,-1.52,1758762231.0565932
0.01,-0.01,-1.52,1758762231.0594115
0.01,-0.01,-1.52,1758762231.0619645
0.01,-0.01,-1.52,1758762231.064303
0.01,-0.01,-1.52,1758762231.066764
0.01,-0.01,-1.52,1758762231.0693152
0.01,-0.01,-1.52,1758762231.0721471
0.01,-0.01,-1.52,1758762231.074411
0.01,-0.01,-1.52,1758762231.076936
0.01,-0.01,-1.52,1758762231.079122
0.01,-0.01,-1.52,1758762231.081674
0.01,-0.01,-1.52,1758762231.083829
0.01,-0.01,-1.52,1758762231.0879672
0.01,-0.01,-1.52,1758762231.0920608
0.01,-0.01,-1.52,1758762231.094818
0.01,-0.01,-1.52,1758762231.099084
0.01,-0.01,-1.52,1758762231.1018846
0.01,-0.01,-1.52,1758762231.104674
0.01,-0.01,-1.52,1758762231.10757
0.01,-0.01,-1.52,1758762231.11016
0.01,-0.01,-1.52,1758762231.1123483
0.01,-0.01,-1.52,1758762231.1151168
0.01,-0.01,-1.52,1758762231.117581
0.01,-0.02,-1.52,1758762231.1204042
0.01,-0.02,-1.52,1758762231.1222467
0.01,-0.02,-1.52,1758762231.12481
0.01,-0.02,-1.52,1758762231.1269212
0.01,-0.01,-1.52,1758762231.1293707
0.01,-0.01,-1.52,1758762231.132894
0.01,-0.01,-1.52,1758762231.1350155
0.01,-0.01,-1.52,1758762231.1375403
0.01,-0.02,-1.52,1758762231.1396916
0.01,-0.02,-1.52,1758762231.142418
0.01,-0.02,-1.52,1758762231.14502
0.01,-0.02,-1.52,1758762231.1474626
0.01,-0.02,-1.52,1758762231.1496012
0.01,-0.02,-1.52,1758762231.152477
0.01,-0.02,-1.52,1758762231.1548872
0.01,-0.02,-1.52,1758762231.157405
0.01,-0.02,-1.52,1758762231.1602216
0.01,-0.02,-1.52,1758762231.162327
0.01,-0.02,-1.52,1758762231.1648393
0.01,-0.02,-1.52,1758762231.1672404
0.01,-0.02,-1.52,1758762231.1700535
0.01,-0.02,-1.52,1758762231.172495
0.01,-0.02,-1.52,1758762231.1746478
0.01,-0.02,-1.52,1758762231.1773689
0.01,-0.02,-1.52,1758762231.1794748
0.01,-0.02,-1.52,1758762231.1821618
0.01,-0.02,-1.52,1758762231.1843903
0.01,-0.02,-1.52,1758762231.1870954
0.01,-0.02,-1.52,1758762231.189717
0.01,-0.01,-1.52,1758762231.1922278
0.01,-0.02,-1.52,1758762231.194836
0.01,-0.02,-1.52,1758762231.197272
0.01,-0.02,-1.52,1758762231.1993425
0.01,-0.02,-1.52,1758762231.2017531
0.01,-0.02,-1.52,1758762231.204172
0.01,-0.02,-1.52,1758762231.20671
0.01,-0.02,-1.52,1758762231.2094738
0.01,-0.02,-1.52,1758762231.2115653
0.01,-0.02,-1.52,1758762231.214366
0.01,-0.02,-1.52,1758762231.216771
0.01,-0.02,-1.52,1758762231.218855
0.01,-0.02,-1.52,1758762231.221562
0.01,-0.01,-1.52,1758762231.2241006
0.01,-0.02,-1.52,1758762231.226215
0.01,-0.02,-1.52,1758762231.2289803
0.01,-0.02,-1.52,1758762231.2310495
0.01,-0.02,-1.52,1758762231.2340586
0.01,-0.02,-1.52,1758762231.2369204
0.01,-0.02,-1.52,1758762231.23902
0.01,-0.02,-1.52,1758762231.241714
0.01,-0.02,-1.52,1758762231.2442057
0.01,-0.02,-1.52,1758762231.2465975
0.01,-0.01,-1.52,1758762231.2490644
0.01,-0.01,-1.52,1758762231.2524073
0.01,-0.01,-1.52,1758762231.2546165
0.01,-0.01,-1.52,1758762231.2577016
0.01,-0.01,-1.52,1758762231.261027
0.01,-0.01,-1.52,1758762231.2634935
0.01,-0.01,-1.52,1758762231.2662756
0.01,-0.01,-1.52,1758762231.2687285
0.01,-0.01,-1.52,1758762231.27172
0.01,-0.01,-1.52,1758762231.2744946
0.01,-0.01,-1.52,1758762231.2772465
0.01,-0.01,-1.52,1758762231.2793772
0.01,-0.01,-1.52,1758762231.282614
0.01,-0.01,-1.52,1758762231.2847831
0.01,-0.01,-1.52,1758762231.2875278
0.01,-0.01,-1.52,1758762231.2896154
0.01,-0.01,-1.52,1758762231.292367
0.01,-0.01,-1.52,1758762231.294496
0.01,-0.01,-1.52,1758762231.2972326
0.01,-0.01,-1.52,1758762231.2993157
0.01,-0.01,-1.52,1758762231.3016973
0.01,-0.01,-1.52,1758762231.3046432
0.01,-0.01,-1.52,1758762231.3067608
0.01,-0.01,-1.52,1758762231.3094966
0.01,-0.01,-1.52,1758762231.3119326
0.01,-0.01,-1.52,1758762231.314088
0.01,-0.01,-1.52,1758762231.316841
0.01,-0.01,-1.52,1758762231.3188844
0.01,-0.01,-1.52,1758762231.3216028
0.01,-0.01,-1.52,1758762231.3240345
0.01,-0.01,-1.52,1758762231.3264527
0.01,-0.01,-1.52,1758762231.32888
0.01,-0.01,-1.52,1758762231.3313787
0.01,-0.01,-1.52,1758762231.3346891
0.01,-0.01,-1.52,1758762231.337134
0.01,-0.01,-1.52,1758762231.3391936
0.01,-0.01,-1.52,1758762231.3423584
0.01,-0.01,-1.52,1758762231.34506
0.01,-0.01,-1.52,1758762231.3471804
0.01,-0.01,-1.52,1758762231.3498635
0.01,-0.01,-1.52,1758762231.3523133
0.01,-0.01,-1.52,1758762231.3544943
0.01,-0.01,-1.52,1758762231.3569822
0.01,-0.01,-1.52,1758762231.3593671
0.01,-0.01,-1.52,1758762231.3623178
0.01,-0.01,-1.52,1758762231.364527
0.01,-0.01,-1.52,1758762231.3669353
0.01,-0.01,-1.52,1758762231.3696897
0.01,-0.01,-1.52,1758762231.371809
0.01,-0.01,-1.52,1758762231.374452
0.01,-0.01,-1.52,1758762231.376954
0.01,-0.01,-1.52,1758762231.3796964
0.01,-0.01,-1.52,1758762231.3821208
0.01,-0.01,-1.52,1758762231.385132
0.01,-0.01,-1.52,1758762231.388769
0.01,-0.02,-1.52,1758762231.3923085
0.01,-0.02,-1.52,1758762231.3958635
0.01,-0.02,-1.52,1758762231.3988276
0.01,-0.02,-1.52,1758762231.402417
0.01,-0.02,-1.52,1758762231.4074118
0.01,-0.02,-1.52,1758762231.4094949
0.01,-0.02,-1.52,1758762231.4115632
0.01,-0.02,-1.52,1758762231.4152396
0.01,-0.02,-1.52,1758762231.418617
0.01,-0.02,-1.52,1758762231.421952
0.01,-0.02,-1.52,1758762231.4256418
0.01,-0.02,-1.52,1758762231.428404
0.01,-0.02,-1.52,1758762231.4314747
0.01,-0.02,-1.52,1758762231.4352007
0.01,-0.02,-1.52,1758762231.4378016
0.01,-0.02,-1.52,1758762231.4401789
0.01,-0.02,-1.52,1758762231.4426465
0.01,-0.02,-1.52,1758762231.4458015
0.01,-0.02,-1.52,1758762231.4485717
0.01,-0.02,-1.52,1758762231.4508538
0.01,-0.02,-1.52,1758762231.4531956
0.01,-0.02,-1.52,1758762231.456327
0.01,-0.02,-1.52,1758762231.4596205
0.01,-0.02,-1.52,1758762231.4620094
0.01,-0.02,-1.52,1758762231.464629
0.01,-0.02,-1.52,1758762231.4670136
0.01,-0.02,-1.52,1758762231.470135
0.01,-0.02,-1.52,1758762231.4726574
0.01,-0.02,-1.52,1758762231.4755762
0.01,-0.02,-1.52,1758762231.4782803
0.01,-0.02,-1.52,1758762231.4815698
0.01,-0.02,-1.52,1758762231.4841378
0.01,-0.02,-1.52,1758762231.486941
0.01,-0.02,-1.52,1758762231.4896126
0.01,-0.02,-1.52,1758762231.4930482
0.01,-0.02,-1.52,1758762231.4964907
0.01,-0.02,-1.52,1758762231.4986
0.01,-0.02,-1.52,1758762231.5018888
0.01,-0.02,-1.52,1758762231.5049272
0.01,-0.02,-1.52,1758762231.5079942
0.01,-0.02,-1.52,1758762231.5101235
0.01,-0.02,-1.52,1758762231.5136144
0.01,-0.02,-1.52,1758762231.5159116
0.01,-0.02,-1.52,1758762231.5186365
0.01,-0.02,-1.52,1758762231.5218515
0.01,-0.02,-1.52,1758762231.524755
0.01,-0.02,-1.52,1758762231.5281124
0.01,-0.02,-1.52,1758762231.5308464
0.01,-0.02,-1.52,1758762231.5343022
0.01,-0.02,-1.52,1758762231.5372655
0.01,-0.02,-1.52,1758762231.5423589
0.01,-0.02,-1.52,1758762231.5459309
0.01,-0.02,-1.52,1758762231.5500033
0.01,-0.02,-1.52,1758762231.553033
0.01,-0.02,-1.52,1758762231.5554926
0.01,-0.02,-1.52,1758762231.5589688
0.01,-0.02,-1.52,1758762231.5635002
0.01,-0.02,-1.53,1758762231.5670636
0.01,-0.02,-1.53,1758762231.569224
0.01,-0.02,-1.53,1758762231.5745573
0.01,-0.02,-1.53,1758762231.5768285
0.01,-0.02,-1.53,1758762231.5789044
0.01,-0.02,-1.53,1758762231.580953
0.01,-0.02,-1.53,1758762231.5839229
0.01,-0.02,-1.53,1758762231.5866172
0.01,-0.02,-1.53,1758762231.5893734
0.01,-0.02,-1.53,1758762231.59199
0.01,-0.02,-1.53,1758762231.594382
0.01,-0.02,-1.53,1758762231.5968864
0.01,-0.02,-1.53,1758762231.598933
0.01,-0.02,-1.53,1758762231.6007173
0.01,-0.02,-1.53,1758762231.60293
0.01,-0.02,-1.53,1758762231.605832
0.01,-0.02,-1.53,1758762231.6096315
0.01,-0.02,-1.53,1758762231.6126337
0.01,-0.02,-1.53,1758762231.615509
0.01,-0.02,-1.53,1758762231.619646
0.01,-0.02,-1.53,1758762231.6229074
0.01,-0.02,-1.53,1758762231.6255462
0.01,-0.02,-1.53,1758762231.6280391
0.01,-0.02,-1.53,1758762231.6311593
0.01,-0.02,-1.53,1758762231.6347222
0.01,-0.02,-1.53,1758762231.6373594
0.01,-0.02,-1.53,1758762231.639513
0.01,-0.02,-1.53,1758762231.6416512
0.01,-0.02,-1.53,1758762231.6438107
0.01,-0.02,-1.53,1758762231.646965
0.01,-0.02,-1.53,1758762231.6504326
0.01,-0.02,-1.53,1758762231.653366
0.01,-0.02,-1.53,1758762231.6558104
0.01,-0.02,-1.53,1758762231.6582017
0.01,-0.02,-1.53,1758762231.6605864
0.01,-0.02,-1.53,1758762231.6636407
0.01,-0.02,-1.53,1758762231.667019
0.01,-0.02,-1.53,1758762231.6700587
0.01,-0.02,-1.53,1758762231.6723683
0.01,-0.02,-1.53,1758762231.6742296
0.01,-0.02,-1.53,1758762231.6763606
0.01,-0.02,-1.53,1758762231.6784482
0.01,-0.02,-1.53,1758762231.6805348
0.01,-0.02,-1.53,1758762231.684084
0.01,-0.02,-1.53,1758762231.6859007
0.01,-0.02,-1.53,1758762231.6882825
0.01,-0.02,-1.53,1758762231.690394
0.01,-0.02,-1.53,1758762231.69256
0.01,-0.02,-1.53,1758762231.6959646
0.01,-0.02,-1.53,1758762231.6997256
0.01,-0.02,-1.53,1758762231.7030237
0.01,-0.02,-1.53,1758762231.7061312
0.01,-0.02,-1.53,1758762231.7083466
0.01,-0.02,-1.53,1758762231.710809
0.01,-0.02,-1.53,1758762231.7134862
0.01,-0.02,-1.53,1758762231.7161648
0.01,-0.02,-1.53,1758762231.7208402
0.01,-0.02,-1.53,1758762231.7238476
0.01,-0.02,-1.53,1758762231.727609
0.01,-0.02,-1.53,1758762231.730793
0.01,-0.02,-1.53,1758762231.7333062
0.01,-0.02,-1.53,1758762231.7355125
0.01,-0.02,-1.53,1758762231.7372932
0.01,-0.02,-1.53,1758762231.7392771
0.01,-0.02,-1.53,1758762231.741829
0.01,-0.02,-1.53,1758762231.7450478
0.01,-0.02,-1.53,1758762231.7481215
0.01,-0.02,-1.53,1758762231.750273
0.01,-0.02,-1.53,1758762231.753158
0.01,-0.02,-1.53,1758762231.7554271
0.01,-0.02,-1.53,1758762231.758235
0.01,-0.02,-1.53,1758762231.7617424
0.01,-0.02,-1.53,1758762231.7646372
0.01,-0.02,-1.53,1758762231.767521
0.01,-0.02,-1.53,1758762231.770985
0.01,-0.02,-1.53,1758762231.77394
0.01,-0.02,-1.53,1758762231.7778256
0.01,-0.02,-1.53,1758762231.7803257
0.01,-0.02,-1.53,1758762231.7828486
0.01,-0.02,-1.53,1758762231.785339
0.01,-0.02,-1.53,1758762231.7877836
0.01,-0.02,-1.53,1758762231.7902026
0.01,-0.02,-1.53,1758762231.7927563
0.01,-0.02,-1.53,1758762231.7952292
0.01,-0.02,-1.53,1758762231.7980163
0.01,-0.02,-1.53,1758762231.8008835
0.01,-0.01,-1.53,1758762231.803724
0.01,-0.01,-1.53,1758762231.8066514
0.01,-0.01,-1.53,1758762231.8095677
0.01,-0.01,-1.53,1758762231.8124266
0.01,-0.01,-1.53,1758762231.8153405
0.01,-0.01,-1.53,1758762231.8181598
0.01,-0.01,-1.53,1758762231.8209777
0.01,-0.01,-1.53,1758762231.8245754
0.01,-0.01,-1.53,1758762231.8266912
0.01,-0.01,-1.53,1758762231.830025
0.01,-0.01,-1.53,1758762231.8323824
0.01,-0.01,-1.53,1758762231.834628
0.01,-0.01,-1.53,1758762231.8376954
0.01,-0.01,-1.53,1758762231.8416252
0.01,-0.01,-1.53,1758762231.8443432
0.01,-0.01,-1.53,1758762231.8468242
0.01,-0.01,-1.53,1758762231.8493123
0.01,-0.01,-1.53,1758762231.85212
0.01,-0.01,-1.53,1758762231.855217
0.01,-0.02,-1.53,1758762231.858143
0.01,-0.02,-1.53,1758762231.8610177
0.01,-0.02,-1.53,1758762231.8639956
0.01,-0.02,-1.53,1758762231.86688
0.01,-0.02,-1.53,1758762231.8696992
0.01,-0.02,-1.53,1758762231.8729413
0.01,-0.02,-1.53,1758762231.876355
0.01,-0.02,-1.53,1758762231.8798964
0.01,-0.02,-1.53,1758762231.8828218
0.01,-0.02,-1.53,1758762231.8857417
0.01,-0.02,-1.53,1758762231.8885765
0.01,-0.02,-1.53,1758762231.8913906
0.01,-0.02,-1.53,1758762231.894347
0.01,-0.02,-1.53,1758762231.8973415
0.01,-0.02,-1.53,1758762231.900151
0.01,-0.02,-1.53,1758762231.9031272
0.01,-0.02,-1.53,1758762231.9059932
0.01,-0.02,-1.53,1758762231.9088695
0.01,-0.02,-1.53,1758762231.911882
0.01,-0.02,-1.53,1758762231.9148242
0.01,-0.02,-1.53,1758762231.9172935
0.01,-0.02,-1.53,1758762231.919119
0.01,-0.02,-1.53,1758762231.9209263
0.01,-0.02,-1.53,1758762231.922798
0.01,-0.02,-1.53,1758762231.9246995
0.01,-0.02,-1.53,1758762231.9266348
0.01,-0.02,-1.53,1758762231.9284234
0.01,-0.02,-1.53,1758762231.9307022
0.01,-0.02,-1.53,1758762231.932514
0.01,-0.02,-1.53,1758762231.935587
0.01,-0.02,-1.53,1758762231.937594
0.01,-0.02,-1.53,1758762231.9393952
0.01,-0.02,-1.53,1758762231.9411654
0.01,-0.02,-1.53,1758762231.943462
0.01,-0.02,-1.53,1758762231.945304
0.01,-0.02,-1.53,1758762231.9476314
0.01,-0.02,-1.53,1758762231.9498494
0.01,-0.02,-1.53,1758762231.9519804
0.01,-0.02,-1.53,1758762231.9543035
0.01,-0.02,-1.53,1758762231.956103
0.01,-0.02,-1.53,1758762231.958402
0.01,-0.02,-1.53,1758762231.9605165
0.01,-0.02,-1.53,1758762231.9635568
0.01,-0.02,-1.53,1758762231.9672322
0.01,-0.02,-1.53,1758762231.971181
0.01,-0.02,-1.53,1758762231.9743454
0.01,-0.02,-1.53,1758762231.976874
0.01,-0.02,-1.53,1758762231.978694
0.01,-0.02,-1.53,1758762231.9812193
0.01,-0.02,-1.53,1758762231.9839213
0.01,-0.02,-1.53,1758762231.9868524
0.01,-0.02,-1.53,1758762231.9892602
0.01,-0.02,-1.53,1758762231.9927502
0.01,-0.02,-1.53,1758762231.9967144
0.01,-0.02,-1.53,1758762231.9991453
0.01,-0.02,-1.53,1758762232.001294
0.01,-0.02,-1.53,1758762232.00437
0.01,-0.02,-1.53,1758762232.0082548
0.01,-0.02,-1.53,1758762232.0118823
0.01,-0.02,-1.53,1758762232.0143633
0.01,-0.01,-1.53,1758762232.0165584
0.01,-0.01,-1.53,1758762232.0201042
0.01,-0.02,-1.53,1758762232.0235584
0.01,-0.02,-1.53,1758762232.0262356
0.01,-0.01,-1.53,1758762232.0293765
0.01,-0.02,-1.53,1758762232.0314405
0.01,-0.02,-1.53,1758762232.0333145
0.01,-0.02,-1.53,1758762232.03573
0.01,-0.02,-1.53,1758762232.03851
0.01,-0.02,-1.53,1758762232.0413013
0.01,-0.02,-1.53,1758762232.0450394
0.01,-0.01,-1.53,1758762232.0477664
0.01,-0.01,-1.53,1758762232.0508182
0.01,-0.01,-1.53,1758762232.0535688
0.01,-0.02,-1.53,1758762232.0563142
0.01,-0.02,-1.53,1758762232.0596037
0.01,-0.02,-1.53,1758762232.063113
0.01,-0.01,-1.53,1758762232.0656838
0.01,-0.01,-1.53,1758762232.0677345
0.01,-0.01,-1.53,1758762232.0701468
0.01,-0.01,-1.53,1758762232.0722136
0.01,-0.01,-1.53,1758762232.0748138
0.01,-0.01,-1.53,1758762232.0781035
0.01,-0.01,-1.53,1758762232.080168
0.01,-0.01,-1.53,1758762232.0821714
0.01,-0.01,-1.53,1758762232.08472
0.01,-0.01,-1.53,1758762232.0867462
0.01,-0.01,-1.53,1758762232.0901067
0.01,-0.01,-1.53,1758762232.0928864
0.01,-0.01,-1.53,1758762232.0963666
0.01,-0.01,-1.53,1758762232.1003633
0.01,-0.01,-1.53,1758762232.1035526
0.01,-0.01,-1.53,1758762232.107657
0.01,-0.01,-1.53,1758762232.1108124
0.01,-0.01,-1.53,1758762232.114345
0.01,-0.01,-1.53,1758762232.1169195
0.01,-0.01,-1.53,1758762232.119879
0.01,-0.01,-1.53,1758762232.1227703
0.01,-0.01,-1.53,1758762232.1252828
0.01,-0.01,-1.53,1758762232.1278155
0.01,-0.01,-1.53,1758762232.1298766
0.01,-0.01,-1.53,1758762232.1322882
0.01,-0.01,-1.53,1758762232.1354494
0.01,-0.02,-1.53,1758762232.1389322
0.01,-0.02,-1.53,1758762232.1410527
0.01,-0.02,-1.53,1758762232.1436796
0.01,-0.02,-1.53,1758762232.1461337
0.01,-0.02,-1.53,1758762232.1484442
0.01,-0.02,-1.53,1758762232.1511848
0.01,-0.02,-1.53,1758762232.1535351
0.01,-0.02,-1.53,1758762232.1562529
0.01,-0.02,-1.53,1758762232.1589973
0.01,-0.02,-1.53,1758762232.162578
0.01,-0.02,-1.53,1758762232.1655836
0.01,-0.02,-1.53,1758762232.1686983
0.01,-0.02,-1.53,1758762232.1708908
0.01,-0.01,-1.53,1758762232.1731904
0.01,-0.02,-1.53,1758762232.1764169
0.01,-0.02,-1.53,1758762232.17847
0.01,-0.02,-1.53,1758762232.180841
0.01,-0.02,-1.53,1758762232.1828785
0.01,-0.02,-1.53,1758762232.1860526
0.01,-0.02,-1.53,1758762232.1886668
0.01,-0.02,-1.53,1758762232.1916068
0.01,-0.02,-1.53,1758762232.193967
0.01,-0.02,-1.53,1758762232.197122
0.01,-0.02,-1.53,1758762232.2004044
0.01,-0.02,-1.53,1758762232.2028892
0.01,-0.02,-1.53,1758762232.2047513
0.01,-0.02,-1.53,1758762232.2074816
0.01,-0.02,-1.53,1758762232.2099662
0.01,-0.02,-1.53,1758762232.213353
0.01,-0.02,-1.53,1758762232.2164311
0.01,-0.02,-1.53,1758762232.2190552
0.01,-0.02,-1.53,1758762232.2216845
0.01,-0.02,-1.53,1758762232.2243629
0.01,-0.02,-1.53,1758762232.227352
0.01,-0.02,-1.53,1758762232.2297838
0.01,-0.02,-1.53,1758762232.2318535
0.01,-0.02,-1.53,1758762232.2344365
0.01,-0.02,-1.53,1758762232.23728
0.01,-0.02,-1.53,1758762232.2406063
0.01,-0.02,-1.53,1758762232.2428496
0.01,-0.02,-1.53,1758762232.244919
0.01,-0.02,-1.53,1758762232.2478125
0.01,-0.02,-1.53,1758762232.2500317
0.01,-0.02,-1.53,1758762232.2533762
0.01,-0.02,-1.53,1758762232.255607
0.01,-0.02,-1.53,1758762232.2584562
0.01,-0.02,-1.53,1758762232.2611356
0.01,-0.02,-1.53,1758762232.2639875
0.01,-0.02,-1.53,1758762232.2672374
0.01,-0.02,-1.53,1758762232.2695982
0.01,-0.02,-1.53,1758762232.2722204
0.01,-0.02,-1.53,1758762232.2755172
0.01,-0.02,-1.53,1758762232.2785149
0.01,-0.02,-1.53,1758762232.2813406
0.01,-0.02,-1.53,1758762232.283914
0.01,-0.02,-1.53,1758762232.287145
0.01,-0.02,-1.53,1758762232.2892475
0.01,-0.02,-1.53,1758762232.2923226
0.01,-0.02,-1.53,1758762232.2946458
0.01,-0.02,-1.53,1758762232.2966106
0.01,-0.02,-1.53,1758762232.2984176
0.01,-0.02,-1.53,1758762232.3012953
0.01,-0.02,-1.53,1758762232.304459
0.01,-0.02,-1.53,1758762232.306316
0.01,-0.02,-1.53,1758762232.3085268
0.01,-0.02,-1.53,1758762232.3116453
0.01,-0.01,-1.53,1758762232.3150306
0.01,-0.02,-1.53,1758762232.317796
0.01,-0.02,-1.53,1758762232.3199418
0.01,-0.02,-1.53,1758762232.3232462
0.01,-0.02,-1.53,1758762232.3263984
0.01,-0.01,-1.53,1758762232.3289776
0.01,-0.01,-1.53,1758762232.3317091
0.01,-0.02,-1.53,1758762232.3340678
0.01,-0.02,-1.53,1758762232.337127
0.01,-0.02,-1.53,1758762232.339076
0.01,-0.01,-1.53,1758762232.342479
0.01,-0.01,-1.53,1758762232.3446383
0.01,-0.01,-1.53,1758762232.3465369
0.01,-0.01,-1.53,1758762232.3492122
0.01,-0.01,-1.53,1758762232.352283
0.01,-0.01,-1.53,1758762232.3548129
0.01,-0.01,-1.53,1758762232.3571231
0.01,-0.01,-1.53,1758762232.3591883
0.01,-0.01,-1.53,1758762232.361282
0.01,-0.01,-1.53,1758762232.3634546
0.01,-0.01,-1.53,1758762232.365303
0.01,-0.01,-1.53,1758762232.3674438
0.01,-0.01,-1.53,1758762232.369509
0.01,-0.01,-1.53,1758762232.3718777
0.01,-0.01,-1.53,1758762232.37417
0.01,-0.01,-1.53,1758762232.37603
0.01,-0.01,-1.53,1758762232.378441
0.01,-0.01,-1.53,1758762232.3808718
0.01,-0.01,-1.53,1758762232.382975
0.01,-0.01,-1.53,1758762232.3858194
0.01,-0.01,-1.53,1758762232.3887928
0.01,-0.01,-1.53,1758762232.3908682
0.01,-0.01,-1.53,1758762232.3935394
0.01,-0.01,-1.53,1758762232.3955677
0.01,-0.01,-1.53,1758762232.398576
0.01,-0.01,-1.53,1758762232.4015777
0.01,-0.01,-1.53,1758762232.405089
0.01,-0.01,-1.53,1758762232.408212
0.01,-0.01,-1.53,1758762232.4107325
0.01,-0.01,-1.53,1758762232.412864
0.01,-0.01,-1.53,1758762232.4153378
0.01,-0.01,-1.53,1758762232.417541
0.01,-0.01,-1.53,1758762232.4194498
0.01,-0.01,-1.53,1758762232.4214811
0.01,-0.01,-1.53,1758762232.4241457
0.01,-0.01,-1.53,1758762232.4265082
0.01,-0.01,-1.53,1758762232.4283752
0.01,-0.01,-1.53,1758762232.430607
0.01,-0.01,-1.53,1758762232.4332051
0.01,-0.01,-1.53,1758762232.436329
0.01,-0.01,-1.53,1758762232.4408202
0.01,-0.01,-1.53,1758762232.4446237
0.01,-0.01,-1.53,1758762232.4478693
0.01,-0.01,-1.53,1758762232.4514654
0.01,-0.01,-1.53,1758762232.455716
0.01,-0.01,-1.53,1758762232.4579606
0.01,-0.01,-1.53,1758762232.462618
0.01,-0.01,-1.53,1758762232.4651632
0.01,-0.01,-1.53,1758762232.467555
0.01,-0.01,-1.53,1758762232.4706683
0.01,-0.01,-1.53,1758762232.474001
0.01,-0.01,-1.53,1758762232.476798
0.01,-0.01,-1.53,1758762232.4792874
0.01,-0.01,-1.53,1758762232.4821608
0.01,-0.01,-1.53,1758762232.4842582
0.01,-0.01,-1.53,1758762232.4866917
0.01,-0.01,-1.53,1758762232.4890645
0.01,-0.01,-1.53,1758762232.4913194
0.01,-0.01,-1.53,1758762232.493606
0.01,-0.01,-1.53,1758762232.4960587
0.01,-0.01,-1.53,1758762232.4984696
0.01,-0.01,-1.53,1758762232.5007195
0.01,-0.01,-1.53,1758762232.5029936
0.01,-0.01,-1.53,1758762232.50529
0.01,-0.01,-1.53,1758762232.5074492
0.01,-0.01,-1.53,1758762232.5097344
0.01,-0.01,-1.53,1758762232.5115569
0.01,-0.01,-1.53,1758762232.5153296
0.01,-0.01,-1.53,1758762232.5177069
0.01,-0.01,-1.53,1758762232.5201025
0.01,-0.01,-1.53,1758762232.5224538
0.01,-0.01,-1.53,1758762232.524963
0.01,-0.01,-1.53,1758762232.5273457
0.01,-0.01,-1.53,1758762232.5297158
0.01,-0.01,-1.53,1758762232.5316565
0.01,-0.01,-1.53,1758762232.5349236
0.01,-0.01,-1.53,1758762232.53741
0.01,-0.01,-1.53,1758762232.5398583
0.01,-0.01,-1.53,1758762232.542303
0.01,-0.01,-1.53,1758762232.544847
0.01,-0.01,-1.53,1758762232.547279
0.01,-0.01,-1.53,1758762232.5497153
0.01,-0.01,-1.53,1758762232.5522468
0.01,-0.01,-1.53,1758762232.554891
0.01,-0.01,-1.53,1758762232.5573418
0.01,-0.01,-1.53,1758762232.5597763
0.01,-0.01,-1.53,1758762232.5622382
0.01,-0.02,-1.53,1758762232.5646737
0.01,-0.02,-1.53,1758762232.5670822
0.01,-0.02,-1.53,1758762232.5694926
0.01,-0.01,-1.53,1758762232.5719092
0.01,-0.02,-1.53,1758762232.5744996
0.01,-0.01,-1.53,1758762232.5769536
0.01,-0.01,-1.53,1758762232.5794144
0.01,-0.01,-1.53,1758762232.581823
0.01,-0.01,-1.53,1758762232.584343
0.01,-0.01,-1.53,1758762232.5867598
0.01,-0.01,-1.53,1758762232.589233
0.01,-0.01,-1.53,1758762232.591615
0.01,-0.01,-1.53,1758762232.5941768
0.01,-0.01,-1.53,1758762232.5965624
0.01,-0.01,-1.53,1758762232.5990922
0.01,-0.01,-1.53,1758762232.601482
0.01,-0.01,-1.53,1758762232.604215
0.01,-0.01,-1.53,1758762232.6071467
0.01,-0.01,-1.53,1758762232.6094303
0.01,-0.01,-1.53,1758762232.6118977
0.01,-0.01,-1.53,1758762232.6144457
0.01,-0.01,-1.53,1758762232.6170995
0.01,-0.01,-1.53,1758762232.6195726
0.01,-0.01,-1.53,1758762232.6220112
0.01,-0.01,-1.53,1758762232.6246474
0.01,-0.01,-1.53,1758762232.6271374
0.01,-0.01,-1.53,1758762232.6295817
0.01,-0.01,-1.53,1758762232.632571
0.01,-0.01,-1.53,1758762232.6354928
0.01,-0.01,-1.53,1758762232.638267
0.01,-0.01,-1.53,1758762232.6408112
0.01,-0.01,-1.53,1758762232.644194
0.01,-0.01,-1.53,1758762232.6476395
0.01,-0.01,-1.53,1758762232.650175
0.01,-0.01,-1.53,1758762232.65264
0.01,-0.01,-1.53,1758762232.6577888
0.01,-0.01,-1.53,1758762232.6603844
0.01,-0.01,-1.53,1758762232.6627915
0.01,-0.01,-1.53,1758762232.6652744
0.01,-0.01,-1.53,1758762232.6691012
0.01,-0.01,-1.53,1758762232.6712422
0.01,-0.01,-1.53,1758762232.6742945
0.01,-0.01,-1.53,1758762232.6769383
0.01,-0.01,-1.53,1758762232.6801128
0.01,-0.01,-1.53,1758762232.683173
0.01,-0.01,-1.53,1758762232.6865082
0.01,-0.01,-1.53,1758762232.6890614
0.01,-0.01,-1.53,1758762232.6923106
0.01,-0.01,-1.53,1758762232.696581
0.01,-0.01,-1.53,1758762232.699864
0.01,-0.01,-1.53,1758762232.704744
0.01,-0.01,-1.53,1758762232.7082753
0.01,-0.01,-1.53,1758762232.7108843
0.01,-0.01,-1.53,1758762232.7138517
0.01,-0.01,-1.53,1758762232.7174463
0.01,-0.01,-1.53,1758762232.7192688
0.01,-0.01,-1.53,1758762232.7218509
0.01,-0.01,-1.53,1758762232.7240274
0.01,-0.01,-1.53,1758762232.7263732
0.01,-0.01,-1.53,1758762232.7286072
0.01,-0.01,-1.53,1758762232.7308395
0.01,-0.01,-1.53,1758762232.7331543
0.01,-0.01,-1.53,1758762232.735317
0.01,-0.01,-1.53,1758762232.7376382
0.01,-0.01,-1.53,1758762232.739767
0.01,-0.01,-1.53,1758762232.7424417
0.01,-0.01,-1.53,1758762232.7451708
0.01,-0.01,-1.53,1758762232.7477093
0.01,-0.01,-1.53,1758762232.7498815
0.01,-0.01,-1.53,1758762232.7524786
0.01,-0.01,-1.53,1758762232.754725
0.01,-0.01,-1.53,1758762232.757011
0.01,-0.01,-1.53,1758762232.7592409
0.01,-0.01,-1.53,1758762232.76144
0.01,-0.01,-1.53,1758762232.763934
0.01,-0.01,-1.53,1758762232.7661886
0.01,-0.01,-1.53,1758762232.7680607
0.01,-0.01,-1.53,1758762232.77028
0.01,-0.01,-1.53,1758762232.772508
0.01,-0.01,-1.53,1758762232.7750032
0.01,-0.01,-1.53,1758762232.777202
0.01,-0.01,-1.53,1758762232.7794306
0.01,-0.01,-1.53,1758762232.781912
0.01,-0.01,-1.53,1758762232.7837462
0.01,-0.01,-1.53,1758762232.786116
0.01,-0.01,-1.53,1758762232.7886455
0.01,-0.01,-1.53,1758762232.7908392
0.01,-0.01,-1.53,1758762232.793096
0.01,-0.01,-1.53,1758762232.795376
0.01,-0.01,-1.53,1758762232.797681
0.01,-0.01,-1.53,1758762232.7998848
0.01,-0.01,-1.53,1758762232.8023417
0.01,-0.01,-1.53,1758762232.8043127
0.01,-0.01,-1.53,1758762232.8070176
0.01,-0.01,-1.53,1758762232.8089972
0.01,-0.01,-1.53,1758762232.8111784
0.01,-0.01,-1.53,1758762232.8138082
0.01,-0.01,-1.53,1758762232.8161635
0.01,-0.01,-1.53,1758762232.8182633
0.01,-0.01,-1.53,1758762232.820594
0.01,-0.01,-1.53,1758762232.8230767
0.01,-0.01,-1.53,1758762232.8252282
0.01,-0.01,-1.53,1758762232.82739
0.01,-0.01,-1.53,1758762232.8295617
0.01,-0.01,-1.53,1758762232.831869
0.01,-0.01,-1.53,1758762232.834295
0.01,-0.01,-1.53,1758762232.8364713
0.01,-0.01,-1.53,1758762232.8389146
0.01,-0.01,-1.53,1758762232.841119
0.01,-0.01,-1.53,1758762232.843448
0.01,-0.01,-1.53,1758762232.8456044
0.01,-0.01,-1.53,1758762232.847906
0.01,-0.01,-1.53,1758762232.850426
0.01,-0.01,-1.53,1758762232.8523386
0.01,-0.01,-1.53,1758762232.8550358
0.01,-0.02,-1.53,1758762232.8569405
0.01,-0.02,-1.53,1758762232.8595283
0.01,-0.02,-1.53,1758762232.86139
0.01,-0.02,-1.53,1758762232.8635926
0.01,-0.02,-1.53,1758762232.8657448
0.01,-0.02,-1.53,1758762232.8679266
0.01,-0.02,-1.53,1758762232.8701973
0.01,-0.02,-1.53,1758762232.8722534
0.01,-0.02,-1.53,1758762232.8744502
0.01,-0.02,-1.53,1758762232.8768706
0.01,-0.02,-1.53,1758762232.8792806
0.01,-0.02,-1.53,1758762232.881419
0.01,-0.02,-1.53,1758762232.8838546
0.01,-0.02,-1.53,1758762232.886052
0.01,-0.02,-1.53,1758762232.8882744
0.01,-0.02,-1.53,1758762232.8903396
0.01,-0.02,-1.53,1758762232.8924942
0.01,-0.02,-1.53,1758762232.895102
0.01,-0.02,-1.53,1758762232.897343
0.01,-0.02,-1.53,1758762232.9006436
0.01,-0.02,-1.53,1758762232.902735
0.01,-0.02,-1.53,1758762232.9053411
0.01,-0.02,-1.53,1758762232.907699
0.01,-0.02,-1.53,1758762232.9100857
