roll,pitch,yaw,timestamp
0.04,0.13,-0.13,1759267801.6677675
0.04,0.13,-0.13,1759267801.6710775
0.04,0.13,-0.13,1759267801.675729
0.04,0.13,-0.13,1759267801.678908
0.04,0.13,-0.13,1759267801.6824305
0.04,0.13,-0.13,1759267801.6873505
0.04,0.13,-0.13,1759267801.6922283
0.04,0.13,-0.13,1759267801.6984904
0.04,0.13,-0.13,1759267801.7036593
0.04,0.13,-0.13,1759267801.7098382
0.04,0.13,-0.13,1759267801.715984
0.04,0.13,-0.13,1759267801.7198114
0.04,0.13,-0.13,1759267801.723343
0.04,0.13,-0.13,1759267801.726869
0.04,0.13,-0.13,1759267801.7299993
0.04,0.13,-0.13,1759267801.7345936
0.04,0.13,-0.13,1759267801.7384722
0.04,0.13,-0.13,1759267801.7421887
0.04,0.13,-0.13,1759267801.745504
0.04,0.13,-0.13,1759267801.7490716
0.04,0.13,-0.13,1759267801.7523322
0.04,0.13,-0.13,1759267801.7552545
0.04,0.13,-0.13,1759267801.7588017
0.04,0.13,-0.13,1759267801.7619135
0.04,0.13,-0.13,1759267801.764953
0.04,0.13,-0.13,1759267801.7681456
0.04,0.13,-0.13,1759267801.771873
0.04,0.13,-0.13,1759267801.774844
0.04,0.13,-0.13,1759267801.7790542
0.04,0.13,-0.13,1759267801.782658
0.04,0.13,-0.13,1759267801.7857957
0.04,0.13,-0.13,1759267801.7896757
0.04,0.13,-0.13,1759267801.7929182
0.04,0.13,-0.13,1759267801.797027
0.04,0.13,-0.13,1759267801.800779
0.04,0.13,-0.13,1759267801.8041997
0.04,0.13,-0.13,1759267801.8094952
0.04,0.13,-0.13,1759267801.8146613
0.04,0.13,-0.13,1759267801.820025
0.04,0.13,-0.13,1759267801.8242166
0.04,0.13,-0.13,1759267801.8292608
0.04,0.13,-0.13,1759267801.8325567
0.04,0.13,-0.13,1759267801.83746
0.04,0.13,-0.13,1759267801.845196
0.04,0.13,-0.13,1759267801.8507764
0.04,0.13,-0.13,1759267801.8543088
0.04,0.13,-0.13,1759267801.8588269
0.04,0.13,-0.13,1759267801.874985
0.04,0.13,-0.13,1759267801.8930674
0.04,0.13,-0.13,1759267801.905281
0.04,0.13,-0.13,1759267801.9112587
0.04,0.13,-0.13,1759267801.9163425
0.04,0.13,-0.13,1759267801.9190376
0.04,0.13,-0.13,1759267801.9211855
0.04,0.13,-0.13,1759267801.9234598
0.04,0.13,-0.13,1759267801.9282794
0.04,0.13,-0.13,1759267801.930469
0.04,0.13,-0.13,1759267801.9347155
0.04,0.13,-0.13,1759267801.9376822
0.04,0.13,-0.13,1759267801.9423325
0.04,0.13,-0.13,1759267801.945761
0.04,0.13,-0.13,1759267801.9503136
0.04,0.13,-0.13,1759267801.955183
0.04,0.13,-0.13,1759267801.9578445
0.04,0.13,-0.13,1759267801.9598808
0.04,0.13,-0.13,1759267801.9624848
0.04,0.13,-0.13,1759267801.9656982
0.04,0.13,-0.13,1759267801.9679022
0.04,0.13,-0.13,1759267801.9711194
0.04,0.13,-0.13,1759267801.973777
0.04,0.13,-0.13,1759267801.9766638
0.04,0.13,-0.13,1759267801.9799604
0.04,0.13,-0.13,1759267801.9870682
0.04,0.13,-0.13,1759267801.9900658
0.04,0.13,-0.13,1759267801.9938726
0.04,0.13,-0.13,1759267801.99646
0.04,0.13,-0.13,1759267801.998441
0.04,0.13,-0.13,1759267802.0019326
0.04,0.13,-0.13,1759267802.0047786
0.04,0.13,-0.13,1759267802.0083733
0.04,0.13,-0.13,1759267802.010911
0.04,0.13,-0.13,1759267802.0131233
0.04,0.13,-0.13,1759267802.0161333
0.04,0.13,-0.13,1759267802.0187385
0.04,0.13,-0.13,1759267802.021322
0.04,0.13,-0.13,1759267802.0239072
0.04,0.13,-0.13,1759267802.0342948
0.04,0.13,-0.13,1759267802.047387
0.04,0.13,-0.13,1759267802.0610185
0.04,0.13,-0.13,1759267802.0729146
0.04,0.13,-0.13,1759267802.0827484
0.04,0.13,-0.13,1759267802.0925226
0.04,0.13,-0.13,1759267802.1063714
0.04,0.13,-0.13,1759267802.112212
0.04,0.13,-0.12,1759267802.1181424
0.04,0.13,-0.12,1759267802.1218584
0.04,0.13,-0.12,1759267802.1248436
0.04,0.13,-0.12,1759267802.1271725
0.04,0.13,-0.12,1759267802.1299555
0.04,0.13,-0.12,1759267802.1333172
0.04,0.13,-0.12,1759267802.1381943
0.04,0.13,-0.12,1759267802.141348
0.04,0.13,-0.12,1759267802.1453252
0.04,0.13,-0.12,1759267802.1577878
0.03,0.13,-0.11,1759267802.1630094
0.03,0.13,-0.11,1759267802.1691415
0.04,0.13,-0.11,1759267802.1759224
0.04,0.14,-0.11,1759267802.180869
0.04,0.13,-0.11,1759267802.1852298
0.04,0.14,-0.11,1759267802.1897066
0.04,0.14,-0.11,1759267802.1928737
0.04,0.14,-0.1,1759267802.19639
0.05,0.14,-0.1,1759267802.200035
0.05,0.15,-0.1,1759267802.2033846
0.04,0.15,-0.1,1759267802.206823
0.05,0.15,-0.1,1759267802.2089503
0.05,0.16,-0.1,1759267802.2110798
0.05,0.16,-0.09,1759267802.2133548
0.06,0.17,-0.09,1759267802.217039
0.06,0.17,-0.09,1759267802.223237
0.06,0.17,-0.09,1759267802.2279177
0.06,0.17,-0.09,1759267802.2321897
0.07,0.18,-0.08,1759267802.2351353
0.07,0.18,-0.08,1759267802.2404375
0.07,0.19,-0.08,1759267802.247822
0.07,0.18,-0.08,1759267802.2513323
0.08,0.19,-0.08,1759267802.2550125
0.08,0.19,-0.08,1759267802.2579336
0.09,0.19,-0.08,1759267802.2610693
0.1,0.19,-0.07,1759267802.264953
0.1,0.2,-0.07,1759267802.2684014
0.11,0.21,-0.07,1759267802.2719517
0.11,0.22,-0.07,1759267802.275317
0.11,0.22,-0.07,1759267802.2784443
0.12,0.22,-0.07,1759267802.2842264
0.12,0.23,-0.06,1759267802.2891014
0.12,0.23,-0.06,1759267802.2945344
0.12,0.23,-0.06,1759267802.2998655
0.13,0.24,-0.06,1759267802.3043935
0.14,0.25,-0.06,1759267802.309799
0.15,0.26,-0.06,1759267802.3149235
0.16,0.27,-0.05,1759267802.3198428
0.17,0.28,-0.05,1759267802.3258388
0.18,0.29,-0.05,1759267802.3312235
0.18,0.3,-0.05,1759267802.3368783
0.19,0.3,-0.05,1759267802.341894
0.19,0.31,-0.04,1759267802.3485887
0.2,0.31,-0.04,1759267802.3527365
0.2,0.32,-0.04,1759267802.3597963
0.21,0.33,-0.04,1759267802.3705225
0.22,0.33,-0.04,1759267802.376923
0.23,0.34,-0.04,1759267802.3816626
0.24,0.35,-0.03,1759267802.3850193
0.24,0.36,-0.03,1759267802.3881576
0.25,0.36,-0.03,1759267802.3914871
0.26,0.37,-0.03,1759267802.3948922
0.27,0.37,-0.03,1759267802.398177
0.27,0.38,-0.02,1759267802.4052184
0.28,0.38,-0.02,1759267802.409972
0.29,0.39,-0.02,1759267802.4142883
0.29,0.4,-0.02,1759267802.4201474
0.29,0.41,-0.02,1759267802.4239123
0.3,0.41,-0.02,1759267802.4274485
0.31,0.41,-0.02,1759267802.431484
0.32,0.42,-0.01,1759267802.4348524
0.32,0.43,-0.01,1759267802.4386034
0.33,0.43,-0.01,1759267802.4421225
0.34,0.44,-0.01,1759267802.445927
0.34,0.45,-0.01,1759267802.4495354
0.35,0.45,-0.01,1759267802.4541328
0.35,0.45,-0.01,1759267802.4596715
0.36,0.46,-0.0,1759267802.4618702
0.37,0.47,-0.0,1759267802.4643755
0.37,0.47,0.0,1759267802.4685442
0.37,0.47,0.0,1759267802.472328
0.38,0.48,0.0,1759267802.4750843
0.38,0.48,0.0,1759267802.4774995
0.39,0.49,0.01,1759267802.4805202
0.39,0.49,0.01,1759267802.4850514
0.4,0.5,0.01,1759267802.4876752
0.4,0.5,0.01,1759267802.4900036
0.4,0.51,0.02,1759267802.4923432
0.41,0.51,0.02,1759267802.4964578
0.41,0.51,0.02,1759267802.4996238
0.42,0.52,0.02,1759267802.501794
0.42,0.52,0.03,1759267802.504201
0.42,0.52,0.03,1759267802.5073028
0.42,0.52,0.03,1759267802.509265
0.43,0.52,0.03,1759267802.511932
0.43,0.52,0.03,1759267802.515883
0.43,0.52,0.03,1759267802.5196548
0.44,0.53,0.03,1759267802.5226307
0.43,0.52,0.03,1759267802.525593
0.44,0.52,0.02,1759267802.5294044
0.45,0.52,0.02,1759267802.5328372
0.44,0.52,0.02,1759267802.5362494
0.43,0.52,0.02,1759267802.5395012
0.44,0.52,0.02,1759267802.5420668
0.43,0.52,0.02,1759267802.5454462
0.43,0.52,0.02,1759267802.5485682
0.44,0.52,0.02,1759267802.5521207
0.43,0.52,0.02,1759267802.5546808
0.43,0.52,0.02,1759267802.5615416
0.43,0.52,0.02,1759267802.5668278
0.43,0.52,0.02,1759267802.5727437
0.43,0.52,0.02,1759267802.5773337
0.43,0.53,0.02,1759267802.5810044
0.43,0.53,0.02,1759267802.58534
0.43,0.53,0.02,1759267802.5907686
0.42,0.53,0.02,1759267802.595467
0.42,0.52,0.01,1759267802.5999453
0.41,0.52,0.01,1759267802.603459
0.42,0.53,0.01,1759267802.6086168
0.42,0.52,0.01,1759267802.6123712
0.43,0.51,0.01,1759267802.6166482
0.42,0.51,0.01,1759267802.620042
0.43,0.52,0.01,1759267802.623244
0.43,0.51,0.01,1759267802.627237
0.43,0.52,0.01,1759267802.634337
0.43,0.52,0.01,1759267802.6391118
0.44,0.52,0.01,1759267802.645514
0.44,0.52,0.01,1759267802.6501422
0.45,0.52,0.01,1759267802.6548347
0.44,0.52,0.01,1759267802.657518
0.44,0.52,0.01,1759267802.660134
0.45,0.52,0.01,1759267802.6632936
0.45,0.52,0.01,1759267802.6672876
0.44,0.53,0.01,1759267802.672109
0.44,0.52,0.01,1759267802.67683
0.44,0.52,0.01,1759267802.6807396
0.44,0.53,0.01,1759267802.6834805
0.45,0.53,0.02,1759267802.6902068
0.45,0.53,0.01,1759267802.6965249
0.45,0.53,0.01,1759267802.7008886
0.45,0.53,0.01,1759267802.7035508
0.45,0.53,0.01,1759267802.706902
0.45,0.53,0.02,1759267802.7115743
0.44,0.54,0.02,1759267802.715171
0.45,0.54,0.02,1759267802.7178323
0.46,0.55,0.02,1759267802.7204664
0.45,0.55,0.02,1759267802.7230313
0.45,0.55,0.02,1759267802.7259085
0.45,0.56,0.02,1759267802.731153
0.45,0.55,0.02,1759267802.7339306
0.46,0.56,0.02,1759267802.736942
0.46,0.57,0.03,1759267802.7401958
0.46,0.57,0.03,1759267802.7428312
0.46,0.57,0.03,1759267802.7455635
0.47,0.58,0.03,1759267802.7484093
0.47,0.58,0.03,1759267802.7509751
0.46,0.58,0.03,1759267802.7536447
0.47,0.58,0.03,1759267802.759587
0.48,0.59,0.04,1759267802.7685204
0.48,0.59,0.04,1759267802.7749245
0.49,0.6,0.04,1759267802.777809
0.49,0.6,0.04,1759267802.7843196
0.5,0.61,0.04,1759267802.7871788
0.5,0.61,0.05,1759267802.799249
0.5,0.62,0.05,1759267802.8156495
0.5,0.61,0.05,1759267802.8221023
0.5,0.61,0.05,1759267802.8301425
0.5,0.61,0.05,1759267802.8345146
0.49,0.61,0.05,1759267802.8401675
0.5,0.61,0.05,1759267802.841962
0.49,0.61,0.05,1759267802.8453095
0.49,0.61,0.05,1759267802.8631115
0.5,0.61,0.05,1759267802.8755183
0.5,0.62,0.05,1759267802.889227
0.5,0.62,0.05,1759267802.8977132
0.5,0.61,0.05,1759267802.9070084
0.5,0.61,0.05,1759267802.9130516
0.5,0.6,0.04,1759267802.919121
0.49,0.6,0.04,1759267802.9291704
0.5,0.61,0.05,1759267802.932439
0.5,0.6,0.04,1759267802.9382555
0.49,0.59,0.04,1759267802.952326
0.49,0.59,0.04,1759267802.9593792
0.48,0.59,0.04,1759267802.962554
0.48,0.59,0.04,1759267802.9651237
0.48,0.6,0.04,1759267802.969585
0.47,0.6,0.04,1759267802.9746332
0.48,0.59,0.04,1759267802.9775884
0.48,0.59,0.04,1759267802.9851518
0.48,0.59,0.04,1759267802.9942942
0.48,0.6,0.04,1759267802.9990091
0.49,0.6,0.05,1759267803.006003
0.49,0.6,0.05,1759267803.013437
0.49,0.61,0.05,1759267803.0197816
0.49,0.6,0.05,1759267803.0252883
0.5,0.61,0.05,1759267803.029063
0.5,0.61,0.06,1759267803.037542
0.5,0.62,0.06,1759267803.045551
0.5,0.62,0.06,1759267803.0500803
0.5,0.63,0.06,1759267803.0526335
0.5,0.64,0.07,1759267803.0564475
0.5,0.64,0.07,1759267803.0634286
0.51,0.64,0.07,1759267803.0701156
0.51,0.65,0.07,1759267803.0775344
0.51,0.64,0.07,1759267803.0821247
0.52,0.65,0.07,1759267803.086287
0.51,0.65,0.07,1759267803.0892403
0.51,0.65,0.07,1759267803.091576
0.51,0.65,0.07,1759267803.0971265
0.51,0.65,0.07,1759267803.1007094
0.51,0.66,0.07,1759267803.1056857
0.51,0.66,0.08,1759267803.114951
0.51,0.66,0.08,1759267803.1215613
0.51,0.66,0.08,1759267803.128644
0.5,0.66,0.08,1759267803.1373138
0.5,0.65,0.07,1759267803.1453288
0.5,0.65,0.07,1759267803.151091
0.49,0.65,0.07,1759267803.1559415
0.5,0.65,0.07,1759267803.1621554
0.5,0.65,0.08,1759267803.1718411
0.5,0.65,0.07,1759267803.1796873
0.51,0.65,0.07,1759267803.188543
0.51,0.65,0.07,1759267803.1950147
0.5,0.65,0.07,1759267803.2024286
0.5,0.66,0.08,1759267803.209186
0.51,0.65,0.07,1759267803.217652
0.51,0.65,0.07,1759267803.2207427
0.5,0.65,0.07,1759267803.2233994
0.51,0.65,0.07,1759267803.2266548
0.51,0.65,0.07,1759267803.233158
0.52,0.65,0.07,1759267803.2392411
0.52,0.65,0.07,1759267803.2418747
0.52,0.65,0.07,1759267803.2471857
0.53,0.65,0.08,1759267803.2550085
0.53,0.66,0.08,1759267803.2602172
0.53,0.65,0.07,1759267803.2680516
0.54,0.65,0.07,1759267803.2777443
0.54,0.64,0.07,1759267803.283759
0.54,0.65,0.07,1759267803.2887852
0.53,0.65,0.07,1759267803.2954228
0.54,0.66,0.08,1759267803.3002071
0.53,0.66,0.08,1759267803.3032303
0.53,0.66,0.08,1759267803.3104937
0.54,0.66,0.08,1759267803.3187642
0.54,0.66,0.08,1759267803.3281376
0.53,0.66,0.08,1759267803.3412366
0.53,0.66,0.08,1759267803.3500118
0.53,0.66,0.08,1759267803.353974
0.53,0.66,0.08,1759267803.3605516
0.54,0.67,0.08,1759267803.370129
0.54,0.67,0.09,1759267803.3731637
0.54,0.68,0.09,1759267803.3789337
0.54,0.67,0.09,1759267803.381249
0.54,0.68,0.09,1759267803.383199
0.54,0.68,0.09,1759267803.3909864
0.55,0.68,0.09,1759267803.393747
0.55,0.68,0.09,1759267803.395887
0.55,0.68,0.09,1759267803.3981972
0.55,0.68,0.09,1759267803.4002657
0.55,0.69,0.09,1759267803.4022727
0.56,0.69,0.09,1759267803.4042354
0.55,0.68,0.09,1759267803.4065924
0.55,0.68,0.09,1759267803.4087634
0.55,0.69,0.09,1759267803.4108615
0.55,0.69,0.09,1759267803.414346
0.54,0.69,0.09,1759267803.4182389
0.54,0.68,0.09,1759267803.4265926
0.54,0.69,0.09,1759267803.432248
0.54,0.68,0.09,1759267803.438582
0.54,0.69,0.09,1759267803.4423523
0.54,0.7,0.1,1759267803.4453886
0.53,0.69,0.09,1759267803.4477012
0.54,0.7,0.1,1759267803.4499798
0.54,0.7,0.1,1759267803.451884
0.54,0.7,0.1,1759267803.4541645
0.54,0.71,0.1,1759267803.4565756
0.54,0.71,0.1,1759267803.4590096
0.54,0.71,0.1,1759267803.461599
0.54,0.71,0.1,1759267803.464288
0.54,0.71,0.1,1759267803.4670465
0.54,0.71,0.1,1759267803.4692194
0.55,0.72,0.11,1759267803.4712403
0.54,0.72,0.1,1759267803.4731522
0.54,0.72,0.1,1759267803.475129
0.53,0.72,0.1,1759267803.4772155
0.54,0.72,0.11,1759267803.4794652
0.55,0.72,0.11,1759267803.4813223
0.55,0.72,0.1,1759267803.4834957
0.54,0.71,0.1,1759267803.486398
0.55,0.72,0.11,1759267803.488624
0.55,0.72,0.11,1759267803.49235
0.54,0.72,0.1,1759267803.4950278
0.55,0.73,0.11,1759267803.4985137
0.55,0.73,0.11,1759267803.506055
0.56,0.73,0.11,1759267803.5095508
0.56,0.74,0.11,1759267803.5123434
0.56,0.73,0.11,1759267803.5161235
0.57,0.73,0.11,1759267803.5194373
0.57,0.72,0.11,1759267803.5217505
0.57,0.72,0.1,1759267803.5262012
0.56,0.72,0.1,1759267803.5311356
0.56,0.72,0.1,1759267803.533916
0.57,0.73,0.11,1759267803.5384774
0.57,0.73,0.11,1759267803.5444274
0.56,0.73,0.11,1759267803.550769
0.56,0.74,0.11,1759267803.556624
0.56,0.73,0.11,1759267803.5609858
0.56,0.73,0.11,1759267803.5630283
0.57,0.73,0.11,1759267803.5684571
0.57,0.74,0.11,1759267803.5730977
0.57,0.75,0.11,1759267803.5764108
0.57,0.74,0.11,1759267803.58127
0.57,0.75,0.12,1759267803.5853903
0.56,0.75,0.12,1759267803.590665
0.57,0.76,0.12,1759267803.5954082
0.57,0.75,0.12,1759267803.599424
0.57,0.76,0.12,1759267803.6018765
0.57,0.77,0.12,1759267803.6080663
0.57,0.76,0.12,1759267803.613177
0.57,0.76,0.12,1759267803.6167014
0.57,0.76,0.12,1759267803.61964
0.56,0.77,0.13,1759267803.6236508
0.56,0.77,0.12,1759267803.62923
0.56,0.76,0.12,1759267803.6361823
0.56,0.76,0.12,1759267803.6404626
0.56,0.76,0.12,1759267803.6449678
0.56,0.77,0.12,1759267803.6522834
0.56,0.76,0.12,1759267803.6560595
0.56,0.76,0.12,1759267803.6595826
0.56,0.76,0.12,1759267803.664938
0.56,0.76,0.12,1759267803.6683738
0.56,0.76,0.12,1759267803.6725554
0.56,0.77,0.12,1759267803.678203
0.56,0.77,0.12,1759267803.68194
0.56,0.76,0.12,1759267803.6861684
0.56,0.76,0.12,1759267803.6897376
0.56,0.77,0.12,1759267803.6932905
0.55,0.76,0.12,1759267803.6968524
0.56,0.76,0.12,1759267803.701524
0.55,0.77,0.12,1759267803.7040694
0.55,0.77,0.12,1759267803.7075489
0.55,0.77,0.12,1759267803.7113268
0.55,0.77,0.12,1759267803.7174785
0.55,0.77,0.12,1759267803.7211754
0.55,0.76,0.12,1759267803.7256708
0.55,0.77,0.12,1759267803.7285285
0.54,0.77,0.12,1759267803.7354162
0.55,0.77,0.13,1759267803.7398937
0.54,0.77,0.12,1759267803.7443528
0.55,0.78,0.13,1759267803.749329
0.55,0.77,0.12,1759267803.7531872
0.54,0.77,0.13,1759267803.757542
0.55,0.77,0.12,1759267803.7620337
0.55,0.77,0.13,1759267803.767112
0.55,0.77,0.13,1759267803.770618
0.55,0.77,0.13,1759267803.7758658
0.56,0.78,0.13,1759267803.779104
0.55,0.78,0.13,1759267803.7835867
0.55,0.78,0.13,1759267803.786353
0.55,0.79,0.13,1759267803.7889905
0.55,0.79,0.13,1759267803.792552
0.55,0.79,0.14,1759267803.7962074
0.55,0.79,0.14,1759267803.80115
0.55,0.79,0.14,1759267803.8048024
0.56,0.79,0.14,1759267803.808844
0.55,0.79,0.14,1759267803.8121223
0.55,0.8,0.14,1759267803.8150988
0.55,0.8,0.14,1759267803.8198557
0.55,0.8,0.14,1759267803.8223703
0.55,0.8,0.14,1759267803.8268504
0.54,0.81,0.14,1759267803.8322358
0.54,0.81,0.14,1759267803.835872
0.54,0.81,0.15,1759267803.840161
0.54,0.81,0.15,1759267803.8439453
0.54,0.81,0.15,1759267803.8477657
0.54,0.81,0.15,1759267803.8507955
0.54,0.81,0.15,1759267803.8542836
0.53,0.81,0.15,1759267803.8589897
0.54,0.81,0.15,1759267803.8639865
0.54,0.82,0.15,1759267803.867828
0.55,0.81,0.15,1759267803.8708837
0.55,0.81,0.15,1759267803.8758683
0.55,0.82,0.15,1759267803.878009
0.55,0.81,0.15,1759267803.882868
0.55,0.81,0.15,1759267803.8884463
0.55,0.81,0.14,1759267803.891225
0.56,0.82,0.15,1759267803.8962212
0.55,0.82,0.15,1759267803.90071
0.56,0.82,0.15,1759267803.9036603
0.55,0.82,0.15,1759267803.906592
0.55,0.82,0.15,1759267803.9105573
0.55,0.82,0.15,1759267803.9158902
0.55,0.82,0.15,1759267803.9189277
0.56,0.83,0.15,1759267803.9236588
0.56,0.83,0.15,1759267803.927996
0.56,0.83,0.15,1759267803.9321947
0.56,0.82,0.15,1759267803.935675
0.56,0.83,0.15,1759267803.941111
0.57,0.83,0.15,1759267803.945127
0.57,0.83,0.15,1759267803.9481475
0.57,0.83,0.15,1759267803.9503782
0.57,0.83,0.15,1759267803.953475
0.57,0.83,0.15,1759267803.9571936
0.58,0.83,0.15,1759267803.9602144
0.58,0.83,0.15,1759267803.9622583
0.58,0.83,0.15,1759267803.9651322
0.59,0.83,0.15,1759267803.9687667
0.58,0.83,0.15,1759267803.971522
0.58,0.83,0.15,1759267803.9738357
0.58,0.84,0.15,1759267803.9773393
0.58,0.83,0.15,1759267803.9807546
0.58,0.83,0.15,1759267803.984701
0.58,0.84,0.16,1759267803.9878266
0.58,0.83,0.15,1759267803.989633
0.58,0.83,0.15,1759267803.9934585
0.59,0.83,0.15,1759267803.9965978
0.59,0.83,0.15,1759267804.0003314
0.58,0.83,0.15,1759267804.0024817
0.58,0.83,0.15,1759267804.0047326
0.59,0.84,0.15,1759267804.0065775
0.59,0.83,0.15,1759267804.0083098
0.59,0.83,0.15,1759267804.0176451
0.59,0.83,0.15,1759267804.0195482
0.58,0.83,0.15,1759267804.0227396
0.58,0.84,0.15,1759267804.0260198
0.58,0.83,0.15,1759267804.0301714
0.58,0.84,0.16,1759267804.0337949
0.58,0.84,0.15,1759267804.037048
0.57,0.84,0.15,1759267804.0393617
0.58,0.84,0.15,1759267804.0423474
0.57,0.84,0.15,1759267804.046104
0.57,0.84,0.15,1759267804.049002
0.58,0.83,0.15,1759267804.0509567
0.58,0.84,0.15,1759267804.054284
0.58,0.84,0.15,1759267804.0581565
0.58,0.84,0.15,1759267804.0629203
0.58,0.85,0.16,1759267804.0686347
0.58,0.86,0.16,1759267804.0728972
0.58,0.86,0.16,1759267804.0766842
0.57,0.86,0.16,1759267804.0798602
0.58,0.86,0.16,1759267804.0824146
0.58,0.86,0.16,1759267804.0884998
0.59,0.87,0.17,1759267804.092383
0.58,0.86,0.16,1759267804.0953245
0.58,0.86,0.16,1759267804.0978432
0.59,0.87,0.17,1759267804.100543
0.59,0.87,0.17,1759267804.103434
0.59,0.86,0.16,1759267804.1066177
0.59,0.87,0.17,1759267804.10964
0.58,0.86,0.16,1759267804.1120944
0.59,0.87,0.17,1759267804.1143582
0.59,0.87,0.17,1759267804.1181622
0.59,0.86,0.16,1759267804.1220503
0.58,0.86,0.16,1759267804.12492
0.59,0.86,0.17,1759267804.1279008
0.59,0.86,0.16,1759267804.1311212
0.59,0.86,0.16,1759267804.133767
0.6,0.86,0.17,1759267804.1379104
0.59,0.86,0.16,1759267804.1413617
0.59,0.86,0.16,1759267804.145219
0.6,0.86,0.16,1759267804.1483114
0.6,0.86,0.16,1759267804.151326
0.6,0.86,0.16,1759267804.1545486
0.6,0.87,0.17,1759267804.1576102
0.6,0.87,0.17,1759267804.160176
0.61,0.87,0.17,1759267804.1629694
0.61,0.87,0.17,1759267804.1660106
0.61,0.87,0.17,1759267804.1690876
0.61,0.87,0.17,1759267804.1727695
0.61,0.87,0.17,1759267804.1752086
0.61,0.87,0.17,1759267804.1782668
0.61,0.87,0.17,1759267804.1820617
0.62,0.88,0.17,1759267804.1852708
0.61,0.88,0.17,1759267804.1920264
0.62,0.88,0.18,1759267804.1953127
0.62,0.88,0.18,1759267804.2020457
0.61,0.88,0.17,1759267804.2070906
0.61,0.87,0.17,1759267804.210071
0.61,0.87,0.17,1759267804.2162826
0.61,0.87,0.17,1759267804.219551
0.62,0.88,0.17,1759267804.2241616
0.61,0.88,0.17,1759267804.2284358
0.62,0.88,0.18,1759267804.2317455
0.61,0.88,0.17,1759267804.2404592
0.62,0.89,0.18,1759267804.2447364
0.62,0.89,0.18,1759267804.25498
0.62,0.88,0.18,1759267804.260933
0.61,0.89,0.18,1759267804.2656095
0.61,0.88,0.17,1759267804.267769
0.62,0.89,0.18,1759267804.270089
0.62,0.9,0.18,1759267804.2726057
0.62,0.89,0.18,1759267804.2750185
0.61,0.89,0.17,1759267804.2777734
0.61,0.89,0.18,1759267804.2816455
0.61,0.89,0.18,1759267804.2870502
0.62,0.89,0.18,1759267804.2905192
0.62,0.89,0.18,1759267804.295052
0.62,0.89,0.18,1759267804.2971394
0.62,0.89,0.18,1759267804.3001094
0.62,0.89,0.17,1759267804.302241
0.62,0.89,0.17,1759267804.304422
0.62,0.89,0.17,1759267804.3080895
0.61,0.89,0.18,1759267804.3101242
0.62,0.89,0.17,1759267804.312057
0.62,0.89,0.17,1759267804.3139467
0.61,0.88,0.17,1759267804.3162348
0.61,0.88,0.17,1759267804.3233664
0.61,0.89,0.17,1759267804.325193
0.61,0.89,0.17,1759267804.3271842
0.61,0.89,0.17,1759267804.3290596
0.61,0.89,0.17,1759267804.3313034
0.62,0.89,0.17,1759267804.3330956
0.62,0.89,0.17,1759267804.33496
0.61,0.89,0.17,1759267804.3374708
0.61,0.89,0.17,1759267804.3404746
0.61,0.9,0.18,1759267804.3433352
0.62,0.9,0.18,1759267804.3460686
0.62,0.9,0.17,1759267804.348592
0.63,0.9,0.18,1759267804.3528028
0.63,0.9,0.17,1759267804.3553054
0.64,0.89,0.17,1759267804.3592498
0.65,0.9,0.17,1759267804.3618617
0.65,0.9,0.17,1759267804.3641896
0.65,0.89,0.17,1759267804.368678
0.66,0.9,0.18,1759267804.3723826
0.65,0.89,0.17,1759267804.3759437
0.65,0.89,0.17,1759267804.3796608
0.65,0.9,0.17,1759267804.3832333
0.65,0.89,0.17,1759267804.3864625
0.65,0.9,0.17,1759267804.3919306
0.65,0.9,0.17,1759267804.3945246
0.66,0.89,0.17,1759267804.3992572
0.67,0.9,0.17,1759267804.4043732
0.67,0.91,0.18,1759267804.411002
0.66,0.9,0.18,1759267804.4163485
0.67,0.91,0.18,1759267804.4230795
0.66,0.91,0.18,1759267804.4262662
0.66,0.91,0.18,1759267804.4305224
0.66,0.9,0.18,1759267804.4395006
0.66,0.9,0.17,1759267804.4481206
0.65,0.89,0.17,1759267804.4547927
0.65,0.9,0.18,1759267804.464761
0.65,0.91,0.18,1759267804.4757428
0.65,0.91,0.18,1759267804.484408
0.65,0.91,0.18,1759267804.493323
0.65,0.91,0.18,1759267804.5217242
0.65,0.91,0.18,1759267804.5243263
0.65,0.91,0.18,1759267804.527732
0.65,0.92,0.18,1759267804.5313573
0.66,0.92,0.19,1759267804.5348327
0.66,0.92,0.18,1759267804.5397544
0.65,0.91,0.18,1759267804.544691
0.65,0.91,0.18,1759267804.5506766
0.66,0.91,0.18,1759267804.557416
0.65,0.91,0.18,1759267804.5609934
0.65,0.9,0.18,1759267804.5652175
0.64,0.9,0.18,1759267804.5739114
0.65,0.9,0.18,1759267804.582103
0.65,0.91,0.18,1759267804.5912168
0.65,0.92,0.18,1759267804.6005547
0.65,0.92,0.18,1759267804.6063306
0.64,0.92,0.19,1759267804.6147485
0.63,0.91,0.18,1759267804.6224318
0.63,0.91,0.18,1759267804.6267292
0.63,0.9,0.18,1759267804.6344204
0.64,0.91,0.18,1759267804.6382422
0.64,0.91,0.18,1759267804.6427977
0.65,0.91,0.18,1759267804.646983
0.65,0.91,0.18,1759267804.6554496
0.65,0.9,0.18,1759267804.6596053
0.65,0.9,0.17,1759267804.6627705
0.65,0.91,0.18,1759267804.6672766
0.65,0.91,0.18,1759267804.6718154
0.65,0.91,0.18,1759267804.677814
0.65,0.91,0.18,1759267804.6817057
0.65,0.92,0.18,1759267804.6850662
0.65,0.91,0.18,1759267804.6893249
0.66,0.92,0.19,1759267804.6934946
0.65,0.92,0.19,1759267804.6969323
0.65,0.92,0.18,1759267804.6993668
0.65,0.92,0.19,1759267804.702006
0.65,0.92,0.19,1759267804.705064
0.65,0.92,0.18,1759267804.7078955
0.65,0.91,0.18,1759267804.710624
0.65,0.92,0.19,1759267804.7135534
0.65,0.93,0.19,1759267804.71865
0.65,0.93,0.19,1759267804.721574
0.65,0.94,0.19,1759267804.724338
0.65,0.94,0.2,1759267804.7277775
0.66,0.95,0.2,1759267804.7324913
0.65,0.95,0.2,1759267804.7355735
0.66,0.94,0.19,1759267804.738372
0.66,0.95,0.2,1759267804.7414262
0.66,0.95,0.2,1759267804.743639
0.65,0.95,0.2,1759267804.7465243
0.65,0.95,0.2,1759267804.7490396
0.65,0.95,0.2,1759267804.7551816
0.65,0.94,0.2,1759267804.7588603
0.66,0.95,0.2,1759267804.7623212
0.65,0.95,0.2,1759267804.764988
0.65,0.95,0.2,1759267804.768569
0.66,0.96,0.2,1759267804.7726483
0.65,0.95,0.2,1759267804.7753794
0.65,0.95,0.2,1759267804.7794616
0.65,0.96,0.21,1759267804.7825012
0.66,0.96,0.21,1759267804.785454
0.66,0.96,0.21,1759267804.788249
0.65,0.96,0.21,1759267804.7915995
0.65,0.96,0.2,1759267804.7956076
0.65,0.96,0.21,1759267804.798725
0.65,0.95,0.2,1759267804.803256
0.65,0.95,0.2,1759267804.8060136
0.66,0.96,0.21,1759267804.8089275
0.65,0.95,0.2,1759267804.81346
0.66,0.95,0.2,1759267804.8179593
0.65,0.95,0.2,1759267804.8212516
0.65,0.95,0.2,1759267804.827556
0.64,0.95,0.2,1759267804.831352
0.64,0.96,0.2,1759267804.8352723
0.63,0.96,0.2,1759267804.8387325
0.64,0.96,0.21,1759267804.843454
0.64,0.96,0.21,1759267804.846154
0.64,0.96,0.21,1759267804.8486636
0.64,0.96,0.21,1759267804.8523357
0.64,0.97,0.21,1759267804.856088
0.63,0.97,0.21,1759267804.8598626
0.64,0.97,0.21,1759267804.8629725
0.64,0.98,0.22,1759267804.8710172
0.64,0.97,0.21,1759267804.8760884
0.64,0.97,0.21,1759267804.8798008
0.64,0.98,0.21,1759267804.8837423
0.64,0.98,0.22,1759267804.88737
0.64,0.99,0.22,1759267804.8936124
0.65,0.98,0.22,1759267804.8992655
0.65,0.99,0.22,1759267804.907249
0.65,0.99,0.23,1759267804.911156
0.65,0.99,0.22,1759267804.916925
0.65,1.0,0.23,1759267804.922585
0.64,1.0,0.23,1759267804.927379
0.64,0.99,0.22,1759267804.9337752
0.64,0.99,0.22,1759267804.9390078
0.64,1.0,0.23,1759267804.9451785
0.65,1.0,0.23,1759267804.9512973
0.65,1.0,0.22,1759267804.9553602
0.64,0.99,0.22,1759267804.962051
0.65,0.99,0.22,1759267804.9667304
0.65,0.99,0.22,1759267804.9731648
0.66,1.0,0.23,1759267804.9778292
0.66,0.99,0.22,1759267804.982185
0.66,0.99,0.22,1759267804.9879572
0.66,0.99,0.22,1759267804.9919589
0.66,1.0,0.23,1759267804.9963336
0.66,1.0,0.23,1759267805.0003552
0.66,1.0,0.22,1759267805.0032306
0.66,1.01,0.23,1759267805.0073023
0.65,1.01,0.23,1759267805.010648
0.65,1.0,0.23,1759267805.0131772
0.66,1.0,0.23,1759267805.0164802
0.65,1.01,0.23,1759267805.0192137
0.65,1.0,0.23,1759267805.0216503
0.65,1.01,0.23,1759267805.0249472
0.65,1.01,0.23,1759267805.028377
0.65,1.02,0.24,1759267805.0331538
0.65,1.01,0.24,1759267805.035715
0.65,1.02,0.24,1759267805.0382082
0.65,1.01,0.24,1759267805.0408154
0.65,1.02,0.24,1759267805.043391
0.66,1.01,0.24,1759267805.046025
0.66,1.01,0.24,1759267805.0486789
0.65,1.01,0.24,1759267805.051544
0.66,1.0,0.23,1759267805.0552464
0.66,1.0,0.23,1759267805.058042
0.66,1.01,0.24,1759267805.0616758
0.66,1.0,0.23,1759267805.0645492
0.67,1.0,0.23,1759267805.0684755
0.67,1.01,0.23,1759267805.0714056
0.67,1.0,0.23,1759267805.073698
0.67,1.0,0.23,1759267805.0769842
0.67,1.0,0.23,1759267805.0800974
0.67,1.0,0.23,1759267805.0829134
0.66,0.99,0.22,1759267805.0863376
0.66,1.0,0.23,1759267805.0912216
0.66,1.01,0.24,1759267805.0946686
0.66,1.01,0.23,1759267805.0967617
0.66,1.0,0.23,1759267805.0995398
0.66,1.0,0.23,1759267805.1030717
0.65,0.99,0.22,1759267805.1064053
0.66,1.0,0.23,1759267805.1096847
0.65,1.0,0.23,1759267805.1132915
0.64,0.99,0.22,1759267805.1168566
0.65,1.0,0.23,1759267805.1203763
0.64,0.99,0.22,1759267805.1239004
0.65,0.99,0.22,1759267805.1275425
0.65,0.99,0.23,1759267805.1307766
0.65,0.99,0.22,1759267805.133857
0.65,0.99,0.22,1759267805.1370318
0.65,0.99,0.23,1759267805.14109
0.64,0.99,0.22,1759267805.1442423
0.64,0.98,0.22,1759267805.1476529
0.65,0.99,0.22,1759267805.1508756
0.64,0.98,0.22,1759267805.1543686
0.64,0.98,0.22,1759267805.1576638
0.64,0.99,0.23,1759267805.1612182
0.64,0.99,0.22,1759267805.1647837
0.64,0.99,0.22,1759267805.1685443
0.64,0.99,0.23,1759267805.1715276
0.63,0.98,0.22,1759267805.1740458
0.64,0.99,0.23,1759267805.178131
0.64,1.0,0.23,1759267805.1825025
0.63,0.99,0.23,1759267805.1861491
0.63,1.0,0.23,1759267805.1892843
0.63,1.0,0.23,1759267805.1928298
0.64,1.0,0.23,1759267805.1962345
0.64,1.0,0.23,1759267805.199267
0.65,1.0,0.23,1759267805.2019608
0.64,1.0,0.23,1759267805.2053888
0.64,1.0,0.23,1759267805.2090733
0.65,1.0,0.23,1759267805.2118769
0.64,1.0,0.23,1759267805.2147932
0.64,0.99,0.23,1759267805.2194395
0.64,0.99,0.23,1759267805.2244165
0.64,0.99,0.23,1759267805.2293687
0.64,1.0,0.23,1759267805.233836
0.64,1.0,0.23,1759267805.2373557
0.65,0.99,0.23,1759267805.2440858
0.64,1.0,0.23,1759267805.2492108
0.64,0.99,0.23,1759267805.2535143
0.65,0.99,0.23,1759267805.2577865
0.65,0.98,0.22,1759267805.2615652
0.65,0.99,0.23,1759267805.265778
0.65,0.99,0.23,1759267805.2708964
0.64,0.99,0.23,1759267805.277482
0.64,0.99,0.22,1759267805.283731
0.64,0.99,0.22,1759267805.287821
0.64,0.99,0.23,1759267805.2951584
0.64,0.99,0.23,1759267805.3004584
0.65,1.0,0.23,1759267805.306495
0.64,0.99,0.23,1759267805.3097742
0.65,1.0,0.23,1759267805.3148048
0.64,0.99,0.23,1759267805.3200128
0.64,0.99,0.22,1759267805.3236952
0.64,0.99,0.22,1759267805.3308954
0.64,0.99,0.22,1759267805.335056
0.65,0.99,0.22,1759267805.340985
0.65,0.99,0.22,1759267805.3454683
0.65,0.99,0.22,1759267805.3500628
0.65,0.99,0.22,1759267805.3546698
0.65,0.99,0.22,1759267805.358626
0.65,0.99,0.22,1759267805.3621671
0.65,0.98,0.22,1759267805.367457
0.65,0.98,0.21,1759267805.371606
0.66,0.98,0.21,1759267805.3759904
0.66,0.98,0.21,1759267805.380335
0.66,0.98,0.21,1759267805.3854203
0.66,0.98,0.21,1759267805.389051
0.66,0.98,0.21,1759267805.3924415
0.65,0.97,0.2,1759267805.3959296
0.66,0.97,0.21,1759267805.4012024
0.66,0.97,0.21,1759267805.4039602
0.66,0.98,0.21,1759267805.408454
0.67,0.98,0.21,1759267805.4122584
0.66,0.99,0.22,1759267805.4164948
0.66,0.99,0.22,1759267805.4198496
0.66,0.99,0.21,1759267805.4232347
0.66,1.0,0.22,1759267805.428424
0.66,0.99,0.22,1759267805.4338467
0.66,1.0,0.22,1759267805.4381974
0.66,0.99,0.22,1759267805.4428256
0.66,0.99,0.21,1759267805.447893
0.66,1.0,0.21,1759267805.453271
0.67,1.0,0.21,1759267805.4579885
0.66,0.99,0.21,1759267805.465494
0.66,0.99,0.21,1759267805.469554
0.66,0.99,0.21,1759267805.4734635
0.66,0.99,0.21,1759267805.478411
0.66,0.99,0.2,1759267805.4823184
0.66,1.0,0.21,1759267805.487717
0.66,0.99,0.21,1759267805.491868
0.66,1.0,0.21,1759267805.4972558
0.67,1.0,0.21,1759267805.5039313
0.67,1.0,0.21,1759267805.508907
0.67,1.01,0.21,1759267805.51292
0.67,1.0,0.21,1759267805.517049
0.66,1.0,0.21,1759267805.5241408
0.66,1.0,0.21,1759267805.5282118
0.67,1.0,0.2,1759267805.5328715
0.67,1.0,0.2,1759267805.5362215
0.67,1.0,0.2,1759267805.5412972
0.67,1.0,0.2,1759267805.549093
0.67,1.0,0.2,1759267805.5535376
0.68,0.99,0.2,1759267805.556283
0.67,1.0,0.2,1759267805.558751
0.68,1.0,0.2,1759267805.5628734
0.67,1.0,0.2,1759267805.5690565
0.67,0.99,0.19,1759267805.574422
0.67,1.0,0.19,1759267805.5834937
0.67,0.99,0.19,1759267805.587819
0.67,0.99,0.19,1759267805.5905647
0.67,0.99,0.19,1759267805.5949128
0.67,1.0,0.2,1759267805.598212
0.67,1.0,0.2,1759267805.6015835
0.67,1.0,0.19,1759267805.6055748
0.67,1.01,0.2,1759267805.6121244
0.67,1.01,0.2,1759267805.6168718
0.67,1.01,0.2,1759267805.620847
0.67,1.01,0.2,1759267805.6243167
0.67,1.02,0.21,1759267805.6310186
0.68,1.02,0.21,1759267805.6341794
0.68,1.03,0.21,1759267805.6384392
0.68,1.03,0.21,1759267805.6428185
0.68,1.03,0.22,1759267805.6460109
0.67,1.02,0.21,1759267805.6498158
0.67,1.02,0.21,1759267805.655061
0.67,1.02,0.21,1759267805.658411
0.67,1.02,0.21,1759267805.662356
0.67,1.03,0.22,1759267805.6658392
0.67,1.03,0.21,1759267805.6696873
0.67,1.03,0.21,1759267805.672272
0.67,1.02,0.2,1759267805.674199
0.66,1.03,0.21,1759267805.6783268
0.65,1.02,0.2,1759267805.681147
0.65,1.02,0.2,1759267805.684376
0.66,1.02,0.2,1759267805.6861336
0.65,1.02,0.2,1759267805.68925
0.65,1.01,0.2,1759267805.691936
0.65,1.02,0.2,1759267805.6968253
0.66,1.02,0.2,1759267805.7018602
0.66,1.02,0.2,1759267805.7057128
0.66,1.03,0.2,1759267805.7111382
0.66,1.04,0.21,1759267805.7145698
0.65,1.03,0.2,1759267805.71924
0.65,1.03,0.2,1759267805.722599
0.66,1.03,0.2,1759267805.727402
0.65,1.02,0.19,1759267805.7308524
0.66,1.03,0.2,1759267805.734971
0.65,1.02,0.19,1759267805.740025
0.65,1.01,0.19,1759267805.7433038
0.65,1.01,0.19,1759267805.7481563
0.65,1.01,0.18,1759267805.751573
0.65,1.01,0.18,1759267805.756526
0.65,1.01,0.18,1759267805.7595131
0.64,1.01,0.18,1759267805.7638514
0.64,1.01,0.18,1759267805.7677505
0.64,1.0,0.18,1759267805.7714443
0.64,1.0,0.18,1759267805.7759612
0.64,1.0,0.18,1759267805.7798283
0.64,1.0,0.18,1759267805.7834458
0.64,1.0,0.18,1759267805.7898128
0.64,1.0,0.17,1759267805.7932532
0.64,1.0,0.17,1759267805.7978728
0.64,0.99,0.17,1759267805.8008986
0.64,1.0,0.17,1759267805.8055155
0.63,1.0,0.17,1759267805.8091872
0.64,1.0,0.17,1759267805.8128326
0.64,1.0,0.18,1759267805.818782
0.64,1.01,0.18,1759267805.8239858
0.64,1.01,0.18,1759267805.8295782
0.64,1.02,0.18,1759267805.8373177
0.65,1.01,0.18,1759267805.842575
0.64,1.01,0.18,1759267805.846285
0.64,1.01,0.18,1759267805.848732
0.65,1.01,0.18,1759267805.8517938
0.65,1.0,0.17,1759267805.855704
0.64,1.0,0.17,1759267805.858339
0.64,1.0,0.17,1759267805.8606174
0.64,1.01,0.17,1759267805.8636484
0.63,1.0,0.17,1759267805.8669908
0.63,1.0,0.17,1759267805.870298
0.64,1.01,0.17,1759267805.872507
0.63,1.0,0.17,1759267805.8754263
0.63,1.0,0.17,1759267805.8787904
0.63,1.0,0.17,1759267805.881257
0.63,1.0,0.17,1759267805.8845851
0.62,1.01,0.17,1759267805.8877134
0.63,1.0,0.17,1759267805.8899524
0.63,1.01,0.17,1759267805.893603
0.63,1.0,0.16,1759267805.895859
0.63,1.0,0.16,1759267805.9001515
0.63,1.0,0.16,1759267805.904229
0.63,1.0,0.16,1759267805.9074438
0.64,1.0,0.16,1759267805.9119997
0.64,1.0,0.16,1759267805.9175158
0.64,1.0,0.16,1759267805.921779
0.65,1.0,0.16,1759267805.925029
0.64,1.01,0.16,1759267805.927855
0.64,1.01,0.16,1759267805.932991
0.64,1.01,0.17,1759267805.9361846
0.64,1.02,0.17,1759267805.940247
0.64,1.02,0.16,1759267805.9440825
0.64,1.02,0.17,1759267805.946437
0.64,1.03,0.17,1759267805.9493122
0.64,1.02,0.16,1759267805.952284
0.63,1.02,0.16,1759267805.9548075
0.64,1.03,0.17,1759267805.9580822
0.63,1.03,0.17,1759267805.960085
0.63,1.03,0.17,1759267805.9623628
0.63,1.02,0.16,1759267805.9649174
0.63,1.03,0.17,1759267805.9672568
0.63,1.03,0.17,1759267805.9695022
0.62,1.03,0.17,1759267805.972035
0.63,1.03,0.16,1759267805.9747517
0.63,1.04,0.17,1759267805.9770925
0.62,1.03,0.16,1759267805.97996
0.62,1.02,0.16,1759267805.9821286
0.62,1.02,0.16,1759267805.9843695
0.62,1.03,0.16,1759267805.9870536
0.62,1.02,0.16,1759267805.9894
0.62,1.02,0.15,1759267805.9925709
0.61,1.02,0.15,1759267805.9956255
0.61,1.02,0.15,1759267805.999505
0.61,1.02,0.15,1759267806.001802
0.61,1.02,0.15,1759267806.0052483
0.62,1.02,0.15,1759267806.00729
0.61,1.02,0.15,1759267806.010134
0.61,1.01,0.15,1759267806.0128467
0.61,1.01,0.15,1759267806.0149024
0.62,1.01,0.15,1759267806.0172396
0.61,1.02,0.15,1759267806.019695
0.62,1.02,0.15,1759267806.0220551
0.61,1.01,0.14,1759267806.025203
0.61,1.01,0.14,1759267806.0285883
0.61,1.01,0.14,1759267806.031863
0.61,1.01,0.14,1759267806.0339308
0.62,1.01,0.14,1759267806.037258
0.61,1.01,0.14,1759267806.0395288
0.61,1.0,0.13,1759267806.044053
0.61,1.0,0.14,1759267806.0478566
0.61,1.0,0.13,1759267806.0509088
0.61,1.0,0.13,1759267806.0538423
0.61,1.01,0.14,1759267806.0559864
0.61,1.01,0.13,1759267806.0584204
0.61,1.0,0.13,1759267806.0613182
0.61,1.01,0.13,1759267806.0649946
0.61,1.0,0.13,1759267806.0675874
0.61,1.0,0.13,1759267806.069972
0.61,1.0,0.13,1759267806.0723104
0.61,1.0,0.13,1759267806.075812
0.61,1.0,0.13,1759267806.0787828
0.61,1.0,0.13,1759267806.080975
0.61,1.0,0.13,1759267806.0833912
0.61,1.0,0.13,1759267806.086083
0.61,1.01,0.13,1759267806.0884624
0.61,1.0,0.13,1759267806.0905485
0.61,1.0,0.13,1759267806.0944242
0.61,1.0,0.13,1759267806.0972905
0.61,1.0,0.12,1759267806.1001012
0.61,1.0,0.12,1759267806.1022215
0.61,1.0,0.13,1759267806.105521
0.61,1.0,0.12,1759267806.1080403
0.61,1.0,0.12,1759267806.110501
0.61,1.0,0.12,1759267806.113189
0.61,1.01,0.12,1759267806.1151214
0.61,1.0,0.12,1759267806.1183095
0.61,1.0,0.12,1759267806.1210487
0.61,1.01,0.12,1759267806.1235824
0.61,1.0,0.12,1759267806.1263676
0.6,1.0,0.12,1759267806.1283588
0.6,1.0,0.12,1759267806.13201
0.61,1.0,0.12,1759267806.1343591
0.61,1.0,0.12,1759267806.1368194
0.6,1.0,0.12,1759267806.1387494
0.6,1.0,0.12,1759267806.141008
0.61,1.0,0.12,1759267806.1430962
0.6,1.0,0.12,1759267806.1472542
0.6,1.0,0.12,1759267806.149611
0.6,1.0,0.12,1759267806.15176
0.61,1.0,0.12,1759267806.153659
0.61,1.0,0.12,1759267806.156281
0.6,1.0,0.12,1759267806.158737
0.6,1.0,0.12,1759267806.1607718
0.6,1.01,0.12,1759267806.1625495
0.6,1.0,0.12,1759267806.1654744
0.6,1.0,0.12,1759267806.167773
0.6,1.01,0.12,1759267806.1726742
0.59,1.01,0.12,1759267806.176531
0.59,1.0,0.12,1759267806.1790826
0.58,1.01,0.12,1759267806.1811368
0.59,1.0,0.12,1759267806.1838517
0.58,1.01,0.12,1759267806.1859376
0.58,1.01,0.12,1759267806.18881
0.58,1.01,0.12,1759267806.1915288
0.58,1.0,0.12,1759267806.193655
0.58,1.01,0.12,1759267806.196399
0.58,1.01,0.12,1759267806.199278
0.59,1.01,0.12,1759267806.202562
0.59,1.02,0.12,1759267806.205842
0.59,1.02,0.12,1759267806.20867
0.59,1.02,0.12,1759267806.211685
0.59,1.02,0.13,1759267806.2173269
0.59,1.03,0.13,1759267806.2210464
0.59,1.03,0.13,1759267806.2252295
0.59,1.03,0.13,1759267806.2278814
0.59,1.02,0.13,1759267806.233855
0.59,1.02,0.13,1759267806.2392378
0.59,1.02,0.12,1759267806.241568
0.59,1.02,0.13,1759267806.2494557
0.59,1.02,0.12,1759267806.256091
0.59,1.02,0.12,1759267806.2585535
0.59,1.02,0.12,1759267806.2634156
0.59,1.01,0.12,1759267806.2705302
0.59,1.02,0.12,1759267806.2775478
0.59,1.02,0.12,1759267806.2860866
0.59,1.02,0.12,1759267806.3062725
0.59,1.01,0.12,1759267806.311869
0.59,1.01,0.12,1759267806.3188784
0.58,1.01,0.12,1759267806.3236167
0.59,1.01,0.12,1759267806.326869
0.58,1.01,0.12,1759267806.3289871
0.58,1.01,0.12,1759267806.3333051
0.59,1.02,0.12,1759267806.337938
0.58,1.01,0.12,1759267806.342454
0.58,1.02,0.12,1759267806.345129
0.58,1.01,0.12,1759267806.347225
0.58,1.02,0.12,1759267806.3532536
0.58,1.01,0.12,1759267806.360866
0.58,1.02,0.12,1759267806.363096
0.59,1.02,0.13,1759267806.3769965
0.59,1.02,0.13,1759267806.3820765
0.59,1.01,0.12,1759267806.39011
0.59,1.01,0.12,1759267806.3980412
0.59,1.02,0.13,1759267806.4051416
0.59,1.01,0.12,1759267806.4090736
0.59,1.01,0.13,1759267806.411055
0.6,1.02,0.13,1759267806.4129727
0.59,1.01,0.13,1759267806.4153054
0.59,1.01,0.12,1759267806.4219124
0.58,1.0,0.12,1759267806.425223
0.57,1.01,0.12,1759267806.4306593
0.57,1.0,0.12,1759267806.434405
0.57,1.0,0.12,1759267806.4376435
0.57,1.01,0.13,1759267806.4399002
0.58,1.01,0.13,1759267806.4417036
0.57,1.01,0.13,1759267806.4438367
0.57,1.0,0.12,1759267806.449054
0.57,1.01,0.13,1759267806.4542286
0.56,1.01,0.13,1759267806.4573128
0.57,1.02,0.13,1759267806.4642618
0.57,1.01,0.13,1759267806.480749
0.57,1.01,0.13,1759267806.4918125
0.57,1.0,0.13,1759267806.4999034
0.56,1.0,0.13,1759267806.50625
0.57,1.01,0.13,1759267806.5091462
0.57,1.01,0.13,1759267806.5137594
0.56,1.01,0.13,1759267806.5157683
0.57,1.01,0.14,1759267806.519699
0.56,1.01,0.14,1759267806.5231469
0.56,1.01,0.13,1759267806.52574
0.56,1.01,0.14,1759267806.528374
0.57,1.01,0.14,1759267806.534044
0.57,1.01,0.13,1759267806.5377328
0.57,1.01,0.14,1759267806.556068
0.58,1.02,0.14,1759267806.560766
0.57,1.01,0.14,1759267806.5633185
0.58,1.02,0.14,1759267806.569226
0.57,1.02,0.14,1759267806.5735052
0.57,1.02,0.14,1759267806.5773394
0.57,1.02,0.14,1759267806.580768
0.57,1.01,0.14,1759267806.583974
0.57,1.02,0.14,1759267806.588061
0.57,1.02,0.14,1759267806.5910926
0.56,1.02,0.14,1759267806.5933416
0.56,1.02,0.14,1759267806.5980434
0.56,1.02,0.14,1759267806.6021547
0.55,1.01,0.14,1759267806.6057277
0.55,1.02,0.14,1759267806.608531
0.56,1.02,0.14,1759267806.610985
0.56,1.02,0.14,1759267806.6136222
0.56,1.02,0.14,1759267806.619085
0.56,1.02,0.14,1759267806.62158
0.56,1.01,0.14,1759267806.624776
0.56,1.01,0.14,1759267806.627098
0.56,1.01,0.14,1759267806.6292708
0.56,1.01,0.14,1759267806.6331215
0.56,1.0,0.13,1759267806.6355205
0.56,1.0,0.13,1759267806.6395664
0.55,1.0,0.13,1759267806.6418407
0.55,0.99,0.13,1759267806.6453571
0.56,1.0,0.13,1759267806.6477757
0.56,1.0,0.13,1759267806.651327
0.55,0.99,0.12,1759267806.6540687
0.56,0.99,0.13,1759267806.6567566
0.55,0.99,0.12,1759267806.6606915
0.55,0.98,0.12,1759267806.664646
0.55,0.99,0.12,1759267806.6681428
0.54,0.98,0.12,1759267806.670626
0.55,0.98,0.12,1759267806.6729047
0.54,0.98,0.12,1759267806.6753445
0.53,0.98,0.12,1759267806.6792812
0.53,0.98,0.12,1759267806.6828136
0.54,0.97,0.12,1759267806.686069
0.54,0.97,0.12,1759267806.6879787
0.54,0.97,0.12,1759267806.6898367
0.54,0.97,0.11,1759267806.6916738
0.53,0.97,0.11,1759267806.6940775
0.53,0.97,0.12,1759267806.6986508
0.53,0.97,0.11,1759267806.7014449
0.53,0.96,0.11,1759267806.705566
0.53,0.96,0.11,1759267806.707522
0.53,0.96,0.11,1759267806.710196
0.52,0.96,0.11,1759267806.7120116
0.52,0.96,0.11,1759267806.7191694
0.52,0.96,0.11,1759267806.721245
0.52,0.96,0.11,1759267806.7239552
0.52,0.96,0.11,1759267806.727663
0.52,0.95,0.11,1759267806.7298942
0.51,0.95,0.1,1759267806.732181
0.52,0.95,0.1,1759267806.73814
0.51,0.94,0.1,1759267806.7431843
0.52,0.94,0.1,1759267806.747909
0.51,0.94,0.1,1759267806.754112
0.51,0.95,0.1,1759267806.758674
0.51,0.95,0.1,1759267806.7664578
0.51,0.94,0.1,1759267806.769632
0.5,0.94,0.1,1759267806.7761564
0.5,0.93,0.1,1759267806.7797835
0.5,0.93,0.1,1759267806.785274
0.5,0.93,0.1,1759267806.7896616
0.49,0.93,0.1,1759267806.7990935
0.48,0.93,0.1,1759267806.802508
0.47,0.94,0.1,1759267806.8087654
0.47,0.93,0.1,1759267806.814456
0.46,0.93,0.1,1759267806.8180852
0.45,0.93,0.1,1759267806.822117
0.46,0.93,0.1,1759267806.82542
0.46,0.93,0.1,1759267806.829917
0.46,0.92,0.1,1759267806.8337903
0.45,0.92,0.1,1759267806.8384402
0.45,0.92,0.1,1759267806.8437507
0.45,0.92,0.1,1759267806.8482978
0.45,0.92,0.1,1759267806.8538585
0.45,0.91,0.09,1759267806.8598042
0.45,0.91,0.09,1759267806.8640864
0.45,0.91,0.09,1759267806.867819
0.45,0.91,0.09,1759267806.871382
0.45,0.91,0.09,1759267806.8762925
0.45,0.91,0.09,1759267806.8797262
0.46,0.91,0.09,1759267806.8849883
0.45,0.91,0.09,1759267806.888131
0.45,0.91,0.09,1759267806.8926084
0.45,0.91,0.09,1759267806.896178
0.44,0.91,0.1,1759267806.9011302
0.44,0.91,0.1,1759267806.9039898
0.45,0.91,0.1,1759267806.9074318
0.45,0.91,0.1,1759267806.9095042
0.45,0.91,0.1,1759267806.9173274
0.45,0.9,0.09,1759267806.9198558
0.44,0.91,0.1,1759267806.9218166
0.44,0.91,0.1,1759267806.9267838
0.45,0.91,0.1,1759267806.9288845
0.45,0.91,0.1,1759267806.930859
0.45,0.92,0.1,1759267806.9328136
0.45,0.92,0.1,1759267806.9349463
0.45,0.92,0.1,1759267806.9369583
0.45,0.92,0.1,1759267806.9389088
0.44,0.92,0.1,1759267806.940825
0.44,0.92,0.1,1759267806.9509618
0.43,0.92,0.1,1759267806.9576583
0.42,0.92,0.1,1759267806.961305
0.42,0.92,0.11,1759267806.9649484
0.42,0.92,0.1,1759267806.9677064
0.42,0.92,0.1,1759267806.970832
0.42,0.92,0.11,1759267806.975018
0.42,0.92,0.11,1759267806.9778144
0.42,0.92,0.1,1759267806.981135
0.42,0.92,0.11,1759267806.9848895
0.42,0.92,0.1,1759267806.9899652
0.42,0.92,0.11,1759267806.9934626
0.42,0.92,0.1,1759267806.9967017
0.42,0.92,0.11,1759267807.0021248
0.42,0.93,0.11,1759267807.0041485
0.42,0.93,0.11,1759267807.006815
0.42,0.92,0.11,1759267807.0120418
0.42,0.93,0.11,1759267807.0141673
0.42,0.93,0.11,1759267807.0161602
0.42,0.93,0.11,1759267807.0181196
0.42,0.93,0.11,1759267807.0227096
0.43,0.93,0.11,1759267807.0253897
0.42,0.93,0.11,1759267807.0285406
0.42,0.93,0.11,1759267807.0322473
0.42,0.93,0.11,1759267807.0363111
0.42,0.92,0.1,1759267807.0411122
0.42,0.93,0.11,1759267807.0435436
0.42,0.94,0.11,1759267807.0509093
0.43,0.93,0.11,1759267807.0536053
0.43,0.93,0.1,1759267807.0586584
0.43,0.93,0.11,1759267807.06209
0.43,0.93,0.1,1759267807.0686336
0.44,0.94,0.11,1759267807.0708528
0.43,0.94,0.11,1759267807.0758598
0.43,0.94,0.11,1759267807.082029
0.43,0.93,0.1,1759267807.0865805
0.43,0.93,0.1,1759267807.0908098
0.43,0.93,0.1,1759267807.0954328
0.43,0.92,0.1,1759267807.097903
0.43,0.93,0.1,1759267807.1033387
0.43,0.92,0.1,1759267807.105399
0.43,0.92,0.1,1759267807.108539
0.43,0.92,0.1,1759267807.1198251
0.44,0.92,0.1,1759267807.122583
0.43,0.92,0.1,1759267807.1267612
0.44,0.93,0.1,1759267807.130342
0.44,0.93,0.1,1759267807.133043
0.44,0.92,0.1,1759267807.1369896
0.44,0.93,0.1,1759267807.1397524
0.44,0.93,0.1,1759267807.1422396
0.44,0.93,0.1,1759267807.1473694
0.44,0.93,0.1,1759267807.150784
0.45,0.93,0.1,1759267807.1569655
0.44,0.93,0.1,1759267807.1599398
0.44,0.94,0.1,1759267807.1658244
0.45,0.93,0.09,1759267807.1720028
0.44,0.93,0.09,1759267807.1759431
0.43,0.93,0.09,1759267807.180744
0.44,0.92,0.09,1759267807.1855242
0.44,0.92,0.09,1759267807.1901584
0.44,0.92,0.09,1759267807.1963866
0.43,0.92,0.09,1759267807.20246
0.43,0.91,0.08,1759267807.2140448
0.44,0.91,0.08,1759267807.233904
0.44,0.91,0.08,1759267807.241469
0.44,0.91,0.08,1759267807.247786
0.44,0.91,0.08,1759267807.2552352
0.44,0.91,0.08,1759267807.2611537
0.44,0.91,0.08,1759267807.2674255
0.44,0.91,0.07,1759267807.273316
0.43,0.9,0.07,1759267807.2789872
0.42,0.9,0.07,1759267807.285188
0.42,0.9,0.07,1759267807.2892494
0.42,0.9,0.07,1759267807.291575
0.42,0.9,0.07,1759267807.306352
0.42,0.9,0.07,1759267807.309911
0.41,0.9,0.07,1759267807.3248498
0.42,0.89,0.06,1759267807.3383
0.42,0.89,0.06,1759267807.3474374
0.42,0.89,0.06,1759267807.357609
0.42,0.9,0.06,1759267807.3686776
0.42,0.89,0.06,1759267807.3770144
0.42,0.89,0.06,1759267807.3835835
0.41,0.89,0.06,1759267807.386948
0.41,0.89,0.06,1759267807.3920732
0.41,0.89,0.06,1759267807.3960865
0.41,0.89,0.06,1759267807.3991833
0.41,0.9,0.06,1759267807.4009922
0.4,0.9,0.06,1759267807.4058678
0.4,0.9,0.06,1759267807.4077387
0.4,0.9,0.06,1759267807.4100742
0.4,0.9,0.06,1759267807.4173837
0.4,0.9,0.06,1759267807.420639
0.4,0.9,0.06,1759267807.4260583
0.4,0.9,0.06,1759267807.428704
0.4,0.9,0.06,1759267807.4334362
0.4,0.9,0.06,1759267807.4370625
0.4,0.91,0.07,1759267807.4391255
0.4,0.9,0.06,1759267807.4441044
0.4,0.9,0.06,1759267807.4469278
0.4,0.9,0.06,1759267807.4505982
0.4,0.9,0.06,1759267807.4529328
0.4,0.91,0.06,1759267807.4573262
0.4,0.9,0.06,1759267807.4625633
0.39,0.9,0.06,1759267807.4668338
0.4,0.91,0.06,1759267807.4718833
0.4,0.91,0.07,1759267807.4809778
0.4,0.91,0.07,1759267807.4989195
0.4,0.91,0.07,1759267807.5076234
0.4,0.91,0.07,1759267807.5234523
0.4,0.92,0.07,1759267807.5404122
0.4,0.91,0.07,1759267807.551532
0.41,0.92,0.08,1759267807.556718
0.4,0.92,0.08,1759267807.566295
0.4,0.91,0.07,1759267807.5695033
0.4,0.92,0.08,1759267807.571699
0.4,0.91,0.08,1759267807.5742908
0.41,0.92,0.08,1759267807.5764673
0.41,0.91,0.08,1759267807.579777
0.41,0.91,0.08,1759267807.5829778
0.41,0.92,0.08,1759267807.5859675
0.41,0.91,0.08,1759267807.589004
0.4,0.91,0.08,1759267807.592949
0.41,0.92,0.09,1759267807.5962086
0.41,0.92,0.09,1759267807.6009572
0.41,0.93,0.09,1759267807.6082933
0.41,0.93,0.09,1759267807.6136937
0.41,0.93,0.09,1759267807.6167138
0.4,0.93,0.09,1759267807.6224532
0.4,0.92,0.09,1759267807.62753
0.39,0.93,0.09,1759267807.6322663
0.4,0.93,0.1,1759267807.6355865
0.4,0.93,0.1,1759267807.63976
0.39,0.93,0.1,1759267807.643611
0.39,0.93,0.1,1759267807.6484416
0.39,0.92,0.1,1759267807.6521645
0.39,0.91,0.1,1759267807.6565027
0.38,0.91,0.09,1759267807.6611986
0.38,0.9,0.09,1759267807.665741
0.38,0.9,0.09,1759267807.6733377
0.38,0.9,0.09,1759267807.677379
0.38,0.91,0.1,1759267807.683518
0.39,0.9,0.09,1759267807.685685
0.38,0.89,0.09,1759267807.6904953
0.38,0.89,0.09,1759267807.7005827
0.39,0.89,0.1,1759267807.7030232
0.4,0.89,0.1,1759267807.7084272
0.4,0.89,0.1,1759267807.7127292
0.4,0.89,0.1,1759267807.7166822
0.4,0.88,0.1,1759267807.7203012
0.4,0.88,0.1,1759267807.723947
0.41,0.89,0.1,1759267807.7259247
0.4,0.88,0.1,1759267807.7293131
0.4,0.87,0.1,1759267807.7329926
0.41,0.87,0.1,1759267807.7360888
0.41,0.87,0.1,1759267807.740132
0.41,0.86,0.1,1759267807.7432275
0.41,0.87,0.1,1759267807.7473218
0.42,0.87,0.1,1759267807.75083
0.42,0.86,0.1,1759267807.7569594
0.42,0.85,0.1,1759267807.7729678
0.42,0.85,0.1,1759267807.7780676
0.42,0.84,0.1,1759267807.7847073
0.42,0.83,0.1,1759267807.7870042
0.42,0.82,0.09,1759267807.7942462
0.41,0.82,0.09,1759267807.8009925
0.42,0.82,0.1,1759267807.8029206
0.41,0.82,0.1,1759267807.8056507
0.42,0.82,0.1,1759267807.808012
0.41,0.82,0.1,1759267807.8100922
0.42,0.82,0.1,1759267807.8137262
0.42,0.81,0.1,1759267807.816151
0.42,0.81,0.1,1759267807.8196092
0.42,0.81,0.1,1759267807.8214347
0.41,0.8,0.1,1759267807.8260636
0.41,0.8,0.1,1759267807.828331
0.4,0.8,0.1,1759267807.8301938
0.4,0.81,0.1,1759267807.8320322
0.4,0.81,0.1,1759267807.8339367
0.41,0.8,0.1,1759267807.8362565
0.4,0.8,0.1,1759267807.838522
0.4,0.8,0.1,1759267807.8404534
0.4,0.8,0.1,1759267807.8427696
0.4,0.8,0.1,1759267807.845232
0.39,0.79,0.1,1759267807.848461
0.4,0.79,0.1,1759267807.8503814
0.4,0.78,0.1,1759267807.8523712
0.39,0.78,0.1,1759267807.8551102
0.39,0.78,0.1,1759267807.8569877
0.38,0.77,0.1,1759267807.8592267
0.39,0.77,0.1,1759267807.8615737
0.39,0.77,0.1,1759267807.863454
0.39,0.77,0.1,1759267807.8655298
0.38,0.77,0.1,1759267807.8688986
0.38,0.77,0.1,1759267807.871282
0.38,0.77,0.1,1759267807.874028
0.38,0.76,0.1,1759267807.878553
0.37,0.77,0.1,1759267807.880806
0.37,0.76,0.1,1759267807.883665
0.37,0.76,0.1,1759267807.8866346
0.37,0.75,0.1,1759267807.8889556
0.36,0.75,0.1,1759267807.89225
0.36,0.76,0.1,1759267807.8942358
0.36,0.75,0.1,1759267807.898805
0.35,0.75,0.1,1759267807.9007318
0.35,0.75,0.1,1759267807.902943
0.35,0.75,0.1,1759267807.9062667
0.34,0.75,0.11,1759267807.9095037
0.35,0.75,0.11,1759267807.9116983
0.35,0.75,0.1,1759267807.9158714
0.35,0.75,0.1,1759267807.9185925
0.36,0.74,0.1,1759267807.9214516
0.36,0.74,0.11,1759267807.924205
0.35,0.74,0.1,1759267807.9269214
0.35,0.74,0.1,1759267807.9291663
0.35,0.74,0.11,1759267807.931818
0.35,0.74,0.11,1759267807.935061
0.35,0.73,0.1,1759267807.9368882
0.34,0.73,0.1,1759267807.939603
0.33,0.72,0.1,1759267807.9418795
0.33,0.72,0.1,1759267807.9463513
0.34,0.72,0.1,1759267807.950455
0.33,0.73,0.1,1759267807.954744
0.33,0.72,0.1,1759267807.9588633
0.34,0.71,0.1,1759267807.963297
0.34,0.71,0.1,1759267807.9673283
0.33,0.71,0.1,1759267807.9705446
0.33,0.72,0.1,1759267807.9750416
0.33,0.71,0.1,1759267807.97717
0.33,0.72,0.1,1759267807.983832
0.33,0.72,0.1,1759267807.987315
0.33,0.71,0.1,1759267807.9899628
0.33,0.7,0.1,1759267807.9948432
0.32,0.7,0.1,1759267807.9977205
0.32,0.69,0.09,1759267808.000208
0.32,0.68,0.09,1759267808.003967
0.32,0.68,0.09,1759267808.0072944
0.32,0.67,0.09,1759267808.0116408
0.32,0.67,0.09,1759267808.0161357
0.32,0.66,0.09,1759267808.019714
0.33,0.66,0.09,1759267808.0221815
0.32,0.65,0.09,1759267808.027305
0.33,0.64,0.08,1759267808.0301764
0.32,0.64,0.08,1759267808.0388734
0.32,0.63,0.08,1759267808.0413604
0.32,0.63,0.08,1759267808.045155
0.32,0.62,0.08,1759267808.0480988
0.31,0.61,0.08,1759267808.050863
0.31,0.61,0.08,1759267808.0533912
0.31,0.6,0.08,1759267808.056984
0.32,0.6,0.08,1759267808.0602808
0.31,0.6,0.08,1759267808.0623093
0.31,0.6,0.07,1759267808.0685363
0.3,0.59,0.07,1759267808.0726173
0.3,0.59,0.07,1759267808.076359
0.3,0.58,0.07,1759267808.079451
0.3,0.58,0.07,1759267808.082745
0.29,0.57,0.07,1759267808.085901
0.29,0.57,0.07,1759267808.0893896
0.29,0.56,0.07,1759267808.0937176
0.28,0.56,0.07,1759267808.097052
0.28,0.56,0.07,1759267808.1018271
0.27,0.56,0.07,1759267808.1059177
0.27,0.55,0.06,1759267808.1087162
0.26,0.54,0.06,1759267808.1130943
0.26,0.54,0.06,1759267808.1175733
0.26,0.54,0.06,1759267808.1219108
0.25,0.53,0.06,1759267808.126752
0.25,0.53,0.06,1759267808.1301808
0.25,0.53,0.06,1759267808.1331844
0.25,0.52,0.06,1759267808.1371844
0.25,0.52,0.05,1759267808.1411915
0.26,0.52,0.06,1759267808.1454182
0.26,0.53,0.06,1759267808.1485655
0.25,0.52,0.05,1759267808.152164
0.24,0.52,0.05,1759267808.1555867
0.24,0.52,0.05,1759267808.1588497
0.23,0.51,0.05,1759267808.1620347
0.23,0.51,0.05,1759267808.166645
0.23,0.51,0.05,1759267808.1696985
0.23,0.51,0.05,1759267808.173264
0.22,0.5,0.05,1759267808.178807
0.22,0.5,0.05,1759267808.1819832
0.22,0.51,0.05,1759267808.1857195
0.21,0.5,0.04,1759267808.1910188
0.21,0.49,0.04,1759267808.1964252
0.21,0.49,0.04,1759267808.2006185
0.21,0.49,0.04,1759267808.205567
0.21,0.48,0.04,1759267808.2085886
0.21,0.48,0.04,1759267808.213415
0.2,0.48,0.04,1759267808.2190568
0.2,0.48,0.04,1759267808.222171
0.2,0.48,0.04,1759267808.2256129
0.2,0.48,0.03,1759267808.2298326
0.19,0.47,0.03,1759267808.2334754
0.19,0.46,0.03,1759267808.237674
0.19,0.46,0.03,1759267808.2425044
0.19,0.46,0.03,1759267808.2459836
0.19,0.46,0.03,1759267808.250692
0.19,0.46,0.03,1759267808.2559912
0.18,0.45,0.02,1759267808.2590778
0.18,0.44,0.02,1759267808.2636957
0.17,0.44,0.02,1759267808.2658114
0.17,0.44,0.02,1759267808.2691772
0.17,0.44,0.02,1759267808.2726417
0.16,0.43,0.02,1759267808.2760367
0.16,0.42,0.01,1759267808.2801094
0.16,0.43,0.01,1759267808.284678
0.15,0.42,0.01,1759267808.2894042
0.15,0.41,0.01,1759267808.2945592
0.15,0.41,0.01,1759267808.298488
0.15,0.41,0.01,1759267808.3049262
0.15,0.41,0.01,1759267808.3137295
0.14,0.41,0.01,1759267808.315765
0.13,0.4,0.0,1759267808.3179088
0.13,0.4,0.0,1759267808.3238938
0.13,0.4,0.0,1759267808.3283143
0.13,0.4,0.0,1759267808.3331287
0.13,0.39,-0.0,1759267808.3365135
0.13,0.39,-0.0,1759267808.340222
0.13,0.38,-0.0,1759267808.3454
0.13,0.39,-0.0,1759267808.3498511
0.13,0.4,-0.0,1759267808.353547
0.13,0.39,-0.01,1759267808.3570757
0.13,0.39,-0.01,1759267808.3607652
0.13,0.39,-0.01,1759267808.3654027
0.13,0.4,-0.01,1759267808.3677704
0.13,0.4,-0.01,1759267808.3695445
0.12,0.4,-0.01,1759267808.3716562
0.11,0.4,-0.01,1759267808.3741572
0.11,0.41,-0.01,1759267808.3776236
0.11,0.4,-0.01,1759267808.3819351
0.1,0.4,-0.02,1759267808.386412
0.11,0.41,-0.02,1759267808.3906262
0.1,0.4,-0.02,1759267808.3930862
0.1,0.4,-0.02,1759267808.395889
0.1,0.41,-0.02,1759267808.3980677
0.1,0.41,-0.02,1759267808.4005346
0.09,0.4,-0.02,1759267808.402985
0.09,0.4,-0.03,1759267808.405873
0.1,0.4,-0.03,1759267808.4084463
0.1,0.4,-0.03,1759267808.410112
0.09,0.39,-0.03,1759267808.412996
0.09,0.39,-0.03,1759267808.4155126
0.09,0.4,-0.03,1759267808.419336
0.09,0.4,-0.03,1759267808.4211943
0.09,0.4,-0.04,1759267808.4231083
0.09,0.4,-0.04,1759267808.425031
0.08,0.4,-0.04,1759267808.4270277
0.08,0.39,-0.04,1759267808.4298348
0.08,0.39,-0.04,1759267808.4317746
0.07,0.39,-0.04,1759267808.4334388
0.07,0.39,-0.05,1759267808.43596
0.07,0.39,-0.05,1759267808.4399257
0.07,0.39,-0.05,1759267808.4441907
0.07,0.39,-0.05,1759267808.450035
0.06,0.38,-0.05,1759267808.4533134
0.06,0.38,-0.05,1759267808.4554844
0.07,0.38,-0.05,1759267808.4603105
0.07,0.37,-0.06,1759267808.4636798
0.07,0.37,-0.06,1759267808.4675555
0.07,0.37,-0.06,1759267808.4713893
0.07,0.37,-0.06,1759267808.475148
0.08,0.37,-0.06,1759267808.4793022
0.07,0.37,-0.06,1759267808.4824903
0.07,0.36,-0.06,1759267808.4866998
0.08,0.36,-0.06,1759267808.4889126
0.07,0.37,-0.07,1759267808.49084
0.07,0.37,-0.07,1759267808.49281
0.07,0.37,-0.07,1759267808.4947736
0.06,0.37,-0.07,1759267808.4965029
0.06,0.36,-0.07,1759267808.4983325
0.06,0.37,-0.07,1759267808.5006487
0.06,0.37,-0.07,1759267808.5029182
0.05,0.36,-0.07,1759267808.5046227
0.05,0.36,-0.07,1759267808.5068226
0.05,0.36,-0.08,1759267808.5088935
0.05,0.36,-0.08,1759267808.5113003
0.04,0.35,-0.08,1759267808.5149422
0.04,0.34,-0.08,1759267808.517525
0.04,0.34,-0.08,1759267808.5197198
0.04,0.34,-0.08,1759267808.5227058
0.03,0.33,-0.08,1759267808.5243084
0.03,0.33,-0.08,1759267808.5273995
0.03,0.33,-0.08,1759267808.5297122
0.03,0.34,-0.09,1759267808.5318933
0.03,0.33,-0.09,1759267808.535636
0.02,0.34,-0.09,1759267808.537276
0.03,0.33,-0.09,1759267808.542254
0.03,0.33,-0.09,1759267808.568871
0.03,0.33,-0.09,1759267808.579785
0.04,0.33,-0.09,1759267808.5832896
0.03,0.34,-0.09,1759267808.5857449
0.04,0.34,-0.1,1759267808.5876565
0.03,0.34,-0.1,1759267808.5896423
0.03,0.34,-0.1,1759267808.5924551
0.04,0.34,-0.1,1759267808.59514
0.03,0.35,-0.1,1759267808.5974474
0.03,0.34,-0.1,1759267808.599722
0.03,0.34,-0.1,1759267808.602173
0.02,0.35,-0.1,1759267808.6061578
0.02,0.34,-0.1,1759267808.616159
0.03,0.35,-0.1,1759267808.6243443
0.03,0.34,-0.1,1759267808.630154
0.03,0.35,-0.11,1759267808.6420913
0.04,0.35,-0.11,1759267808.6521742
0.03,0.35,-0.11,1759267808.6587057
0.03,0.35,-0.11,1759267808.6633396
0.02,0.35,-0.11,1759267808.6672635
0.02,0.35,-0.11,1759267808.6701024
0.03,0.35,-0.11,1759267808.6726682
0.02,0.35,-0.11,1759267808.675902
0.02,0.35,-0.11,1759267808.681273
0.01,0.35,-0.11,1759267808.6921196
0.02,0.35,-0.11,1759267808.6989791
0.03,0.34,-0.11,1759267808.7063105
0.03,0.34,-0.11,1759267808.7123902
0.03,0.34,-0.11,1759267808.720943
0.02,0.33,-0.11,1759267808.7231977
0.02,0.34,-0.11,1759267808.726078
0.02,0.33,-0.11,1759267808.7293367
0.02,0.34,-0.11,1759267808.7321513
0.02,0.34,-0.11,1759267808.7385535
0.02,0.34,-0.11,1759267808.7437458
0.02,0.34,-0.11,1759267808.750418
0.03,0.34,-0.11,1759267808.7547472
0.03,0.34,-0.11,1759267808.759197
0.03,0.33,-0.11,1759267808.7679434
0.03,0.34,-0.11,1759267808.7789464
0.03,0.33,-0.11,1759267808.784296
0.03,0.33,-0.11,1759267808.7882276
0.03,0.34,-0.11,1759267808.791968
0.03,0.34,-0.11,1759267808.7943895
0.03,0.33,-0.11,1759267808.7966225
0.04,0.33,-0.11,1759267808.8021967
0.04,0.33,-0.11,1759267808.8120372
0.04,0.33,-0.11,1759267808.8185923
0.05,0.33,-0.11,1759267808.8223
0.05,0.34,-0.11,1759267808.827705
0.06,0.33,-0.11,1759267808.8339388
0.06,0.34,-0.11,1759267808.8415573
0.06,0.35,-0.11,1759267808.8451438
0.06,0.35,-0.11,1759267808.8500955
0.06,0.35,-0.11,1759267808.8570557
0.07,0.35,-0.11,1759267808.862232
0.07,0.34,-0.11,1759267808.865707
0.07,0.34,-0.11,1759267808.8708558
0.06,0.34,-0.11,1759267808.8753366
0.07,0.35,-0.11,1759267808.879239
0.07,0.35,-0.11,1759267808.8838418
0.07,0.35,-0.11,1759267808.8914468
0.07,0.35,-0.11,1759267808.8952124
0.07,0.35,-0.1,1759267808.8986058
0.07,0.35,-0.1,1759267808.9026215
0.07,0.35,-0.1,1759267808.906463
0.07,0.36,-0.1,1759267808.912115
0.07,0.36,-0.1,1759267808.9278395
0.07,0.36,-0.1,1759267808.9314995
0.07,0.35,-0.1,1759267808.939119
0.06,0.36,-0.1,1759267808.9455116
0.06,0.35,-0.1,1759267808.9503984
0.06,0.35,-0.1,1759267808.954755
0.05,0.35,-0.1,1759267808.9633834
0.05,0.35,-0.09,1759267808.9700842
0.05,0.36,-0.09,1759267808.9760425
0.05,0.36,-0.09,1759267808.98606
0.05,0.35,-0.09,1759267809.0003376
0.05,0.35,-0.09,1759267809.0101314
0.04,0.35,-0.09,1759267809.0137775
0.05,0.35,-0.09,1759267809.0193658
0.05,0.35,-0.09,1759267809.0331717
0.05,0.35,-0.09,1759267809.037465
0.05,0.35,-0.08,1759267809.044222
0.04,0.35,-0.08,1759267809.0471263
0.05,0.35,-0.08,1759267809.0526905
0.04,0.34,-0.08,1759267809.0580857
0.04,0.34,-0.08,1759267809.06418
0.04,0.34,-0.08,1759267809.0857382
0.04,0.34,-0.08,1759267809.0941615
0.04,0.34,-0.08,1759267809.0990849
0.04,0.34,-0.08,1759267809.108707
0.04,0.33,-0.08,1759267809.1187477
0.03,0.33,-0.08,1759267809.1300292
0.03,0.33,-0.07,1759267809.1388872
0.03,0.34,-0.07,1759267809.1529944
0.04,0.34,-0.07,1759267809.1632345
0.04,0.34,-0.07,1759267809.1714275
0.03,0.33,-0.07,1759267809.178866
0.04,0.33,-0.07,1759267809.1861582
0.03,0.33,-0.07,1759267809.1950064
0.04,0.34,-0.07,1759267809.2028716
0.04,0.34,-0.07,1759267809.21214
0.04,0.34,-0.07,1759267809.2207506
0.04,0.34,-0.06,1759267809.2300344
0.05,0.33,-0.06,1759267809.242108
0.05,0.33,-0.06,1759267809.2462373
0.05,0.34,-0.06,1759267809.2531016
0.05,0.34,-0.06,1759267809.2646337
0.04,0.34,-0.06,1759267809.2733076
0.04,0.34,-0.06,1759267809.2796216
0.03,0.33,-0.06,1759267809.285607
0.04,0.33,-0.06,1759267809.2904296
0.04,0.32,-0.06,1759267809.2982142
0.04,0.32,-0.06,1759267809.305379
0.03,0.31,-0.06,1759267809.308637
0.03,0.31,-0.06,1759267809.3158505
0.03,0.3,-0.06,1759267809.3194652
0.03,0.3,-0.06,1759267809.3256967
0.03,0.29,-0.06,1759267809.3287754
0.03,0.29,-0.06,1759267809.33216
0.03,0.29,-0.06,1759267809.3352516
0.03,0.28,-0.06,1759267809.337404
0.03,0.28,-0.06,1759267809.344016
0.03,0.28,-0.06,1759267809.347327
0.04,0.28,-0.06,1759267809.349939
0.03,0.28,-0.06,1759267809.3592443
0.04,0.28,-0.06,1759267809.3690803
0.04,0.28,-0.06,1759267809.3782697
0.05,0.28,-0.06,1759267809.383058
0.04,0.28,-0.06,1759267809.3875206
0.04,0.28,-0.06,1759267809.3905115
0.03,0.28,-0.06,1759267809.3951268
0.04,0.28,-0.06,1759267809.3988392
0.04,0.27,-0.06,1759267809.4014046
0.03,0.27,-0.06,1759267809.40765
0.04,0.27,-0.06,1759267809.4121077
0.03,0.27,-0.06,1759267809.420037
0.04,0.27,-0.06,1759267809.4253302
0.05,0.27,-0.06,1759267809.4337697
0.04,0.27,-0.06,1759267809.440344
0.04,0.27,-0.06,1759267809.442407
0.04,0.27,-0.06,1759267809.4457307
0.05,0.27,-0.06,1759267809.4503753
0.04,0.27,-0.06,1759267809.454975
0.05,0.27,-0.06,1759267809.4583104
0.06,0.27,-0.06,1759267809.462127
0.06,0.27,-0.06,1759267809.4654129
0.06,0.27,-0.06,1759267809.467995
0.07,0.27,-0.06,1759267809.4718003
0.07,0.27,-0.06,1759267809.4751437
0.07,0.27,-0.06,1759267809.4777155
0.07,0.26,-0.06,1759267809.480619
0.08,0.27,-0.06,1759267809.486693
0.07,0.27,-0.06,1759267809.4903407
0.07,0.26,-0.06,1759267809.4950893
0.07,0.26,-0.06,1759267809.4977088
0.07,0.26,-0.06,1759267809.499777
0.06,0.26,-0.06,1759267809.5020502
0.06,0.25,-0.06,1759267809.5048418
0.07,0.26,-0.06,1759267809.5075128
0.07,0.26,-0.07,1759267809.5101483
0.06,0.25,-0.07,1759267809.5122633
0.07,0.25,-0.07,1759267809.5164309
0.07,0.26,-0.07,1759267809.5198035
0.07,0.25,-0.07,1759267809.5232308
0.07,0.25,-0.07,1759267809.5280333
0.07,0.26,-0.07,1759267809.533024
0.07,0.26,-0.07,1759267809.5360177
0.07,0.26,-0.07,1759267809.540975
0.07,0.26,-0.07,1759267809.5444045
0.06,0.26,-0.07,1759267809.5487208
0.07,0.25,-0.07,1759267809.5510051
0.07,0.25,-0.07,1759267809.553721
0.07,0.25,-0.07,1759267809.5569117
0.07,0.25,-0.07,1759267809.559248
0.07,0.25,-0.07,1759267809.5617366
0.07,0.25,-0.07,1759267809.564139
0.06,0.25,-0.07,1759267809.5682342
0.07,0.25,-0.08,1759267809.57193
0.07,0.25,-0.08,1759267809.577031
0.07,0.25,-0.08,1759267809.5801694
0.07,0.25,-0.08,1759267809.5846562
0.07,0.25,-0.08,1759267809.5885198
0.07,0.24,-0.08,1759267809.5910966
0.07,0.24,-0.08,1759267809.593439
0.07,0.24,-0.08,1759267809.6004884
0.07,0.24,-0.08,1759267809.6036055
0.07,0.24,-0.08,1759267809.6062162
0.08,0.23,-0.08,1759267809.610794
0.08,0.23,-0.08,1759267809.6172569
0.07,0.23,-0.08,1759267809.6233532
0.07,0.22,-0.08,1759267809.6282103
0.06,0.22,-0.08,1759267809.637786
0.06,0.22,-0.08,1759267809.6463485
0.06,0.21,-0.09,1759267809.658043
0.06,0.21,-0.09,1759267809.6621072
0.06,0.21,-0.09,1759267809.6676445
0.05,0.21,-0.09,1759267809.670908
0.05,0.21,-0.09,1759267809.6755345
0.05,0.21,-0.09,1759267809.6789842
0.04,0.21,-0.09,1759267809.6839926
0.04,0.2,-0.09,1759267809.6930354
0.04,0.2,-0.09,1759267809.700245
0.03,0.2,-0.09,1759267809.7095523
0.03,0.19,-0.09,1759267809.7192569
0.03,0.2,-0.09,1759267809.724058
0.04,0.2,-0.09,1759267809.7309432
0.04,0.2,-0.09,1759267809.7384772
0.04,0.2,-0.09,1759267809.744018
0.04,0.2,-0.09,1759267809.7536705
0.03,0.2,-0.09,1759267809.7590864
0.03,0.2,-0.09,1759267809.7668643
0.02,0.2,-0.09,1759267809.7715533
0.02,0.2,-0.09,1759267809.7802234
0.02,0.2,-0.09,1759267809.785853
0.02,0.2,-0.09,1759267809.7903976
0.02,0.2,-0.09,1759267809.794977
0.01,0.2,-0.09,1759267809.798422
0.0,0.2,-0.09,1759267809.802297
-0.0,0.2,-0.09,1759267809.80432
0.0,0.21,-0.09,1759267809.8068075
0.01,0.21,-0.09,1759267809.8101752
0.0,0.21,-0.09,1759267809.8133523
0.01,0.21,-0.09,1759267809.815943
0.01,0.22,-0.09,1759267809.8179011
0.01,0.22,-0.09,1759267809.8223324
0.0,0.22,-0.09,1759267809.8251145
0.01,0.22,-0.09,1759267809.8317273
0.02,0.23,-0.09,1759267809.836926
0.01,0.22,-0.1,1759267809.8412497
0.0,0.23,-0.1,1759267809.845678
0.01,0.22,-0.1,1759267809.850853
0.01,0.23,-0.1,1759267809.8547487
0.02,0.23,-0.1,1759267809.860571
0.02,0.23,-0.1,1759267809.8660493
0.01,0.23,-0.1,1759267809.8725092
0.02,0.24,-0.1,1759267809.8772
0.01,0.23,-0.1,1759267809.8812473
0.01,0.24,-0.09,1759267809.8861432
0.01,0.23,-0.1,1759267809.894278
0.02,0.24,-0.1,1759267809.9000015
0.02,0.24,-0.09,1759267809.905488
0.01,0.24,-0.09,1759267809.9123998
0.01,0.24,-0.09,1759267809.9167566
0.01,0.24,-0.09,1759267809.9221876
0.02,0.25,-0.09,1759267809.9251082
0.01,0.25,-0.09,1759267809.9279933
0.01,0.25,-0.09,1759267809.931659
0.0,0.25,-0.09,1759267809.9353063
-0.0,0.25,-0.09,1759267809.9387305
0.0,0.25,-0.09,1759267809.941818
0.01,0.25,-0.09,1759267809.9446769
0.01,0.26,-0.09,1759267809.9475048
0.02,0.25,-0.09,1759267809.9526403
0.02,0.26,-0.09,1759267809.9567504
0.01,0.25,-0.09,1759267809.9604628
0.01,0.26,-0.09,1759267809.9641976
0.02,0.26,-0.09,1759267809.9687638
0.02,0.25,-0.09,1759267809.970843
0.02,0.25,-0.09,1759267809.9750147
0.02,0.26,-0.09,1759267809.9770684
0.02,0.26,-0.09,1759267809.9802437
0.02,0.26,-0.09,1759267809.985762
0.02,0.26,-0.09,1759267809.992447
0.03,0.26,-0.09,1759267809.9950583
0.04,0.27,-0.09,1759267809.998233
0.04,0.27,-0.09,1759267810.0016434
0.04,0.26,-0.09,1759267810.0049963
0.05,0.26,-0.09,1759267810.0111125
0.04,0.27,-0.09,1759267810.0142145
0.05,0.27,-0.09,1759267810.018288
0.05,0.27,-0.09,1759267810.0231278
0.05,0.27,-0.09,1759267810.0271628
0.05,0.26,-0.09,1759267810.032889
0.05,0.27,-0.09,1759267810.0402243
0.05,0.27,-0.09,1759267810.0448716
0.05,0.26,-0.09,1759267810.050217
0.06,0.26,-0.09,1759267810.0548632
0.06,0.27,-0.09,1759267810.060114
0.06,0.27,-0.09,1759267810.064139
0.06,0.27,-0.09,1759267810.0686812
0.06,0.27,-0.09,1759267810.0734706
0.06,0.27,-0.09,1759267810.077032
0.07,0.27,-0.09,1759267810.0815887
0.06,0.27,-0.09,1759267810.091991
0.06,0.26,-0.09,1759267810.095261
0.06,0.27,-0.09,1759267810.0997715
0.05,0.26,-0.08,1759267810.1021538
0.05,0.26,-0.08,1759267810.105708
0.04,0.27,-0.08,1759267810.1087606
0.04,0.27,-0.08,1759267810.1129477
0.04,0.27,-0.08,1759267810.1161594
0.04,0.27,-0.08,1759267810.1186862
0.04,0.27,-0.08,1759267810.1226702
0.04,0.27,-0.08,1759267810.1258311
0.04,0.27,-0.08,1759267810.129794
0.05,0.26,-0.08,1759267810.1335242
0.04,0.26,-0.08,1759267810.1370084
0.04,0.26,-0.08,1759267810.1391995
0.04,0.26,-0.08,1759267810.1426773
0.03,0.26,-0.08,1759267810.1464925
0.04,0.26,-0.08,1759267810.148836
0.03,0.26,-0.08,1759267810.1514115
0.03,0.25,-0.08,1759267810.153987
0.03,0.25,-0.08,1759267810.1599784
0.04,0.25,-0.08,1759267810.1637027
0.04,0.26,-0.08,1759267810.167134
0.05,0.25,-0.08,1759267810.1700225
0.05,0.25,-0.08,1759267810.1728394
0.05,0.25,-0.08,1759267810.177659
0.05,0.25,-0.08,1759267810.1836567
0.04,0.25,-0.08,1759267810.1898942
0.04,0.24,-0.08,1759267810.1944418
0.04,0.25,-0.08,1759267810.1983309
0.04,0.24,-0.08,1759267810.202892
0.04,0.25,-0.08,1759267810.209536
0.05,0.24,-0.08,1759267810.212372
0.05,0.25,-0.08,1759267810.2175305
0.05,0.25,-0.08,1759267810.2231114
0.05,0.24,-0.08,1759267810.2328985
0.05,0.24,-0.08,1759267810.2376463
0.05,0.24,-0.08,1759267810.2423904
0.05,0.25,-0.08,1759267810.245896
0.04,0.24,-0.08,1759267810.2497363
0.04,0.25,-0.08,1759267810.2547505
0.05,0.25,-0.08,1759267810.2588675
0.05,0.25,-0.08,1759267810.263802
0.04,0.25,-0.08,1759267810.2680652
0.04,0.24,-0.08,1759267810.2713947
0.04,0.24,-0.08,1759267810.2756956
0.04,0.24,-0.08,1759267810.2800825
0.04,0.23,-0.08,1759267810.2858927
0.04,0.23,-0.08,1759267810.2931895
0.04,0.24,-0.08,1759267810.2995362
0.03,0.24,-0.08,1759267810.3034031
0.04,0.24,-0.08,1759267810.3084748
0.04,0.25,-0.08,1759267810.316062
0.04,0.26,-0.08,1759267810.3181798
0.03,0.26,-0.08,1759267810.3211792
0.04,0.25,-0.08,1759267810.326298
0.03,0.26,-0.08,1759267810.3289278
0.03,0.26,-0.08,1759267810.3320184
0.03,0.26,-0.08,1759267810.3355522
0.02,0.26,-0.08,1759267810.3384967
0.01,0.26,-0.08,1759267810.3416955
0.01,0.26,-0.08,1759267810.3438468
0.0,0.26,-0.08,1759267810.3478818
0.0,0.26,-0.08,1759267810.3512166
0.0,0.26,-0.08,1759267810.3546178
0.0,0.26,-0.08,1759267810.3565936
-0.0,0.27,-0.08,1759267810.3585732
-0.0,0.26,-0.08,1759267810.3613625
-0.0,0.27,-0.08,1759267810.3651133
0.0,0.27,-0.08,1759267810.3670356
0.01,0.27,-0.08,1759267810.37304
0.01,0.27,-0.08,1759267810.3772202
0.0,0.27,-0.08,1759267810.3803036
-0.0,0.26,-0.08,1759267810.3824005
-0.0,0.27,-0.08,1759267810.384454
0.0,0.27,-0.08,1759267810.3870697
-0.01,0.27,-0.08,1759267810.3900745
-0.01,0.27,-0.08,1759267810.3929098
-0.01,0.28,-0.08,1759267810.3975675
-0.0,0.28,-0.08,1759267810.3996663
-0.0,0.29,-0.08,1759267810.4026213
-0.0,0.29,-0.08,1759267810.4056416
0.0,0.29,-0.08,1759267810.4077168
-0.0,0.29,-0.08,1759267810.4106936
-0.0,0.3,-0.08,1759267810.41332
-0.0,0.3,-0.08,1759267810.4177086
-0.0,0.3,-0.08,1759267810.420372
-0.01,0.3,-0.08,1759267810.4243357
-0.01,0.31,-0.08,1759267810.4285054
-0.01,0.3,-0.08,1759267810.4309735
-0.01,0.3,-0.08,1759267810.4335768
-0.02,0.3,-0.08,1759267810.43781
-0.02,0.31,-0.08,1759267810.4397526
-0.02,0.31,-0.08,1759267810.4430838
-0.02,0.31,-0.08,1759267810.445748
-0.02,0.32,-0.08,1759267810.4493785
-0.03,0.31,-0.08,1759267810.453043
-0.03,0.31,-0.08,1759267810.4577806
-0.03,0.32,-0.08,1759267810.4610064
-0.04,0.32,-0.08,1759267810.463506
-0.04,0.32,-0.08,1759267810.4658787
-0.04,0.32,-0.08,1759267810.4690833
-0.04,0.32,-0.08,1759267810.4736235
-0.05,0.31,-0.07,1759267810.4786708
-0.05,0.32,-0.08,1759267810.4819765
-0.05,0.32,-0.08,1759267810.4868672
-0.05,0.31,-0.08,1759267810.4906583
-0.05,0.31,-0.07,1759267810.496716
-0.06,0.31,-0.08,1759267810.5007532
-0.05,0.31,-0.07,1759267810.5056038
-0.06,0.3,-0.07,1759267810.5107484
-0.06,0.3,-0.07,1759267810.5168154
-0.06,0.3,-0.07,1759267810.5230095
-0.06,0.29,-0.07,1759267810.5300808
-0.05,0.29,-0.07,1759267810.5371344
-0.06,0.29,-0.07,1759267810.5411131
-0.05,0.29,-0.07,1759267810.5453837
-0.05,0.29,-0.07,1759267810.549592
-0.05,0.29,-0.07,1759267810.5541518
-0.05,0.29,-0.07,1759267810.5607822
-0.05,0.29,-0.07,1759267810.5642674
-0.06,0.28,-0.07,1759267810.568837
-0.06,0.29,-0.07,1759267810.57231
-0.06,0.29,-0.07,1759267810.5766168
-0.06,0.29,-0.07,1759267810.5799174
-0.06,0.29,-0.07,1759267810.5851018
-0.06,0.28,-0.07,1759267810.5885153
-0.06,0.29,-0.07,1759267810.5920231
-0.07,0.29,-0.07,1759267810.594102
-0.07,0.29,-0.07,1759267810.600426
-0.08,0.29,-0.07,1759267810.6059103
-0.08,0.29,-0.07,1759267810.6111858
-0.09,0.29,-0.07,1759267810.6144311
-0.09,0.28,-0.07,1759267810.6184657
-0.08,0.29,-0.07,1759267810.6241195
-0.08,0.29,-0.07,1759267810.6289122
-0.08,0.28,-0.07,1759267810.6334577
-0.08,0.29,-0.07,1759267810.642573
-0.08,0.29,-0.07,1759267810.6538162
-0.08,0.28,-0.07,1759267810.658713
-0.08,0.28,-0.07,1759267810.6622305
-0.08,0.28,-0.07,1759267810.6676743
-0.07,0.29,-0.07,1759267810.671207
-0.07,0.29,-0.07,1759267810.6762214
-0.07,0.29,-0.07,1759267810.6797729
-0.07,0.29,-0.07,1759267810.6832244
-0.07,0.29,-0.07,1759267810.6859417
-0.07,0.29,-0.07,1759267810.692869
-0.07,0.29,-0.07,1759267810.6956968
-0.06,0.29,-0.07,1759267810.6986868
-0.06,0.29,-0.07,1759267810.7025993
-0.06,0.29,-0.07,1759267810.7083015
-0.06,0.29,-0.07,1759267810.711088
-0.06,0.29,-0.07,1759267810.7183716
-0.05,0.29,-0.07,1759267810.721592
-0.05,0.29,-0.07,1759267810.727371
-0.05,0.29,-0.07,1759267810.7328424
-0.05,0.29,-0.07,1759267810.7374904
-0.04,0.3,-0.07,1759267810.7423692
-0.05,0.3,-0.07,1759267810.7474198
-0.04,0.3,-0.07,1759267810.7536616
-0.04,0.29,-0.07,1759267810.7586043
-0.04,0.29,-0.07,1759267810.7634957
-0.03,0.29,-0.07,1759267810.768679
-0.03,0.29,-0.07,1759267810.7738202
-0.03,0.29,-0.07,1759267810.778851
-0.03,0.29,-0.07,1759267810.784013
-0.02,0.3,-0.07,1759267810.791482
-0.03,0.3,-0.07,1759267810.7985811
-0.03,0.3,-0.07,1759267810.8063064
-0.03,0.3,-0.07,1759267810.8111026
-0.03,0.3,-0.07,1759267810.816927
-0.03,0.3,-0.07,1759267810.8209383
-0.02,0.3,-0.07,1759267810.8226476
-0.02,0.29,-0.07,1759267810.8252592
-0.02,0.29,-0.07,1759267810.8287835
-0.01,0.29,-0.07,1759267810.832346
-0.01,0.28,-0.07,1759267810.835223
-0.01,0.28,-0.07,1759267810.8373563
-0.02,0.28,-0.07,1759267810.8420389
-0.02,0.28,-0.07,1759267810.8475325
-0.01,0.28,-0.07,1759267810.850665
-0.01,0.28,-0.07,1759267810.8538744
-0.01,0.28,-0.07,1759267810.8561006
0.0,0.28,-0.07,1759267810.8577306
-0.0,0.28,-0.07,1759267810.8613002
-0.01,0.28,-0.07,1759267810.8643067
-0.01,0.28,-0.07,1759267810.8682332
-0.02,0.28,-0.07,1759267810.870668
-0.01,0.28,-0.07,1759267810.8731682
-0.0,0.28,-0.07,1759267810.8781612
0.0,0.28,-0.07,1759267810.8832438
0.0,0.29,-0.07,1759267810.887641
-0.0,0.29,-0.07,1759267810.8906977
-0.0,0.29,-0.07,1759267810.893506
-0.0,0.29,-0.07,1759267810.897453
0.01,0.28,-0.07,1759267810.90167
0.0,0.29,-0.07,1759267810.9048648
0.0,0.29,-0.07,1759267810.9076133
0.0,0.29,-0.07,1759267810.9107437
0.0,0.29,-0.07,1759267810.9146194
0.0,0.29,-0.07,1759267810.922176
-0.0,0.29,-0.07,1759267810.9331334
0.0,0.29,-0.07,1759267810.9365685
-0.0,0.29,-0.07,1759267810.9424477
-0.0,0.29,-0.07,1759267810.9483392
-0.0,0.29,-0.07,1759267810.9545417
0.0,0.28,-0.07,1759267810.9599688
-0.0,0.28,-0.07,1759267810.963714
0.0,0.28,-0.07,1759267810.968319
-0.0,0.28,-0.07,1759267810.9737573
0.01,0.27,-0.07,1759267810.97987
0.0,0.28,-0.07,1759267810.9873965
0.0,0.27,-0.07,1759267810.9927268
0.0,0.27,-0.07,1759267811.0006804
0.0,0.27,-0.07,1759267811.0084996
0.01,0.27,-0.07,1759267811.0135603
0.0,0.27,-0.07,1759267811.0203986
-0.0,0.26,-0.07,1759267811.0258243
0.0,0.25,-0.07,1759267811.030414
0.01,0.26,-0.07,1759267811.034618
0.01,0.26,-0.07,1759267811.039299
0.01,0.25,-0.07,1759267811.0460143
0.02,0.25,-0.07,1759267811.0546005
0.02,0.25,-0.07,1759267811.0612593
0.02,0.24,-0.07,1759267811.06765
0.01,0.25,-0.07,1759267811.0706418
0.01,0.24,-0.07,1759267811.073308
0.01,0.24,-0.07,1759267811.0785196
0.02,0.24,-0.07,1759267811.082859
0.02,0.24,-0.07,1759267811.0880213
0.01,0.23,-0.07,1759267811.0913055
0.02,0.24,-0.07,1759267811.094283
0.02,0.24,-0.07,1759267811.0996618
0.03,0.24,-0.07,1759267811.104903
0.02,0.24,-0.07,1759267811.1110032
0.02,0.25,-0.07,1759267811.1157029
0.03,0.25,-0.07,1759267811.1221986
0.04,0.25,-0.07,1759267811.1274035
0.04,0.24,-0.07,1759267811.1322706
0.04,0.24,-0.07,1759267811.1378138
0.03,0.24,-0.07,1759267811.1406944
0.02,0.24,-0.07,1759267811.1431715
0.03,0.24,-0.07,1759267811.1464615
0.02,0.24,-0.07,1759267811.1575472
0.02,0.24,-0.07,1759267811.1602328
0.02,0.23,-0.07,1759267811.1635673
0.02,0.23,-0.07,1759267811.1660805
0.02,0.23,-0.07,1759267811.1684265
0.02,0.23,-0.07,1759267811.170391
0.02,0.23,-0.07,1759267811.174112
0.02,0.23,-0.07,1759267811.1760695
0.02,0.23,-0.07,1759267811.1778548
0.02,0.23,-0.07,1759267811.17979
0.02,0.22,-0.07,1759267811.1817951
0.02,0.22,-0.07,1759267811.183987
0.02,0.22,-0.07,1759267811.1859715
0.02,0.22,-0.07,1759267811.1875887
0.02,0.22,-0.07,1759267811.1901689
0.02,0.22,-0.07,1759267811.194119
0.02,0.22,-0.07,1759267811.1960306
0.02,0.21,-0.07,1759267811.1986022
0.02,0.21,-0.07,1759267811.200363
0.02,0.21,-0.07,1759267811.2020192
0.02,0.21,-0.07,1759267811.2040052
0.02,0.21,-0.07,1759267811.206946
0.02,0.21,-0.07,1759267811.2113311
0.02,0.21,-0.07,1759267811.216253
0.02,0.21,-0.07,1759267811.2191956
0.02,0.21,-0.07,1759267811.2243347
0.02,0.2,-0.08,1759267811.2309692
0.02,0.21,-0.08,1759267811.2372808
0.02,0.2,-0.08,1759267811.2410958
0.02,0.2,-0.08,1759267811.2437775
0.01,0.2,-0.08,1759267811.2476623
0.01,0.21,-0.08,1759267811.2529178
0.01,0.21,-0.08,1759267811.257546
0.01,0.21,-0.08,1759267811.2647796
0.0,0.21,-0.08,1759267811.2715063
0.01,0.21,-0.08,1759267811.276467
0.01,0.21,-0.08,1759267811.2822847
-0.0,0.21,-0.08,1759267811.2889588
-0.0,0.21,-0.08,1759267811.2937071
-0.01,0.21,-0.08,1759267811.2964969
-0.0,0.22,-0.08,1759267811.2990096
-0.0,0.22,-0.08,1759267811.3011863
0.0,0.22,-0.08,1759267811.3038597
-0.0,0.22,-0.08,1759267811.3061762
0.0,0.22,-0.08,1759267811.3084996
0.0,0.22,-0.08,1759267811.3107157
0.0,0.23,-0.08,1759267811.3129525
-0.0,0.23,-0.08,1759267811.314789
0.0,0.23,-0.08,1759267811.3191311
0.0,0.23,-0.08,1759267811.3223655
0.0,0.23,-0.08,1759267811.325232
-0.0,0.24,-0.08,1759267811.3280334
-0.01,0.23,-0.08,1759267811.330266
-0.01,0.24,-0.08,1759267811.3324957
-0.01,0.24,-0.08,1759267811.3356962
-0.0,0.24,-0.08,1759267811.3389528
-0.01,0.24,-0.08,1759267811.3420987
-0.0,0.24,-0.08,1759267811.3450413
-0.0,0.25,-0.08,1759267811.3492384
-0.0,0.26,-0.08,1759267811.353778
-0.01,0.26,-0.08,1759267811.3573678
-0.01,0.25,-0.08,1759267811.3618555
-0.0,0.26,-0.08,1759267811.3673234
-0.0,0.26,-0.08,1759267811.3721335
-0.0,0.26,-0.08,1759267811.3769064
-0.0,0.26,-0.08,1759267811.3811967
-0.01,0.26,-0.08,1759267811.3884394
-0.01,0.26,-0.08,1759267811.3934295
-0.01,0.26,-0.08,1759267811.3983223
-0.0,0.26,-0.08,1759267811.4054174
-0.01,0.26,-0.08,1759267811.4085617
-0.0,0.27,-0.08,1759267811.417523
-0.01,0.26,-0.08,1759267811.4212084
0.0,0.26,-0.08,1759267811.4267738
-0.01,0.26,-0.08,1759267811.4333444
-0.01,0.26,-0.08,1759267811.4384167
-0.0,0.26,-0.08,1759267811.4443324
-0.0,0.26,-0.08,1759267811.4521985
-0.01,0.26,-0.09,1759267811.459127
-0.0,0.26,-0.09,1759267811.4647567
-0.0,0.26,-0.09,1759267811.46919
0.0,0.26,-0.09,1759267811.47375
-0.01,0.26,-0.09,1759267811.4772038
-0.0,0.26,-0.09,1759267811.4800763
0.0,0.26,-0.09,1759267811.4835982
-0.0,0.26,-0.09,1759267811.488603
-0.0,0.25,-0.09,1759267811.4926023
0.01,0.26,-0.09,1759267811.4970934
0.0,0.26,-0.09,1759267811.5019
-0.0,0.26,-0.09,1759267811.5063903
-0.0,0.26,-0.09,1759267811.5109909
0.0,0.26,-0.09,1759267811.5154502
0.0,0.26,-0.09,1759267811.5208938
-0.01,0.26,-0.09,1759267811.5271716
-0.01,0.26,-0.09,1759267811.5324612
-0.01,0.26,-0.09,1759267811.537911
-0.01,0.25,-0.09,1759267811.543298
-0.01,0.25,-0.09,1759267811.548693
-0.01,0.25,-0.09,1759267811.5585456
-0.01,0.25,-0.09,1759267811.5636868
-0.01,0.25,-0.09,1759267811.567853
-0.01,0.24,-0.09,1759267811.57291
-0.01,0.24,-0.09,1759267811.5781202
-0.01,0.24,-0.09,1759267811.582365
-0.01,0.24,-0.09,1759267811.5880866
-0.01,0.24,-0.09,1759267811.5930393
-0.01,0.24,-0.09,1759267811.5955677
-0.01,0.24,-0.09,1759267811.5983517
-0.01,0.24,-0.09,1759267811.6012757
-0.01,0.23,-0.09,1759267811.6042972
-0.01,0.23,-0.09,1759267811.607103
-0.01,0.23,-0.09,1759267811.6092472
-0.01,0.23,-0.09,1759267811.6116588
-0.01,0.22,-0.09,1759267811.6140592
-0.01,0.22,-0.09,1759267811.6174436
-0.01,0.22,-0.09,1759267811.620065
-0.01,0.22,-0.09,1759267811.6220186
-0.01,0.22,-0.09,1759267811.6276665
-0.01,0.22,-0.09,1759267811.6320171
-0.01,0.21,-0.09,1759267811.6376996
-0.0,0.21,-0.09,1759267811.6415415
-0.0,0.21,-0.09,1759267811.645573
-0.01,0.21,-0.09,1759267811.649428
-0.01,0.21,-0.09,1759267811.656208
-0.01,0.21,-0.09,1759267811.661711
-0.0,0.2,-0.09,1759267811.665234
-0.0,0.21,-0.09,1759267811.6712928
0.0,0.2,-0.09,1759267811.6751928
0.01,0.2,-0.09,1759267811.6801112
0.0,0.21,-0.09,1759267811.6837966
0.0,0.2,-0.09,1759267811.6874814
-0.0,0.21,-0.09,1759267811.6940625
0.0,0.2,-0.09,1759267811.6974082
0.0,0.21,-0.09,1759267811.703123
0.0,0.21,-0.09,1759267811.7098703
0.01,0.21,-0.09,1759267811.7155786
0.01,0.21,-0.09,1759267811.7183304
0.01,0.2,-0.09,1759267811.7222369
0.01,0.21,-0.09,1759267811.725934
0.01,0.21,-0.09,1759267811.7284808
0.01,0.21,-0.09,1759267811.7320204
0.01,0.21,-0.09,1759267811.7343938
0.01,0.21,-0.09,1759267811.7372506
0.01,0.22,-0.09,1759267811.7414298
0.01,0.22,-0.09,1759267811.7469091
0.02,0.22,-0.09,1759267811.7514472
0.03,0.23,-0.09,1759267811.7578895
0.03,0.23,-0.09,1759267811.7633047
0.02,0.22,-0.09,1759267811.7667646
0.02,0.22,-0.09,1759267811.7697003
0.02,0.23,-0.09,1759267811.7721727
0.01,0.22,-0.09,1759267811.7764618
0.02,0.22,-0.09,1759267811.781624
0.01,0.22,-0.09,1759267811.784855
0.02,0.22,-0.09,1759267811.7884512
0.02,0.22,-0.09,1759267811.7918513
0.02,0.21,-0.09,1759267811.7965517
0.02,0.2,-0.09,1759267811.8068476
0.01,0.2,-0.09,1759267811.812436
0.02,0.2,-0.09,1759267811.821803
0.02,0.2,-0.09,1759267811.8361003
0.03,0.2,-0.09,1759267811.8413584
0.03,0.2,-0.09,1759267811.8449392
0.04,0.2,-0.09,1759267811.8503451
0.04,0.2,-0.09,1759267811.8557923
0.04,0.2,-0.09,1759267811.8585038
0.03,0.21,-0.09,1759267811.8635328
0.04,0.2,-0.09,1759267811.8676124
0.03,0.2,-0.09,1759267811.8728766
0.03,0.19,-0.09,1759267811.8763492
0.04,0.19,-0.09,1759267811.8822105
0.04,0.2,-0.09,1759267811.8868976
0.03,0.2,-0.09,1759267811.8915117
0.03,0.2,-0.09,1759267811.8996124
0.03,0.19,-0.09,1759267811.9046636
0.03,0.19,-0.09,1759267811.910914
0.03,0.18,-0.09,1759267811.9180963
0.03,0.19,-0.09,1759267811.92049
0.03,0.19,-0.09,1759267811.924215
0.03,0.19,-0.09,1759267811.927215
0.03,0.19,-0.09,1759267811.9323137
0.03,0.18,-0.09,1759267811.9401784
0.03,0.18,-0.09,1759267811.9450133
0.04,0.18,-0.09,1759267811.947355
0.04,0.18,-0.09,1759267811.9504406
0.04,0.18,-0.09,1759267811.9538884
0.05,0.19,-0.09,1759267811.95858
0.05,0.19,-0.09,1759267811.96041
0.05,0.19,-0.09,1759267811.9640737
0.04,0.19,-0.09,1759267811.9678888
0.04,0.18,-0.09,1759267811.972453
0.04,0.18,-0.09,1759267811.9755216
0.03,0.18,-0.09,1759267811.984663
0.03,0.18,-0.09,1759267811.9877152
0.03,0.18,-0.09,1759267811.994279
0.02,0.18,-0.09,1759267812.002501
0.02,0.19,-0.09,1759267812.0079234
0.02,0.19,-0.09,1759267812.0161147
0.03,0.19,-0.09,1759267812.0268176
0.03,0.19,-0.09,1759267812.033894
0.03,0.18,-0.09,1759267812.0407245
0.03,0.19,-0.09,1759267812.0452187
0.03,0.19,-0.09,1759267812.0505297
0.03,0.19,-0.09,1759267812.055088
0.03,0.19,-0.09,1759267812.0590813
0.03,0.19,-0.09,1759267812.0627232
0.03,0.19,-0.09,1759267812.0671256
0.03,0.18,-0.09,1759267812.0733745
0.03,0.18,-0.09,1759267812.078307
0.03,0.19,-0.09,1759267812.0834954
0.02,0.19,-0.09,1759267812.0855703
0.02,0.18,-0.09,1759267812.089218
0.03,0.18,-0.09,1759267812.095039
0.02,0.18,-0.09,1759267812.0994349
0.02,0.19,-0.09,1759267812.1074307
0.02,0.19,-0.09,1759267812.112881
0.02,0.19,-0.1,1759267812.1179786
0.03,0.19,-0.1,1759267812.1238549
0.02,0.19,-0.1,1759267812.12719
0.02,0.19,-0.1,1759267812.1308486
0.02,0.19,-0.1,1759267812.136401
0.02,0.19,-0.1,1759267812.13835
0.02,0.19,-0.1,1759267812.14106
0.02,0.19,-0.1,1759267812.1434584
0.02,0.19,-0.1,1759267812.1469083
0.02,0.19,-0.1,1759267812.150002
0.02,0.19,-0.1,1759267812.1522005
0.01,0.19,-0.1,1759267812.1554613
0.01,0.19,-0.1,1759267812.1583836
0.01,0.19,-0.1,1759267812.161064
0.01,0.19,-0.1,1759267812.1639376
0.01,0.2,-0.1,1759267812.166344
0.01,0.19,-0.1,1759267812.1730251
0.01,0.2,-0.1,1759267812.1768837
0.01,0.2,-0.1,1759267812.180575
0.02,0.2,-0.1,1759267812.1851368
0.01,0.21,-0.1,1759267812.1876693
0.01,0.21,-0.1,1759267812.1923003
0.01,0.21,-0.1,1759267812.197112
0.01,0.21,-0.1,1759267812.2049303
0.0,0.21,-0.1,1759267812.208545
0.01,0.21,-0.1,1759267812.2141426
0.01,0.21,-0.1,1759267812.2175012
0.01,0.21,-0.1,1759267812.221156
0.01,0.22,-0.1,1759267812.223079
0.01,0.22,-0.1,1759267812.229153
0.01,0.22,-0.1,1759267812.2327816
0.0,0.22,-0.1,1759267812.2375226
-0.0,0.22,-0.1,1759267812.2406964
-0.0,0.22,-0.1,1759267812.2456596
-0.0,0.22,-0.1,1759267812.248567
0.0,0.22,-0.1,1759267812.2517085
-0.0,0.22,-0.1,1759267812.2560792
0.0,0.22,-0.1,1759267812.2618396
-0.0,0.22,-0.1,1759267812.2649462
-0.01,0.22,-0.1,1759267812.2680442
-0.01,0.22,-0.1,1759267812.270704
-0.02,0.23,-0.1,1759267812.274763
-0.02,0.23,-0.1,1759267812.2775135
-0.01,0.23,-0.1,1759267812.2806246
-0.0,0.23,-0.1,1759267812.283611
-0.01,0.23,-0.1,1759267812.2863746
-0.0,0.23,-0.1,1759267812.2900484
0.0,0.23,-0.1,1759267812.2942705
0.0,0.22,-0.1,1759267812.2975442
0.01,0.23,-0.1,1759267812.301187
0.01,0.23,-0.1,1759267812.3038878
0.01,0.23,-0.1,1759267812.3068216
0.02,0.23,-0.1,1759267812.3102884
0.01,0.23,-0.1,1759267812.3133435
0.0,0.23,-0.1,1759267812.3187895
-0.0,0.23,-0.1,1759267812.3241303
-0.0,0.23,-0.1,1759267812.327341
-0.0,0.23,-0.1,1759267812.3322108
-0.01,0.23,-0.1,1759267812.3350203
-0.01,0.23,-0.1,1759267812.3390794
-0.0,0.24,-0.1,1759267812.3438027
-0.0,0.24,-0.1,1759267812.347881
0.01,0.24,-0.1,1759267812.3522472
0.0,0.24,-0.1,1759267812.3568845
0.01,0.24,-0.1,1759267812.3609111
0.01,0.24,-0.1,1759267812.36767
0.01,0.24,-0.1,1759267812.3709104
0.01,0.24,-0.1,1759267812.373752
0.02,0.24,-0.1,1759267812.3780837
0.02,0.24,-0.1,1759267812.381629
0.02,0.24,-0.1,1759267812.3851564
0.02,0.24,-0.1,1759267812.3875835
0.03,0.25,-0.1,1759267812.3920667
0.02,0.25,-0.1,1759267812.3954043
0.02,0.24,-0.1,1759267812.3993387
0.03,0.25,-0.1,1759267812.404059
0.02,0.24,-0.1,1759267812.407483
0.03,0.25,-0.1,1759267812.411117
0.03,0.25,-0.1,1759267812.4149337
0.03,0.25,-0.1,1759267812.4183416
0.03,0.25,-0.09,1759267812.4225323
0.04,0.25,-0.09,1759267812.4266143
0.04,0.24,-0.09,1759267812.4324858
0.04,0.24,-0.09,1759267812.4401274
0.05,0.24,-0.09,1759267812.4449072
0.04,0.24,-0.09,1759267812.4484851
0.05,0.24,-0.09,1759267812.4515738
0.05,0.24,-0.09,1759267812.4548907
0.05,0.23,-0.09,1759267812.4603095
0.05,0.23,-0.09,1759267812.464183
0.05,0.23,-0.09,1759267812.4680448
0.05,0.23,-0.09,1759267812.471779
0.05,0.23,-0.09,1759267812.477429
0.04,0.23,-0.09,1759267812.480106
0.05,0.24,-0.09,1759267812.4848888
0.05,0.24,-0.09,1759267812.488295
0.06,0.23,-0.09,1759267812.492047
0.06,0.24,-0.09,1759267812.4966388
0.06,0.24,-0.09,1759267812.5014236
0.06,0.24,-0.09,1759267812.506821
0.06,0.23,-0.09,1759267812.512511
0.06,0.24,-0.09,1759267812.524244
0.06,0.23,-0.09,1759267812.5312722
0.06,0.23,-0.09,1759267812.536929
0.06,0.23,-0.09,1759267812.540412
0.06,0.24,-0.09,1759267812.5473912
0.06,0.24,-0.09,1759267812.5537994
0.06,0.24,-0.09,1759267812.5585344
0.06,0.24,-0.09,1759267812.5675075
0.06,0.24,-0.09,1759267812.5729928
0.06,0.24,-0.09,1759267812.5786152
0.06,0.25,-0.09,1759267812.5847218
0.06,0.24,-0.09,1759267812.596634
0.06,0.24,-0.09,1759267812.603196
0.07,0.23,-0.09,1759267812.6099055
0.08,0.24,-0.09,1759267812.6204484
0.07,0.23,-0.09,1759267812.622189
0.07,0.24,-0.09,1759267812.626078
0.08,0.24,-0.09,1759267812.6287825
0.08,0.24,-0.09,1759267812.6329815
0.07,0.24,-0.09,1759267812.6358144
0.07,0.25,-0.09,1759267812.6430273
0.07,0.25,-0.09,1759267812.6492643
0.07,0.25,-0.09,1759267812.6533628
0.08,0.25,-0.09,1759267812.6586635
0.07,0.25,-0.09,1759267812.6639302
0.07,0.24,-0.09,1759267812.6701374
0.07,0.24,-0.09,1759267812.6751232
0.07,0.24,-0.09,1759267812.677417
0.07,0.25,-0.08,1759267812.6815455
0.07,0.25,-0.08,1759267812.6852362
0.06,0.26,-0.08,1759267812.6885972
0.07,0.26,-0.08,1759267812.693125
0.07,0.26,-0.08,1759267812.6982286
0.07,0.26,-0.08,1759267812.7023757
0.07,0.26,-0.08,1759267812.7054722
0.07,0.27,-0.08,1759267812.709968
0.07,0.26,-0.08,1759267812.7157643
0.07,0.27,-0.08,1759267812.7187414
0.07,0.27,-0.08,1759267812.7214622
0.07,0.27,-0.08,1759267812.7240312
0.06,0.26,-0.08,1759267812.7270546
0.06,0.26,-0.08,1759267812.7288666
0.05,0.26,-0.08,1759267812.7311747
0.05,0.26,-0.08,1759267812.7329512
0.06,0.26,-0.08,1759267812.7377765
0.06,0.26,-0.08,1759267812.7397172
0.06,0.26,-0.08,1759267812.7422075
0.06,0.26,-0.08,1759267812.744176
0.05,0.26,-0.08,1759267812.746025
0.06,0.27,-0.08,1759267812.747785
0.06,0.26,-0.08,1759267812.749581
0.05,0.27,-0.08,1759267812.7513194
0.05,0.27,-0.08,1759267812.7546864
0.05,0.27,-0.08,1759267812.7577815
0.05,0.28,-0.08,1759267812.7618022
0.05,0.27,-0.08,1759267812.7643144
0.05,0.27,-0.08,1759267812.7680986
0.04,0.27,-0.08,1759267812.7712
0.05,0.27,-0.08,1759267812.7759428
0.05,0.27,-0.08,1759267812.7800322
0.05,0.26,-0.08,1759267812.7852633
0.05,0.26,-0.08,1759267812.7879136
0.04,0.26,-0.08,1759267812.7908998
0.04,0.26,-0.08,1759267812.793541
0.05,0.26,-0.08,1759267812.7961557
0.04,0.26,-0.08,1759267812.7992249
0.05,0.25,-0.08,1759267812.8026693
0.05,0.26,-0.08,1759267812.806519
0.05,0.26,-0.08,1759267812.8101065
0.05,0.26,-0.08,1759267812.8119142
0.06,0.26,-0.08,1759267812.8153875
0.07,0.26,-0.08,1759267812.8184657
0.07,0.27,-0.08,1759267812.8216784
0.08,0.27,-0.08,1759267812.8257415
0.07,0.27,-0.08,1759267812.8281534
0.07,0.27,-0.08,1759267812.831923
0.07,0.28,-0.08,1759267812.8409505
0.07,0.28,-0.08,1759267812.8458874
0.07,0.28,-0.08,1759267812.8490107
0.06,0.28,-0.08,1759267812.8555295
0.06,0.28,-0.08,1759267812.8604083
0.05,0.28,-0.08,1759267812.862933
0.05,0.27,-0.08,1759267812.864828
0.06,0.27,-0.08,1759267812.8670838
0.06,0.27,-0.08,1759267812.8723936
0.06,0.28,-0.08,1759267812.8755102
0.05,0.28,-0.08,1759267812.878507
0.05,0.27,-0.08,1759267812.8820772
0.05,0.27,-0.08,1759267812.8856418
0.06,0.27,-0.08,1759267812.889693
0.06,0.27,-0.08,1759267812.8923614
0.06,0.28,-0.08,1759267812.895783
0.07,0.28,-0.08,1759267812.9001975
0.07,0.28,-0.07,1759267812.9037356
0.06,0.28,-0.07,1759267812.9074366
0.07,0.28,-0.07,1759267812.9111874
0.06,0.28,-0.07,1759267812.9148762
0.07,0.28,-0.07,1759267812.9170334
0.07,0.29,-0.07,1759267812.9193926
0.07,0.28,-0.07,1759267812.9216557
0.06,0.28,-0.07,1759267812.9237103
0.06,0.28,-0.07,1759267812.9284718
0.06,0.28,-0.07,1759267812.933264
0.05,0.28,-0.07,1759267812.938438
0.05,0.28,-0.07,1759267812.943574
0.05,0.28,-0.07,1759267812.9490273
0.05,0.28,-0.07,1759267812.9518423
0.04,0.28,-0.07,1759267812.9542272
0.04,0.28,-0.07,1759267812.9568677
0.04,0.28,-0.07,1759267812.9589317
0.04,0.28,-0.07,1759267812.9608374
0.04,0.28,-0.07,1759267812.9629457
0.05,0.28,-0.07,1759267812.96777
0.05,0.27,-0.07,1759267812.9731631
0.04,0.28,-0.07,1759267812.9780433
0.05,0.27,-0.07,1759267812.9873588
0.05,0.27,-0.07,1759267812.9918106
0.05,0.27,-0.07,1759267812.999194
0.05,0.27,-0.07,1759267813.0031996
0.05,0.27,-0.07,1759267813.0068748
0.05,0.27,-0.07,1759267813.0108118
0.05,0.27,-0.07,1759267813.014675
0.05,0.27,-0.07,1759267813.0177977
0.04,0.27,-0.07,1759267813.0214217
0.04,0.26,-0.07,1759267813.0258255
0.04,0.26,-0.07,1759267813.030758
0.03,0.26,-0.07,1759267813.035081
0.04,0.26,-0.07,1759267813.0382645
0.04,0.25,-0.07,1759267813.0426536
0.03,0.26,-0.07,1759267813.046672
0.04,0.25,-0.07,1759267813.0511267
0.04,0.26,-0.07,1759267813.0570283
0.03,0.26,-0.07,1759267813.0632334
0.03,0.26,-0.07,1759267813.0681436
0.03,0.25,-0.07,1759267813.071265
0.04,0.25,-0.07,1759267813.0770688
0.03,0.25,-0.07,1759267813.081491
0.03,0.25,-0.07,1759267813.0858614
0.03,0.25,-0.07,1759267813.0887184
0.03,0.25,-0.07,1759267813.090917
0.03,0.25,-0.07,1759267813.0939677
0.03,0.24,-0.07,1759267813.096409
0.03,0.24,-0.07,1759267813.098811
0.03,0.24,-0.07,1759267813.101546
0.03,0.24,-0.07,1759267813.1067808
0.03,0.24,-0.07,1759267813.109835
0.04,0.24,-0.07,1759267813.113017
0.04,0.23,-0.07,1759267813.1181695
0.04,0.23,-0.07,1759267813.1247218
0.03,0.23,-0.07,1759267813.1284738
0.04,0.23,-0.07,1759267813.131573
0.04,0.23,-0.07,1759267813.141855
0.04,0.23,-0.07,1759267813.1478882
0.03,0.23,-0.07,1759267813.1573703
0.03,0.22,-0.07,1759267813.161822
0.03,0.22,-0.07,1759267813.1659904
0.04,0.22,-0.07,1759267813.1730418
0.04,0.22,-0.07,1759267813.1782725
0.03,0.22,-0.07,1759267813.1843038
0.04,0.22,-0.07,1759267813.189862
0.04,0.21,-0.07,1759267813.196807
0.04,0.21,-0.07,1759267813.204013
0.05,0.21,-0.07,1759267813.2099931
0.04,0.21,-0.07,1759267813.2157302
0.04,0.21,-0.07,1759267813.2207897
0.04,0.21,-0.07,1759267813.22939
0.03,0.22,-0.07,1759267813.2358418
0.03,0.21,-0.07,1759267813.2423055
0.03,0.21,-0.07,1759267813.2473888
0.04,0.22,-0.07,1759267813.2533543
0.03,0.23,-0.07,1759267813.2581434
0.03,0.22,-0.07,1759267813.2678876
0.03,0.22,-0.07,1759267813.2728894
0.03,0.23,-0.07,1759267813.278291
0.03,0.23,-0.07,1759267813.289227
0.03,0.23,-0.07,1759267813.294951
0.03,0.23,-0.07,1759267813.299024
0.02,0.22,-0.07,1759267813.3031125
0.02,0.23,-0.07,1759267813.3137264
0.02,0.23,-0.07,1759267813.318359
0.02,0.23,-0.07,1759267813.3228283
0.02,0.24,-0.07,1759267813.3265424
0.02,0.24,-0.07,1759267813.3298793
0.02,0.24,-0.07,1759267813.3349187
0.02,0.24,-0.07,1759267813.3365743
0.02,0.24,-0.07,1759267813.342261
0.02,0.24,-0.07,1759267813.346369
0.02,0.24,-0.07,1759267813.349087
0.02,0.24,-0.07,1759267813.3518095
0.02,0.24,-0.07,1759267813.35455
0.01,0.24,-0.07,1759267813.356949
0.01,0.23,-0.07,1759267813.3601558
0.01,0.24,-0.07,1759267813.365868
0.01,0.24,-0.07,1759267813.3706727
0.01,0.24,-0.07,1759267813.3743465
0.01,0.24,-0.07,1759267813.377103
-0.0,0.24,-0.07,1759267813.3803875
0.0,0.24,-0.07,1759267813.3833342
0.0,0.24,-0.07,1759267813.3878431
0.0,0.24,-0.07,1759267813.392828
0.01,0.24,-0.07,1759267813.3955755
0.01,0.24,-0.07,1759267813.398552
0.01,0.24,-0.07,1759267813.4025624
0.02,0.24,-0.07,1759267813.4057624
0.02,0.24,-0.07,1759267813.4104114
0.02,0.24,-0.07,1759267813.4141595
0.02,0.24,-0.07,1759267813.419006
0.02,0.24,-0.07,1759267813.4225218
0.02,0.25,-0.07,1759267813.4267187
0.01,0.25,-0.07,1759267813.4303253
0.02,0.25,-0.07,1759267813.433887
0.02,0.25,-0.07,1759267813.439356
0.02,0.25,-0.07,1759267813.442551
0.02,0.25,-0.07,1759267813.4461534
0.02,0.25,-0.07,1759267813.450056
0.02,0.25,-0.07,1759267813.453568
0.02,0.25,-0.07,1759267813.4581711
0.02,0.25,-0.07,1759267813.4645908
0.02,0.25,-0.07,1759267813.4682066
0.02,0.25,-0.07,1759267813.472246
0.02,0.26,-0.07,1759267813.4770477
0.01,0.25,-0.07,1759267813.481624
0.01,0.26,-0.07,1759267813.485823
0.01,0.27,-0.07,1759267813.4917648
0.01,0.27,-0.07,1759267813.4952738
0.01,0.27,-0.07,1759267813.4989443
0.01,0.27,-0.07,1759267813.5026612
0.02,0.27,-0.07,1759267813.5061948
0.02,0.27,-0.07,1759267813.511173
0.03,0.27,-0.07,1759267813.5157511
0.03,0.27,-0.07,1759267813.5199082
0.03,0.26,-0.07,1759267813.522856
0.03,0.27,-0.07,1759267813.525809
0.02,0.27,-0.07,1759267813.528121
0.02,0.27,-0.07,1759267813.5310073
0.03,0.27,-0.07,1759267813.5350122
0.03,0.26,-0.07,1759267813.5390863
0.03,0.26,-0.07,1759267813.5416498
0.03,0.27,-0.06,1759267813.5459845
0.02,0.27,-0.06,1759267813.549699
0.02,0.27,-0.06,1759267813.5540752
0.02,0.27,-0.06,1759267813.5597942
0.02,0.27,-0.06,1759267813.5655406
0.02,0.27,-0.06,1759267813.5701995
0.02,0.27,-0.06,1759267813.5760229
0.02,0.27,-0.06,1759267813.5818276
0.02,0.27,-0.06,1759267813.5862803
0.02,0.27,-0.06,1759267813.5912354
0.01,0.27,-0.06,1759267813.5966415
0.01,0.27,-0.06,1759267813.602966
0.02,0.27,-0.06,1759267813.6064465
0.01,0.27,-0.06,1759267813.6117368
0.01,0.27,-0.06,1759267813.6154482
0.01,0.27,-0.06,1759267813.6202931
0.0,0.27,-0.06,1759267813.627825
0.0,0.27,-0.06,1759267813.634423
0.0,0.27,-0.06,1759267813.6394622
0.0,0.27,-0.06,1759267813.641713
0.01,0.26,-0.06,1759267813.644241
0.0,0.26,-0.06,1759267813.6489923
0.0,0.26,-0.06,1759267813.6583736
0.0,0.26,-0.06,1759267813.661019
0.0,0.27,-0.06,1759267813.6639006
-0.0,0.27,-0.06,1759267813.6678493
-0.0,0.27,-0.06,1759267813.670564
-0.0,0.27,-0.06,1759267813.674206
-0.0,0.27,-0.06,1759267813.6792018
-0.0,0.27,-0.06,1759267813.6829643
-0.01,0.28,-0.06,1759267813.687773
-0.01,0.28,-0.06,1759267813.6914134
-0.0,0.27,-0.05,1759267813.6943495
-0.0,0.27,-0.05,1759267813.6983018
-0.0,0.27,-0.05,1759267813.7012491
-0.0,0.27,-0.05,1759267813.703692
-0.0,0.27,-0.05,1759267813.7069466
-0.0,0.27,-0.05,1759267813.709617
-0.0,0.26,-0.05,1759267813.7120247
-0.0,0.26,-0.05,1759267813.7148852
-0.01,0.27,-0.05,1759267813.717722
-0.01,0.26,-0.05,1759267813.7205153
-0.0,0.26,-0.05,1759267813.724005
-0.0,0.26,-0.05,1759267813.7273543
0.0,0.27,-0.05,1759267813.7310688
0.0,0.26,-0.05,1759267813.7348738
0.01,0.26,-0.05,1759267813.7389233
0.01,0.26,-0.05,1759267813.7433045
0.0,0.26,-0.05,1759267813.7482605
-0.0,0.26,-0.05,1759267813.752396
0.0,0.27,-0.05,1759267813.7591126
0.0,0.26,-0.05,1759267813.7653236
0.01,0.27,-0.05,1759267813.7687614
0.01,0.26,-0.05,1759267813.7743163
0.01,0.26,-0.05,1759267813.7804306
0.01,0.25,-0.05,1759267813.7840962
0.02,0.26,-0.04,1759267813.7871542
0.02,0.25,-0.04,1759267813.790247
0.02,0.26,-0.04,1759267813.7930348
0.02,0.26,-0.04,1759267813.7967503
0.02,0.26,-0.04,1759267813.7993608
0.02,0.26,-0.04,1759267813.8027103
0.02,0.26,-0.04,1759267813.806114
0.02,0.26,-0.04,1759267813.809224
0.02,0.26,-0.04,1759267813.813101
0.01,0.27,-0.04,1759267813.818632
0.01,0.27,-0.04,1759267813.8225634
0.0,0.27,-0.04,1759267813.8261397
0.0,0.27,-0.04,1759267813.83024
0.01,0.26,-0.04,1759267813.8351307
0.01,0.27,-0.04,1759267813.8392415
0.01,0.26,-0.04,1759267813.8450778
0.01,0.26,-0.04,1759267813.8485036
0.01,0.25,-0.04,1759267813.856157
0.02,0.25,-0.04,1759267813.8616586
0.01,0.25,-0.04,1759267813.8666103
0.01,0.25,-0.04,1759267813.8721566
0.01,0.25,-0.04,1759267813.8771896
0.01,0.26,-0.04,1759267813.8832197
0.01,0.25,-0.04,1759267813.8891642
0.02,0.26,-0.04,1759267813.8941429
0.02,0.26,-0.03,1759267813.8994622
0.02,0.26,-0.03,1759267813.905948
0.03,0.26,-0.03,1759267813.9112272
0.03,0.26,-0.03,1759267813.9168725
0.04,0.26,-0.03,1759267813.9225495
0.04,0.26,-0.03,1759267813.9306147
0.05,0.26,-0.03,1759267813.9366548
0.05,0.26,-0.03,1759267813.9419546
0.05,0.26,-0.03,1759267813.9472764
0.05,0.26,-0.03,1759267813.9530766
0.05,0.26,-0.03,1759267813.956223
0.06,0.26,-0.03,1759267813.9605556
0.05,0.26,-0.03,1759267813.9643314
0.05,0.26,-0.03,1759267813.9718776
0.05,0.26,-0.03,1759267813.9791691
0.05,0.26,-0.03,1759267813.983245
0.05,0.26,-0.03,1759267813.990223
0.04,0.26,-0.03,1759267813.9936545
0.04,0.26,-0.03,1759267813.9994142
0.04,0.26,-0.03,1759267814.0063062
0.04,0.26,-0.03,1759267814.0109048
0.04,0.26,-0.03,1759267814.0137098
0.04,0.25,-0.03,1759267814.0164402
0.05,0.26,-0.03,1759267814.020662
0.04,0.25,-0.03,1759267814.0255764
0.05,0.25,-0.04,1759267814.0300362
0.05,0.25,-0.04,1759267814.0330837
0.05,0.25,-0.04,1759267814.0365407
0.06,0.25,-0.04,1759267814.039518
0.05,0.25,-0.04,1759267814.0438828
0.05,0.26,-0.04,1759267814.046873
0.05,0.25,-0.04,1759267814.0498908
0.05,0.26,-0.04,1759267814.0538242
0.05,0.25,-0.04,1759267814.0568342
0.05,0.25,-0.04,1759267814.061194
0.05,0.25,-0.04,1759267814.0642862
0.04,0.25,-0.04,1759267814.0675025
0.04,0.26,-0.04,1759267814.071742
0.04,0.25,-0.04,1759267814.0743704
0.03,0.25,-0.04,1759267814.0776868
0.03,0.26,-0.04,1759267814.0836291
0.03,0.26,-0.04,1759267814.0910294
0.03,0.25,-0.04,1759267814.097066
0.03,0.25,-0.04,1759267814.1043892
0.03,0.25,-0.04,1759267814.110345
0.03,0.25,-0.04,1759267814.1137743
0.03,0.25,-0.04,1759267814.1190856
0.03,0.26,-0.04,1759267814.12353
0.03,0.25,-0.04,1759267814.128846
0.03,0.25,-0.04,1759267814.1336372
0.03,0.25,-0.04,1759267814.1369605
0.04,0.25,-0.04,1759267814.143605
0.04,0.25,-0.04,1759267814.1485405
0.05,0.25,-0.04,1759267814.154238
0.05,0.24,-0.04,1759267814.160678
0.05,0.25,-0.04,1759267814.166601
0.05,0.24,-0.05,1759267814.1704512
0.04,0.24,-0.05,1759267814.1743002
0.04,0.24,-0.05,1759267814.1785867
0.05,0.24,-0.05,1759267814.1844351
0.05,0.24,-0.05,1759267814.1882043
0.05,0.25,-0.05,1759267814.1941636
0.05,0.24,-0.05,1759267814.1978252
0.05,0.24,-0.05,1759267814.2012577
0.06,0.24,-0.05,1759267814.206262
0.06,0.24,-0.05,1759267814.2098553
0.05,0.23,-0.05,1759267814.2147822
0.05,0.24,-0.05,1759267814.2210746
0.05,0.24,-0.05,1759267814.2238564
0.05,0.24,-0.05,1759267814.227384
0.06,0.23,-0.05,1759267814.2314515
0.05,0.23,-0.05,1759267814.235008
0.05,0.23,-0.06,1759267814.2379868
0.05,0.22,-0.06,1759267814.2429953
0.05,0.22,-0.06,1759267814.2484393
0.05,0.22,-0.06,1759267814.253507
0.05,0.22,-0.06,1759267814.25779
0.05,0.22,-0.06,1759267814.267378
0.04,0.21,-0.06,1759267814.2701344
0.04,0.21,-0.06,1759267814.2726142
0.04,0.22,-0.06,1759267814.2762492
0.05,0.22,-0.06,1759267814.2800634
0.05,0.21,-0.06,1759267814.2834754
0.05,0.21,-0.06,1759267814.2881312
0.05,0.21,-0.06,1759267814.291051
0.05,0.22,-0.06,1759267814.295761
0.06,0.22,-0.06,1759267814.3004096
0.06,0.22,-0.06,1759267814.3031836
0.07,0.22,-0.06,1759267814.3112652
0.07,0.21,-0.06,1759267814.3152232
0.07,0.22,-0.06,1759267814.319497
0.08,0.21,-0.06,1759267814.3248394
0.08,0.21,-0.06,1759267814.327309
0.08,0.21,-0.07,1759267814.3308754
0.07,0.21,-0.07,1759267814.3340602
0.07,0.21,-0.07,1759267814.337087
0.07,0.21,-0.07,1759267814.3417382
0.07,0.2,-0.07,1759267814.348657
0.07,0.21,-0.07,1759267814.3536582
0.08,0.21,-0.07,1759267814.3573692
0.07,0.2,-0.07,1759267814.3615973
0.07,0.2,-0.07,1759267814.3698075
0.07,0.2,-0.07,1759267814.374308
0.08,0.21,-0.07,1759267814.381327
0.08,0.2,-0.07,1759267814.391966
0.08,0.2,-0.07,1759267814.3976688
0.09,0.2,-0.07,1759267814.4016576
0.08,0.2,-0.07,1759267814.4169524
0.08,0.21,-0.07,1759267814.4250665
0.09,0.21,-0.07,1759267814.429464
0.08,0.21,-0.07,1759267814.4340572
0.09,0.21,-0.07,1759267814.4390244
0.08,0.21,-0.07,1759267814.4452507
0.09,0.22,-0.07,1759267814.4507203
0.09,0.22,-0.07,1759267814.4565356
0.09,0.22,-0.07,1759267814.4613266
0.09,0.22,-0.07,1759267814.467476
0.09,0.21,-0.07,1759267814.4708035
0.09,0.21,-0.07,1759267814.4742234
0.09,0.21,-0.07,1759267814.4774847
0.08,0.22,-0.07,1759267814.4818332
0.09,0.22,-0.07,1759267814.486945
0.09,0.22,-0.07,1759267814.491502
0.08,0.23,-0.07,1759267814.4948463
0.08,0.23,-0.07,1759267814.4980638
0.08,0.23,-0.08,1759267814.5047524
0.08,0.23,-0.08,1759267814.5136957
0.09,0.22,-0.08,1759267814.519636
0.09,0.22,-0.08,1759267814.5258214
0.09,0.22,-0.08,1759267814.5338137
0.1,0.23,-0.08,1759267814.5457494
0.1,0.23,-0.08,1759267814.5487747
0.1,0.23,-0.08,1759267814.5552645
0.1,0.23,-0.08,1759267814.561144
0.09,0.23,-0.08,1759267814.5670347
0.09,0.22,-0.08,1759267814.570861
0.09,0.22,-0.08,1759267814.5728798
0.08,0.23,-0.08,1759267814.5774765
0.08,0.23,-0.08,1759267814.58045
0.07,0.23,-0.08,1759267814.5843985
0.07,0.23,-0.08,1759267814.589393
0.07,0.23,-0.08,1759267814.591327
0.07,0.23,-0.08,1759267814.593675
0.07,0.23,-0.08,1759267814.5958576
0.07,0.23,-0.08,1759267814.598995
0.08,0.23,-0.08,1759267814.6008918
0.08,0.23,-0.08,1759267814.6027267
0.08,0.23,-0.08,1759267814.6059036
0.08,0.24,-0.08,1759267814.6090078
0.08,0.24,-0.09,1759267814.6140494
0.08,0.24,-0.09,1759267814.6189644
0.08,0.24,-0.09,1759267814.6241562
0.07,0.24,-0.09,1759267814.6273406
0.08,0.25,-0.09,1759267814.6331463
0.07,0.25,-0.09,1759267814.6374934
0.07,0.25,-0.09,1759267814.64563
0.07,0.26,-0.09,1759267814.6486506
0.07,0.25,-0.09,1759267814.651407
0.07,0.26,-0.09,1759267814.6540444
0.07,0.25,-0.09,1759267814.6564596
0.07,0.26,-0.09,1759267814.6586735
0.07,0.26,-0.09,1759267814.660721
0.07,0.26,-0.09,1759267814.6636004
0.07,0.26,-0.09,1759267814.6660633
0.06,0.26,-0.09,1759267814.6686568
0.07,0.27,-0.09,1759267814.6750782
0.07,0.27,-0.09,1759267814.6790724
0.07,0.26,-0.09,1759267814.6842182
0.07,0.26,-0.09,1759267814.6886592
0.07,0.26,-0.09,1759267814.6920512
0.07,0.26,-0.09,1759267814.6967046
0.07,0.27,-0.09,1759267814.7041602
0.07,0.26,-0.09,1759267814.710518
0.06,0.26,-0.09,1759267814.7150345
0.06,0.26,-0.09,1759267814.7174745
0.05,0.26,-0.09,1759267814.7197535
0.05,0.26,-0.09,1759267814.7219584
0.06,0.26,-0.09,1759267814.7247655
0.06,0.26,-0.09,1759267814.7296398
0.06,0.26,-0.09,1759267814.7339354
0.05,0.26,-0.09,1759267814.7387717
0.05,0.26,-0.1,1759267814.741855
0.05,0.27,-0.1,1759267814.7452354
0.05,0.26,-0.1,1759267814.748096
0.04,0.26,-0.1,1759267814.750457
0.05,0.26,-0.1,1759267814.7546885
0.05,0.26,-0.1,1759267814.7604706
0.05,0.26,-0.1,1759267814.7647896
0.05,0.26,-0.1,1759267814.7721124
0.06,0.27,-0.1,1759267814.775399
0.05,0.26,-0.1,1759267814.7797267
0.05,0.26,-0.1,1759267814.786275
0.05,0.26,-0.1,1759267814.7937198
0.06,0.26,-0.1,1759267814.7971528
0.06,0.26,-0.1,1759267814.802605
0.07,0.25,-0.1,1759267814.8104572
0.06,0.25,-0.1,1759267814.8148005
0.06,0.25,-0.1,1759267814.8167405
0.05,0.25,-0.1,1759267814.818744
0.04,0.25,-0.1,1759267814.8233342
0.05,0.26,-0.1,1759267814.827043
0.04,0.26,-0.1,1759267814.831495
0.04,0.26,-0.1,1759267814.834747
0.05,0.25,-0.1,1759267814.8382502
0.04,0.25,-0.1,1759267814.8418324
0.04,0.25,-0.1,1759267814.845401
0.04,0.26,-0.1,1759267814.8538792
0.05,0.26,-0.1,1759267814.8606715
0.05,0.26,-0.1,1759267814.863328
0.06,0.26,-0.1,1759267814.866589
0.06,0.25,-0.1,1759267814.8690028
0.05,0.26,-0.1,1759267814.8711746
0.05,0.25,-0.1,1759267814.8745182
0.05,0.25,-0.1,1759267814.8765025
0.06,0.25,-0.1,1759267814.8799946
0.06,0.25,-0.1,1759267814.8848317
0.07,0.25,-0.1,1759267814.8891108
0.06,0.25,-0.1,1759267814.891446
0.06,0.25,-0.1,1759267814.8944347
0.07,0.25,-0.1,1759267814.8975596
0.07,0.25,-0.1,1759267814.9000137
0.07,0.25,-0.1,1759267814.9029374
0.07,0.25,-0.1,1759267814.9052014
0.07,0.24,-0.1,1759267814.927359
0.06,0.25,-0.1,1759267814.934818
0.07,0.24,-0.1,1759267814.9377306
0.07,0.24,-0.1,1759267814.9402096
0.07,0.24,-0.1,1759267814.9429288
0.06,0.24,-0.1,1759267814.9448574
0.06,0.24,-0.1,1759267814.947674
0.06,0.24,-0.1,1759267814.9537833
0.05,0.23,-0.1,1759267814.9567137
0.06,0.23,-0.1,1759267814.9588993
0.06,0.23,-0.1,1759267814.9619763
0.05,0.23,-0.1,1759267814.9657838
0.05,0.22,-0.1,1759267814.968527
0.04,0.23,-0.1,1759267814.9716806
0.05,0.22,-0.1,1759267814.978248
0.05,0.22,-0.1,1759267814.9822626
0.05,0.22,-0.1,1759267814.9861827
0.05,0.22,-0.1,1759267814.9939485
0.05,0.21,-0.1,1759267815.002112
0.05,0.21,-0.1,1759267815.0100224
0.05,0.21,-0.1,1759267815.0137174
0.04,0.2,-0.1,1759267815.0193732
0.04,0.21,-0.1,1759267815.021496
0.04,0.21,-0.1,1759267815.0260315
0.04,0.21,-0.1,1759267815.036292
0.04,0.2,-0.1,1759267815.0414646
0.04,0.2,-0.1,1759267815.045405
0.04,0.2,-0.1,1759267815.0484514
0.04,0.2,-0.1,1759267815.0525396
0.04,0.2,-0.1,1759267815.0564728
0.04,0.2,-0.1,1759267815.0598693
0.04,0.2,-0.1,1759267815.0638082
0.04,0.19,-0.1,1759267815.0681088
0.04,0.19,-0.1,1759267815.0734017
0.04,0.18,-0.1,1759267815.0772314
0.05,0.18,-0.1,1759267815.0822449
0.05,0.18,-0.1,1759267815.0853603
0.05,0.18,-0.1,1759267815.088077
0.05,0.18,-0.09,1759267815.0920436
0.05,0.19,-0.09,1759267815.0962284
0.05,0.19,-0.09,1759267815.100846
0.05,0.19,-0.09,1759267815.106152
0.05,0.19,-0.09,1759267815.1112783
0.05,0.19,-0.09,1759267815.1173997
0.04,0.19,-0.09,1759267815.1220517
0.04,0.19,-0.09,1759267815.1273332
0.04,0.19,-0.09,1759267815.1312835
0.04,0.2,-0.09,1759267815.13599
0.04,0.2,-0.09,1759267815.139878
0.04,0.2,-0.09,1759267815.1439602
0.05,0.19,-0.09,1759267815.1480682
0.05,0.19,-0.09,1759267815.1513915
0.05,0.19,-0.09,1759267815.154253
0.04,0.2,-0.09,1759267815.1578352
0.04,0.2,-0.09,1759267815.1623974
0.03,0.2,-0.09,1759267815.1675398
0.03,0.19,-0.09,1759267815.1725862
0.04,0.2,-0.09,1759267815.176636
0.04,0.2,-0.09,1759267815.181147
0.04,0.2,-0.08,1759267815.185475
0.03,0.19,-0.08,1759267815.1894298
0.03,0.19,-0.08,1759267815.1934783
0.04,0.19,-0.08,1759267815.1980484
0.04,0.19,-0.08,1759267815.202254
0.05,0.19,-0.08,1759267815.2066925
0.04,0.19,-0.08,1759267815.2111163
0.05,0.19,-0.08,1759267815.215998
0.04,0.19,-0.08,1759267815.220413
0.04,0.19,-0.08,1759267815.2254884
0.03,0.19,-0.08,1759267815.2300231
0.04,0.19,-0.08,1759267815.2348678
0.03,0.19,-0.08,1759267815.2399323
0.02,0.19,-0.08,1759267815.2452278
0.02,0.19,-0.08,1759267815.2501564
0.02,0.18,-0.08,1759267815.2541635
0.02,0.19,-0.08,1759267815.2591405
0.02,0.19,-0.08,1759267815.263931
0.01,0.19,-0.08,1759267815.2678883
0.01,0.19,-0.08,1759267815.2725978
0.01,0.19,-0.08,1759267815.2767396
0.01,0.19,-0.08,1759267815.2806194
0.01,0.19,-0.08,1759267815.2945864
0.01,0.19,-0.07,1759267815.2975273
0.01,0.19,-0.07,1759267815.3008628
0.01,0.19,-0.07,1759267815.3038352
0.01,0.19,-0.07,1759267815.3066666
0.0,0.19,-0.07,1759267815.3097174
0.0,0.19,-0.07,1759267815.311693
0.01,0.19,-0.07,1759267815.314351
0.01,0.19,-0.07,1759267815.3164315
-0.0,0.19,-0.07,1759267815.31827
-0.0,0.19,-0.07,1759267815.3202777
-0.0,0.19,-0.07,1759267815.3225422
0.0,0.19,-0.07,1759267815.3244472
0.0,0.19,-0.07,1759267815.327614
0.0,0.19,-0.07,1759267815.3317778
0.01,0.19,-0.07,1759267815.3372047
0.02,0.19,-0.07,1759267815.3436425
0.02,0.19,-0.07,1759267815.347113
0.01,0.19,-0.07,1759267815.3503368
0.02,0.19,-0.07,1759267815.3535197
0.02,0.19,-0.07,1759267815.3560965
0.02,0.18,-0.07,1759267815.3589602
0.02,0.18,-0.07,1759267815.3634968
0.02,0.18,-0.07,1759267815.367884
0.02,0.18,-0.07,1759267815.3701763
0.02,0.18,-0.07,1759267815.3721333
0.02,0.18,-0.07,1759267815.373932
0.02,0.19,-0.07,1759267815.378549
0.02,0.18,-0.07,1759267815.380351
0.02,0.18,-0.06,1759267815.38232
0.02,0.18,-0.06,1759267815.3855302
0.02,0.18,-0.06,1759267815.3877325
0.02,0.19,-0.06,1759267815.3905275
0.03,0.19,-0.06,1759267815.3936377
0.03,0.19,-0.06,1759267815.396594
0.03,0.19,-0.06,1759267815.4006932
0.03,0.19,-0.06,1759267815.4032586
0.04,0.19,-0.06,1759267815.4077957
0.04,0.2,-0.06,1759267815.413696
0.04,0.2,-0.06,1759267815.419323
0.04,0.19,-0.06,1759267815.423182
0.04,0.19,-0.06,1759267815.4283772
0.04,0.19,-0.06,1759267815.4331548
0.04,0.19,-0.06,1759267815.439195
0.05,0.19,-0.06,1759267815.4443622
0.05,0.2,-0.06,1759267815.4500372
0.05,0.2,-0.06,1759267815.452381
0.05,0.2,-0.06,1759267815.4543977
0.06,0.2,-0.06,1759267815.4564831
0.06,0.2,-0.06,1759267815.4589913
0.06,0.2,-0.06,1759267815.4608488
0.06,0.2,-0.06,1759267815.4626348
0.07,0.2,-0.06,1759267815.466846
0.07,0.2,-0.06,1759267815.4706953
0.07,0.2,-0.06,1759267815.476671
0.07,0.2,-0.06,1759267815.4826608
0.06,0.19,-0.06,1759267815.488803
0.06,0.2,-0.06,1759267815.4926374
0.06,0.2,-0.06,1759267815.499692
0.06,0.2,-0.06,1759267815.503592
0.06,0.2,-0.06,1759267815.506342
0.06,0.2,-0.06,1759267815.508692
0.06,0.2,-0.06,1759267815.5108614
0.06,0.21,-0.06,1759267815.5144017
0.06,0.21,-0.06,1759267815.5172927
0.06,0.21,-0.06,1759267815.5226028
0.06,0.21,-0.06,1759267815.5272837
0.06,0.21,-0.06,1759267815.5330863
0.06,0.21,-0.06,1759267815.539876
0.07,0.21,-0.06,1759267815.5449126
0.06,0.21,-0.06,1759267815.5517764
0.06,0.2,-0.06,1759267815.5564728
0.07,0.21,-0.06,1759267815.5591197
0.07,0.21,-0.06,1759267815.561001
0.07,0.2,-0.06,1759267815.562857
0.07,0.2,-0.06,1759267815.5648055
0.07,0.2,-0.06,1759267815.567672
0.07,0.2,-0.06,1759267815.570528
0.06,0.2,-0.06,1759267815.5730774
0.06,0.2,-0.06,1759267815.577054
0.06,0.2,-0.06,1759267815.579737
0.07,0.19,-0.06,1759267815.582677
0.06,0.19,-0.06,1759267815.5864584
0.06,0.19,-0.06,1759267815.5896091
0.07,0.19,-0.06,1759267815.5916047
0.06,0.19,-0.06,1759267815.5951047
0.06,0.19,-0.06,1759267815.5971382
0.06,0.19,-0.06,1759267815.59896
0.06,0.19,-0.06,1759267815.6009188
0.07,0.19,-0.06,1759267815.6028366
0.06,0.19,-0.06,1759267815.6055417
0.06,0.19,-0.06,1759267815.6089456
0.05,0.19,-0.06,1759267815.6111286
0.05,0.2,-0.06,1759267815.6132703
0.04,0.19,-0.06,1759267815.6165593
0.04,0.2,-0.06,1759267815.6186943
0.04,0.2,-0.06,1759267815.620833
0.04,0.2,-0.06,1759267815.6229389
0.05,0.19,-0.06,1759267815.626072
0.05,0.19,-0.06,1759267815.6285307
0.05,0.19,-0.06,1759267815.6303525
0.05,0.19,-0.07,1759267815.6335895
0.04,0.19,-0.07,1759267815.635647
0.04,0.19,-0.07,1759267815.637779
0.04,0.19,-0.07,1759267815.6417212
0.04,0.2,-0.07,1759267815.643547
0.04,0.19,-0.07,1759267815.6464574
0.04,0.2,-0.07,1759267815.6496506
0.05,0.2,-0.07,1759267815.6518593
0.04,0.2,-0.07,1759267815.6536057
0.04,0.21,-0.07,1759267815.6561356
0.03,0.21,-0.07,1759267815.658461
0.03,0.21,-0.07,1759267815.6612046
0.02,0.21,-0.07,1759267815.6632411
0.02,0.2,-0.07,1759267815.66724
0.02,0.2,-0.07,1759267815.6711535
0.01,0.2,-0.07,1759267815.675233
0.01,0.2,-0.07,1759267815.6792903
0.01,0.2,-0.07,1759267815.6847782
0.01,0.2,-0.07,1759267815.6879752
0.01,0.2,-0.07,1759267815.6905675
0.02,0.2,-0.07,1759267815.6932216
0.01,0.19,-0.07,1759267815.6960845
0.01,0.19,-0.07,1759267815.6982682
0.02,0.2,-0.07,1759267815.7017124
0.01,0.2,-0.07,1759267815.7046845
0.01,0.2,-0.07,1759267815.707388
0.01,0.2,-0.07,1759267815.7103896
0.02,0.2,-0.07,1759267815.7142203
0.02,0.2,-0.07,1759267815.7189856
0.02,0.21,-0.07,1759267815.7225926
0.01,0.21,-0.07,1759267815.726793
0.01,0.2,-0.07,1759267815.734247
0.01,0.21,-0.07,1759267815.736724
0.01,0.21,-0.07,1759267815.739589
0.01,0.21,-0.07,1759267815.7422736
0.01,0.21,-0.07,1759267815.745201
0.01,0.21,-0.08,1759267815.7481997
0.01,0.21,-0.08,1759267815.750709
0.02,0.2,-0.08,1759267815.755264
0.02,0.21,-0.08,1759267815.763225
0.02,0.2,-0.08,1759267815.7689943
0.02,0.2,-0.08,1759267815.775701
0.01,0.2,-0.08,1759267815.780579
0.0,0.2,-0.08,1759267815.7882853
0.01,0.2,-0.08,1759267815.791559
0.01,0.2,-0.08,1759267815.795256
0.01,0.2,-0.08,1759267815.799916
0.01,0.21,-0.08,1759267815.8037522
0.0,0.21,-0.08,1759267815.8058617
0.01,0.21,-0.08,1759267815.81032
0.01,0.21,-0.08,1759267815.812423
0.01,0.22,-0.08,1759267815.8148105
0.01,0.22,-0.08,1759267815.8171575
0.0,0.21,-0.08,1759267815.8206613
0.01,0.21,-0.08,1759267815.823419
0.01,0.21,-0.08,1759267815.8265705
0.01,0.22,-0.08,1759267815.8304956
0.01,0.22,-0.08,1759267815.8332615
0.01,0.22,-0.08,1759267815.8353825
0.01,0.22,-0.08,1759267815.839063
0.01,0.22,-0.08,1759267815.8417714
0.01,0.22,-0.08,1759267815.844371
0.01,0.22,-0.08,1759267815.8498018
0.01,0.22,-0.08,1759267815.8523345
0.02,0.23,-0.08,1759267815.8545303
0.01,0.23,-0.08,1759267815.8574898
0.01,0.23,-0.08,1759267815.8598807
0.01,0.23,-0.08,1759267815.862421
0.01,0.23,-0.08,1759267815.8646927
0.01,0.23,-0.08,1759267815.866726
0.01,0.22,-0.08,1759267815.869361
0.01,0.23,-0.09,1759267815.8723435
0.01,0.22,-0.09,1759267815.876319
0.01,0.22,-0.09,1759267815.8787465
0.01,0.23,-0.09,1759267815.8812304
0.01,0.22,-0.09,1759267815.8844244
0.01,0.22,-0.09,1759267815.8897328
0.01,0.21,-0.09,1759267815.8925564
0.01,0.22,-0.09,1759267815.8958716
0.02,0.23,-0.09,1759267815.9022238
0.02,0.22,-0.09,1759267815.9058068
0.02,0.22,-0.09,1759267815.910827
0.02,0.23,-0.09,1759267815.913633
0.02,0.24,-0.09,1759267815.9177856
0.02,0.24,-0.09,1759267815.920966
0.02,0.23,-0.09,1759267815.9240162
0.02,0.23,-0.09,1759267815.9262605
0.02,0.23,-0.09,1759267815.9299595
0.01,0.23,-0.09,1759267815.9329898
0.02,0.23,-0.09,1759267815.9350705
0.01,0.23,-0.09,1759267815.9383736
0.01,0.23,-0.09,1759267815.9409802
0.01,0.23,-0.09,1759267815.9429712
0.01,0.23,-0.09,1759267815.9453497
0.0,0.23,-0.09,1759267815.9478858
0.0,0.23,-0.09,1759267815.9500508
0.0,0.23,-0.09,1759267815.9526272
0.0,0.23,-0.09,1759267815.9559357
-0.0,0.23,-0.09,1759267815.9582424
-0.0,0.23,-0.09,1759267815.9600573
-0.01,0.23,-0.09,1759267815.96234
-0.0,0.23,-0.09,1759267815.9641788
-0.0,0.23,-0.09,1759267815.966493
-0.0,0.23,-0.09,1759267815.9682136
0.0,0.23,-0.09,1759267815.9699934
0.0,0.23,-0.09,1759267815.971867
0.01,0.22,-0.09,1759267815.9736123
0.01,0.22,-0.09,1759267815.9756916
0.0,0.22,-0.09,1759267815.977551
0.0,0.22,-0.09,1759267815.979618
0.01,0.22,-0.09,1759267815.9817553
0.02,0.22,-0.09,1759267815.983752
0.02,0.22,-0.09,1759267815.9855628
0.01,0.21,-0.09,1759267815.9875052
0.01,0.22,-0.09,1759267815.9897635
0.01,0.22,-0.09,1759267815.9915965
0.02,0.22,-0.09,1759267815.9938488
0.02,0.21,-0.09,1759267815.9966404
0.02,0.21,-0.09,1759267816.0002134
0.02,0.21,-0.09,1759267816.0046933
0.02,0.21,-0.09,1759267816.0122063
0.02,0.21,-0.09,1759267816.0182903
0.03,0.22,-0.09,1759267816.0225637
0.03,0.22,-0.09,1759267816.0277526
0.03,0.22,-0.09,1759267816.0342891
0.03,0.22,-0.09,1759267816.040136
0.03,0.21,-0.09,1759267816.0454986
0.02,0.22,-0.09,1759267816.050007
0.03,0.22,-0.09,1759267816.0542543
0.03,0.22,-0.09,1759267816.0591805
0.03,0.21,-0.09,1759267816.0647438
0.02,0.21,-0.09,1759267816.068974
0.02,0.22,-0.09,1759267816.0754917
0.02,0.22,-0.09,1759267816.079007
0.01,0.23,-0.09,1759267816.083464
0.01,0.23,-0.09,1759267816.0859787
0.0,0.23,-0.09,1759267816.0882103
0.0,0.23,-0.09,1759267816.092626
0.0,0.24,-0.09,1759267816.096369
0.0,0.24,-0.09,1759267816.0988543
-0.0,0.24,-0.09,1759267816.101766
-0.0,0.24,-0.09,1759267816.104279
0.0,0.24,-0.09,1759267816.1071112
-0.0,0.24,-0.09,1759267816.1104074
0.0,0.24,-0.09,1759267816.113696
0.0,0.25,-0.09,1759267816.117042
0.0,0.25,-0.09,1759267816.1196425
0.01,0.25,-0.09,1759267816.122559
0.01,0.25,-0.09,1759267816.1263697
0.01,0.25,-0.09,1759267816.129363
0.0,0.26,-0.09,1759267816.1324608
0.0,0.25,-0.09,1759267816.1353714
-0.0,0.25,-0.09,1759267816.1392293
-0.01,0.25,-0.09,1759267816.142202
-0.0,0.25,-0.09,1759267816.1452696
0.0,0.25,-0.09,1759267816.147643
0.01,0.25,-0.09,1759267816.150843
0.01,0.25,-0.09,1759267816.153647
0.0,0.25,-0.09,1759267816.157446
0.0,0.25,-0.09,1759267816.1611106
0.01,0.25,-0.09,1759267816.1633506
0.0,0.25,-0.09,1759267816.1659422
0.01,0.25,-0.09,1759267816.16882
0.0,0.26,-0.09,1759267816.1719143
-0.0,0.25,-0.09,1759267816.175268
0.0,0.25,-0.09,1759267816.1785927
0.01,0.25,-0.09,1759267816.1821108
0.01,0.25,-0.09,1759267816.184691
0.0,0.25,-0.09,1759267816.188044
-0.0,0.25,-0.09,1759267816.1910903
0.0,0.25,-0.09,1759267816.193648
-0.0,0.24,-0.09,1759267816.196141
0.0,0.25,-0.09,1759267816.19863
0.0,0.25,-0.09,1759267816.200924
0.0,0.25,-0.09,1759267816.2036464
-0.0,0.25,-0.09,1759267816.2065456
-0.0,0.25,-0.09,1759267816.209415
0.0,0.25,-0.09,1759267816.2120388
0.0,0.24,-0.09,1759267816.2153473
-0.0,0.24,-0.09,1759267816.2178078
0.0,0.24,-0.09,1759267816.220283
-0.01,0.24,-0.09,1759267816.2232714
-0.01,0.24,-0.09,1759267816.225932
-0.0,0.24,-0.09,1759267816.2290618
-0.01,0.24,-0.08,1759267816.231568
-0.01,0.24,-0.08,1759267816.2338295
-0.01,0.24,-0.08,1759267816.2365196
-0.01,0.23,-0.08,1759267816.239357
-0.01,0.24,-0.08,1759267816.2417796
-0.01,0.23,-0.08,1759267816.2440662
-0.01,0.23,-0.08,1759267816.2561774
-0.01,0.23,-0.08,1759267816.259209
-0.02,0.24,-0.08,1759267816.262231
-0.02,0.24,-0.08,1759267816.2650256
-0.02,0.23,-0.08,1759267816.267171
-0.01,0.23,-0.08,1759267816.270725
-0.01,0.23,-0.08,1759267816.2734191
-0.01,0.23,-0.08,1759267816.275992
-0.01,0.23,-0.08,1759267816.2785606
-0.01,0.22,-0.08,1759267816.2820582
-0.01,0.22,-0.08,1759267816.285153
-0.01,0.22,-0.08,1759267816.2883425
0.0,0.23,-0.08,1759267816.2911508
0.0,0.23,-0.08,1759267816.2942472
0.0,0.22,-0.08,1759267816.2970724
0.01,0.22,-0.08,1759267816.299868
0.01,0.22,-0.08,1759267816.303808
0.0,0.22,-0.08,1759267816.3060737
0.01,0.22,-0.08,1759267816.3092897
0.01,0.23,-0.08,1759267816.3125312
0.01,0.23,-0.08,1759267816.3164947
0.01,0.23,-0.08,1759267816.3190386
0.01,0.24,-0.08,1759267816.3227928
0.01,0.24,-0.08,1759267816.3257964
0.01,0.23,-0.08,1759267816.3290925
0.01,0.24,-0.08,1759267816.3310795
0.01,0.24,-0.08,1759267816.3349335
0.01,0.24,-0.08,1759267816.3373733
0.01,0.24,-0.08,1759267816.3399537
0.02,0.25,-0.08,1759267816.342289
0.02,0.24,-0.08,1759267816.344255
0.02,0.24,-0.08,1759267816.3466103
0.02,0.24,-0.08,1759267816.3487272
0.02,0.25,-0.08,1759267816.3515072
0.02,0.24,-0.08,1759267816.3541443
0.02,0.24,-0.08,1759267816.3565636
0.02,0.24,-0.08,1759267816.3589113
0.03,0.24,-0.08,1759267816.3615708
0.03,0.24,-0.07,1759267816.3635485
0.03,0.24,-0.07,1759267816.366881
0.03,0.24,-0.07,1759267816.371151
0.02,0.24,-0.07,1759267816.374282
0.03,0.24,-0.07,1759267816.3772826
0.03,0.24,-0.07,1759267816.3802557
0.03,0.24,-0.07,1759267816.3828485
0.03,0.24,-0.07,1759267816.3855505
0.03,0.24,-0.07,1759267816.3895905
0.04,0.24,-0.07,1759267816.391745
0.04,0.24,-0.07,1759267816.397908
0.04,0.24,-0.07,1759267816.4014182
0.04,0.24,-0.07,1759267816.4040244
0.04,0.24,-0.07,1759267816.4060214
0.04,0.24,-0.07,1759267816.4086173
0.04,0.24,-0.07,1759267816.410426
0.05,0.24,-0.07,1759267816.4125743
0.05,0.25,-0.07,1759267816.4175782
0.05,0.24,-0.07,1759267816.41967
0.04,0.24,-0.07,1759267816.4219604
0.04,0.25,-0.07,1759267816.4265237
0.04,0.24,-0.07,1759267816.428534
0.04,0.24,-0.07,1759267816.43055
0.04,0.24,-0.07,1759267816.4331007
0.04,0.24,-0.07,1759267816.438284
0.04,0.24,-0.07,1759267816.441259
0.05,0.24,-0.07,1759267816.4462852
0.05,0.24,-0.07,1759267816.4497817
0.05,0.24,-0.07,1759267816.4546115
0.05,0.24,-0.07,1759267816.4580617
0.06,0.24,-0.07,1759267816.4618895
0.05,0.24,-0.07,1759267816.465886
0.06,0.24,-0.07,1759267816.4726672
0.06,0.24,-0.07,1759267816.4774833
0.06,0.24,-0.07,1759267816.4817305
0.07,0.24,-0.07,1759267816.4867146
0.07,0.23,-0.07,1759267816.49102
0.07,0.24,-0.07,1759267816.4948764
0.07,0.24,-0.07,1759267816.4989922
0.07,0.24,-0.07,1759267816.5069976
0.06,0.24,-0.07,1759267816.513959
0.06,0.24,-0.07,1759267816.519981
0.06,0.23,-0.07,1759267816.524981
0.06,0.24,-0.07,1759267816.528299
0.06,0.23,-0.07,1759267816.5327096
0.06,0.23,-0.07,1759267816.5379
0.06,0.23,-0.07,1759267816.5423863
0.06,0.23,-0.07,1759267816.5464938
0.06,0.23,-0.07,1759267816.5509455
0.06,0.23,-0.07,1759267816.5569494
0.06,0.23,-0.07,1759267816.5615523
0.06,0.23,-0.07,1759267816.5659342
0.06,0.23,-0.07,1759267816.5699215
0.06,0.23,-0.07,1759267816.5739615
0.06,0.24,-0.06,1759267816.5780976
0.06,0.23,-0.06,1759267816.5828407
0.06,0.23,-0.06,1759267816.5861976
0.06,0.23,-0.06,1759267816.5902164
0.06,0.22,-0.06,1759267816.593281
0.06,0.22,-0.06,1759267816.5964527
0.07,0.22,-0.07,1759267816.601998
0.07,0.22,-0.07,1759267816.6066651
0.07,0.22,-0.06,1759267816.6107745
0.07,0.22,-0.07,1759267816.6146526
0.07,0.22,-0.06,1759267816.619244
0.06,0.22,-0.06,1759267816.623325
0.07,0.22,-0.06,1759267816.6278944
0.06,0.22,-0.06,1759267816.6330023
0.07,0.22,-0.06,1759267816.6374924
0.07,0.22,-0.06,1759267816.6443107
0.07,0.23,-0.06,1759267816.650569
0.07,0.23,-0.06,1759267816.6565306
0.07,0.24,-0.06,1759267816.6601489
0.06,0.24,-0.06,1759267816.6635418
0.06,0.23,-0.06,1759267816.667236
0.06,0.23,-0.06,1759267816.671862
0.06,0.22,-0.06,1759267816.6761374
0.05,0.22,-0.06,1759267816.6795511
0.05,0.22,-0.06,1759267816.6829393
0.05,0.21,-0.06,1759267816.687157
0.05,0.22,-0.06,1759267816.6910808
0.05,0.22,-0.06,1759267816.6955378
0.06,0.23,-0.06,1759267816.6996603
0.06,0.22,-0.06,1759267816.7038734
0.06,0.22,-0.06,1759267816.7070594
0.06,0.22,-0.06,1759267816.7093658
0.06,0.22,-0.06,1759267816.7125237
0.06,0.22,-0.06,1759267816.7190635
0.06,0.22,-0.06,1759267816.7221663
0.06,0.22,-0.06,1759267816.72548
0.06,0.22,-0.06,1759267816.7296593
0.06,0.22,-0.06,1759267816.7324605
0.06,0.21,-0.06,1759267816.7358117
0.06,0.21,-0.06,1759267816.7384844
0.06,0.22,-0.06,1759267816.741953
0.05,0.21,-0.06,1759267816.745336
0.05,0.21,-0.06,1759267816.7488608
0.04,0.21,-0.06,1759267816.752231
0.04,0.21,-0.06,1759267816.7554147
0.04,0.2,-0.06,1759267816.7586308
0.04,0.2,-0.06,1759267816.7625709
0.04,0.2,-0.07,1759267816.7661147
0.04,0.2,-0.07,1759267816.7707024
0.04,0.21,-0.07,1759267816.7757728
0.05,0.2,-0.07,1759267816.781335
0.05,0.2,-0.07,1759267816.7879868
0.05,0.2,-0.07,1759267816.792075
0.05,0.21,-0.07,1759267816.7949312
0.06,0.22,-0.07,1759267816.8024392
0.06,0.22,-0.07,1759267816.8084583
0.06,0.22,-0.07,1759267816.8162758
0.06,0.23,-0.07,1759267816.820782
0.06,0.23,-0.07,1759267816.826096
0.05,0.23,-0.07,1759267816.835385
0.05,0.22,-0.07,1759267816.8384366
0.05,0.23,-0.07,1759267816.8423042
0.05,0.23,-0.07,1759267816.8472369
0.05,0.22,-0.07,1759267816.851006
0.05,0.23,-0.07,1759267816.855969
0.05,0.23,-0.07,1759267816.862027
0.05,0.22,-0.07,1759267816.8672297
0.04,0.23,-0.07,1759267816.8746245
0.04,0.23,-0.07,1759267816.8785174
0.03,0.23,-0.07,1759267816.8948162
0.03,0.23,-0.07,1759267816.899779
0.02,0.24,-0.07,1759267816.9096146
0.02,0.24,-0.07,1759267816.917397
0.02,0.24,-0.07,1759267816.9237814
0.02,0.24,-0.07,1759267816.929712
0.02,0.24,-0.07,1759267816.9400654
0.01,0.24,-0.07,1759267816.945622
0.01,0.25,-0.07,1759267816.9585035
0.01,0.25,-0.07,1759267816.9623332
0.0,0.25,-0.07,1759267816.9678102
0.01,0.25,-0.07,1759267816.9712758
0.01,0.25,-0.07,1759267816.976537
0.0,0.25,-0.07,1759267816.9800117
-0.0,0.25,-0.07,1759267816.98498
-0.0,0.25,-0.07,1759267816.9902256
-0.0,0.25,-0.07,1759267816.9969945
-0.01,0.25,-0.07,1759267817.0050194
-0.01,0.25,-0.07,1759267817.0101266
-0.01,0.25,-0.07,1759267817.0156372
-0.01,0.24,-0.07,1759267817.0201612
-0.02,0.24,-0.07,1759267817.0251527
-0.02,0.25,-0.07,1759267817.0280068
-0.02,0.25,-0.07,1759267817.0314476
-0.01,0.25,-0.07,1759267817.0345964
-0.02,0.25,-0.07,1759267817.0390773
-0.02,0.25,-0.07,1759267817.0424676
-0.01,0.24,-0.07,1759267817.0459106
-0.02,0.25,-0.07,1759267817.049253
-0.02,0.25,-0.08,1759267817.0520508
-0.02,0.24,-0.08,1759267817.055402
-0.02,0.25,-0.08,1759267817.0582678
-0.02,0.25,-0.08,1759267817.0617316
-0.02,0.25,-0.08,1759267817.064669
-0.02,0.25,-0.08,1759267817.0676534
-0.02,0.25,-0.08,1759267817.071362
-0.02,0.25,-0.08,1759267817.0751555
-0.02,0.26,-0.08,1759267817.0785336
-0.02,0.26,-0.08,1759267817.081694
-0.02,0.25,-0.08,1759267817.0854795
-0.02,0.25,-0.08,1759267817.0903006
-0.02,0.25,-0.08,1759267817.0959592
-0.02,0.25,-0.08,1759267817.099815
-0.02,0.25,-0.08,1759267817.1041846
-0.02,0.25,-0.08,1759267817.1085486
-0.02,0.25,-0.08,1759267817.112851
-0.02,0.26,-0.08,1759267817.119522
-0.02,0.26,-0.08,1759267817.1255927
-0.02,0.27,-0.08,1759267817.1312718
-0.02,0.27,-0.08,1759267817.1355531
-0.02,0.27,-0.08,1759267817.1426728
-0.02,0.27,-0.08,1759267817.145911
-0.02,0.27,-0.08,1759267817.1510754
-0.02,0.26,-0.08,1759267817.1547427
-0.02,0.26,-0.08,1759267817.158739
-0.02,0.27,-0.08,1759267817.1625755
-0.02,0.27,-0.08,1759267817.1664329
-0.02,0.28,-0.08,1759267817.171048
-0.02,0.28,-0.08,1759267817.1758072
-0.02,0.28,-0.08,1759267817.1797187
-0.02,0.29,-0.08,1759267817.1829057
-0.02,0.29,-0.08,1759267817.1880524
-0.02,0.29,-0.08,1759267817.194971
-0.02,0.28,-0.08,1759267817.1973631
-0.02,0.28,-0.07,1759267817.1995392
-0.02,0.29,-0.07,1759267817.2021563
-0.02,0.28,-0.07,1759267817.2082827
-0.03,0.29,-0.07,1759267817.2112825
-0.02,0.29,-0.07,1759267817.214147
-0.03,0.29,-0.07,1759267817.2196422
-0.02,0.29,-0.07,1759267817.2229493
-0.02,0.29,-0.07,1759267817.2262352
-0.02,0.29,-0.07,1759267817.228698
-0.03,0.3,-0.07,1759267817.2305708
-0.02,0.3,-0.07,1759267817.2343533
-0.02,0.29,-0.07,1759267817.2371104
-0.02,0.29,-0.07,1759267817.2393627
-0.02,0.3,-0.07,1759267817.2420628
-0.02,0.29,-0.07,1759267817.245971
-0.02,0.29,-0.07,1759267817.2486036
-0.03,0.29,-0.07,1759267817.2514527
-0.03,0.29,-0.07,1759267817.2543366
-0.03,0.29,-0.07,1759267817.2569256
-0.04,0.29,-0.07,1759267817.2594638
-0.04,0.3,-0.07,1759267817.2625651
-0.04,0.3,-0.07,1759267817.2678142
-0.04,0.3,-0.07,1759267817.269797
-0.04,0.3,-0.07,1759267817.2732823
-0.03,0.31,-0.07,1759267817.2763803
-0.03,0.3,-0.07,1759267817.27839
-0.03,0.31,-0.07,1759267817.2805245
-0.03,0.31,-0.07,1759267817.284366
-0.04,0.3,-0.07,1759267817.286938
-0.04,0.3,-0.07,1759267817.289895
-0.03,0.3,-0.07,1759267817.2925313
-0.03,0.3,-0.07,1759267817.2955022
-0.04,0.3,-0.07,1759267817.2982788
-0.03,0.3,-0.07,1759267817.3006945
-0.03,0.3,-0.07,1759267817.3041332
-0.03,0.3,-0.07,1759267817.306692
-0.03,0.29,-0.07,1759267817.3095856
-0.03,0.3,-0.06,1759267817.3127
-0.02,0.3,-0.06,1759267817.3153832
-0.02,0.29,-0.06,1759267817.319847
-0.02,0.29,-0.06,1759267817.3234391
-0.01,0.29,-0.06,1759267817.3282695
-0.01,0.3,-0.06,1759267817.332852
-0.0,0.29,-0.06,1759267817.3368163
-0.0,0.29,-0.06,1759267817.341063
0.0,0.29,-0.06,1759267817.345132
0.01,0.29,-0.06,1759267817.3477302
0.0,0.29,-0.06,1759267817.3511047
0.01,0.29,-0.06,1759267817.3543203
0.0,0.29,-0.06,1759267817.3570323
0.0,0.28,-0.06,1759267817.3600671
-0.0,0.28,-0.06,1759267817.363156
0.0,0.28,-0.06,1759267817.3665724
-0.0,0.28,-0.06,1759267817.3693545
-0.01,0.29,-0.06,1759267817.3737724
-0.0,0.28,-0.06,1759267817.3765557
-0.0,0.28,-0.06,1759267817.379875
0.0,0.28,-0.06,1759267817.3822272
-0.0,0.28,-0.05,1759267817.38495
0.0,0.28,-0.05,1759267817.3883834
-0.0,0.28,-0.05,1759267817.3916445
0.01,0.28,-0.05,1759267817.3943567
0.01,0.28,-0.05,1759267817.398531
0.02,0.28,-0.05,1759267817.402206
0.02,0.29,-0.05,1759267817.4059937
0.02,0.28,-0.05,1759267817.4104683
0.02,0.28,-0.05,1759267817.4137094
0.03,0.28,-0.05,1759267817.415884
0.02,0.28,-0.05,1759267817.4220648
0.03,0.28,-0.05,1759267817.4253426
0.03,0.28,-0.05,1759267817.42861
0.03,0.28,-0.05,1759267817.4320283
0.04,0.28,-0.05,1759267817.4338355
0.04,0.29,-0.05,1759267817.4393485
0.04,0.29,-0.05,1759267817.4434762
0.04,0.3,-0.05,1759267817.4488254
0.05,0.3,-0.05,1759267817.4530234
0.05,0.29,-0.05,1759267817.4596882
0.05,0.29,-0.04,1759267817.4641976
0.06,0.29,-0.04,1759267817.4681256
0.06,0.28,-0.04,1759267817.4734137
0.06,0.27,-0.04,1759267817.47862
0.06,0.27,-0.04,1759267817.4870498
0.06,0.27,-0.04,1759267817.4911184
0.06,0.27,-0.04,1759267817.4968398
0.06,0.28,-0.04,1759267817.5033388
0.06,0.27,-0.04,1759267817.511075
0.06,0.27,-0.04,1759267817.5188882
0.06,0.27,-0.04,1759267817.5246048
0.06,0.27,-0.04,1759267817.530638
0.06,0.27,-0.04,1759267817.5352814
0.05,0.27,-0.04,1759267817.5399668
0.05,0.27,-0.04,1759267817.5426476
0.05,0.27,-0.04,1759267817.5453734
0.05,0.26,-0.04,1759267817.5484674
0.05,0.27,-0.04,1759267817.5537968
0.05,0.26,-0.04,1759267817.5593154
0.05,0.26,-0.03,1759267817.5637302
0.06,0.26,-0.03,1759267817.5666916
0.05,0.25,-0.03,1759267817.5705523
0.05,0.26,-0.03,1759267817.5742126
0.05,0.25,-0.03,1759267817.5835707
0.05,0.25,-0.03,1759267817.5906348
0.05,0.24,-0.03,1759267817.595598
0.05,0.25,-0.03,1759267817.603398
0.05,0.24,-0.03,1759267817.6153498
0.05,0.25,-0.03,1759267817.6205275
0.06,0.25,-0.03,1759267817.6253116
0.06,0.24,-0.03,1759267817.6300528
0.06,0.24,-0.03,1759267817.6358602
0.06,0.24,-0.03,1759267817.6413171
0.06,0.24,-0.03,1759267817.6481707
0.06,0.24,-0.03,1759267817.655269
0.06,0.24,-0.03,1759267817.6595645
0.06,0.24,-0.03,1759267817.6641004
0.06,0.23,-0.02,1759267817.6694448
0.06,0.23,-0.02,1759267817.6727974
0.06,0.23,-0.02,1759267817.6828926
0.06,0.22,-0.02,1759267817.6853294
0.06,0.23,-0.02,1759267817.6896367
0.06,0.23,-0.02,1759267817.693536
0.07,0.23,-0.02,1759267817.697396
0.07,0.23,-0.02,1759267817.702274
0.07,0.23,-0.02,1759267817.7067902
0.07,0.23,-0.02,1759267817.7177372
0.07,0.23,-0.02,1759267817.7226326
0.07,0.22,-0.02,1759267817.7312758
0.06,0.22,-0.02,1759267817.737584
0.07,0.22,-0.02,1759267817.7425165
0.07,0.21,-0.02,1759267817.7473676
0.07,0.21,-0.02,1759267817.7527308
0.07,0.21,-0.02,1759267817.7680738
0.07,0.21,-0.02,1759267817.778189
0.07,0.21,-0.02,1759267817.7855835
0.07,0.21,-0.02,1759267817.7885687
0.08,0.21,-0.02,1759267817.7915509
0.07,0.21,-0.02,1759267817.7951791
0.07,0.21,-0.02,1759267817.7999663
0.06,0.21,-0.02,1759267817.803964
0.05,0.21,-0.02,1759267817.8072548
0.05,0.21,-0.02,1759267817.8099132
0.05,0.21,-0.02,1759267817.8129883
0.05,0.2,-0.01,1759267817.820926
0.05,0.21,-0.01,1759267817.827627
0.05,0.2,-0.01,1759267817.8320851
0.05,0.2,-0.01,1759267817.835513
0.04,0.2,-0.01,1759267817.8385289
0.05,0.2,-0.01,1759267817.8407912
0.05,0.2,-0.01,1759267817.8448455
0.05,0.19,-0.01,1759267817.8495429
0.05,0.18,-0.01,1759267817.8544488
0.05,0.18,-0.01,1759267817.8601506
0.05,0.18,-0.01,1759267817.8633742
0.04,0.18,-0.01,1759267817.8666828
0.04,0.18,-0.01,1759267817.8701973
0.04,0.17,-0.01,1759267817.8727689
0.05,0.17,-0.01,1759267817.8750896
0.05,0.18,-0.01,1759267817.8782265
0.05,0.17,-0.01,1759267817.8804147
0.05,0.16,-0.01,1759267817.8843548
0.04,0.16,-0.01,1759267817.8867073
0.04,0.16,-0.01,1759267817.8910224
0.05,0.16,-0.01,1759267817.8940852
0.05,0.16,-0.01,1759267817.8980846
0.05,0.16,-0.01,1759267817.9019196
0.05,0.15,-0.01,1759267817.905457
0.06,0.15,-0.01,1759267817.9078166
0.06,0.15,-0.01,1759267817.913216
0.06,0.15,-0.01,1759267817.916484
0.06,0.14,-0.01,1759267817.9206402
0.06,0.13,-0.01,1759267817.924903
0.06,0.14,-0.01,1759267817.9309042
0.06,0.13,-0.01,1759267817.9332426
0.06,0.14,-0.01,1759267817.935806
0.06,0.14,-0.01,1759267817.9387383
0.06,0.14,-0.01,1759267817.9417448
0.06,0.13,-0.01,1759267817.945646
0.06,0.14,-0.01,1759267817.9503293
0.06,0.13,-0.01,1759267817.9531858
0.06,0.13,-0.01,1759267817.957177
0.06,0.13,-0.01,1759267817.9591372
0.05,0.13,-0.02,1759267817.9622204
0.05,0.13,-0.01,1759267817.9679422
0.05,0.12,-0.02,1759267817.9705496
0.05,0.13,-0.01,1759267817.9734983
0.05,0.12,-0.02,1759267817.9763892
0.05,0.12,-0.02,1759267817.9819071
0.06,0.13,-0.02,1759267817.9875991
0.05,0.12,-0.02,1759267817.9923987
0.05,0.12,-0.02,1759267817.9967904
0.05,0.13,-0.02,1759267817.9994042
0.04,0.13,-0.02,1759267818.002166
0.04,0.13,-0.02,1759267818.0054753
0.04,0.13,-0.02,1759267818.0093288
0.04,0.13,-0.02,1759267818.0133388
0.04,0.13,-0.02,1759267818.0172038
0.04,0.13,-0.02,1759267818.0218592
0.04,0.13,-0.02,1759267818.0256193
0.05,0.13,-0.02,1759267818.030264
0.05,0.12,-0.02,1759267818.0337336
0.05,0.13,-0.02,1759267818.03935
0.05,0.13,-0.02,1759267818.0423515
0.05,0.12,-0.02,1759267818.0498133
0.05,0.12,-0.02,1759267818.0527802
0.04,0.12,-0.02,1759267818.0554044
0.05,0.12,-0.02,1759267818.0579915
0.04,0.12,-0.02,1759267818.0624416
0.03,0.12,-0.02,1759267818.0652237
0.03,0.12,-0.02,1759267818.069358
0.03,0.12,-0.02,1759267818.0727177
0.04,0.12,-0.02,1759267818.0753253
0.04,0.12,-0.02,1759267818.0782905
0.04,0.13,-0.02,1759267818.0805411
0.04,0.13,-0.02,1759267818.083289
0.03,0.13,-0.02,1759267818.0872288
0.03,0.13,-0.02,1759267818.091064
0.02,0.12,-0.02,1759267818.0963304
0.02,0.12,-0.02,1759267818.1000197
0.02,0.12,-0.02,1759267818.104652
0.03,0.12,-0.02,1759267818.1076708
0.03,0.12,-0.02,1759267818.1116931
0.03,0.12,-0.02,1759267818.116197
0.03,0.12,-0.02,1759267818.118718
0.03,0.12,-0.02,1759267818.1216671
0.04,0.13,-0.02,1759267818.1279175
0.04,0.13,-0.02,1759267818.1312776
0.04,0.13,-0.02,1759267818.1380267
0.03,0.13,-0.02,1759267818.1431584
0.03,0.13,-0.02,1759267818.1461687
0.03,0.13,-0.02,1759267818.1510608
0.03,0.13,-0.02,1759267818.1551669
0.03,0.13,-0.02,1759267818.1600533
0.03,0.13,-0.02,1759267818.1647208
0.03,0.14,-0.02,1759267818.168529
0.04,0.14,-0.02,1759267818.1724644
0.04,0.15,-0.02,1759267818.1778743
0.04,0.15,-0.02,1759267818.1808224
0.04,0.15,-0.02,1759267818.1845973
0.05,0.15,-0.02,1759267818.1879332
0.05,0.15,-0.02,1759267818.19029
0.06,0.15,-0.02,1759267818.1937172
0.06,0.15,-0.02,1759267818.1963074
0.06,0.15,-0.02,1759267818.1995482
0.07,0.15,-0.02,1759267818.2026615
0.06,0.15,-0.03,1759267818.2052147
0.07,0.14,-0.03,1759267818.2084289
0.06,0.14,-0.03,1759267818.2114012
0.06,0.14,-0.03,1759267818.214598
0.07,0.13,-0.03,1759267818.217733
0.07,0.13,-0.03,1759267818.2208445
0.08,0.13,-0.03,1759267818.2233534
0.07,0.14,-0.03,1759267818.2274318
0.08,0.14,-0.03,1759267818.2298868
0.08,0.14,-0.03,1759267818.2339358
0.08,0.14,-0.03,1759267818.2370558
0.08,0.14,-0.03,1759267818.2399414
0.09,0.14,-0.03,1759267818.243457
0.09,0.13,-0.03,1759267818.2460072
0.08,0.14,-0.03,1759267818.2494867
0.09,0.14,-0.03,1759267818.251716
0.09,0.14,-0.03,1759267818.2540028
0.09,0.14,-0.03,1759267818.2572882
0.09,0.14,-0.03,1759267818.2596762
0.09,0.15,-0.03,1759267818.262628
0.09,0.15,-0.03,1759267818.2664163
0.1,0.15,-0.03,1759267818.2684882
0.1,0.15,-0.03,1759267818.2721195
0.1,0.15,-0.03,1759267818.2747667
0.1,0.15,-0.03,1759267818.2781334
0.09,0.15,-0.03,1759267818.2808473
0.09,0.15,-0.03,1759267818.2835808
0.08,0.14,-0.04,1759267818.287007
0.09,0.14,-0.04,1759267818.2895124
0.1,0.15,-0.04,1759267818.2928505
0.09,0.14,-0.04,1759267818.295319
0.09,0.14,-0.04,1759267818.2981963
0.09,0.15,-0.04,1759267818.301411
0.09,0.15,-0.04,1759267818.3043451
0.08,0.15,-0.04,1759267818.3076048
0.09,0.15,-0.04,1759267818.3106651
0.09,0.15,-0.04,1759267818.313061
0.09,0.16,-0.04,1759267818.3153307
0.08,0.16,-0.04,1759267818.3190784
0.09,0.16,-0.04,1759267818.321719
0.09,0.16,-0.04,1759267818.3244257
0.09,0.16,-0.04,1759267818.328158
0.09,0.16,-0.04,1759267818.3301756
0.09,0.16,-0.04,1759267818.333337
0.08,0.16,-0.04,1759267818.3358586
0.08,0.16,-0.04,1759267818.3392568
0.08,0.16,-0.04,1759267818.3417149
0.08,0.16,-0.04,1759267818.344939
0.08,0.16,-0.04,1759267818.34813
0.09,0.16,-0.04,1759267818.3501625
0.09,0.16,-0.04,1759267818.3524284
0.09,0.16,-0.04,1759267818.3546336
0.09,0.16,-0.05,1759267818.3572052
0.09,0.16,-0.05,1759267818.3594098
0.09,0.16,-0.05,1759267818.3625424
0.09,0.16,-0.05,1759267818.3651369
0.09,0.16,-0.05,1759267818.3682766
0.09,0.17,-0.05,1759267818.370499
0.09,0.17,-0.05,1759267818.3729658
0.09,0.17,-0.05,1759267818.3758118
0.08,0.17,-0.05,1759267818.3790846
0.08,0.17,-0.05,1759267818.381458
0.08,0.17,-0.05,1759267818.3837738
0.08,0.17,-0.05,1759267818.386968
0.08,0.17,-0.05,1759267818.3899412
0.09,0.17,-0.05,1759267818.392288
0.09,0.17,-0.05,1759267818.3943052
0.09,0.17,-0.05,1759267818.3976784
0.09,0.17,-0.05,1759267818.400778
0.1,0.17,-0.05,1759267818.4027965
0.09,0.17,-0.05,1759267818.4053292
0.09,0.17,-0.05,1759267818.408505
0.09,0.17,-0.05,1759267818.4114158
0.09,0.17,-0.05,1759267818.4136508
0.09,0.17,-0.05,1759267818.4170673
0.09,0.17,-0.05,1759267818.4197652
0.09,0.17,-0.05,1759267818.4230902
0.09,0.17,-0.05,1759267818.42604
0.09,0.16,-0.06,1759267818.4284866
0.09,0.17,-0.06,1759267818.4308925
0.1,0.17,-0.06,1759267818.4333403
0.09,0.17,-0.06,1759267818.4368894
0.09,0.17,-0.06,1759267818.4392524
0.09,0.18,-0.06,1759267818.4417727
0.09,0.17,-0.06,1759267818.4455457
0.09,0.17,-0.06,1759267818.448614
0.08,0.18,-0.06,1759267818.4508514
0.09,0.18,-0.06,1759267818.453144
0.08,0.18,-0.06,1759267818.456518
0.08,0.18,-0.06,1759267818.460082
0.09,0.18,-0.06,1759267818.462994
0.09,0.18,-0.06,1759267818.4671292
0.09,0.18,-0.06,1759267818.4702158
0.09,0.18,-0.06,1759267818.4738946
0.09,0.18,-0.06,1759267818.4771163
0.09,0.18,-0.06,1759267818.4798698
0.09,0.18,-0.06,1759267818.482005
0.09,0.18,-0.06,1759267818.4857063
0.08,0.18,-0.06,1759267818.4896762
0.09,0.18,-0.06,1759267818.494082
0.08,0.18,-0.06,1759267818.4984105
0.08,0.18,-0.06,1759267818.5019617
0.09,0.18,-0.06,1759267818.5050733
0.08,0.18,-0.06,1759267818.508827
0.08,0.18,-0.07,1759267818.5115736
0.08,0.18,-0.07,1759267818.515097
0.08,0.18,-0.07,1759267818.517614
0.08,0.18,-0.07,1759267818.5214736
0.09,0.19,-0.07,1759267818.5237708
0.09,0.18,-0.07,1759267818.5281734
0.08,0.18,-0.07,1759267818.5303242
0.08,0.18,-0.07,1759267818.5333655
0.08,0.18,-0.07,1759267818.5376716
0.08,0.18,-0.07,1759267818.5405512
0.07,0.18,-0.07,1759267818.5431008
0.07,0.18,-0.07,1759267818.5456834
0.07,0.19,-0.07,1759267818.547626
0.07,0.19,-0.07,1759267818.5497098
0.07,0.19,-0.07,1759267818.5519269
0.07,0.19,-0.07,1759267818.554292
0.07,0.19,-0.07,1759267818.5574577
0.07,0.19,-0.07,1759267818.560084
0.07,0.19,-0.07,1759267818.562252
0.07,0.19,-0.07,1759267818.564689
0.06,0.19,-0.07,1759267818.5674992
0.06,0.19,-0.07,1759267818.5704384
0.06,0.19,-0.07,1759267818.5736446
0.06,0.19,-0.07,1759267818.575874
0.06,0.19,-0.08,1759267818.5777357
0.06,0.19,-0.08,1759267818.5799909
0.06,0.18,-0.08,1759267818.581951
0.05,0.18,-0.08,1759267818.585974
0.05,0.19,-0.08,1759267818.5881438
0.05,0.18,-0.08,1759267818.5905678
0.06,0.18,-0.08,1759267818.5929976
0.05,0.19,-0.08,1759267818.5953894
0.05,0.19,-0.08,1759267818.5975366
0.05,0.19,-0.08,1759267818.6001744
0.05,0.19,-0.08,1759267818.602832
0.05,0.19,-0.08,1759267818.6078277
0.05,0.19,-0.08,1759267818.6099498
0.04,0.19,-0.08,1759267818.612694
0.03,0.2,-0.08,1759267818.6177156
0.04,0.2,-0.08,1759267818.61999
0.04,0.19,-0.08,1759267818.6236546
0.04,0.2,-0.08,1759267818.6308882
0.03,0.19,-0.08,1759267818.633015
0.03,0.19,-0.08,1759267818.6363797
0.02,0.2,-0.08,1759267818.639886
0.02,0.2,-0.08,1759267818.6431563
0.02,0.2,-0.08,1759267818.6474106
0.02,0.2,-0.08,1759267818.651172
0.02,0.2,-0.08,1759267818.6566608
0.02,0.2,-0.08,1759267818.6604
0.02,0.2,-0.08,1759267818.6656587
0.02,0.2,-0.08,1759267818.6707592
0.02,0.2,-0.08,1759267818.678507
0.02,0.2,-0.08,1759267818.6831686
0.02,0.2,-0.08,1759267818.6899445
0.01,0.2,-0.08,1759267818.6963806
0.01,0.2,-0.08,1759267818.704282
0.02,0.2,-0.08,1759267818.7101443
0.01,0.2,-0.08,1759267818.7154348
0.01,0.2,-0.08,1759267818.7219422
0.01,0.21,-0.08,1759267818.7264273
0.01,0.21,-0.08,1759267818.7316413
0.01,0.21,-0.08,1759267818.7364712
0.01,0.21,-0.08,1759267818.7450025
0.01,0.21,-0.08,1759267818.7504003
0.01,0.21,-0.08,1759267818.754185
0.01,0.21,-0.08,1759267818.7592049
0.01,0.2,-0.08,1759267818.768302
0.01,0.2,-0.08,1759267818.77134
0.01,0.2,-0.08,1759267818.7737808
0.01,0.21,-0.08,1759267818.781489
0.01,0.21,-0.08,1759267818.7902718
0.01,0.2,-0.08,1759267818.7957015
0.01,0.21,-0.08,1759267818.8008497
0.01,0.2,-0.08,1759267818.8056502
0.01,0.21,-0.08,1759267818.8084586
0.01,0.22,-0.08,1759267818.812962
0.0,0.22,-0.08,1759267818.815713
0.01,0.22,-0.08,1759267818.8197725
0.0,0.21,-0.08,1759267818.8265972
0.01,0.22,-0.08,1759267818.8297477
0.01,0.22,-0.08,1759267818.8365705
0.01,0.22,-0.08,1759267818.8430662
0.01,0.22,-0.08,1759267818.846287
0.01,0.22,-0.07,1759267818.851401
0.01,0.22,-0.07,1759267818.855817
0.01,0.22,-0.07,1759267818.8593962
0.01,0.21,-0.07,1759267818.8656552
0.01,0.22,-0.07,1759267818.8693998
0.01,0.21,-0.07,1759267818.8723938
0.01,0.21,-0.07,1759267818.8753216
0.01,0.21,-0.07,1759267818.877371
0.01,0.22,-0.07,1759267818.8804512
0.01,0.22,-0.07,1759267818.8856566
0.0,0.22,-0.07,1759267818.8887556
0.01,0.22,-0.07,1759267818.891199
0.0,0.22,-0.07,1759267818.89422
0.0,0.21,-0.07,1759267818.8975568
0.01,0.22,-0.07,1759267818.9015677
0.01,0.22,-0.07,1759267818.9051225
0.01,0.22,-0.07,1759267818.9091785
0.02,0.21,-0.07,1759267818.9115252
0.02,0.21,-0.07,1759267818.9135077
0.02,0.21,-0.07,1759267818.9168286
0.03,0.2,-0.07,1759267818.9194126
0.03,0.2,-0.07,1759267818.921586
0.03,0.2,-0.06,1759267818.9236312
0.03,0.2,-0.06,1759267818.9263675
0.04,0.2,-0.06,1759267818.9289656
0.04,0.21,-0.06,1759267818.9326515
0.04,0.2,-0.06,1759267818.9393682
0.05,0.2,-0.06,1759267818.9439614
0.05,0.2,-0.06,1759267818.94818
0.05,0.2,-0.06,1759267818.9510968
0.04,0.2,-0.06,1759267818.957479
0.05,0.2,-0.06,1759267818.96039
0.05,0.2,-0.06,1759267818.966538
0.05,0.2,-0.06,1759267818.97218
0.05,0.2,-0.06,1759267818.9758978
0.05,0.21,-0.06,1759267818.9786868
0.05,0.21,-0.06,1759267818.9835155
0.05,0.21,-0.06,1759267818.9874282
0.06,0.21,-0.05,1759267818.9903562
0.06,0.21,-0.05,1759267818.9924698
0.06,0.21,-0.05,1759267818.9952192
0.06,0.21,-0.05,1759267818.9975712
0.07,0.21,-0.05,1759267818.9998431
0.07,0.2,-0.05,1759267819.003121
0.06,0.2,-0.05,1759267819.0087714
0.06,0.2,-0.05,1759267819.0122638
0.06,0.2,-0.05,1759267819.0181963
0.06,0.2,-0.05,1759267819.0204954
0.06,0.19,-0.05,1759267819.023492
0.06,0.19,-0.05,1759267819.025884
0.06,0.19,-0.05,1759267819.028744
0.06,0.19,-0.05,1759267819.0308492
0.06,0.18,-0.05,1759267819.033421
0.06,0.18,-0.05,1759267819.035585
0.06,0.19,-0.05,1759267819.0395863
0.06,0.19,-0.05,1759267819.0436144
0.06,0.18,-0.05,1759267819.046578
0.07,0.18,-0.04,1759267819.0486062
0.07,0.19,-0.04,1759267819.0513194
0.07,0.19,-0.04,1759267819.053651
0.07,0.18,-0.04,1759267819.0620332
0.07,0.19,-0.04,1759267819.0661252
0.07,0.19,-0.04,1759267819.069134
0.07,0.18,-0.04,1759267819.07127
0.07,0.19,-0.04,1759267819.0749772
0.07,0.19,-0.04,1759267819.0792024
0.07,0.19,-0.04,1759267819.0820842
0.07,0.19,-0.04,1759267819.0874352
0.07,0.19,-0.04,1759267819.090971
0.07,0.19,-0.04,1759267819.0935254
0.07,0.19,-0.04,1759267819.0993416
0.08,0.19,-0.04,1759267819.107416
0.08,0.19,-0.04,1759267819.1136413
0.08,0.18,-0.04,1759267819.1228611
0.08,0.19,-0.04,1759267819.127202
0.08,0.18,-0.04,1759267819.1302254
0.08,0.19,-0.04,1759267819.1336324
0.07,0.19,-0.03,1759267819.1401358
0.08,0.19,-0.03,1759267819.1491246
0.08,0.19,-0.03,1759267819.159094
0.08,0.19,-0.03,1759267819.1740787
0.08,0.19,-0.03,1759267819.1763902
0.08,0.19,-0.03,1759267819.1794608
0.08,0.19,-0.03,1759267819.1865776
0.08,0.19,-0.03,1759267819.1982172
0.08,0.19,-0.03,1759267819.204392
0.08,0.19,-0.03,1759267819.2081578
0.07,0.19,-0.03,1759267819.21087
0.07,0.18,-0.03,1759267819.2137167
0.08,0.18,-0.03,1759267819.2169783
0.07,0.18,-0.03,1759267819.220308
0.07,0.18,-0.03,1759267819.223421
0.06,0.18,-0.03,1759267819.2275538
0.07,0.18,-0.03,1759267819.231729
0.06,0.18,-0.03,1759267819.2349026
0.07,0.18,-0.03,1759267819.2395363
0.07,0.18,-0.03,1759267819.2459626
0.07,0.17,-0.03,1759267819.2520993
0.07,0.17,-0.03,1759267819.2555275
0.08,0.17,-0.03,1759267819.2597482
0.07,0.17,-0.03,1759267819.2628264
0.07,0.17,-0.03,1759267819.266282
0.07,0.17,-0.03,1759267819.2747457
0.07,0.18,-0.03,1759267819.2806482
0.06,0.18,-0.03,1759267819.2848835
0.06,0.18,-0.03,1759267819.28796
0.06,0.18,-0.03,1759267819.2901094
0.07,0.17,-0.03,1759267819.2957006
0.07,0.17,-0.03,1759267819.301833
0.07,0.17,-0.03,1759267819.3040955
0.07,0.16,-0.03,1759267819.3065193
0.07,0.16,-0.03,1759267819.3108628
0.07,0.16,-0.03,1759267819.316141
0.06,0.16,-0.03,1759267819.318709
0.07,0.16,-0.03,1759267819.3221178
0.07,0.16,-0.03,1759267819.3240814
0.07,0.16,-0.03,1759267819.3288631
0.08,0.15,-0.03,1759267819.3312263
0.08,0.15,-0.03,1759267819.3356233
0.08,0.15,-0.03,1759267819.3377635
0.09,0.15,-0.03,1759267819.3399467
0.09,0.15,-0.03,1759267819.3438294
0.09,0.15,-0.03,1759267819.3461742
0.08,0.14,-0.03,1759267819.3488638
0.08,0.14,-0.03,1759267819.3525248
0.08,0.14,-0.03,1759267819.3551033
0.08,0.14,-0.03,1759267819.3591828
0.08,0.14,-0.03,1759267819.3711512
0.08,0.14,-0.03,1759267819.3784027
0.07,0.14,-0.03,1759267819.3856063
0.07,0.14,-0.03,1759267819.3897786
0.07,0.14,-0.03,1759267819.392795
0.07,0.14,-0.03,1759267819.395187
0.07,0.14,-0.03,1759267819.3982923
0.07,0.14,-0.03,1759267819.4016483
0.08,0.14,-0.03,1759267819.4081876
0.07,0.14,-0.03,1759267819.4120731
0.07,0.14,-0.03,1759267819.4162903
0.08,0.14,-0.03,1759267819.422963
0.08,0.14,-0.03,1759267819.4452257
0.08,0.14,-0.03,1759267819.4572356
0.07,0.14,-0.03,1759267819.4656014
0.07,0.14,-0.03,1759267819.47373
0.07,0.13,-0.03,1759267819.4819877
0.07,0.13,-0.03,1759267819.4895113
0.07,0.13,-0.03,1759267819.4933317
0.07,0.13,-0.03,1759267819.4981103
0.07,0.12,-0.03,1759267819.501541
0.07,0.13,-0.03,1759267819.5049264
0.07,0.12,-0.03,1759267819.5080228
0.07,0.12,-0.03,1759267819.5112507
0.06,0.12,-0.03,1759267819.516052
0.06,0.13,-0.03,1759267819.5209508
0.06,0.13,-0.03,1759267819.5246809
0.06,0.13,-0.03,1759267819.5287309
0.06,0.13,-0.03,1759267819.5323646
0.06,0.13,-0.03,1759267819.5398123
0.06,0.13,-0.03,1759267819.5426788
0.07,0.13,-0.03,1759267819.5468314
0.07,0.12,-0.03,1759267819.54987
0.07,0.13,-0.03,1759267819.553384
0.07,0.12,-0.03,1759267819.5587451
0.07,0.12,-0.03,1759267819.5635312
0.07,0.12,-0.03,1759267819.5670352
0.06,0.13,-0.04,1759267819.5706303
0.06,0.13,-0.04,1759267819.573973
0.06,0.13,-0.04,1759267819.577357
0.05,0.13,-0.04,1759267819.5803783
0.05,0.14,-0.04,1759267819.5840256
0.05,0.13,-0.04,1759267819.5876455
0.05,0.13,-0.04,1759267819.5909812
0.06,0.13,-0.04,1759267819.5942895
0.06,0.13,-0.04,1759267819.597608
0.05,0.13,-0.04,1759267819.600492
0.05,0.13,-0.04,1759267819.6036658
0.05,0.13,-0.04,1759267819.607236
0.05,0.12,-0.04,1759267819.6105397
0.05,0.12,-0.04,1759267819.6136203
0.05,0.12,-0.04,1759267819.6171222
0.05,0.12,-0.04,1759267819.6200256
0.05,0.12,-0.05,1759267819.6234062
0.04,0.11,-0.05,1759267819.6297162
0.05,0.12,-0.05,1759267819.637503
0.05,0.12,-0.05,1759267819.6412592
0.06,0.12,-0.05,1759267819.6457036
0.06,0.12,-0.05,1759267819.650483
0.06,0.12,-0.05,1759267819.6553087
0.06,0.12,-0.05,1759267819.658582
0.06,0.12,-0.05,1759267819.6621957
0.07,0.12,-0.05,1759267819.6651652
0.07,0.12,-0.05,1759267819.668681
0.07,0.11,-0.05,1759267819.672004
0.07,0.11,-0.05,1759267819.6754014
0.06,0.11,-0.05,1759267819.6782987
0.07,0.11,-0.05,1759267819.681292
0.07,0.11,-0.06,1759267819.6854346
0.06,0.1,-0.06,1759267819.6884043
0.06,0.1,-0.06,1759267819.6935112
0.05,0.1,-0.06,1759267819.6973145
0.06,0.1,-0.06,1759267819.7072392
0.06,0.1,-0.06,1759267819.7135663
0.06,0.1,-0.06,1759267819.7205982
0.06,0.1,-0.06,1759267819.7249413
0.05,0.1,-0.06,1759267819.7352183
0.05,0.09,-0.06,1759267819.7401676
0.05,0.1,-0.06,1759267819.745165
0.05,0.1,-0.06,1759267819.750862
0.06,0.11,-0.06,1759267819.754891
0.05,0.1,-0.07,1759267819.7630334
0.05,0.11,-0.07,1759267819.773659
0.05,0.11,-0.07,1759267819.7793252
0.06,0.12,-0.07,1759267819.787357
0.06,0.11,-0.07,1759267819.7914715
0.06,0.11,-0.07,1759267819.7982292
0.06,0.12,-0.07,1759267819.8056655
0.05,0.11,-0.07,1759267819.8131602
0.05,0.11,-0.07,1759267819.8228326
0.04,0.11,-0.07,1759267819.8325255
0.03,0.11,-0.07,1759267819.8473697
0.04,0.11,-0.07,1759267819.8569198
0.04,0.12,-0.07,1759267819.8635623
0.04,0.11,-0.07,1759267819.8688407
0.04,0.12,-0.07,1759267819.8748524
0.04,0.11,-0.07,1759267819.881204
0.04,0.11,-0.07,1759267819.889429
0.04,0.12,-0.07,1759267819.8939826
0.05,0.11,-0.08,1759267819.897542
0.04,0.11,-0.08,1759267819.9040244
0.04,0.12,-0.08,1759267819.9116328
0.03,0.12,-0.08,1759267819.9168568
0.02,0.12,-0.08,1759267819.9319315
0.02,0.11,-0.08,1759267819.9398584
0.03,0.12,-0.08,1759267819.9483418
0.03,0.12,-0.08,1759267819.955269
0.02,0.12,-0.08,1759267819.9606888
0.01,0.12,-0.08,1759267819.9646692
0.02,0.12,-0.08,1759267819.9681542
0.02,0.12,-0.08,1759267819.972843
0.01,0.12,-0.08,1759267819.9794116
0.01,0.13,-0.08,1759267819.9859524
0.02,0.13,-0.08,1759267819.996443
0.02,0.13,-0.08,1759267820.005556
0.01,0.13,-0.08,1759267820.0104628
0.01,0.13,-0.08,1759267820.0151477
0.01,0.13,-0.08,1759267820.0268788
0.02,0.14,-0.08,1759267820.0316415
0.02,0.14,-0.08,1759267820.0360906
0.02,0.15,-0.08,1759267820.0407867
0.02,0.15,-0.08,1759267820.0446675
0.02,0.16,-0.08,1759267820.0503109
0.03,0.16,-0.08,1759267820.053947
0.02,0.16,-0.08,1759267820.0586417
0.02,0.16,-0.08,1759267820.0642676
0.03,0.16,-0.08,1759267820.0680382
0.03,0.16,-0.08,1759267820.0741742
0.03,0.17,-0.08,1759267820.0817263
0.03,0.17,-0.08,1759267820.0878725
0.03,0.17,-0.08,1759267820.093142
0.03,0.17,-0.08,1759267820.0954764
0.02,0.18,-0.08,1759267820.10087
0.02,0.18,-0.08,1759267820.1047869
0.03,0.19,-0.08,1759267820.108399
0.02,0.19,-0.08,1759267820.1132743
0.02,0.19,-0.08,1759267820.1165757
0.01,0.18,-0.08,1759267820.1196957
0.01,0.18,-0.08,1759267820.1231642
0.01,0.19,-0.08,1759267820.1271667
0.01,0.19,-0.08,1759267820.1309872
0.0,0.2,-0.08,1759267820.133784
0.01,0.2,-0.08,1759267820.1364195
0.02,0.2,-0.08,1759267820.138848
0.01,0.2,-0.08,1759267820.141322
0.0,0.2,-0.08,1759267820.144068
0.0,0.2,-0.08,1759267820.1473718
0.0,0.19,-0.08,1759267820.15006
0.0,0.2,-0.08,1759267820.152563
0.01,0.2,-0.08,1759267820.1556723
0.0,0.2,-0.08,1759267820.1634572
-0.0,0.21,-0.08,1759267820.1662807
0.0,0.2,-0.08,1759267820.1698408
0.0,0.21,-0.08,1759267820.1739075
0.0,0.21,-0.08,1759267820.1769683
0.0,0.21,-0.08,1759267820.181799
0.01,0.21,-0.08,1759267820.187643
0.01,0.21,-0.08,1759267820.193017
0.01,0.21,-0.08,1759267820.1987178
0.01,0.21,-0.08,1759267820.2044473
0.01,0.21,-0.08,1759267820.2096465
0.01,0.21,-0.08,1759267820.2151415
0.01,0.21,-0.08,1759267820.227697
0.01,0.21,-0.08,1759267820.2398658
0.01,0.22,-0.08,1759267820.2502527
0.01,0.22,-0.08,1759267820.2582853
0.02,0.22,-0.08,1759267820.270668
0.02,0.22,-0.08,1759267820.278068
0.01,0.22,-0.08,1759267820.287224
0.01,0.22,-0.08,1759267820.2963142
0.01,0.23,-0.08,1759267820.3065212
0.01,0.23,-0.08,1759267820.3149955
0.01,0.22,-0.07,1759267820.323535
0.02,0.23,-0.07,1759267820.3276584
0.02,0.23,-0.07,1759267820.3355749
0.02,0.23,-0.07,1759267820.341369
0.02,0.23,-0.07,1759267820.3530123
0.01,0.24,-0.07,1759267820.35916
0.02,0.24,-0.07,1759267820.3643746
0.02,0.24,-0.07,1759267820.3713083
0.02,0.24,-0.07,1759267820.3778362
0.02,0.24,-0.07,1759267820.3807113
0.02,0.24,-0.07,1759267820.3843648
0.02,0.24,-0.07,1759267820.3861425
0.02,0.24,-0.07,1759267820.3893514
0.02,0.24,-0.07,1759267820.3917542
0.02,0.24,-0.07,1759267820.395069
0.02,0.23,-0.07,1759267820.4019873
0.02,0.24,-0.07,1759267820.40486
0.03,0.23,-0.07,1759267820.4088218
0.02,0.24,-0.07,1759267820.41572
0.02,0.23,-0.07,1759267820.422337
0.02,0.23,-0.07,1759267820.4250662
0.02,0.23,-0.07,1759267820.427528
0.02,0.23,-0.07,1759267820.4295328
0.02,0.23,-0.07,1759267820.432077
0.02,0.23,-0.07,1759267820.4349082
0.02,0.23,-0.07,1759267820.4369905
0.02,0.22,-0.07,1759267820.441112
0.02,0.22,-0.07,1759267820.4466798
0.02,0.22,-0.07,1759267820.4632037
0.02,0.22,-0.07,1759267820.474976
0.03,0.22,-0.07,1759267820.4825678
0.03,0.22,-0.06,1759267820.492883
0.03,0.22,-0.06,1759267820.5124562
0.02,0.22,-0.06,1759267820.5240922
0.03,0.22,-0.06,1759267820.5296886
0.03,0.22,-0.06,1759267820.5363512
0.03,0.22,-0.06,1759267820.5404656
0.04,0.22,-0.06,1759267820.5468514
0.03,0.22,-0.06,1759267820.5500424
0.04,0.22,-0.06,1759267820.5543115
0.04,0.22,-0.06,1759267820.5582426
0.03,0.22,-0.06,1759267820.5682433
0.03,0.22,-0.06,1759267820.573043
0.03,0.22,-0.06,1759267820.577917
0.03,0.22,-0.06,1759267820.581334
0.03,0.22,-0.06,1759267820.5858634
0.04,0.22,-0.06,1759267820.5889928
0.04,0.22,-0.06,1759267820.592845
0.04,0.22,-0.06,1759267820.5952525
0.05,0.22,-0.06,1759267820.5976982
0.05,0.22,-0.06,1759267820.6016428
0.06,0.22,-0.06,1759267820.6040382
0.05,0.22,-0.06,1759267820.607096
0.06,0.22,-0.06,1759267820.60959
0.06,0.22,-0.06,1759267820.6119096
0.06,0.22,-0.06,1759267820.6248808
0.06,0.22,-0.06,1759267820.6449034
0.05,0.22,-0.06,1759267820.648162
0.06,0.22,-0.06,1759267820.659427
0.06,0.23,-0.06,1759267820.6661897
0.07,0.22,-0.06,1759267820.6722784
0.07,0.22,-0.06,1759267820.677991
0.07,0.22,-0.06,1759267820.6840746
0.06,0.22,-0.06,1759267820.6908767
0.06,0.22,-0.06,1759267820.6967022
0.06,0.22,-0.06,1759267820.7049935
0.05,0.22,-0.06,1759267820.7105312
0.04,0.21,-0.06,1759267820.716324
0.05,0.21,-0.06,1759267820.7229328
0.05,0.21,-0.06,1759267820.727963
0.04,0.21,-0.06,1759267820.733927
0.04,0.21,-0.06,1759267820.7382703
0.05,0.21,-0.06,1759267820.7429872
0.05,0.21,-0.06,1759267820.747765
0.05,0.21,-0.06,1759267820.7548454
0.06,0.21,-0.06,1759267820.759803
0.06,0.2,-0.06,1759267820.7728086
0.06,0.2,-0.06,1759267820.777861
0.06,0.2,-0.06,1759267820.7838025
0.06,0.2,-0.06,1759267820.7886126
0.06,0.2,-0.06,1759267820.7957833
0.06,0.2,-0.06,1759267820.7995636
0.06,0.2,-0.06,1759267820.8048244
0.05,0.19,-0.06,1759267820.8128726
0.06,0.19,-0.06,1759267820.822752
0.06,0.19,-0.06,1759267820.8280864
0.05,0.19,-0.06,1759267820.835734
0.06,0.18,-0.07,1759267820.8418844
0.05,0.18,-0.07,1759267820.8464203
0.06,0.19,-0.07,1759267820.850337
0.07,0.19,-0.07,1759267820.8610325
0.07,0.19,-0.07,1759267820.8663726
0.06,0.19,-0.07,1759267820.875923
0.06,0.19,-0.07,1759267820.879719
0.06,0.19,-0.07,1759267820.8862374
0.07,0.19,-0.07,1759267820.8926709
0.06,0.19,-0.07,1759267820.8960464
0.05,0.19,-0.07,1759267820.9015474
0.06,0.19,-0.07,1759267820.9051847
0.06,0.19,-0.07,1759267820.9102025
0.06,0.19,-0.07,1759267820.9148457
0.05,0.19,-0.07,1759267820.9235203
0.05,0.19,-0.07,1759267820.9284904
0.05,0.19,-0.07,1759267820.937189
0.05,0.19,-0.07,1759267820.9448185
0.04,0.19,-0.07,1759267820.951573
0.05,0.18,-0.07,1759267820.9588048
0.05,0.18,-0.07,1759267820.9643197
0.06,0.18,-0.07,1759267820.9752202
0.06,0.18,-0.07,1759267820.9838202
0.07,0.18,-0.07,1759267820.994691
0.06,0.17,-0.07,1759267821.0025263
0.05,0.18,-0.07,1759267821.0138338
0.05,0.17,-0.07,1759267821.0203395
0.06,0.17,-0.07,1759267821.0291216
0.06,0.17,-0.07,1759267821.0339837
0.07,0.17,-0.07,1759267821.038853
0.06,0.17,-0.07,1759267821.0428464
0.07,0.18,-0.07,1759267821.04727
0.06,0.17,-0.07,1759267821.0500617
0.06,0.17,-0.07,1759267821.0530622
0.06,0.17,-0.07,1759267821.0578363
0.06,0.17,-0.07,1759267821.0597422
0.05,0.17,-0.07,1759267821.0627892
0.05,0.18,-0.07,1759267821.068112
0.05,0.18,-0.07,1759267821.070887
0.05,0.18,-0.07,1759267821.0743191
0.06,0.18,-0.07,1759267821.0786848
0.05,0.18,-0.07,1759267821.083296
0.05,0.18,-0.07,1759267821.089952
0.05,0.18,-0.07,1759267821.0938902
0.05,0.18,-0.07,1759267821.1095634
0.05,0.18,-0.07,1759267821.114602
0.06,0.18,-0.07,1759267821.118402
0.05,0.17,-0.08,1759267821.1230657
0.05,0.18,-0.08,1759267821.128683
0.05,0.18,-0.08,1759267821.1375957
0.05,0.18,-0.08,1759267821.1517482
0.05,0.17,-0.08,1759267821.1646354
0.05,0.18,-0.08,1759267821.172681
0.04,0.18,-0.08,1759267821.1807928
0.04,0.18,-0.08,1759267821.184555
0.04,0.18,-0.08,1759267821.1880665
0.04,0.18,-0.08,1759267821.1913188
0.04,0.19,-0.08,1759267821.1949046
0.04,0.19,-0.08,1759267821.1983547
0.04,0.19,-0.08,1759267821.202289
0.04,0.19,-0.08,1759267821.2057753
0.04,0.19,-0.08,1759267821.2112386
0.04,0.19,-0.08,1759267821.215995
0.04,0.19,-0.08,1759267821.2199316
0.04,0.19,-0.08,1759267821.2247956
0.04,0.19,-0.08,1759267821.2309892
0.04,0.19,-0.08,1759267821.235073
0.04,0.19,-0.08,1759267821.2435606
0.05,0.19,-0.08,1759267821.2480402
0.05,0.2,-0.07,1759267821.2513757
0.05,0.2,-0.07,1759267821.2563612
0.04,0.2,-0.07,1759267821.2622514
0.04,0.2,-0.07,1759267821.267058
0.04,0.2,-0.07,1759267821.2722013
0.04,0.2,-0.07,1759267821.276743
0.04,0.21,-0.07,1759267821.2788634
0.03,0.21,-0.07,1759267821.2830825
0.04,0.21,-0.07,1759267821.2867222
0.04,0.21,-0.07,1759267821.2914343
0.04,0.21,-0.07,1759267821.29479
0.04,0.21,-0.07,1759267821.2983918
0.04,0.22,-0.07,1759267821.300949
0.04,0.21,-0.07,1759267821.3100274
0.04,0.22,-0.07,1759267821.3163998
0.04,0.22,-0.07,1759267821.3224142
0.03,0.23,-0.07,1759267821.3254943
0.03,0.22,-0.07,1759267821.331272
0.03,0.22,-0.07,1759267821.337986
0.03,0.23,-0.07,1759267821.3479955
0.03,0.23,-0.07,1759267821.3522642
0.03,0.23,-0.07,1759267821.3587196
0.03,0.23,-0.07,1759267821.3655877
0.03,0.23,-0.07,1759267821.3711922
0.03,0.24,-0.07,1759267821.3742244
0.03,0.24,-0.07,1759267821.3764968
0.04,0.24,-0.07,1759267821.378603
0.04,0.25,-0.07,1759267821.3865025
0.03,0.26,-0.07,1759267821.3912835
0.04,0.26,-0.07,1759267821.40967
0.04,0.26,-0.07,1759267821.414123
0.04,0.27,-0.06,1759267821.4238782
0.04,0.27,-0.06,1759267821.4268658
0.05,0.27,-0.06,1759267821.4327304
0.05,0.27,-0.06,1759267821.4367342
0.05,0.27,-0.06,1759267821.4408371
0.05,0.27,-0.06,1759267821.4520683
0.05,0.27,-0.06,1759267821.463826
0.05,0.27,-0.06,1759267821.4722376
0.05,0.27,-0.06,1759267821.4827714
0.05,0.26,-0.06,1759267821.48898
0.05,0.26,-0.06,1759267821.4947064
0.05,0.27,-0.06,1759267821.5067458
0.05,0.27,-0.06,1759267821.5231483
0.05,0.27,-0.06,1759267821.5323238
0.05,0.27,-0.06,1759267821.5384555
0.05,0.26,-0.06,1759267821.5411766
0.06,0.27,-0.06,1759267821.5490398
0.06,0.26,-0.06,1759267821.5522425
0.06,0.26,-0.06,1759267821.556234
0.06,0.26,-0.06,1759267821.5606935
0.06,0.26,-0.06,1759267821.5756009
0.06,0.26,-0.06,1759267821.5801234
0.06,0.26,-0.06,1759267821.5835793
0.07,0.26,-0.06,1759267821.588832
0.06,0.26,-0.06,1759267821.5941124
0.06,0.25,-0.06,1759267821.600115
0.06,0.25,-0.06,1759267821.6114872
0.06,0.24,-0.06,1759267821.6202648
0.06,0.25,-0.06,1759267821.6264374
0.07,0.24,-0.06,1759267821.634761
0.06,0.24,-0.06,1759267821.6397743
0.07,0.23,-0.06,1759267821.6430488
0.06,0.23,-0.06,1759267821.6489391
0.06,0.23,-0.06,1759267821.6521764
0.06,0.23,-0.06,1759267821.6585274
0.06,0.23,-0.06,1759267821.6651678
0.06,0.24,-0.06,1759267821.674416
0.06,0.23,-0.06,1759267821.6841102
0.06,0.23,-0.06,1759267821.69265
0.06,0.23,-0.06,1759267821.7007074
0.06,0.22,-0.06,1759267821.7063289
0.05,0.22,-0.06,1759267821.7110367
0.05,0.23,-0.06,1759267821.7176187
0.05,0.22,-0.06,1759267821.722895
0.05,0.22,-0.06,1759267821.732911
0.05,0.22,-0.06,1759267821.7389517
0.05,0.22,-0.06,1759267821.7457414
0.05,0.22,-0.06,1759267821.756808
0.05,0.22,-0.06,1759267821.7637048
0.05,0.22,-0.06,1759267821.7677794
0.05,0.23,-0.05,1759267821.7719026
0.05,0.22,-0.05,1759267821.7750888
0.06,0.22,-0.05,1759267821.780636
0.05,0.22,-0.05,1759267821.7840166
0.05,0.22,-0.05,1759267821.7881296
0.05,0.22,-0.05,1759267821.794706
0.05,0.21,-0.05,1759267821.8023598
0.05,0.22,-0.05,1759267821.8096554
0.05,0.22,-0.05,1759267821.8159275
0.06,0.22,-0.05,1759267821.8225832
0.06,0.22,-0.05,1759267821.8258069
0.07,0.22,-0.05,1759267821.8307507
0.07,0.22,-0.05,1759267821.834232
0.07,0.22,-0.05,1759267821.8376307
0.07,0.22,-0.05,1759267821.8431108
0.06,0.22,-0.05,1759267821.848456
0.06,0.22,-0.05,1759267821.8518486
0.06,0.22,-0.05,1759267821.8571117
0.05,0.21,-0.05,1759267821.860749
0.06,0.22,-0.05,1759267821.8667908
0.07,0.22,-0.05,1759267821.871863
0.07,0.22,-0.05,1759267821.8760004
0.07,0.22,-0.05,1759267821.8782969
0.07,0.22,-0.05,1759267821.88076
0.07,0.21,-0.05,1759267821.8830843
0.07,0.21,-0.05,1759267821.886156
0.07,0.21,-0.05,1759267821.8909068
0.06,0.21,-0.05,1759267821.895006
0.07,0.21,-0.05,1759267821.899377
0.07,0.21,-0.05,1759267821.9057868
0.07,0.21,-0.05,1759267821.908717
0.07,0.2,-0.05,1759267821.911451
0.07,0.21,-0.05,1759267821.9141445
0.08,0.21,-0.05,1759267821.9195025
0.08,0.2,-0.05,1759267821.9224474
0.07,0.2,-0.05,1759267821.9278865
0.07,0.2,-0.05,1759267821.9347365
0.08,0.2,-0.05,1759267821.938428
0.08,0.2,-0.05,1759267821.9421637
0.07,0.2,-0.05,1759267821.947243
0.08,0.2,-0.05,1759267821.962737
0.08,0.2,-0.05,1759267821.9751792
0.08,0.2,-0.05,1759267821.982443
0.08,0.2,-0.05,1759267821.9871988
0.09,0.2,-0.05,1759267821.9909575
0.09,0.19,-0.05,1759267821.9964192
0.09,0.19,-0.05,1759267822.0006638
0.1,0.19,-0.05,1759267822.008215
0.1,0.18,-0.05,1759267822.0184991
0.1,0.18,-0.05,1759267822.025423
0.11,0.18,-0.05,1759267822.0335524
0.1,0.18,-0.05,1759267822.0369272
0.11,0.17,-0.05,1759267822.0418873
0.11,0.17,-0.05,1759267822.0456057
0.11,0.17,-0.05,1759267822.048895
0.12,0.17,-0.05,1759267822.050965
0.11,0.17,-0.05,1759267822.0544145
0.11,0.17,-0.05,1759267822.0589828
0.12,0.17,-0.05,1759267822.0626574
0.12,0.17,-0.05,1759267822.0656314
0.13,0.16,-0.05,1759267822.07005
0.13,0.16,-0.05,1759267822.0722473
0.13,0.16,-0.05,1759267822.0748448
0.13,0.16,-0.05,1759267822.0786197
0.13,0.16,-0.05,1759267822.080835
0.14,0.16,-0.05,1759267822.0832448
0.13,0.16,-0.05,1759267822.0856447
0.14,0.16,-0.05,1759267822.0880373
0.14,0.16,-0.05,1759267822.0900185
0.14,0.15,-0.05,1759267822.092707
0.14,0.15,-0.05,1759267822.095162
0.14,0.15,-0.05,1759267822.0991273
0.14,0.15,-0.05,1759267822.102259
0.14,0.15,-0.05,1759267822.106103
0.14,0.15,-0.05,1759267822.111909
0.15,0.16,-0.05,1759267822.1161823
0.15,0.16,-0.05,1759267822.1209564
0.15,0.15,-0.05,1759267822.123655
0.15,0.15,-0.05,1759267822.1274126
0.14,0.16,-0.05,1759267822.1318595
0.15,0.16,-0.05,1759267822.134333
0.15,0.16,-0.05,1759267822.1378045
0.15,0.16,-0.05,1759267822.1402762
0.15,0.16,-0.05,1759267822.1443238
0.16,0.16,-0.05,1759267822.1474347
0.15,0.15,-0.05,1759267822.1513405
0.16,0.16,-0.05,1759267822.1550713
0.16,0.16,-0.05,1759267822.1593492
0.16,0.16,-0.05,1759267822.1663632
0.16,0.16,-0.05,1759267822.1694195
0.16,0.15,-0.05,1759267822.1732948
0.16,0.16,-0.05,1759267822.177081
0.16,0.16,-0.05,1759267822.1799345
0.16,0.16,-0.05,1759267822.1853063
0.16,0.16,-0.05,1759267822.18993
0.16,0.16,-0.05,1759267822.1928396
0.16,0.16,-0.05,1759267822.195984
0.16,0.16,-0.05,1759267822.1979923
0.16,0.15,-0.05,1759267822.201251
0.17,0.16,-0.05,1759267822.2039554
0.17,0.16,-0.05,1759267822.207698
0.17,0.16,-0.05,1759267822.212291
0.17,0.16,-0.05,1759267822.2183394
0.17,0.16,-0.05,1759267822.2211173
0.17,0.16,-0.05,1759267822.2257142
0.17,0.16,-0.05,1759267822.227801
0.18,0.17,-0.05,1759267822.2299244
0.18,0.17,-0.05,1759267822.2380304
0.18,0.16,-0.05,1759267822.2406948
0.18,0.16,-0.05,1759267822.2450716
0.19,0.16,-0.05,1759267822.2477472
0.19,0.17,-0.05,1759267822.2503088
0.18,0.17,-0.05,1759267822.2556682
0.18,0.18,-0.04,1759267822.2586637
0.18,0.17,-0.05,1759267822.260901
0.18,0.17,-0.05,1759267822.2637398
0.19,0.17,-0.05,1759267822.27017
0.19,0.17,-0.05,1759267822.2754724
0.19,0.18,-0.05,1759267822.2798986
0.2,0.17,-0.05,1759267822.2850327
0.2,0.17,-0.05,1759267822.287009
0.2,0.18,-0.05,1759267822.2942686
0.21,0.18,-0.05,1759267822.2978632
0.21,0.18,-0.05,1759267822.3007514
0.21,0.19,-0.05,1759267822.3069322
0.21,0.18,-0.05,1759267822.312223
0.21,0.18,-0.05,1759267822.319025
0.21,0.18,-0.05,1759267822.325666
0.22,0.18,-0.05,1759267822.33058
0.22,0.17,-0.05,1759267822.3342788
0.23,0.18,-0.05,1759267822.3386548
0.23,0.18,-0.05,1759267822.3461623
0.22,0.17,-0.05,1759267822.351718
0.22,0.17,-0.05,1759267822.358636
0.21,0.18,-0.05,1759267822.3633258
0.22,0.18,-0.05,1759267822.3658142
0.21,0.18,-0.05,1759267822.3686888
0.21,0.18,-0.05,1759267822.3724515
0.2,0.18,-0.05,1759267822.375836
0.21,0.18,-0.05,1759267822.379388
0.2,0.18,-0.05,1759267822.3813336
0.2,0.18,-0.05,1759267822.3850665
0.21,0.18,-0.05,1759267822.3867805
0.21,0.18,-0.05,1759267822.3887708
0.21,0.18,-0.05,1759267822.3907938
0.21,0.18,-0.05,1759267822.3924084
0.21,0.19,-0.05,1759267822.394369
0.21,0.19,-0.05,1759267822.399491
0.21,0.19,-0.05,1759267822.403967
0.21,0.19,-0.05,1759267822.4074185
0.21,0.2,-0.05,1759267822.412213
0.21,0.19,-0.05,1759267822.4158733
0.21,0.2,-0.05,1759267822.420812
0.21,0.2,-0.05,1759267822.424148
0.21,0.2,-0.05,1759267822.4273517
0.21,0.2,-0.05,1759267822.429406
0.21,0.2,-0.05,1759267822.4350688
0.21,0.21,-0.05,1759267822.4385495
0.21,0.21,-0.05,1759267822.4411497
0.21,0.2,-0.05,1759267822.4437094
0.22,0.21,-0.05,1759267822.4472044
0.21,0.21,-0.05,1759267822.450493
0.21,0.21,-0.05,1759267822.4540544
0.21,0.21,-0.05,1759267822.4578755
0.2,0.22,-0.05,1759267822.4613762
0.2,0.22,-0.05,1759267822.4649076
0.2,0.22,-0.05,1759267822.4686055
0.19,0.23,-0.05,1759267822.471769
0.19,0.23,-0.05,1759267822.4755652
0.19,0.23,-0.05,1759267822.4796646
0.19,0.23,-0.05,1759267822.483353
0.2,0.23,-0.05,1759267822.4871812
0.19,0.23,-0.05,1759267822.4905405
0.18,0.23,-0.05,1759267822.4939609
0.18,0.23,-0.05,1759267822.49772
0.18,0.23,-0.05,1759267822.5017672
0.17,0.23,-0.05,1759267822.5056088
0.17,0.23,-0.05,1759267822.5094268
0.17,0.23,-0.05,1759267822.512691
0.17,0.24,-0.05,1759267822.5167298
0.18,0.24,-0.05,1759267822.5207927
0.17,0.24,-0.05,1759267822.5242827
0.17,0.25,-0.05,1759267822.5285263
0.17,0.24,-0.05,1759267822.5316598
0.17,0.24,-0.05,1759267822.5342472
0.17,0.25,-0.05,1759267822.5371022
0.17,0.25,-0.05,1759267822.540046
0.17,0.25,-0.05,1759267822.543042
0.18,0.25,-0.05,1759267822.546398
0.18,0.24,-0.05,1759267822.5484865
0.17,0.24,-0.05,1759267822.551286
0.17,0.24,-0.05,1759267822.5537198
0.18,0.24,-0.05,1759267822.5571158
0.18,0.24,-0.05,1759267822.561087
0.18,0.25,-0.05,1759267822.5652022
0.18,0.25,-0.05,1759267822.5679352
0.17,0.25,-0.05,1759267822.5707312
0.17,0.25,-0.05,1759267822.5731452
0.17,0.25,-0.05,1759267822.575982
0.17,0.25,-0.05,1759267822.578578
0.17,0.25,-0.05,1759267822.5813932
0.16,0.25,-0.05,1759267822.5840676
0.17,0.26,-0.05,1759267822.5863864
0.17,0.26,-0.05,1759267822.589764
0.17,0.26,-0.05,1759267822.592687
0.17,0.25,-0.05,1759267822.5953202
0.17,0.26,-0.05,1759267822.5978706
0.16,0.26,-0.05,1759267822.6005578
0.16,0.26,-0.05,1759267822.603454
0.17,0.26,-0.05,1759267822.6063344
0.16,0.26,-0.06,1759267822.6113198
0.16,0.26,-0.06,1759267822.6147254
0.16,0.26,-0.06,1759267822.6179256
0.15,0.26,-0.06,1759267822.6220284
0.15,0.26,-0.06,1759267822.626165
0.16,0.26,-0.06,1759267822.629964
0.15,0.26,-0.06,1759267822.6326
0.15,0.26,-0.06,1759267822.637195
0.15,0.25,-0.06,1759267822.6410296
0.15,0.25,-0.06,1759267822.6451714
0.15,0.25,-0.06,1759267822.647986
0.15,0.24,-0.06,1759267822.6511102
0.15,0.25,-0.06,1759267822.6551778
0.14,0.25,-0.06,1759267822.6577814
0.14,0.25,-0.06,1759267822.6613362
0.13,0.25,-0.06,1759267822.6648886
0.13,0.25,-0.06,1759267822.6700509
0.13,0.25,-0.06,1759267822.6740632
0.13,0.25,-0.06,1759267822.6773677
0.13,0.25,-0.06,1759267822.686961
0.13,0.26,-0.06,1759267822.7037413
0.13,0.26,-0.06,1759267822.7094002
0.13,0.26,-0.06,1759267822.7282486
0.13,0.26,-0.06,1759267822.7323651
0.14,0.26,-0.06,1759267822.7398014
0.14,0.26,-0.06,1759267822.7438235
0.14,0.25,-0.06,1759267822.7622058
0.14,0.25,-0.06,1759267822.7667089
0.14,0.25,-0.06,1759267822.7717545
0.14,0.25,-0.06,1759267822.776245
0.14,0.25,-0.06,1759267822.7818506
0.15,0.25,-0.06,1759267822.78492
0.14,0.25,-0.06,1759267822.7898543
0.14,0.25,-0.06,1759267822.793995
0.15,0.25,-0.06,1759267822.7985508
0.15,0.26,-0.06,1759267822.806788
0.15,0.26,-0.06,1759267822.8125577
0.15,0.26,-0.06,1759267822.8158336
0.15,0.26,-0.05,1759267822.819963
0.15,0.26,-0.05,1759267822.824713
0.16,0.26,-0.05,1759267822.8291886
0.16,0.26,-0.05,1759267822.833396
0.16,0.26,-0.05,1759267822.8388567
0.17,0.26,-0.05,1759267822.8429494
0.16,0.26,-0.05,1759267822.847705
0.16,0.25,-0.05,1759267822.8517346
0.16,0.25,-0.05,1759267822.8547716
0.16,0.25,-0.05,1759267822.8582468
0.15,0.25,-0.05,1759267822.8612063
0.15,0.25,-0.05,1759267822.8688104
0.16,0.25,-0.05,1759267822.875349
0.16,0.24,-0.05,1759267822.8792858
0.16,0.24,-0.05,1759267822.8832867
0.16,0.25,-0.05,1759267822.8868818
0.16,0.25,-0.05,1759267822.8899305
0.16,0.25,-0.05,1759267822.8928475
0.16,0.25,-0.05,1759267822.8962386
0.15,0.25,-0.05,1759267822.9002562
0.15,0.25,-0.05,1759267822.9032795
0.16,0.26,-0.05,1759267822.907634
0.16,0.25,-0.05,1759267822.9130986
0.15,0.25,-0.05,1759267822.91694
0.15,0.25,-0.05,1759267822.919691
0.15,0.25,-0.05,1759267822.9235587
0.15,0.26,-0.04,1759267822.9273264
0.15,0.26,-0.04,1759267822.9311614
0.14,0.26,-0.04,1759267822.9367514
0.14,0.26,-0.04,1759267822.9405458
0.14,0.26,-0.04,1759267822.947508
0.14,0.26,-0.04,1759267822.954758
0.14,0.26,-0.04,1759267822.9617505
0.15,0.25,-0.04,1759267822.9676268
0.14,0.25,-0.04,1759267822.9733894
0.14,0.25,-0.04,1759267822.977092
0.14,0.25,-0.04,1759267822.9803257
0.15,0.25,-0.04,1759267822.9840994
0.15,0.25,-0.04,1759267823.0091016
0.15,0.24,-0.04,1759267823.018186
0.14,0.24,-0.04,1759267823.0285044
0.14,0.24,-0.04,1759267823.0311706
0.14,0.23,-0.04,1759267823.0393703
0.14,0.23,-0.04,1759267823.041509
0.15,0.23,-0.04,1759267823.0446217
0.15,0.23,-0.04,1759267823.0509326
0.15,0.22,-0.04,1759267823.0567186
0.15,0.22,-0.04,1759267823.0592096
0.15,0.22,-0.04,1759267823.0620863
0.16,0.22,-0.04,1759267823.0642643
0.15,0.22,-0.04,1759267823.06917
0.15,0.22,-0.04,1759267823.0726712
0.15,0.21,-0.04,1759267823.0775735
0.15,0.21,-0.04,1759267823.0833552
0.15,0.2,-0.04,1759267823.0869136
0.15,0.2,-0.04,1759267823.0935452
0.15,0.2,-0.04,1759267823.0978975
0.15,0.21,-0.04,1759267823.1005545
0.14,0.21,-0.04,1759267823.103592
0.15,0.2,-0.04,1759267823.1098568
0.14,0.2,-0.04,1759267823.1135733
0.14,0.2,-0.04,1759267823.1162353
0.14,0.2,-0.04,1759267823.1191545
0.14,0.2,-0.04,1759267823.121293
0.14,0.2,-0.04,1759267823.124987
0.14,0.19,-0.04,1759267823.1280437
0.14,0.19,-0.04,1759267823.1315458
0.14,0.19,-0.04,1759267823.1378508
0.14,0.19,-0.04,1759267823.1411965
0.14,0.18,-0.04,1759267823.1438377
0.14,0.18,-0.04,1759267823.146603
0.13,0.19,-0.04,1759267823.1507535
0.13,0.19,-0.04,1759267823.153994
0.14,0.18,-0.04,1759267823.1575177
0.14,0.19,-0.04,1759267823.1605408
0.14,0.19,-0.04,1759267823.1625805
0.14,0.19,-0.04,1759267823.1651664
0.14,0.18,-0.04,1759267823.168181
0.14,0.19,-0.04,1759267823.170643
0.14,0.19,-0.04,1759267823.173055
0.14,0.18,-0.04,1759267823.177896
0.14,0.19,-0.04,1759267823.1815464
0.14,0.18,-0.04,1759267823.1849177
0.15,0.18,-0.04,1759267823.1894429
0.15,0.19,-0.04,1759267823.1920342
0.15,0.18,-0.04,1759267823.196278
0.15,0.18,-0.04,1759267823.1987393
0.15,0.19,-0.04,1759267823.2022254
0.15,0.19,-0.04,1759267823.2091267
0.15,0.19,-0.04,1759267823.2151384
0.16,0.19,-0.04,1759267823.2185843
0.16,0.19,-0.04,1759267823.2211175
0.16,0.18,-0.04,1759267823.2242332
0.15,0.18,-0.04,1759267823.2269995
0.15,0.17,-0.04,1759267823.22935
0.15,0.18,-0.04,1759267823.2318432
0.16,0.18,-0.04,1759267823.2356267
0.16,0.18,-0.04,1759267823.2384143
0.16,0.17,-0.04,1759267823.2418053
0.17,0.18,-0.04,1759267823.2444415
0.17,0.18,-0.04,1759267823.2464614
0.16,0.17,-0.04,1759267823.2502518
0.16,0.17,-0.04,1759267823.252724
0.16,0.17,-0.04,1759267823.256327
0.15,0.17,-0.04,1759267823.2592716
0.15,0.17,-0.04,1759267823.2652934
0.16,0.17,-0.04,1759267823.2676885
0.15,0.17,-0.05,1759267823.2718525
0.16,0.16,-0.05,1759267823.275484
0.16,0.16,-0.05,1759267823.2820685
0.16,0.16,-0.05,1759267823.28508
0.16,0.16,-0.05,1759267823.2929978
0.16,0.16,-0.05,1759267823.296104
0.16,0.16,-0.05,1759267823.3016248
0.16,0.17,-0.05,1759267823.3041086
0.17,0.17,-0.05,1759267823.3084085
0.17,0.16,-0.05,1759267823.3114686
0.17,0.16,-0.05,1759267823.314421
0.17,0.16,-0.05,1759267823.325009
0.16,0.16,-0.05,1759267823.3308842
0.17,0.16,-0.05,1759267823.3344517
0.17,0.16,-0.05,1759267823.3394592
0.17,0.16,-0.05,1759267823.34157
0.17,0.16,-0.05,1759267823.344952
0.17,0.16,-0.05,1759267823.3471787
0.18,0.16,-0.05,1759267823.3522272
0.17,0.16,-0.05,1759267823.3556275
0.17,0.16,-0.05,1759267823.3581774
0.17,0.16,-0.05,1759267823.364598
0.17,0.16,-0.05,1759267823.367654
0.18,0.16,-0.05,1759267823.3711524
0.18,0.15,-0.05,1759267823.3742037
0.18,0.16,-0.05,1759267823.3761022
0.18,0.15,-0.05,1759267823.3830132
0.18,0.16,-0.05,1759267823.3891034
0.18,0.16,-0.05,1759267823.391655
0.18,0.15,-0.05,1759267823.3943882
0.18,0.15,-0.05,1759267823.3977349
0.17,0.14,-0.05,1759267823.4017217
0.17,0.15,-0.05,1759267823.4041238
0.18,0.15,-0.05,1759267823.407471
0.17,0.15,-0.05,1759267823.411181
0.17,0.14,-0.05,1759267823.4150732
0.17,0.14,-0.05,1759267823.4220457
0.17,0.15,-0.05,1759267823.426459
0.17,0.15,-0.05,1759267823.4314663
0.16,0.14,-0.06,1759267823.4378865
0.17,0.14,-0.06,1759267823.4464304
0.17,0.14,-0.06,1759267823.45125
0.17,0.13,-0.06,1759267823.4543672
0.16,0.13,-0.06,1759267823.4588962
0.16,0.12,-0.06,1759267823.4612489
0.16,0.13,-0.06,1759267823.4663956
0.16,0.13,-0.06,1759267823.4697185
0.16,0.13,-0.06,1759267823.4721794
0.16,0.13,-0.06,1759267823.475711
0.16,0.14,-0.06,1759267823.478366
0.16,0.14,-0.06,1759267823.4821334
0.17,0.14,-0.06,1759267823.4853454
0.17,0.14,-0.06,1759267823.4880052
0.18,0.14,-0.06,1759267823.4909914
0.18,0.15,-0.06,1759267823.494965
0.18,0.14,-0.06,1759267823.4990442
0.18,0.14,-0.06,1759267823.5008614
0.18,0.14,-0.06,1759267823.5039446
0.19,0.14,-0.06,1759267823.506448
0.18,0.14,-0.06,1759267823.5092683
0.18,0.14,-0.06,1759267823.5115716
0.18,0.13,-0.06,1759267823.5150452
0.18,0.13,-0.06,1759267823.5192237
0.18,0.13,-0.06,1759267823.5220096
0.19,0.13,-0.06,1759267823.5264091
0.18,0.12,-0.07,1759267823.53046
0.18,0.13,-0.07,1759267823.53415
0.19,0.13,-0.06,1759267823.5364408
0.19,0.13,-0.06,1759267823.540292
0.18,0.13,-0.07,1759267823.543095
0.19,0.13,-0.06,1759267823.545319
0.19,0.13,-0.07,1759267823.54909
0.18,0.13,-0.07,1759267823.551905
0.19,0.13,-0.07,1759267823.557344
0.19,0.13,-0.07,1759267823.561207
0.19,0.13,-0.07,1759267823.565107
0.19,0.13,-0.07,1759267823.5669005
0.19,0.14,-0.07,1759267823.570646
0.18,0.14,-0.07,1759267823.5731626
0.18,0.14,-0.07,1759267823.5793009
0.18,0.14,-0.07,1759267823.581771
0.18,0.13,-0.07,1759267823.5849595
0.18,0.13,-0.07,1759267823.5876677
0.18,0.13,-0.07,1759267823.5901802
0.18,0.13,-0.07,1759267823.5944388
0.18,0.13,-0.07,1759267823.5970514
0.18,0.13,-0.07,1759267823.5992472
0.18,0.13,-0.07,1759267823.6034791
0.18,0.14,-0.07,1759267823.608152
0.17,0.14,-0.07,1759267823.6127672
0.17,0.13,-0.07,1759267823.6185305
0.17,0.14,-0.07,1759267823.6222894
0.17,0.13,-0.07,1759267823.6255562
0.17,0.14,-0.07,1759267823.632866
0.17,0.14,-0.07,1759267823.6372666
0.17,0.14,-0.07,1759267823.64196
0.18,0.13,-0.07,1759267823.6476245
0.18,0.13,-0.07,1759267823.653551
0.18,0.13,-0.07,1759267823.6585138
0.18,0.14,-0.07,1759267823.6610768
0.17,0.13,-0.07,1759267823.6664443
0.17,0.14,-0.07,1759267823.6727784
0.17,0.14,-0.07,1759267823.6772556
0.17,0.14,-0.07,1759267823.6810577
0.17,0.14,-0.07,1759267823.6864033
0.16,0.14,-0.07,1759267823.6902928
0.16,0.15,-0.07,1759267823.6950302
0.16,0.15,-0.07,1759267823.699364
0.15,0.15,-0.07,1759267823.7039917
0.15,0.15,-0.07,1759267823.708384
0.15,0.16,-0.07,1759267823.7126937
0.14,0.15,-0.07,1759267823.7169166
0.14,0.15,-0.07,1759267823.7199082
0.14,0.16,-0.07,1759267823.7238815
0.13,0.16,-0.07,1759267823.730011
0.13,0.16,-0.07,1759267823.7329323
0.12,0.16,-0.07,1759267823.7356958
0.13,0.16,-0.07,1759267823.7379372
0.12,0.16,-0.07,1759267823.7423215
0.12,0.16,-0.07,1759267823.747962
0.12,0.16,-0.07,1759267823.751992
0.12,0.16,-0.07,1759267823.75557
0.11,0.16,-0.07,1759267823.7595737
0.1,0.16,-0.07,1759267823.762987
0.1,0.16,-0.07,1759267823.76729
0.1,0.17,-0.07,1759267823.7704906
0.11,0.17,-0.07,1759267823.7747328
0.1,0.17,-0.07,1759267823.7790694
0.1,0.18,-0.07,1759267823.7821116
0.1,0.17,-0.07,1759267823.7875812
0.1,0.18,-0.07,1759267823.7930086
0.1,0.18,-0.07,1759267823.796999
0.1,0.18,-0.07,1759267823.8013616
0.1,0.18,-0.07,1759267823.8052063
0.09,0.19,-0.06,1759267823.8086593
0.09,0.19,-0.06,1759267823.812206
0.09,0.19,-0.06,1759267823.81682
0.09,0.19,-0.06,1759267823.8212311
0.09,0.19,-0.06,1759267823.8249023
0.09,0.2,-0.06,1759267823.8286347
0.09,0.2,-0.06,1759267823.831936
0.09,0.2,-0.06,1759267823.8368292
0.09,0.2,-0.06,1759267823.842036
0.09,0.21,-0.06,1759267823.8438025
0.09,0.21,-0.06,1759267823.8466637
0.09,0.21,-0.06,1759267823.8524878
0.08,0.22,-0.06,1759267823.8570983
0.08,0.22,-0.06,1759267823.8595867
0.08,0.22,-0.06,1759267823.8652797
0.08,0.22,-0.06,1759267823.8714683
0.08,0.22,-0.06,1759267823.8781917
0.07,0.23,-0.06,1759267823.8826427
0.07,0.23,-0.06,1759267823.8897562
0.07,0.23,-0.06,1759267823.8952968
0.07,0.23,-0.06,1759267823.9007015
0.07,0.24,-0.06,1759267823.903757
0.07,0.23,-0.06,1759267823.9073143
0.07,0.23,-0.06,1759267823.9118187
0.07,0.23,-0.06,1759267823.9148269
0.06,0.23,-0.06,1759267823.919762
0.06,0.23,-0.06,1759267823.9226522
0.06,0.23,-0.06,1759267823.9285502
0.06,0.23,-0.06,1759267823.9358616
0.06,0.23,-0.06,1759267823.9407237
0.06,0.24,-0.06,1759267823.9438531
0.06,0.23,-0.06,1759267823.9470232
0.06,0.23,-0.06,1759267823.9512403
0.07,0.23,-0.06,1759267823.954077
0.07,0.23,-0.06,1759267823.959195
0.07,0.23,-0.06,1759267823.9649012
0.06,0.23,-0.05,1759267823.9667528
0.06,0.23,-0.05,1759267823.9705112
0.06,0.23,-0.05,1759267823.9726732
0.06,0.24,-0.05,1759267823.9758587
0.06,0.24,-0.05,1759267823.9793386
0.05,0.23,-0.05,1759267823.9816914
0.06,0.23,-0.05,1759267823.984814
0.06,0.24,-0.05,1759267823.9873817
0.07,0.24,-0.05,1759267823.991323
0.07,0.24,-0.05,1759267823.995227
0.07,0.24,-0.05,1759267823.9996068
0.08,0.24,-0.05,1759267824.00378
0.08,0.24,-0.05,1759267824.0083077
0.07,0.24,-0.05,1759267824.011049
0.08,0.24,-0.05,1759267824.015889
0.08,0.24,-0.05,1759267824.019099
0.08,0.24,-0.05,1759267824.0236225
0.08,0.23,-0.05,1759267824.0267332
0.08,0.23,-0.05,1759267824.0293713
0.08,0.23,-0.05,1759267824.0319076
0.08,0.23,-0.05,1759267824.0373003
0.09,0.23,-0.05,1759267824.0427852
0.1,0.23,-0.04,1759267824.0476265
0.1,0.23,-0.04,1759267824.051804
0.1,0.23,-0.04,1759267824.0553763
0.1,0.24,-0.04,1759267824.0577269
0.1,0.23,-0.04,1759267824.059483
0.11,0.23,-0.04,1759267824.0615466
0.1,0.23,-0.04,1759267824.065761
0.1,0.23,-0.04,1759267824.0681944
0.1,0.23,-0.04,1759267824.0704482
0.1,0.23,-0.04,1759267824.0730436
0.11,0.23,-0.04,1759267824.0755315
0.11,0.24,-0.04,1759267824.077216
0.11,0.23,-0.04,1759267824.079709
0.12,0.23,-0.04,1759267824.0820737
0.11,0.23,-0.04,1759267824.085955
0.11,0.23,-0.04,1759267824.088981
0.12,0.23,-0.04,1759267824.091339
0.12,0.22,-0.04,1759267824.094144
0.11,0.23,-0.04,1759267824.0959198
0.12,0.23,-0.04,1759267824.0984817
0.11,0.23,-0.03,1759267824.1001928
0.12,0.23,-0.03,1759267824.1018443
0.12,0.22,-0.03,1759267824.1038165
0.11,0.23,-0.03,1759267824.105815
0.12,0.22,-0.03,1759267824.1078117
0.12,0.22,-0.03,1759267824.110088
0.12,0.21,-0.03,1759267824.112223
0.12,0.2,-0.03,1759267824.1175256
0.12,0.21,-0.03,1759267824.1206446
0.12,0.2,-0.03,1759267824.12472
0.13,0.2,-0.03,1759267824.129253
0.13,0.2,-0.03,1759267824.1331947
0.13,0.2,-0.03,1759267824.1432896
0.13,0.2,-0.03,1759267824.1470292
0.13,0.19,-0.03,1759267824.151491
0.13,0.19,-0.03,1759267824.1549716
0.13,0.19,-0.03,1759267824.1582048
0.13,0.19,-0.03,1759267824.1610675
0.14,0.19,-0.03,1759267824.1641328
0.14,0.19,-0.03,1759267824.16776
0.14,0.19,-0.03,1759267824.17182
0.15,0.19,-0.03,1759267824.1766062
0.15,0.19,-0.03,1759267824.1805592
0.15,0.19,-0.03,1759267824.1841834
0.15,0.18,-0.03,1759267824.1879604
0.16,0.18,-0.03,1759267824.1905274
0.16,0.18,-0.03,1759267824.193892
0.15,0.18,-0.02,1759267824.198077
0.15,0.19,-0.02,1759267824.203624
0.15,0.19,-0.02,1759267824.207752
0.15,0.2,-0.02,1759267824.21099
0.15,0.19,-0.02,1759267824.2137053
0.15,0.19,-0.02,1759267824.2178383
0.16,0.2,-0.02,1759267824.2226975
0.15,0.2,-0.02,1759267824.22687
0.15,0.2,-0.02,1759267824.2312665
0.15,0.2,-0.02,1759267824.2337067
0.15,0.19,-0.02,1759267824.2374969
0.15,0.19,-0.02,1759267824.239963
0.15,0.19,-0.02,1759267824.2417831
0.15,0.19,-0.02,1759267824.2440708
0.15,0.19,-0.02,1759267824.2462506
0.16,0.19,-0.02,1759267824.2501812
0.15,0.19,-0.02,1759267824.2541528
0.15,0.19,-0.01,1759267824.2579556
0.15,0.19,-0.01,1759267824.2613115
0.14,0.19,-0.01,1759267824.264079
0.14,0.19,-0.01,1759267824.268715
0.14,0.2,-0.01,1759267824.2724943
0.14,0.2,-0.01,1759267824.2746563
0.13,0.19,-0.01,1759267824.2770927
0.13,0.19,-0.01,1759267824.2800791
0.13,0.19,-0.01,1759267824.2844265
0.13,0.19,-0.01,1759267824.2891543
0.13,0.19,-0.01,1759267824.2933495
0.12,0.18,-0.01,1759267824.2993565
0.12,0.18,-0.01,1759267824.3030868
0.13,0.18,-0.01,1759267824.307213
0.13,0.18,-0.01,1759267824.3114643
0.13,0.18,-0.01,1759267824.315555
0.12,0.17,-0.01,1759267824.318968
0.12,0.17,-0.01,1759267824.3216882
0.12,0.17,-0.01,1759267824.3267057
0.12,0.17,-0.01,1759267824.330747
0.13,0.17,-0.01,1759267824.3346064
0.13,0.16,-0.01,1759267824.33674
0.13,0.16,-0.01,1759267824.3385446
0.13,0.16,-0.01,1759267824.3404424
0.13,0.16,-0.01,1759267824.342558
0.14,0.16,-0.01,1759267824.3443673
0.14,0.16,-0.01,1759267824.3463466
0.13,0.15,-0.01,1759267824.3487556
0.13,0.15,-0.02,1759267824.3505266
0.14,0.15,-0.01,1759267824.352533
0.14,0.15,-0.02,1759267824.3569782
0.13,0.15,-0.02,1759267824.3609042
0.13,0.15,-0.01,1759267824.364319
0.13,0.15,-0.01,1759267824.3672123
0.13,0.15,-0.01,1759267824.3711865
0.14,0.16,-0.01,1759267824.3743083
0.14,0.16,-0.01,1759267824.3770845
0.14,0.16,-0.01,1759267824.380526
0.15,0.16,-0.01,1759267824.3854048
0.14,0.15,-0.01,1759267824.3899207
0.13,0.15,-0.01,1759267824.394079
0.14,0.15,-0.01,1759267824.3980618
0.13,0.15,-0.01,1759267824.4034078
0.14,0.14,-0.02,1759267824.4075315
0.14,0.14,-0.02,1759267824.4122455
0.13,0.14,-0.02,1759267824.4167993
0.13,0.14,-0.02,1759267824.421553
0.13,0.14,-0.02,1759267824.4252915
0.12,0.14,-0.02,1759267824.4300866
0.11,0.14,-0.02,1759267824.434344
0.11,0.14,-0.02,1759267824.4379516
0.11,0.14,-0.02,1759267824.442603
0.1,0.15,-0.02,1759267824.4470975
0.1,0.15,-0.02,1759267824.450849
0.1,0.15,-0.02,1759267824.455388
0.1,0.14,-0.02,1759267824.4596865
0.1,0.14,-0.02,1759267824.462989
0.1,0.14,-0.02,1759267824.4651794
0.11,0.14,-0.02,1759267824.467554
0.11,0.13,-0.02,1759267824.4709847
0.11,0.14,-0.02,1759267824.475927
0.11,0.14,-0.02,1759267824.4781492
0.11,0.14,-0.02,1759267824.4800255
0.11,0.14,-0.02,1759267824.4824617
0.1,0.14,-0.02,1759267824.484089
0.1,0.14,-0.02,1759267824.4862022
0.11,0.14,-0.02,1759267824.4884875
0.11,0.14,-0.02,1759267824.492302
0.11,0.14,-0.02,1759267824.4964693
0.11,0.13,-0.02,1759267824.500255
0.1,0.13,-0.02,1759267824.504973
0.11,0.13,-0.03,1759267824.5094256
0.11,0.13,-0.03,1759267824.5248492
0.11,0.14,-0.03,1759267824.5325336
0.11,0.14,-0.03,1759267824.534263
0.11,0.15,-0.03,1759267824.5365462
0.11,0.15,-0.03,1759267824.5397153
0.1,0.15,-0.03,1759267824.5415788
0.1,0.15,-0.03,1759267824.5446858
0.1,0.15,-0.03,1759267824.547522
0.11,0.14,-0.03,1759267824.5506256
0.11,0.15,-0.03,1759267824.5542483
0.11,0.14,-0.03,1759267824.558325
0.11,0.14,-0.03,1759267824.5631251
0.1,0.14,-0.03,1759267824.5674536
0.11,0.14,-0.03,1759267824.5713415
0.11,0.14,-0.03,1759267824.5759225
0.12,0.14,-0.03,1759267824.5791976
0.11,0.14,-0.03,1759267824.583068
0.11,0.14,-0.03,1759267824.586418
0.1,0.14,-0.03,1759267824.59031
0.1,0.14,-0.04,1759267824.593969
0.09,0.14,-0.04,1759267824.5962465
0.1,0.14,-0.04,1759267824.59856
0.1,0.14,-0.04,1759267824.6002264
0.1,0.14,-0.04,1759267824.6018548
0.1,0.15,-0.04,1759267824.6034343
0.1,0.15,-0.04,1759267824.6082103
0.1,0.15,-0.04,1759267824.6115687
0.1,0.16,-0.04,1759267824.6140282
0.1,0.16,-0.04,1759267824.6177871
0.09,0.16,-0.04,1759267824.6216571
0.09,0.15,-0.04,1759267824.6238055
0.09,0.16,-0.04,1759267824.6265712
0.1,0.16,-0.04,1759267824.6305337
0.1,0.16,-0.04,1759267824.6343706
0.1,0.15,-0.04,1759267824.6389258
0.1,0.16,-0.04,1759267824.6427133
0.1,0.15,-0.04,1759267824.6485767
0.1,0.15,-0.04,1759267824.653426
0.1,0.15,-0.04,1759267824.658393
0.1,0.16,-0.04,1759267824.6624982
0.09,0.15,-0.05,1759267824.6664538
0.09,0.15,-0.05,1759267824.6706312
0.08,0.15,-0.05,1759267824.674802
0.07,0.15,-0.05,1759267824.6780522
0.08,0.15,-0.05,1759267824.680699
0.08,0.15,-0.05,1759267824.683013
0.07,0.15,-0.05,1759267824.6867058
0.06,0.15,-0.05,1759267824.6895845
0.06,0.16,-0.05,1759267824.693892
0.06,0.16,-0.05,1759267824.7011604
0.06,0.17,-0.05,1759267824.7072544
0.05,0.17,-0.05,1759267824.7132068
0.05,0.17,-0.05,1759267824.716603
0.05,0.16,-0.05,1759267824.718313
0.05,0.17,-0.05,1759267824.7214875
0.05,0.18,-0.05,1759267824.723528
0.04,0.18,-0.05,1759267824.7267714
0.04,0.18,-0.05,1759267824.729453
0.03,0.18,-0.05,1759267824.7332294
0.04,0.18,-0.05,1759267824.735019
0.04,0.18,-0.05,1759267824.7383702
0.03,0.18,-0.05,1759267824.7416463
0.03,0.19,-0.05,1759267824.7456129
0.03,0.19,-0.05,1759267824.7524087
0.03,0.19,-0.05,1759267824.756591
0.03,0.19,-0.05,1759267824.7610326
0.04,0.2,-0.05,1759267824.7650976
0.03,0.2,-0.05,1759267824.770084
0.03,0.2,-0.05,1759267824.7741544
0.04,0.21,-0.05,1759267824.7772038
0.04,0.2,-0.05,1759267824.7802684
0.04,0.21,-0.05,1759267824.7822697
0.04,0.22,-0.05,1759267824.784736
0.04,0.22,-0.05,1759267824.7888243
0.04,0.22,-0.06,1759267824.7924414
0.04,0.22,-0.06,1759267824.7964966
0.04,0.22,-0.06,1759267824.8010442
0.04,0.22,-0.06,1759267824.804679
0.05,0.23,-0.06,1759267824.8065066
0.04,0.23,-0.06,1759267824.8100452
0.04,0.24,-0.06,1759267824.813575
0.05,0.24,-0.06,1759267824.8168492
0.04,0.24,-0.06,1759267824.8189108
0.04,0.24,-0.06,1759267824.8222938
0.05,0.25,-0.06,1759267824.8252146
0.05,0.25,-0.06,1759267824.8268616
0.04,0.25,-0.06,1759267824.8305583
0.04,0.26,-0.06,1759267824.8342924
0.04,0.25,-0.06,1759267824.8382442
0.04,0.25,-0.06,1759267824.841576
0.04,0.25,-0.06,1759267824.8448555
0.05,0.26,-0.06,1759267824.8465586
0.04,0.26,-0.06,1759267824.8505862
0.05,0.26,-0.06,1759267824.854312
0.04,0.26,-0.06,1759267824.8591015
0.04,0.26,-0.06,1759267824.862155
0.04,0.26,-0.06,1759267824.8647418
0.04,0.26,-0.06,1759267824.8669755
0.03,0.26,-0.06,1759267824.869728
0.03,0.26,-0.06,1759267824.8732817
0.04,0.26,-0.06,1759267824.876586
0.04,0.26,-0.06,1759267824.8787146
0.04,0.26,-0.06,1759267824.882005
0.04,0.26,-0.06,1759267824.8847916
0.03,0.26,-0.06,1759267824.8865771
0.03,0.26,-0.06,1759267824.890231
0.02,0.26,-0.06,1759267824.89312
0.03,0.27,-0.06,1759267824.9003034
0.03,0.27,-0.06,1759267824.9044268
0.03,0.27,-0.06,1759267824.9087994
0.03,0.28,-0.06,1759267824.9105964
0.03,0.28,-0.06,1759267824.9164133
0.03,0.28,-0.06,1759267824.918583
0.04,0.27,-0.06,1759267824.924436
0.04,0.28,-0.06,1759267824.926194
0.04,0.28,-0.06,1759267824.9292018
0.03,0.28,-0.06,1759267824.9326758
0.03,0.29,-0.06,1759267824.936807
0.04,0.29,-0.06,1759267824.9410906
0.04,0.29,-0.06,1759267824.9447663
0.04,0.29,-0.06,1759267824.948743
0.04,0.29,-0.06,1759267824.9525168
0.04,0.29,-0.06,1759267824.9563255
0.05,0.29,-0.06,1759267824.9606187
0.05,0.28,-0.06,1759267824.9628882
0.05,0.28,-0.06,1759267824.9687097
0.05,0.28,-0.06,1759267824.972961
0.06,0.28,-0.06,1759267824.97638
0.06,0.28,-0.06,1759267824.9844096
0.06,0.28,-0.06,1759267824.9861774
0.06,0.28,-0.06,1759267824.9900317
0.06,0.28,-0.06,1759267824.993122
0.06,0.28,-0.06,1759267824.9965465
0.06,0.27,-0.06,1759267825.000587
0.06,0.27,-0.06,1759267825.004454
0.07,0.27,-0.06,1759267825.0084484
0.07,0.26,-0.06,1759267825.012646
0.07,0.26,-0.06,1759267825.0172608
0.08,0.27,-0.06,1759267825.020427
0.08,0.27,-0.06,1759267825.024454
0.09,0.26,-0.06,1759267825.0284069
0.08,0.26,-0.06,1759267825.0333877
0.08,0.26,-0.06,1759267825.0370069
0.09,0.25,-0.06,1759267825.0403264
0.08,0.25,-0.06,1759267825.0449033
0.08,0.25,-0.06,1759267825.049154
0.08,0.25,-0.05,1759267825.058416
0.08,0.25,-0.05,1759267825.064959
0.08,0.25,-0.05,1759267825.0696137
0.09,0.26,-0.05,1759267825.073345
0.1,0.25,-0.05,1759267825.078347
0.09,0.26,-0.05,1759267825.0845768
0.09,0.25,-0.05,1759267825.0865932
0.1,0.26,-0.05,1759267825.0926073
0.1,0.26,-0.05,1759267825.0965598
0.1,0.26,-0.05,1759267825.1010056
0.1,0.25,-0.05,1759267825.1041594
0.1,0.25,-0.05,1759267825.1067066
0.1,0.25,-0.05,1759267825.1119428
0.1,0.25,-0.05,1759267825.1146572
0.11,0.25,-0.05,1759267825.11895
0.11,0.25,-0.05,1759267825.124169
0.11,0.25,-0.05,1759267825.128833
0.11,0.25,-0.05,1759267825.1306295
0.11,0.25,-0.05,1759267825.1348078
0.11,0.25,-0.05,1759267825.1388645
0.12,0.24,-0.05,1759267825.143268
0.12,0.24,-0.05,1759267825.1494842
0.12,0.25,-0.05,1759267825.1534443
0.12,0.24,-0.05,1759267825.1571386
0.12,0.24,-0.05,1759267825.160962
0.12,0.24,-0.05,1759267825.1653876
0.12,0.24,-0.05,1759267825.1674564
0.12,0.24,-0.05,1759267825.1779916
0.13,0.24,-0.04,1759267825.1813283
0.13,0.24,-0.04,1759267825.1854944
0.12,0.24,-0.04,1759267825.1989934
0.12,0.24,-0.04,1759267825.2066286
0.12,0.23,-0.04,1759267825.2191238
0.11,0.23,-0.04,1759267825.227173
0.1,0.23,-0.04,1759267825.2320712
0.1,0.23,-0.04,1759267825.236912
0.09,0.23,-0.04,1759267825.2416887
0.1,0.23,-0.04,1759267825.2459807
0.1,0.22,-0.04,1759267825.2541451
0.1,0.23,-0.04,1759267825.2612357
0.1,0.23,-0.04,1759267825.2689755
0.1,0.23,-0.04,1759267825.2734978
0.11,0.23,-0.04,1759267825.2790089
0.11,0.23,-0.04,1759267825.2859497
0.11,0.23,-0.04,1759267825.292306
0.11,0.23,-0.04,1759267825.296744
0.1,0.23,-0.04,1759267825.3021677
0.11,0.23,-0.03,1759267825.307111
0.11,0.23,-0.03,1759267825.3125918
0.11,0.23,-0.03,1759267825.3178797
0.11,0.23,-0.03,1759267825.3225467
0.12,0.23,-0.03,1759267825.328029
0.11,0.22,-0.03,1759267825.3342056
0.12,0.22,-0.03,1759267825.338446
0.12,0.22,-0.03,1759267825.3446436
0.12,0.22,-0.03,1759267825.3497589
0.12,0.22,-0.03,1759267825.3572648
0.12,0.22,-0.03,1759267825.3621807
0.12,0.22,-0.03,1759267825.3688507
0.11,0.22,-0.03,1759267825.372762
0.11,0.22,-0.03,1759267825.3780086
0.1,0.22,-0.03,1759267825.3812125
0.1,0.22,-0.03,1759267825.3838663
0.09,0.22,-0.03,1759267825.3866568
0.09,0.22,-0.03,1759267825.3902884
0.08,0.22,-0.03,1759267825.3939106
0.08,0.21,-0.03,1759267825.3978424
0.08,0.21,-0.03,1759267825.4011493
0.07,0.21,-0.02,1759267825.4062352
0.07,0.21,-0.02,1759267825.4097912
0.07,0.22,-0.02,1759267825.414229
0.07,0.22,-0.02,1759267825.4178245
0.07,0.22,-0.02,1759267825.421649
0.07,0.22,-0.02,1759267825.4252074
0.06,0.22,-0.02,1759267825.429541
0.06,0.22,-0.02,1759267825.4326684
0.06,0.22,-0.02,1759267825.435111
0.06,0.21,-0.02,1759267825.4389677
0.06,0.21,-0.02,1759267825.442439
0.07,0.21,-0.02,1759267825.4461994
0.06,0.21,-0.02,1759267825.4501145
0.06,0.21,-0.02,1759267825.453454
0.06,0.21,-0.02,1759267825.4568777
0.06,0.21,-0.02,1759267825.4604063
0.06,0.21,-0.02,1759267825.4630444
0.06,0.21,-0.02,1759267825.4694147
0.06,0.22,-0.02,1759267825.4788013
0.06,0.21,-0.02,1759267825.491035
0.06,0.21,-0.02,1759267825.498105
0.06,0.21,-0.02,1759267825.502809
0.06,0.21,-0.02,1759267825.5121531
0.07,0.21,-0.02,1759267825.517001
0.06,0.21,-0.02,1759267825.5235045
0.06,0.21,-0.02,1759267825.533945
0.06,0.2,-0.02,1759267825.5398493
0.06,0.2,-0.02,1759267825.5451434
0.06,0.2,-0.02,1759267825.5533364
0.06,0.2,-0.02,1759267825.5594387
0.06,0.21,-0.02,1759267825.5633674
0.06,0.2,-0.02,1759267825.5677853
0.06,0.2,-0.02,1759267825.5751047
0.05,0.19,-0.02,1759267825.5796688
0.05,0.19,-0.02,1759267825.583362
0.05,0.18,-0.02,1759267825.5885806
0.05,0.18,-0.02,1759267825.592566
0.05,0.18,-0.02,1759267825.5967767
0.05,0.18,-0.02,1759267825.6005669
0.05,0.18,-0.02,1759267825.6047716
0.05,0.19,-0.02,1759267825.6084297
0.05,0.19,-0.02,1759267825.612199
0.04,0.18,-0.02,1759267825.618718
0.04,0.18,-0.02,1759267825.6240563
0.04,0.17,-0.02,1759267825.6301224
0.04,0.18,-0.02,1759267825.634118
0.04,0.18,-0.02,1759267825.6384742
0.04,0.17,-0.02,1759267825.642645
0.05,0.17,-0.02,1759267825.6463728
0.04,0.17,-0.02,1759267825.6504424
0.04,0.17,-0.02,1759267825.654643
0.04,0.17,-0.02,1759267825.6583428
0.04,0.17,-0.02,1759267825.662031
0.05,0.18,-0.02,1759267825.6655717
0.04,0.18,-0.02,1759267825.669334
0.04,0.18,-0.02,1759267825.6732533
0.04,0.18,-0.02,1759267825.6773465
0.04,0.17,-0.02,1759267825.6811073
0.04,0.18,-0.02,1759267825.6849003
0.04,0.18,-0.02,1759267825.688785
0.04,0.17,-0.03,1759267825.69222
0.05,0.17,-0.03,1759267825.6961489
0.04,0.17,-0.03,1759267825.6997657
0.04,0.17,-0.03,1759267825.703382
0.04,0.17,-0.03,1759267825.7069626
0.03,0.17,-0.03,1759267825.7106223
0.04,0.18,-0.03,1759267825.7149308
0.04,0.18,-0.03,1759267825.720025
0.04,0.18,-0.03,1759267825.7286017
0.04,0.18,-0.03,1759267825.734447
0.03,0.18,-0.03,1759267825.738006
0.03,0.18,-0.03,1759267825.7418544
0.03,0.18,-0.03,1759267825.7489862
0.03,0.17,-0.03,1759267825.756377
0.03,0.17,-0.03,1759267825.7624495
0.03,0.18,-0.03,1759267825.7683206
0.03,0.18,-0.03,1759267825.7723484
0.03,0.18,-0.03,1759267825.7788346
0.03,0.18,-0.03,1759267825.7870655
0.03,0.18,-0.03,1759267825.789782
0.02,0.18,-0.04,1759267825.79198
0.02,0.18,-0.04,1759267825.7949026
0.02,0.18,-0.04,1759267825.7998304
0.02,0.18,-0.04,1759267825.8041303
0.02,0.18,-0.04,1759267825.806428
0.02,0.19,-0.04,1759267825.808151
0.02,0.19,-0.04,1759267825.8129952
0.02,0.19,-0.04,1759267825.815453
0.02,0.19,-0.04,1759267825.8176942
0.02,0.19,-0.04,1759267825.8230207
0.02,0.19,-0.04,1759267825.825483
0.02,0.18,-0.04,1759267825.827188
0.02,0.18,-0.04,1759267825.8299825
0.02,0.19,-0.04,1759267825.831967
0.02,0.18,-0.05,1759267825.8336089
0.03,0.18,-0.05,1759267825.83557
0.02,0.18,-0.05,1759267825.842208
0.02,0.17,-0.05,1759267825.8451426
0.02,0.18,-0.05,1759267825.8519986
0.02,0.18,-0.05,1759267825.8548956
0.02,0.18,-0.05,1759267825.858475
0.02,0.19,-0.05,1759267825.8612556
0.02,0.19,-0.05,1759267825.8654718
0.01,0.19,-0.05,1759267825.8683448
0.01,0.19,-0.05,1759267825.8709712
0.01,0.19,-0.05,1759267825.875014
0.01,0.19,-0.05,1759267825.877559
0.01,0.19,-0.05,1759267825.8802152
0.01,0.2,-0.05,1759267825.882531
0.01,0.2,-0.05,1759267825.8875494
0.01,0.2,-0.06,1759267825.8918033
0.01,0.2,-0.06,1759267825.8971014
0.0,0.2,-0.06,1759267825.9003253
0.01,0.2,-0.06,1759267825.9046032
0.0,0.2,-0.06,1759267825.9081187
0.0,0.2,-0.06,1759267825.9130878
0.0,0.2,-0.06,1759267825.918013
-0.0,0.2,-0.06,1759267825.9237742
-0.0,0.2,-0.06,1759267825.9280882
-0.0,0.2,-0.06,1759267825.9319055
-0.0,0.21,-0.06,1759267825.936564
-0.0,0.21,-0.06,1759267825.940835
-0.0,0.2,-0.06,1759267825.944872
-0.0,0.21,-0.06,1759267825.948218
-0.0,0.2,-0.06,1759267825.9511352
-0.0,0.2,-0.07,1759267825.9562962
-0.0,0.2,-0.07,1759267825.9591446
0.0,0.2,-0.07,1759267825.9633288
0.0,0.2,-0.07,1759267825.966474
0.0,0.2,-0.07,1759267825.9697256
0.0,0.2,-0.07,1759267825.972672
0.0,0.2,-0.07,1759267825.975005
0.0,0.2,-0.07,1759267825.9772956
0.0,0.2,-0.07,1759267825.9794884
0.0,0.2,-0.07,1759267825.9822009
0.01,0.2,-0.07,1759267825.984341
0.01,0.2,-0.07,1759267825.987116
0.01,0.2,-0.07,1759267825.9893415
0.01,0.2,-0.07,1759267825.991659
0.01,0.2,-0.07,1759267825.994304
0.01,0.2,-0.07,1759267825.9986966
0.01,0.2,-0.08,1759267826.0015454
0.01,0.21,-0.08,1759267826.0044231
0.01,0.21,-0.08,1759267826.0072737
0.01,0.21,-0.08,1759267826.0116906
0.0,0.21,-0.08,1759267826.01403
0.0,0.21,-0.08,1759267826.0167208
0.0,0.21,-0.08,1759267826.019168
-0.0,0.2,-0.08,1759267826.0209086
0.0,0.2,-0.08,1759267826.026431
0.0,0.21,-0.08,1759267826.0292342
-0.0,0.21,-0.08,1759267826.0330248
-0.0,0.21,-0.08,1759267826.036986
-0.0,0.21,-0.08,1759267826.0388649
-0.0,0.21,-0.08,1759267826.0419748
-0.01,0.21,-0.08,1759267826.0442994
-0.01,0.21,-0.08,1759267826.0471103
-0.01,0.21,-0.08,1759267826.0495868
-0.01,0.21,-0.08,1759267826.0522394
-0.01,0.21,-0.08,1759267826.0561862
-0.01,0.21,-0.09,1759267826.058977
-0.01,0.21,-0.09,1759267826.0615494
-0.01,0.21,-0.09,1759267826.063399
-0.01,0.21,-0.09,1759267826.0662992
-0.01,0.21,-0.09,1759267826.069888
-0.01,0.21,-0.09,1759267826.075066
-0.01,0.21,-0.09,1759267826.0826628
-0.01,0.21,-0.09,1759267826.0860417
-0.01,0.21,-0.09,1759267826.0893652
-0.01,0.21,-0.09,1759267826.091609
-0.01,0.21,-0.09,1759267826.0940511
-0.01,0.21,-0.09,1759267826.096141
-0.02,0.21,-0.09,1759267826.09929
-0.01,0.22,-0.09,1759267826.1012435
-0.01,0.21,-0.09,1759267826.1033218
-0.02,0.22,-0.09,1759267826.1054127
-0.01,0.22,-0.09,1759267826.1139069
-0.01,0.22,-0.09,1759267826.116272
-0.01,0.22,-0.09,1759267826.11807
-0.02,0.22,-0.09,1759267826.1211946
-0.02,0.21,-0.09,1759267826.1228971
-0.02,0.22,-0.09,1759267826.1265445
-0.02,0.22,-0.09,1759267826.129554
-0.02,0.22,-0.09,1759267826.133708
-0.02,0.22,-0.1,1759267826.138822
-0.02,0.22,-0.1,1759267826.1409628
-0.02,0.21,-0.1,1759267826.1428502
-0.02,0.22,-0.1,1759267826.1460104
-0.02,0.22,-0.1,1759267826.148839
-0.02,0.22,-0.1,1759267826.150934
-0.02,0.22,-0.1,1759267826.153069
-0.02,0.22,-0.1,1759267826.1553752
-0.01,0.21,-0.1,1759267826.1619096
-0.02,0.22,-0.1,1759267826.1654005
-0.02,0.22,-0.1,1759267826.1678357
-0.02,0.22,-0.1,1759267826.1706502
-0.02,0.22,-0.1,1759267826.1756997
-0.02,0.22,-0.1,1759267826.1798477
-0.02,0.21,-0.1,1759267826.1847882
-0.02,0.21,-0.1,1759267826.1882305
-0.03,0.21,-0.1,1759267826.1933692
-0.03,0.22,-0.1,1759267826.1973896
-0.03,0.22,-0.1,1759267826.202176
-0.03,0.22,-0.1,1759267826.205501
-0.02,0.22,-0.1,1759267826.212302
-0.03,0.22,-0.1,1759267826.2167203
-0.03,0.22,-0.1,1759267826.2218754
-0.04,0.22,-0.1,1759267826.2250812
-0.04,0.22,-0.1,1759267826.228543
-0.04,0.22,-0.1,1759267826.2324746
-0.04,0.22,-0.1,1759267826.2352538
-0.04,0.22,-0.1,1759267826.2393038
-0.04,0.22,-0.1,1759267826.2425013
-0.04,0.22,-0.1,1759267826.2458868
-0.05,0.22,-0.11,1759267826.2494628
-0.05,0.22,-0.1,1759267826.2524202
-0.05,0.21,-0.1,1759267826.2554772
-0.05,0.21,-0.11,1759267826.259653
-0.05,0.21,-0.11,1759267826.2646494
-0.05,0.21,-0.11,1759267826.2700956
-0.05,0.22,-0.11,1759267826.2755623
-0.05,0.22,-0.11,1759267826.2805588
-0.05,0.22,-0.11,1759267826.2850382
-0.05,0.22,-0.11,1759267826.2880335
-0.05,0.22,-0.11,1759267826.291535
-0.05,0.22,-0.11,1759267826.2969377
-0.05,0.22,-0.11,1759267826.3021452
-0.05,0.22,-0.11,1759267826.3069465
-0.05,0.22,-0.11,1759267826.3109226
-0.05,0.22,-0.11,1759267826.313712
-0.05,0.22,-0.1,1759267826.317205
-0.05,0.22,-0.11,1759267826.3207617
-0.06,0.22,-0.1,1759267826.326884
-0.07,0.22,-0.11,1759267826.3306773
-0.07,0.22,-0.11,1759267826.3346622
-0.06,0.22,-0.11,1759267826.3413014
-0.06,0.22,-0.11,1759267826.345135
-0.06,0.23,-0.11,1759267826.3503008
-0.05,0.23,-0.11,1759267826.3539526
-0.05,0.23,-0.1,1759267826.3576992
-0.05,0.23,-0.1,1759267826.3615537
-0.05,0.23,-0.1,1759267826.3656604
-0.06,0.23,-0.1,1759267826.3697402
-0.06,0.23,-0.1,1759267826.3749802
-0.06,0.24,-0.1,1759267826.3806598
-0.06,0.24,-0.1,1759267826.3864963
-0.05,0.24,-0.1,1759267826.391939
-0.05,0.25,-0.1,1759267826.3960369
-0.06,0.25,-0.1,1759267826.3999422
-0.06,0.24,-0.1,1759267826.4026794
-0.06,0.25,-0.1,1759267826.4066386
-0.07,0.25,-0.1,1759267826.4102652
-0.07,0.25,-0.1,1759267826.4138534
-0.08,0.25,-0.1,1759267826.4171216
-0.08,0.24,-0.1,1759267826.42079
-0.08,0.25,-0.1,1759267826.4252295
-0.09,0.25,-0.1,1759267826.4299428
-0.09,0.25,-0.1,1759267826.434647
-0.09,0.24,-0.1,1759267826.4390347
-0.09,0.24,-0.1,1759267826.4454825
-0.08,0.24,-0.1,1759267826.4505625
-0.08,0.24,-0.1,1759267826.4549184
-0.08,0.24,-0.1,1759267826.4599526
-0.07,0.25,-0.1,1759267826.4637911
-0.07,0.24,-0.1,1759267826.4688172
-0.07,0.25,-0.1,1759267826.4752183
-0.07,0.24,-0.1,1759267826.4790094
-0.07,0.25,-0.1,1759267826.4827013
-0.07,0.25,-0.09,1759267826.4874587
-0.07,0.24,-0.09,1759267826.4922576
-0.06,0.24,-0.09,1759267826.4972496
-0.06,0.24,-0.09,1759267826.5030584
-0.06,0.24,-0.09,1759267826.507833
-0.06,0.24,-0.09,1759267826.510294
-0.06,0.24,-0.09,1759267826.5169656
-0.06,0.25,-0.09,1759267826.5214567
-0.06,0.25,-0.09,1759267826.5255718
-0.06,0.24,-0.09,1759267826.5288546
-0.05,0.24,-0.09,1759267826.533921
-0.06,0.24,-0.09,1759267826.537268
-0.06,0.24,-0.09,1759267826.542991
-0.06,0.24,-0.09,1759267826.547571
-0.06,0.24,-0.09,1759267826.5516002
-0.06,0.24,-0.09,1759267826.5558236
-0.06,0.24,-0.09,1759267826.5613103
-0.06,0.24,-0.09,1759267826.5656257
-0.06,0.24,-0.09,1759267826.5689452
-0.06,0.24,-0.09,1759267826.5726192
-0.06,0.24,-0.09,1759267826.5767634
-0.05,0.24,-0.09,1759267826.5806055
-0.06,0.24,-0.09,1759267826.5841212
-0.05,0.24,-0.09,1759267826.5882735
-0.05,0.24,-0.09,1759267826.5925703
-0.05,0.24,-0.09,1759267826.5996282
-0.05,0.23,-0.09,1759267826.6032643
-0.05,0.24,-0.09,1759267826.60714
-0.05,0.23,-0.09,1759267826.6109362
-0.04,0.24,-0.09,1759267826.6149895
-0.04,0.23,-0.08,1759267826.6188457
-0.05,0.22,-0.08,1759267826.6221328
-0.04,0.22,-0.08,1759267826.6255882
-0.04,0.22,-0.08,1759267826.6302135
-0.04,0.22,-0.08,1759267826.6347718
-0.04,0.21,-0.08,1759267826.6395297
-0.04,0.21,-0.08,1759267826.6442385
-0.04,0.21,-0.08,1759267826.6491585
-0.04,0.21,-0.08,1759267826.653195
-0.04,0.21,-0.08,1759267826.6587298
-0.03,0.21,-0.08,1759267826.6633463
-0.03,0.21,-0.08,1759267826.6678178
-0.03,0.21,-0.08,1759267826.671067
-0.02,0.2,-0.08,1759267826.6761148
-0.02,0.2,-0.08,1759267826.6803546
-0.02,0.2,-0.08,1759267826.6848495
-0.02,0.2,-0.08,1759267826.690076
-0.02,0.2,-0.08,1759267826.6956885
-0.02,0.2,-0.08,1759267826.7006488
-0.02,0.19,-0.08,1759267826.7058084
-0.01,0.19,-0.08,1759267826.709876
-0.01,0.19,-0.08,1759267826.712925
-0.01,0.19,-0.08,1759267826.715581
-0.01,0.19,-0.08,1759267826.7190723
-0.01,0.2,-0.08,1759267826.7224174
-0.02,0.19,-0.08,1759267826.7261078
-0.01,0.19,-0.08,1759267826.729127
-0.01,0.2,-0.08,1759267826.7323077
-0.01,0.19,-0.08,1759267826.7363904
-0.01,0.19,-0.08,1759267826.7395184
-0.01,0.19,-0.08,1759267826.7431543
-0.01,0.19,-0.08,1759267826.7469492
-0.01,0.19,-0.08,1759267826.7518032
-0.01,0.18,-0.08,1759267826.7562304
-0.02,0.18,-0.08,1759267826.7583718
-0.01,0.18,-0.08,1759267826.7607296
-0.02,0.19,-0.08,1759267826.763228
-0.02,0.19,-0.08,1759267826.7667816
-0.01,0.18,-0.08,1759267826.7699254
-0.01,0.18,-0.08,1759267826.7726486
-0.01,0.18,-0.08,1759267826.7753782
-0.02,0.18,-0.08,1759267826.7785437
-0.01,0.18,-0.08,1759267826.781032
-0.01,0.18,-0.08,1759267826.7840087
-0.01,0.18,-0.08,1759267826.7876754
-0.01,0.18,-0.08,1759267826.790723
-0.01,0.18,-0.08,1759267826.7940886
-0.01,0.18,-0.08,1759267826.7971225
-0.01,0.18,-0.08,1759267826.7999632
-0.01,0.18,-0.08,1759267826.8028352
-0.01,0.18,-0.08,1759267826.8059983
-0.01,0.18,-0.08,1759267826.8130891
-0.02,0.18,-0.08,1759267826.8335023
-0.01,0.18,-0.08,1759267826.8394938
-0.01,0.18,-0.08,1759267826.846616
-0.02,0.18,-0.08,1759267826.8512385
-0.02,0.18,-0.08,1759267826.8532212
-0.02,0.18,-0.08,1759267826.8562644
-0.02,0.17,-0.08,1759267826.8582842
-0.02,0.17,-0.08,1759267826.8606305
-0.02,0.17,-0.08,1759267826.8626566
-0.02,0.18,-0.08,1759267826.86461
-0.02,0.18,-0.08,1759267826.8685725
-0.02,0.17,-0.08,1759267826.870386
-0.02,0.17,-0.08,1759267826.8724227
-0.02,0.16,-0.08,1759267826.874383
-0.02,0.16,-0.08,1759267826.8763497
-0.02,0.17,-0.08,1759267826.8790257
-0.03,0.17,-0.08,1759267826.8830216
-0.03,0.17,-0.08,1759267826.885842
-0.03,0.17,-0.08,1759267826.8890414
-0.04,0.17,-0.08,1759267826.8916776
-0.04,0.17,-0.08,1759267826.896036
-0.03,0.17,-0.08,1759267826.9007096
-0.04,0.16,-0.08,1759267826.9037704
-0.04,0.16,-0.08,1759267826.906982
-0.03,0.16,-0.08,1759267826.9093626
-0.03,0.16,-0.08,1759267826.911482
-0.04,0.15,-0.08,1759267826.914659
-0.04,0.16,-0.08,1759267826.916945
-0.03,0.16,-0.08,1759267826.9188237
-0.03,0.16,-0.08,1759267826.9209712
-0.04,0.15,-0.08,1759267826.9242043
-0.04,0.16,-0.08,1759267826.9275763
-0.04,0.15,-0.08,1759267826.9314203
-0.04,0.16,-0.08,1759267826.9336257
-0.04,0.16,-0.08,1759267826.936823
-0.04,0.16,-0.08,1759267826.9393888
-0.04,0.16,-0.08,1759267826.9425352
-0.04,0.16,-0.08,1759267826.9457035
-0.05,0.15,-0.08,1759267826.949613
-0.05,0.15,-0.08,1759267826.9524798
-0.05,0.16,-0.08,1759267826.9558127
-0.04,0.16,-0.08,1759267826.9592006
-0.05,0.15,-0.08,1759267826.9618828
-0.05,0.15,-0.08,1759267826.965826
-0.05,0.14,-0.08,1759267826.97006
-0.06,0.14,-0.08,1759267826.97381
-0.05,0.14,-0.08,1759267826.9797242
-0.05,0.13,-0.08,1759267826.984892
-0.05,0.13,-0.08,1759267826.992227
-0.04,0.13,-0.08,1759267826.9989576
-0.05,0.13,-0.08,1759267827.004099
-0.04,0.13,-0.08,1759267827.0067642
-0.03,0.13,-0.08,1759267827.0096126
-0.04,0.13,-0.08,1759267827.0146356
-0.04,0.14,-0.08,1759267827.0235882
-0.03,0.14,-0.08,1759267827.0294662
-0.03,0.13,-0.08,1759267827.033073
-0.03,0.14,-0.08,1759267827.0355146
-0.03,0.14,-0.08,1759267827.039007
-0.03,0.14,-0.08,1759267827.0465426
-0.02,0.14,-0.08,1759267827.0493724
-0.02,0.14,-0.08,1759267827.0546792
-0.02,0.14,-0.08,1759267827.0575826
-0.02,0.14,-0.08,1759267827.060878
-0.02,0.14,-0.08,1759267827.063117
-0.02,0.15,-0.08,1759267827.06674
-0.03,0.15,-0.08,1759267827.0708165
-0.03,0.16,-0.08,1759267827.0729234
-0.02,0.16,-0.08,1759267827.0767074
-0.03,0.16,-0.08,1759267827.0792377
-0.02,0.16,-0.08,1759267827.0813503
-0.03,0.16,-0.08,1759267827.0846596
-0.03,0.17,-0.08,1759267827.087109
-0.04,0.16,-0.08,1759267827.0900033
-0.05,0.16,-0.08,1759267827.0920188
-0.05,0.17,-0.08,1759267827.095191
-0.05,0.17,-0.08,1759267827.0986714
-0.06,0.16,-0.08,1759267827.1009965
-0.06,0.16,-0.08,1759267827.1032383
-0.05,0.16,-0.08,1759267827.106429
-0.06,0.16,-0.08,1759267827.1111195
-0.06,0.15,-0.08,1759267827.113659
-0.06,0.16,-0.08,1759267827.1170638
-0.06,0.16,-0.08,1759267827.1195605
-0.06,0.17,-0.08,1759267827.1214564
-0.07,0.17,-0.08,1759267827.125859
-0.07,0.16,-0.08,1759267827.1315827
-0.07,0.16,-0.08,1759267827.136212
-0.07,0.17,-0.08,1759267827.1404498
-0.07,0.16,-0.08,1759267827.144775
-0.07,0.16,-0.08,1759267827.1467323
-0.06,0.16,-0.08,1759267827.15036
-0.06,0.16,-0.08,1759267827.152833
-0.06,0.16,-0.08,1759267827.1577408
-0.06,0.16,-0.08,1759267827.1618052
-0.06,0.16,-0.08,1759267827.1669729
-0.05,0.16,-0.08,1759267827.171404
-0.06,0.16,-0.08,1759267827.175033
-0.06,0.16,-0.08,1759267827.1789386
-0.05,0.16,-0.08,1759267827.182525
-0.06,0.16,-0.08,1759267827.1871789
-0.05,0.17,-0.08,1759267827.1914902
-0.06,0.16,-0.08,1759267827.195095
-0.06,0.16,-0.08,1759267827.1995609
-0.06,0.16,-0.08,1759267827.203437
-0.06,0.17,-0.08,1759267827.2070358
-0.06,0.17,-0.08,1759267827.2097905
-0.06,0.17,-0.08,1759267827.2132504
-0.06,0.17,-0.08,1759267827.2169943
-0.06,0.17,-0.08,1759267827.2205648
-0.06,0.17,-0.08,1759267827.224244
-0.06,0.17,-0.08,1759267827.2285922
-0.06,0.17,-0.08,1759267827.2323468
-0.07,0.18,-0.08,1759267827.235479
-0.07,0.17,-0.08,1759267827.2440653
-0.08,0.18,-0.08,1759267827.2475429
-0.09,0.18,-0.08,1759267827.2515185
-0.08,0.18,-0.08,1759267827.255479
-0.08,0.17,-0.08,1759267827.2585623
-0.08,0.17,-0.08,1759267827.2630272
-0.08,0.18,-0.08,1759267827.26571
-0.08,0.18,-0.08,1759267827.2709486
-0.08,0.18,-0.08,1759267827.2755976
-0.08,0.18,-0.08,1759267827.2797809
-0.08,0.18,-0.08,1759267827.2849047
-0.08,0.18,-0.08,1759267827.2888973
-0.08,0.17,-0.08,1759267827.2924063
-0.08,0.17,-0.08,1759267827.2959876
-0.08,0.17,-0.08,1759267827.2982717
-0.08,0.17,-0.08,1759267827.301977
-0.08,0.17,-0.08,1759267827.304618
-0.08,0.17,-0.08,1759267827.307907
-0.09,0.17,-0.08,1759267827.3117526
-0.08,0.18,-0.09,1759267827.3149724
-0.08,0.18,-0.09,1759267827.318066
-0.08,0.18,-0.09,1759267827.3207376
-0.09,0.17,-0.09,1759267827.3242345
-0.09,0.18,-0.09,1759267827.3286428
-0.09,0.17,-0.09,1759267827.3319764
-0.08,0.18,-0.09,1759267827.335359
-0.08,0.18,-0.09,1759267827.3392415
-0.08,0.17,-0.09,1759267827.34273
-0.08,0.18,-0.09,1759267827.346232
-0.08,0.18,-0.09,1759267827.349817
-0.08,0.18,-0.09,1759267827.3533406
-0.08,0.18,-0.09,1759267827.3570232
-0.09,0.18,-0.09,1759267827.3605993
-0.09,0.18,-0.09,1759267827.364121
-0.08,0.18,-0.09,1759267827.3680575
-0.08,0.18,-0.09,1759267827.372064
-0.08,0.18,-0.09,1759267827.3753045
-0.08,0.19,-0.09,1759267827.378781
-0.08,0.18,-0.09,1759267827.382461
-0.08,0.19,-0.09,1759267827.3856697
-0.09,0.19,-0.09,1759267827.3890035
-0.09,0.19,-0.09,1759267827.3927922
-0.09,0.19,-0.09,1759267827.3959029
-0.09,0.2,-0.09,1759267827.3992572
-0.09,0.2,-0.09,1759267827.4020426
-0.09,0.19,-0.09,1759267827.405554
-0.09,0.2,-0.09,1759267827.4095604
-0.09,0.2,-0.09,1759267827.4129398
-0.09,0.2,-0.09,1759267827.4161685
-0.09,0.2,-0.09,1759267827.420528
-0.09,0.19,-0.09,1759267827.4236877
-0.09,0.19,-0.09,1759267827.4278042
-0.09,0.19,-0.09,1759267827.4309118
-0.09,0.19,-0.09,1759267827.4348438
-0.09,0.2,-0.09,1759267827.4394877
-0.09,0.19,-0.09,1759267827.4440424
-0.09,0.19,-0.09,1759267827.448008
-0.09,0.19,-0.09,1759267827.452356
-0.09,0.19,-0.09,1759267827.4575212
-0.09,0.19,-0.09,1759267827.4611037
-0.09,0.19,-0.09,1759267827.467322
-0.09,0.19,-0.09,1759267827.4720583
-0.09,0.19,-0.09,1759267827.4767892
-0.09,0.18,-0.09,1759267827.4825544
-0.09,0.18,-0.09,1759267827.488874
-0.1,0.18,-0.09,1759267827.4974542
-0.09,0.19,-0.09,1759267827.5026317
-0.09,0.18,-0.09,1759267827.50664
-0.1,0.19,-0.09,1759267827.5103023
-0.1,0.19,-0.09,1759267827.5143518
-0.1,0.18,-0.09,1759267827.5201051
-0.1,0.18,-0.09,1759267827.5221624
-0.1,0.18,-0.09,1759267827.5267828
-0.1,0.18,-0.09,1759267827.5302837
-0.1,0.18,-0.09,1759267827.5320897
-0.1,0.18,-0.09,1759267827.5341249
-0.1,0.18,-0.09,1759267827.5368936
-0.1,0.19,-0.09,1759267827.5392225
-0.09,0.18,-0.1,1759267827.5416102
-0.1,0.19,-0.1,1759267827.5434246
-0.1,0.18,-0.1,1759267827.5455077
-0.09,0.18,-0.1,1759267827.5481317
-0.09,0.18,-0.1,1759267827.550162
-0.09,0.18,-0.1,1759267827.552136
-0.09,0.18,-0.1,1759267827.5545833
-0.09,0.18,-0.1,1759267827.557059
-0.08,0.18,-0.1,1759267827.5589576
-0.09,0.17,-0.1,1759267827.5610385
-0.09,0.17,-0.1,1759267827.5629275
-0.09,0.18,-0.1,1759267827.5670702
-0.08,0.17,-0.1,1759267827.572713
-0.09,0.17,-0.1,1759267827.5764031
-0.09,0.17,-0.1,1759267827.5805666
-0.09,0.17,-0.1,1759267827.5872478
-0.08,0.17,-0.1,1759267827.5942583
-0.08,0.18,-0.1,1759267827.606316
-0.07,0.18,-0.1,1759267827.6105778
-0.07,0.18,-0.1,1759267827.6147776
-0.07,0.18,-0.1,1759267827.6179483
-0.07,0.18,-0.1,1759267827.6206875
-0.07,0.18,-0.1,1759267827.6236894
-0.07,0.18,-0.1,1759267827.628326
-0.06,0.18,-0.1,1759267827.632717
-0.07,0.18,-0.1,1759267827.6351197
-0.07,0.18,-0.1,1759267827.637256
-0.07,0.18,-0.1,1759267827.6401703
-0.07,0.18,-0.1,1759267827.643328
-0.08,0.18,-0.1,1759267827.6479175
-0.07,0.18,-0.1,1759267827.650416
-0.07,0.18,-0.1,1759267827.6526685
-0.07,0.18,-0.1,1759267827.65479
-0.07,0.18,-0.1,1759267827.6571338
-0.07,0.18,-0.1,1759267827.6592364
-0.07,0.18,-0.1,1759267827.6613066
-0.07,0.18,-0.1,1759267827.6634746
-0.07,0.18,-0.1,1759267827.666116
-0.07,0.18,-0.1,1759267827.6697457
-0.07,0.18,-0.1,1759267827.6735537
-0.07,0.18,-0.1,1759267827.6775713
-0.06,0.18,-0.1,1759267827.682377
-0.06,0.18,-0.1,1759267827.6894584
-0.07,0.18,-0.1,1759267827.695528
-0.07,0.18,-0.1,1759267827.6989045
-0.07,0.18,-0.1,1759267827.7031212
-0.06,0.18,-0.1,1759267827.7065256
-0.07,0.18,-0.1,1759267827.7107756
-0.07,0.18,-0.1,1759267827.7149217
-0.07,0.18,-0.1,1759267827.719291
-0.07,0.18,-0.1,1759267827.722891
-0.07,0.19,-0.1,1759267827.7295923
-0.07,0.18,-0.1,1759267827.7332222
-0.07,0.19,-0.1,1759267827.7393448
-0.07,0.19,-0.1,1759267827.7442691
-0.07,0.19,-0.1,1759267827.7496152
-0.07,0.19,-0.1,1759267827.7529604
-0.07,0.19,-0.1,1759267827.7600243
-0.08,0.2,-0.1,1759267827.7627451
-0.08,0.2,-0.1,1759267827.7660878
-0.08,0.2,-0.1,1759267827.7721443
-0.08,0.2,-0.1,1759267827.7789588
-0.08,0.2,-0.1,1759267827.7865703
-0.08,0.2,-0.1,1759267827.7901433
-0.09,0.2,-0.1,1759267827.7926624
-0.09,0.2,-0.1,1759267827.7977805
-0.09,0.2,-0.1,1759267827.8004608
-0.09,0.2,-0.1,1759267827.8037908
-0.09,0.2,-0.1,1759267827.8098042
-0.09,0.2,-0.1,1759267827.8124712
-0.09,0.21,-0.1,1759267827.8196502
-0.09,0.2,-0.1,1759267827.8252857
-0.1,0.21,-0.1,1759267827.8281174
-0.1,0.21,-0.1,1759267827.8350964
-0.1,0.21,-0.1,1759267827.8427658
-0.1,0.21,-0.1,1759267827.8525584
-0.11,0.21,-0.1,1759267827.8600798
-0.11,0.21,-0.1,1759267827.8800418
-0.1,0.21,-0.1,1759267827.8989637
-0.1,0.21,-0.1,1759267827.90753
-0.1,0.21,-0.1,1759267827.9137626
-0.1,0.21,-0.1,1759267827.9238312
-0.1,0.22,-0.1,1759267827.9282694
-0.1,0.21,-0.1,1759267827.9365132
-0.1,0.21,-0.1,1759267827.945747
-0.1,0.22,-0.1,1759267827.951204
-0.1,0.22,-0.1,1759267827.9570775
-0.09,0.21,-0.1,1759267827.9633317
-0.09,0.21,-0.1,1759267827.9716437
-0.09,0.21,-0.1,1759267827.9782634
-0.09,0.21,-0.1,1759267827.983606
-0.09,0.21,-0.1,1759267827.9876952
-0.09,0.21,-0.1,1759267827.9933174
-0.09,0.21,-0.1,1759267827.996913
-0.09,0.21,-0.1,1759267827.9994264
-0.09,0.21,-0.1,1759267828.0021243
-0.09,0.21,-0.1,1759267828.005878
-0.09,0.22,-0.1,1759267828.0096426
-0.09,0.21,-0.09,1759267828.0132158
-0.09,0.21,-0.09,1759267828.0173285
-0.09,0.21,-0.09,1759267828.0219328
-0.1,0.21,-0.09,1759267828.02783
-0.09,0.21,-0.09,1759267828.0324376
-0.09,0.21,-0.09,1759267828.0367544
-0.09,0.21,-0.09,1759267828.04116
-0.09,0.2,-0.09,1759267828.046401
-0.08,0.21,-0.09,1759267828.0493853
-0.08,0.21,-0.09,1759267828.0527022
-0.08,0.21,-0.09,1759267828.0602562
-0.08,0.21,-0.09,1759267828.063424
-0.08,0.21,-0.09,1759267828.0669026
-0.08,0.21,-0.09,1759267828.0699055
-0.08,0.21,-0.09,1759267828.0749104
-0.08,0.21,-0.09,1759267828.0800433
-0.07,0.22,-0.09,1759267828.0845966
-0.08,0.21,-0.09,1759267828.0894015
-0.07,0.21,-0.09,1759267828.0931904
-0.07,0.21,-0.09,1759267828.0960062
-0.08,0.21,-0.09,1759267828.0989993
-0.08,0.21,-0.09,1759267828.1037366
-0.08,0.21,-0.09,1759267828.108646
-0.08,0.22,-0.09,1759267828.1123247
-0.08,0.21,-0.09,1759267828.118227
-0.07,0.21,-0.09,1759267828.1236289
-0.07,0.21,-0.09,1759267828.1280663
-0.07,0.21,-0.09,1759267828.132584
-0.07,0.21,-0.09,1759267828.1377554
-0.07,0.21,-0.09,1759267828.1427567
-0.07,0.21,-0.09,1759267828.1551912
-0.07,0.2,-0.08,1759267828.1634655
-0.08,0.21,-0.09,1759267828.169033
-0.07,0.21,-0.09,1759267828.177376
-0.08,0.21,-0.08,1759267828.1946075
-0.08,0.21,-0.08,1759267828.1967597
-0.07,0.22,-0.08,1759267828.199638
-0.07,0.22,-0.08,1759267828.2023733
-0.07,0.22,-0.08,1759267828.2041757
-0.07,0.22,-0.08,1759267828.2068615
-0.07,0.23,-0.09,1759267828.2097614
-0.07,0.23,-0.09,1759267828.2146437
-0.06,0.23,-0.08,1759267828.2182868
-0.06,0.22,-0.08,1759267828.225799
-0.06,0.22,-0.08,1759267828.236322
-0.06,0.22,-0.08,1759267828.2481213
-0.05,0.22,-0.08,1759267828.251183
-0.05,0.22,-0.08,1759267828.2543924
-0.05,0.22,-0.08,1759267828.258006
-0.05,0.22,-0.08,1759267828.2632124
-0.05,0.22,-0.08,1759267828.2673988
-0.05,0.21,-0.08,1759267828.2751098
-0.06,0.21,-0.08,1759267828.2796223
-0.06,0.21,-0.08,1759267828.2876096
-0.06,0.21,-0.08,1759267828.291216
-0.06,0.21,-0.08,1759267828.2955322
-0.06,0.21,-0.08,1759267828.300727
-0.05,0.21,-0.08,1759267828.30326
-0.05,0.21,-0.08,1759267828.3066394
-0.06,0.21,-0.08,1759267828.309528
-0.06,0.2,-0.08,1759267828.3129137
-0.06,0.2,-0.08,1759267828.3166957
-0.07,0.2,-0.08,1759267828.319476
-0.07,0.2,-0.08,1759267828.3241348
-0.08,0.2,-0.08,1759267828.3326554
-0.08,0.2,-0.08,1759267828.3366687
-0.08,0.19,-0.08,1759267828.342686
-0.07,0.2,-0.08,1759267828.347398
-0.07,0.19,-0.08,1759267828.3611774
-0.08,0.19,-0.08,1759267828.37242
-0.07,0.2,-0.08,1759267828.3810866
-0.07,0.19,-0.08,1759267828.385933
-0.07,0.2,-0.08,1759267828.3934095
-0.07,0.2,-0.08,1759267828.3968923
-0.07,0.2,-0.09,1759267828.406834
-0.07,0.2,-0.09,1759267828.4121623
-0.06,0.2,-0.09,1759267828.4179003
-0.06,0.2,-0.09,1759267828.4232223
-0.07,0.2,-0.09,1759267828.4286714
-0.07,0.2,-0.09,1759267828.4338992
-0.07,0.2,-0.09,1759267828.439072
-0.08,0.21,-0.09,1759267828.4436288
-0.08,0.21,-0.09,1759267828.4509735
-0.08,0.21,-0.09,1759267828.4551775
-0.08,0.2,-0.09,1759267828.4607162
-0.08,0.21,-0.09,1759267828.4643614
-0.08,0.2,-0.09,1759267828.47348
-0.08,0.21,-0.09,1759267828.479823
-0.08,0.2,-0.09,1759267828.4862337
-0.08,0.2,-0.09,1759267828.4891896
-0.09,0.2,-0.09,1759267828.493711
-0.09,0.2,-0.09,1759267828.4975305
-0.09,0.2,-0.09,1759267828.501921
-0.09,0.2,-0.09,1759267828.506297
-0.09,0.2,-0.09,1759267828.510146
-0.09,0.2,-0.09,1759267828.514388
-0.09,0.2,-0.09,1759267828.5188732
-0.09,0.2,-0.09,1759267828.5220966
-0.09,0.19,-0.09,1759267828.527675
-0.1,0.19,-0.1,1759267828.531926
-0.1,0.19,-0.1,1759267828.5353386
-0.11,0.2,-0.1,1759267828.5410423
-0.11,0.2,-0.1,1759267828.549204
-0.11,0.2,-0.1,1759267828.559705
-0.11,0.2,-0.1,1759267828.570341
-0.11,0.2,-0.1,1759267828.57971
-0.11,0.2,-0.1,1759267828.5921853
-0.11,0.21,-0.1,1759267828.5994153
-0.11,0.21,-0.1,1759267828.6029952
-0.11,0.21,-0.1,1759267828.6065445
-0.11,0.2,-0.1,1759267828.609943
-0.11,0.21,-0.1,1759267828.6122124
-0.11,0.21,-0.1,1759267828.6180148
-0.11,0.21,-0.1,1759267828.6214917
-0.11,0.2,-0.1,1759267828.6243637
-0.1,0.2,-0.1,1759267828.6272466
-0.1,0.2,-0.1,1759267828.631526
-0.1,0.2,-0.1,1759267828.6348438
-0.1,0.2,-0.1,1759267828.638416
-0.1,0.19,-0.1,1759267828.641662
-0.1,0.19,-0.1,1759267828.6450176
-0.1,0.19,-0.1,1759267828.6479406
-0.09,0.18,-0.1,1759267828.6508627
-0.09,0.18,-0.1,1759267828.6541002
-0.08,0.18,-0.1,1759267828.657463
-0.08,0.18,-0.1,1759267828.6613069
-0.09,0.18,-0.1,1759267828.6643736
-0.08,0.17,-0.1,1759267828.6676054
-0.08,0.17,-0.1,1759267828.6703107
-0.09,0.18,-0.1,1759267828.6735728
-0.08,0.18,-0.1,1759267828.6772597
-0.07,0.18,-0.1,1759267828.6819985
-0.07,0.17,-0.1,1759267828.685353
-0.06,0.18,-0.1,1759267828.6888766
-0.06,0.18,-0.1,1759267828.6925392
-0.06,0.17,-0.1,1759267828.6962852
-0.06,0.18,-0.1,1759267828.701139
-0.07,0.18,-0.1,1759267828.706443
-0.06,0.18,-0.1,1759267828.7099266
-0.06,0.18,-0.1,1759267828.7194276
-0.06,0.18,-0.1,1759267828.7229688
-0.05,0.17,-0.1,1759267828.7277913
-0.05,0.17,-0.1,1759267828.729836
-0.05,0.17,-0.1,1759267828.7379692
-0.05,0.18,-0.1,1759267828.7452135
-0.04,0.18,-0.1,1759267828.749131
-0.05,0.18,-0.1,1759267828.755726
-0.04,0.18,-0.1,1759267828.763325
-0.04,0.18,-0.1,1759267828.7681313
-0.04,0.18,-0.1,1759267828.7745523
-0.04,0.18,-0.1,1759267828.7815075
-0.05,0.18,-0.1,1759267828.7870548
-0.04,0.18,-0.1,1759267828.790452
-0.05,0.18,-0.1,1759267828.7944002
-0.05,0.18,-0.1,1759267828.801173
-0.04,0.18,-0.1,1759267828.80593
-0.04,0.18,-0.1,1759267828.8119433
-0.04,0.19,-0.1,1759267828.8157191
-0.05,0.19,-0.1,1759267828.8212042
-0.05,0.19,-0.1,1759267828.8239625
-0.05,0.19,-0.1,1759267828.8288054
-0.06,0.19,-0.1,1759267828.8358166
-0.07,0.19,-0.1,1759267828.842141
-0.06,0.2,-0.1,1759267828.844113
-0.06,0.19,-0.1,1759267828.8519287
-0.06,0.2,-0.1,1759267828.8564754
-0.06,0.2,-0.1,1759267828.8632612
-0.06,0.2,-0.1,1759267828.866985
-0.06,0.2,-0.1,1759267828.8708904
-0.06,0.2,-0.1,1759267828.8797004
-0.06,0.2,-0.1,1759267828.8847885
-0.05,0.19,-0.1,1759267828.8916218
-0.05,0.2,-0.1,1759267828.902244
-0.05,0.2,-0.1,1759267828.9162085
-0.04,0.2,-0.1,1759267828.9280148
-0.05,0.2,-0.1,1759267828.945299
-0.05,0.2,-0.1,1759267828.949969
-0.05,0.2,-0.1,1759267828.9536097
-0.04,0.2,-0.1,1759267828.9572375
-0.05,0.2,-0.1,1759267828.9635322
-0.05,0.2,-0.1,1759267828.967955
-0.05,0.2,-0.1,1759267828.9717107
-0.05,0.2,-0.1,1759267828.9793694
-0.05,0.2,-0.1,1759267828.984057
-0.05,0.2,-0.09,1759267828.9894536
-0.05,0.2,-0.09,1759267828.9943993
-0.05,0.2,-0.09,1759267828.9994154
-0.05,0.2,-0.09,1759267829.0033906
-0.05,0.2,-0.09,1759267829.0075932
-0.05,0.2,-0.09,1759267829.0122235
-0.05,0.2,-0.09,1759267829.0152605
-0.05,0.2,-0.09,1759267829.0188324
-0.05,0.21,-0.09,1759267829.021505
-0.05,0.21,-0.09,1759267829.0266757
-0.05,0.21,-0.09,1759267829.0335922
-0.05,0.21,-0.09,1759267829.0376775
-0.05,0.21,-0.09,1759267829.041809
-0.06,0.22,-0.09,1759267829.0461972
-0.06,0.22,-0.09,1759267829.0499668
-0.05,0.21,-0.09,1759267829.053974
-0.05,0.22,-0.09,1759267829.0583367
-0.05,0.22,-0.1,1759267829.0630493
-0.05,0.22,-0.1,1759267829.0673563
-0.05,0.22,-0.1,1759267829.0724657
-0.05,0.23,-0.1,1759267829.0762994
-0.05,0.22,-0.1,1759267829.0808766
-0.05,0.22,-0.1,1759267829.0838983
-0.06,0.22,-0.1,1759267829.0871358
-0.06,0.22,-0.1,1759267829.0918393
-0.06,0.22,-0.1,1759267829.0956812
-0.06,0.22,-0.1,1759267829.0986032
-0.06,0.22,-0.1,1759267829.103104
-0.05,0.22,-0.1,1759267829.1054904
-0.05,0.22,-0.1,1759267829.112625
-0.05,0.22,-0.1,1759267829.117817
-0.05,0.22,-0.1,1759267829.1214747
-0.05,0.22,-0.1,1759267829.1258855
-0.05,0.22,-0.1,1759267829.1276207
-0.05,0.22,-0.1,1759267829.129264
-0.05,0.22,-0.1,1759267829.1348732
-0.05,0.22,-0.1,1759267829.138215
-0.06,0.22,-0.1,1759267829.140474
-0.05,0.21,-0.1,1759267829.1440585
-0.06,0.21,-0.1,1759267829.1501904
-0.05,0.21,-0.1,1759267829.1554112
-0.05,0.21,-0.1,1759267829.1662557
-0.05,0.2,-0.1,1759267829.16901
-0.05,0.2,-0.1,1759267829.1724043
-0.05,0.2,-0.1,1759267829.1801667
-0.05,0.2,-0.1,1759267829.1855755
-0.06,0.2,-0.1,1759267829.1885202
-0.06,0.2,-0.1,1759267829.1925929
-0.06,0.2,-0.1,1759267829.200467
-0.06,0.2,-0.1,1759267829.2059202
-0.05,0.2,-0.1,1759267829.2209709
-0.05,0.2,-0.1,1759267829.2272215
-0.05,0.2,-0.1,1759267829.2297204
-0.05,0.2,-0.1,1759267829.241141
-0.05,0.2,-0.1,1759267829.2477274
-0.05,0.2,-0.1,1759267829.2529716
-0.06,0.21,-0.1,1759267829.258267
-0.06,0.21,-0.1,1759267829.2609956
-0.06,0.21,-0.1,1759267829.266651
-0.06,0.2,-0.1,1759267829.27099
-0.06,0.2,-0.1,1759267829.2734983
-0.06,0.2,-0.1,1759267829.2800624
-0.06,0.2,-0.1,1759267829.2823448
-0.07,0.2,-0.1,1759267829.2854908
-0.07,0.2,-0.1,1759267829.2882764
-0.06,0.2,-0.1,1759267829.2924962
-0.06,0.2,-0.1,1759267829.2942853
-0.07,0.2,-0.1,1759267829.299484
-0.07,0.2,-0.1,1759267829.3043146
-0.07,0.2,-0.1,1759267829.318199
-0.07,0.2,-0.1,1759267829.3290482
-0.06,0.2,-0.1,1759267829.3311677
-0.06,0.2,-0.1,1759267829.3367703
-0.06,0.19,-0.1,1759267829.342154
-0.07,0.2,-0.1,1759267829.347123
-0.07,0.2,-0.1,1759267829.353606
-0.07,0.2,-0.1,1759267829.3567605
-0.07,0.2,-0.1,1759267829.3670888
-0.07,0.2,-0.1,1759267829.372707
-0.07,0.2,-0.1,1759267829.378996
-0.07,0.2,-0.1,1759267829.3877015
-0.06,0.2,-0.1,1759267829.391075
-0.07,0.21,-0.1,1759267829.3959303
-0.07,0.21,-0.1,1759267829.408847
-0.06,0.2,-0.1,1759267829.41746
-0.06,0.2,-0.1,1759267829.4252322
-0.06,0.21,-0.1,1759267829.4395254
-0.06,0.2,-0.1,1759267829.449684
-0.05,0.21,-0.1,1759267829.4652116
-0.05,0.2,-0.1,1759267829.4718285
-0.05,0.2,-0.1,1759267829.4813683
-0.05,0.2,-0.1,1759267829.4913924
-0.04,0.21,-0.1,1759267829.501822
-0.04,0.2,-0.1,1759267829.511519
-0.04,0.2,-0.1,1759267829.5178175
-0.04,0.2,-0.1,1759267829.522885
-0.03,0.2,-0.1,1759267829.5291774
-0.03,0.2,-0.1,1759267829.5353272
-0.03,0.2,-0.1,1759267829.5415232
-0.03,0.2,-0.1,1759267829.547282
-0.04,0.2,-0.1,1759267829.5506685
-0.04,0.2,-0.1,1759267829.5568929
-0.04,0.2,-0.1,1759267829.5604324
-0.04,0.2,-0.1,1759267829.564292
-0.03,0.2,-0.1,1759267829.569291
-0.03,0.19,-0.1,1759267829.5711837
-0.03,0.18,-0.1,1759267829.5758874
-0.03,0.18,-0.1,1759267829.5809922
-0.03,0.18,-0.1,1759267829.5843754
-0.02,0.18,-0.1,1759267829.5891545
-0.02,0.18,-0.1,1759267829.599353
-0.02,0.18,-0.1,1759267829.606726
-0.02,0.18,-0.1,1759267829.610315
-0.02,0.18,-0.1,1759267829.614793
-0.01,0.18,-0.09,1759267829.61723
-0.02,0.18,-0.09,1759267829.6214097
-0.02,0.18,-0.09,1759267829.6256816
-0.02,0.18,-0.09,1759267829.638363
-0.02,0.18,-0.09,1759267829.6477284
-0.02,0.18,-0.09,1759267829.6537907
-0.01,0.18,-0.09,1759267829.6597197
-0.02,0.18,-0.09,1759267829.666542
-0.02,0.18,-0.09,1759267829.6737802
-0.01,0.19,-0.09,1759267829.686321
-0.01,0.19,-0.09,1759267829.6901786
-0.01,0.18,-0.09,1759267829.704776
-0.01,0.18,-0.09,1759267829.7164135
-0.01,0.19,-0.09,1759267829.726932
-0.01,0.19,-0.09,1759267829.7329547
-0.0,0.19,-0.09,1759267829.7426872
0.0,0.19,-0.09,1759267829.7478318
0.0,0.19,-0.09,1759267829.7529497
0.01,0.19,-0.09,1759267829.7575018
0.01,0.19,-0.09,1759267829.7610233
0.0,0.19,-0.09,1759267829.765801
0.0,0.19,-0.09,1759267829.7716525
0.0,0.19,-0.09,1759267829.7764435
0.0,0.19,-0.09,1759267829.7803998
0.01,0.19,-0.09,1759267829.786749
0.0,0.19,-0.09,1759267829.795151
0.01,0.19,-0.09,1759267829.7988892
0.01,0.2,-0.09,1759267829.8040297
0.0,0.2,-0.09,1759267829.8095584
0.01,0.2,-0.09,1759267829.8207254
0.0,0.2,-0.09,1759267829.838224
0.0,0.2,-0.09,1759267829.8453572
0.0,0.2,-0.09,1759267829.8518748
0.0,0.2,-0.09,1759267829.8556788
-0.0,0.2,-0.09,1759267829.8609014
-0.0,0.2,-0.09,1759267829.87051
0.0,0.21,-0.09,1759267829.8774326
0.0,0.21,-0.09,1759267829.889442
-0.0,0.21,-0.09,1759267829.8947003
0.0,0.22,-0.09,1759267829.897049
-0.0,0.22,-0.09,1759267829.899085
-0.0,0.22,-0.09,1759267829.9039483
-0.0,0.22,-0.09,1759267829.9067729
-0.01,0.22,-0.09,1759267829.9097602
-0.01,0.22,-0.09,1759267829.912223
-0.0,0.22,-0.09,1759267829.9150822
-0.0,0.22,-0.09,1759267829.9175978
-0.0,0.22,-0.09,1759267829.92039
-0.01,0.22,-0.09,1759267829.922568
-0.0,0.22,-0.09,1759267829.9250736
-0.01,0.23,-0.09,1759267829.9276907
-0.01,0.23,-0.09,1759267829.9306526
-0.01,0.23,-0.09,1759267829.9330647
-0.0,0.23,-0.09,1759267829.9352791
-0.0,0.24,-0.09,1759267829.937534
-0.01,0.24,-0.09,1759267829.9396417
-0.01,0.23,-0.09,1759267829.9424665
-0.01,0.23,-0.09,1759267829.9444537
-0.01,0.24,-0.09,1759267829.947049
-0.01,0.24,-0.09,1759267829.9492087
-0.01,0.24,-0.09,1759267829.95143
-0.01,0.24,-0.09,1759267829.9539025
-0.01,0.24,-0.09,1759267829.9569962
-0.01,0.24,-0.09,1759267829.9595046
-0.01,0.24,-0.09,1759267829.961899
-0.01,0.24,-0.09,1759267829.9640076
-0.0,0.24,-0.09,1759267829.966441
-0.01,0.24,-0.09,1759267829.968743
-0.0,0.24,-0.09,1759267829.971104
-0.0,0.24,-0.09,1759267829.973376
-0.0,0.25,-0.09,1759267829.9766192
-0.01,0.25,-0.09,1759267829.9821253
-0.0,0.25,-0.09,1759267829.9853923
0.0,0.25,-0.09,1759267829.9897535
0.0,0.25,-0.09,1759267829.9939375
0.01,0.25,-0.09,1759267829.9977615
0.01,0.25,-0.09,1759267830.00179
0.01,0.25,-0.09,1759267830.00702
0.01,0.24,-0.09,1759267830.0119276
0.01,0.25,-0.09,1759267830.0171118
0.01,0.25,-0.09,1759267830.0207486
0.01,0.25,-0.09,1759267830.024266
0.01,0.25,-0.09,1759267830.0297654
0.01,0.26,-0.09,1759267830.0332968
0.01,0.26,-0.09,1759267830.038139
0.01,0.26,-0.09,1759267830.0458517
0.01,0.26,-0.09,1759267830.0505512
0.01,0.26,-0.09,1759267830.055463
0.01,0.26,-0.09,1759267830.0596051
0.01,0.26,-0.09,1759267830.063942
0.01,0.26,-0.09,1759267830.069811
0.01,0.26,-0.09,1759267830.0761786
0.01,0.26,-0.09,1759267830.0817018
0.02,0.26,-0.09,1759267830.0874336
0.02,0.27,-0.09,1759267830.093589
0.01,0.27,-0.09,1759267830.0963953
0.02,0.26,-0.09,1759267830.0983582
0.02,0.26,-0.1,1759267830.100359
0.02,0.26,-0.1,1759267830.1023707
0.02,0.26,-0.1,1759267830.105099
0.02,0.26,-0.1,1759267830.1083426
0.02,0.27,-0.1,1759267830.1147585
0.01,0.26,-0.1,1759267830.1264644
0.01,0.26,-0.1,1759267830.1332154
0.02,0.27,-0.1,1759267830.136249
0.01,0.26,-0.1,1759267830.1424549
0.02,0.27,-0.1,1759267830.1461525
0.02,0.26,-0.1,1759267830.1490324
0.02,0.26,-0.1,1759267830.1533775
0.02,0.27,-0.1,1759267830.156779
0.02,0.26,-0.1,1759267830.1589816
0.03,0.27,-0.1,1759267830.164644
0.03,0.26,-0.1,1759267830.171476
0.03,0.26,-0.1,1759267830.1800094
0.03,0.26,-0.1,1759267830.185145
0.03,0.25,-0.1,1759267830.1906104
0.03,0.25,-0.1,1759267830.1985364
0.03,0.25,-0.1,1759267830.203333
0.03,0.25,-0.1,1759267830.2077231
0.02,0.25,-0.1,1759267830.214646
0.02,0.25,-0.1,1759267830.2226677
0.02,0.25,-0.1,1759267830.2322402
0.02,0.25,-0.1,1759267830.2378511
0.01,0.25,-0.1,1759267830.2439816
0.01,0.25,-0.1,1759267830.255907
0.01,0.25,-0.1,1759267830.2638028
0.01,0.26,-0.1,1759267830.2696948
0.02,0.26,-0.1,1759267830.2752748
0.02,0.26,-0.1,1759267830.2799697
0.02,0.26,-0.1,1759267830.2857778
0.02,0.26,-0.1,1759267830.2903578
0.02,0.25,-0.1,1759267830.2973418
0.02,0.25,-0.1,1759267830.302941
0.02,0.25,-0.1,1759267830.3078084
0.03,0.25,-0.1,1759267830.3147326
0.03,0.25,-0.1,1759267830.3185616
0.03,0.25,-0.1,1759267830.3238044
0.03,0.25,-0.1,1759267830.3277738
0.03,0.25,-0.1,1759267830.331944
0.03,0.25,-0.1,1759267830.336403
0.03,0.25,-0.1,1759267830.339865
0.03,0.25,-0.11,1759267830.34534
0.03,0.25,-0.11,1759267830.3507938
0.02,0.25,-0.11,1759267830.3549268
0.03,0.25,-0.1,1759267830.3577538
0.03,0.25,-0.11,1759267830.364704
0.03,0.25,-0.1,1759267830.3691332
0.03,0.25,-0.1,1759267830.376406
0.02,0.25,-0.1,1759267830.3802955
0.02,0.25,-0.1,1759267830.3862894
0.02,0.25,-0.1,1759267830.3896956
0.02,0.25,-0.1,1759267830.3952177
0.02,0.25,-0.1,1759267830.399128
0.02,0.25,-0.1,1759267830.4050114
0.02,0.25,-0.1,1759267830.411129
0.02,0.25,-0.1,1759267830.4174347
0.02,0.25,-0.1,1759267830.4214072
0.02,0.25,-0.1,1759267830.4272456
0.02,0.25,-0.1,1759267830.4302845
0.02,0.25,-0.1,1759267830.4350765
0.01,0.25,-0.1,1759267830.4410198
0.01,0.25,-0.1,1759267830.4462967
0.01,0.24,-0.1,1759267830.449864
0.01,0.24,-0.1,1759267830.456641
0.01,0.24,-0.1,1759267830.4617343
0.01,0.24,-0.1,1759267830.466587
0.0,0.24,-0.1,1759267830.4697073
0.0,0.24,-0.1,1759267830.47425
0.0,0.24,-0.1,1759267830.478962
0.0,0.25,-0.1,1759267830.4832768
0.0,0.25,-0.1,1759267830.4873185
0.0,0.25,-0.1,1759267830.4935005
0.0,0.25,-0.1,1759267830.4994907
0.0,0.25,-0.1,1759267830.5053914
0.0,0.25,-0.1,1759267830.5122116
0.0,0.26,-0.1,1759267830.516808
0.0,0.25,-0.1,1759267830.5199509
0.0,0.25,-0.1,1759267830.523378
0.0,0.25,-0.1,1759267830.527937
0.0,0.25,-0.1,1759267830.533111
-0.0,0.25,-0.1,1759267830.537168
0.0,0.25,-0.1,1759267830.5409665
0.01,0.25,-0.1,1759267830.5456333
-0.0,0.25,-0.1,1759267830.550023
-0.0,0.26,-0.1,1759267830.5559106
-0.0,0.26,-0.1,1759267830.5616782
0.0,0.26,-0.1,1759267830.5645602
-0.0,0.26,-0.1,1759267830.5703485
-0.0,0.27,-0.1,1759267830.5758889
-0.01,0.27,-0.1,1759267830.5818417
-0.01,0.27,-0.1,1759267830.5865123
-0.01,0.27,-0.1,1759267830.5922894
-0.0,0.26,-0.1,1759267830.5954795
-0.0,0.26,-0.1,1759267830.601081
0.0,0.27,-0.1,1759267830.6039047
-0.0,0.27,-0.1,1759267830.6076996
0.0,0.27,-0.1,1759267830.6121576
0.01,0.27,-0.1,1759267830.616737
0.0,0.27,-0.1,1759267830.62006
0.0,0.28,-0.1,1759267830.6249323
-0.01,0.27,-0.1,1759267830.6290376
-0.0,0.27,-0.1,1759267830.633671
-0.0,0.27,-0.1,1759267830.638534
0.0,0.27,-0.1,1759267830.6437683
-0.0,0.27,-0.1,1759267830.6473007
-0.0,0.27,-0.1,1759267830.6524
-0.01,0.27,-0.1,1759267830.6584077
-0.01,0.28,-0.1,1759267830.6639602
-0.01,0.28,-0.1,1759267830.6705728
-0.01,0.28,-0.1,1759267830.6756518
-0.01,0.27,-0.1,1759267830.6789715
-0.01,0.28,-0.1,1759267830.6833117
-0.01,0.28,-0.1,1759267830.6888728
-0.01,0.28,-0.1,1759267830.694348
-0.01,0.28,-0.1,1759267830.7019122
-0.01,0.28,-0.1,1759267830.704526
-0.01,0.28,-0.1,1759267830.7103753
-0.01,0.28,-0.1,1759267830.7167633
-0.01,0.28,-0.09,1759267830.7247226
-0.01,0.28,-0.09,1759267830.7296295
-0.01,0.28,-0.09,1759267830.7354147
-0.01,0.27,-0.09,1759267830.7415087
-0.01,0.27,-0.09,1759267830.7517152
-0.01,0.27,-0.09,1759267830.75993
-0.01,0.27,-0.09,1759267830.7685187
-0.01,0.27,-0.09,1759267830.7865696
-0.0,0.26,-0.09,1759267830.7910757
0.0,0.26,-0.09,1759267830.8028593
0.0,0.26,-0.09,1759267830.8069158
0.0,0.26,-0.09,1759267830.817791
0.0,0.26,-0.09,1759267830.8223224
0.01,0.25,-0.09,1759267830.8272824
0.01,0.25,-0.09,1759267830.8316844
0.0,0.25,-0.09,1759267830.8363123
0.01,0.25,-0.09,1759267830.8407416
0.01,0.24,-0.09,1759267830.8451774
0.01,0.25,-0.09,1759267830.8502245
0.02,0.25,-0.09,1759267830.855024
0.02,0.25,-0.09,1759267830.8613024
0.02,0.25,-0.09,1759267830.8677168
0.02,0.24,-0.08,1759267830.87074
0.03,0.24,-0.08,1759267830.8784473
0.03,0.24,-0.08,1759267830.8825085
0.03,0.23,-0.08,1759267830.887482
0.03,0.23,-0.08,1759267830.9011118
0.02,0.23,-0.08,1759267830.909207
0.03,0.23,-0.08,1759267830.9157145
0.04,0.23,-0.08,1759267830.9204738
0.04,0.23,-0.08,1759267830.926211
0.04,0.23,-0.08,1759267830.9316242
0.03,0.22,-0.08,1759267830.9420624
0.03,0.22,-0.08,1759267830.951269
0.03,0.21,-0.08,1759267830.9627368
0.03,0.21,-0.08,1759267830.97258
0.03,0.21,-0.08,1759267830.9827256
0.04,0.21,-0.08,1759267830.9903915
0.04,0.21,-0.08,1759267830.9953768
0.04,0.21,-0.08,1759267831.001731
0.05,0.2,-0.08,1759267831.008121
0.04,0.2,-0.08,1759267831.021662
0.04,0.19,-0.08,1759267831.038549
0.04,0.18,-0.08,1759267831.04099
0.04,0.18,-0.08,1759267831.043151
0.04,0.18,-0.08,1759267831.0507803
0.04,0.18,-0.08,1759267831.055696
0.04,0.18,-0.08,1759267831.0595293
0.03,0.18,-0.08,1759267831.071969
0.03,0.18,-0.08,1759267831.0757885
0.03,0.19,-0.08,1759267831.0781834
0.03,0.18,-0.08,1759267831.0831687
0.03,0.19,-0.08,1759267831.090623
0.04,0.18,-0.08,1759267831.09297
0.04,0.18,-0.08,1759267831.095925
0.04,0.18,-0.08,1759267831.0984044
0.04,0.18,-0.08,1759267831.1004431
0.04,0.18,-0.08,1759267831.102976
0.04,0.18,-0.08,1759267831.1051223
0.04,0.18,-0.08,1759267831.1069226
0.05,0.18,-0.08,1759267831.109947
0.05,0.17,-0.08,1759267831.1125846
0.05,0.17,-0.08,1759267831.1190689
0.04,0.18,-0.08,1759267831.1246097
0.04,0.18,-0.08,1759267831.1347704
0.04,0.18,-0.08,1759267831.1369371
0.04,0.18,-0.08,1759267831.1404414
0.04,0.17,-0.08,1759267831.1443777
0.04,0.18,-0.08,1759267831.148096
0.04,0.18,-0.08,1759267831.151395
0.03,0.18,-0.08,1759267831.1545763
0.03,0.17,-0.08,1759267831.1574433
0.04,0.18,-0.08,1759267831.160347
0.04,0.18,-0.08,1759267831.1632676
0.04,0.18,-0.08,1759267831.1668065
0.03,0.18,-0.08,1759267831.16954
0.03,0.18,-0.08,1759267831.172167
0.03,0.17,-0.08,1759267831.1750135
0.03,0.17,-0.08,1759267831.1781805
0.04,0.18,-0.08,1759267831.1809072
0.03,0.17,-0.08,1759267831.183875
0.03,0.17,-0.08,1759267831.1868987
0.03,0.17,-0.08,1759267831.190008
0.03,0.17,-0.08,1759267831.1942968
0.03,0.17,-0.08,1759267831.1982698
0.03,0.17,-0.08,1759267831.2012606
0.03,0.16,-0.08,1759267831.2042525
0.03,0.16,-0.08,1759267831.2073736
0.03,0.16,-0.08,1759267831.2100456
0.02,0.16,-0.08,1759267831.213057
0.03,0.16,-0.08,1759267831.216669
0.03,0.16,-0.08,1759267831.2195418
0.03,0.16,-0.08,1759267831.2226243
0.02,0.16,-0.08,1759267831.225574
0.03,0.16,-0.08,1759267831.2286367
0.03,0.16,-0.08,1759267831.232001
0.03,0.16,-0.08,1759267831.2351472
0.04,0.16,-0.08,1759267831.2383063
0.04,0.17,-0.08,1759267831.241351
0.04,0.17,-0.08,1759267831.245298
0.05,0.16,-0.08,1759267831.248122
0.06,0.16,-0.08,1759267831.2506824
0.05,0.16,-0.08,1759267831.253654
0.05,0.16,-0.08,1759267831.2566905
0.05,0.16,-0.08,1759267831.259533
0.05,0.16,-0.08,1759267831.262388
0.05,0.15,-0.08,1759267831.2651117
0.05,0.15,-0.08,1759267831.269631
0.05,0.15,-0.08,1759267831.2727733
0.05,0.15,-0.08,1759267831.2765727
0.05,0.15,-0.08,1759267831.2796214
0.05,0.15,-0.08,1759267831.2829502
0.05,0.15,-0.08,1759267831.2855914
0.06,0.14,-0.08,1759267831.2887158
0.06,0.14,-0.08,1759267831.2916968
0.05,0.15,-0.08,1759267831.2946284
0.06,0.15,-0.08,1759267831.2984831
0.06,0.14,-0.08,1759267831.302022
0.05,0.14,-0.08,1759267831.3059475
0.06,0.14,-0.08,1759267831.3096578
0.06,0.14,-0.08,1759267831.3131175
0.06,0.14,-0.08,1759267831.3162105
0.06,0.14,-0.08,1759267831.3188384
0.06,0.14,-0.08,1759267831.3220437
0.06,0.13,-0.08,1759267831.3249311
0.06,0.13,-0.08,1759267831.3276737
0.06,0.14,-0.08,1759267831.3308034
0.06,0.14,-0.08,1759267831.333809
0.06,0.14,-0.08,1759267831.3366785
0.06,0.14,-0.08,1759267831.3401008
0.06,0.14,-0.08,1759267831.343212
0.06,0.14,-0.08,1759267831.348553
0.06,0.14,-0.08,1759267831.351858
0.06,0.14,-0.08,1759267831.355639
0.06,0.14,-0.08,1759267831.3590436
0.06,0.14,-0.08,1759267831.3641045
0.06,0.14,-0.08,1759267831.3674405
0.06,0.14,-0.09,1759267831.3721192
0.06,0.14,-0.09,1759267831.3760262
0.06,0.14,-0.09,1759267831.379516
0.05,0.14,-0.09,1759267831.3844385
0.06,0.14,-0.09,1759267831.3877954
0.06,0.14,-0.09,1759267831.391961
0.05,0.15,-0.09,1759267831.3960843
0.05,0.15,-0.09,1759267831.3991358
0.05,0.15,-0.09,1759267831.4059205
0.04,0.15,-0.09,1759267831.4092078
0.04,0.15,-0.09,1759267831.4125266
0.04,0.15,-0.09,1759267831.416788
0.04,0.15,-0.09,1759267831.4255526
0.04,0.15,-0.09,1759267831.4286013
0.04,0.15,-0.09,1759267831.430833
0.04,0.15,-0.09,1759267831.4331756
0.04,0.16,-0.09,1759267831.438512
0.03,0.16,-0.09,1759267831.441696
0.03,0.16,-0.09,1759267831.4454267
0.04,0.16,-0.09,1759267831.4471242
0.04,0.16,-0.09,1759267831.4491286
0.03,0.16,-0.09,1759267831.4513924
0.03,0.16,-0.1,1759267831.4532654
0.03,0.16,-0.1,1759267831.455544
0.03,0.16,-0.1,1759267831.461351
0.03,0.16,-0.1,1759267831.4659543
0.03,0.16,-0.1,1759267831.4705803
0.02,0.16,-0.1,1759267831.4747725
0.02,0.16,-0.1,1759267831.4782455
0.02,0.16,-0.1,1759267831.480512
0.02,0.15,-0.1,1759267831.4827344
0.02,0.16,-0.1,1759267831.4859607
0.02,0.16,-0.1,1759267831.4904718
0.02,0.16,-0.1,1759267831.495484
0.02,0.17,-0.1,1759267831.497754
0.02,0.17,-0.1,1759267831.5017529
0.02,0.17,-0.1,1759267831.5044248
0.02,0.17,-0.1,1759267831.5067246
0.01,0.17,-0.1,1759267831.5099523
0.01,0.17,-0.1,1759267831.5122263
0.01,0.17,-0.1,1759267831.5150754
0.01,0.17,-0.1,1759267831.519753
0.01,0.17,-0.1,1759267831.5232158
0.02,0.17,-0.1,1759267831.5299757
0.02,0.18,-0.1,1759267831.533311
0.02,0.18,-0.1,1759267831.5379057
0.02,0.18,-0.1,1759267831.5397758
0.02,0.18,-0.1,1759267831.5481467
0.02,0.18,-0.1,1759267831.551182
0.01,0.18,-0.1,1759267831.554819
0.01,0.19,-0.1,1759267831.558057
0.01,0.19,-0.1,1759267831.5612097
0.0,0.19,-0.1,1759267831.56539
0.0,0.19,-0.1,1759267831.569126
0.0,0.19,-0.1,1759267831.5723372
0.0,0.19,-0.11,1759267831.574784
0.0,0.19,-0.11,1759267831.5783222
-0.0,0.19,-0.11,1759267831.581635
-0.01,0.2,-0.11,1759267831.5853932
-0.0,0.2,-0.11,1759267831.587391
-0.0,0.2,-0.11,1759267831.5907545
-0.0,0.2,-0.11,1759267831.5944254
-0.0,0.2,-0.11,1759267831.599652
-0.0,0.2,-0.11,1759267831.6029975
-0.01,0.2,-0.11,1759267831.6096249
-0.01,0.2,-0.11,1759267831.6123006
-0.01,0.2,-0.11,1759267831.614451
-0.01,0.2,-0.11,1759267831.6219149
-0.01,0.19,-0.11,1759267831.6241274
-0.01,0.2,-0.11,1759267831.629281
-0.01,0.2,-0.11,1759267831.6335237
-0.01,0.2,-0.11,1759267831.6407516
-0.01,0.2,-0.11,1759267831.6457536
-0.02,0.19,-0.11,1759267831.655001
-0.02,0.19,-0.11,1759267831.6701548
-0.01,0.19,-0.11,1759267831.6804633
-0.01,0.2,-0.11,1759267831.6932695
-0.01,0.2,-0.11,1759267831.7001271
-0.01,0.19,-0.11,1759267831.7138972
-0.01,0.19,-0.11,1759267831.7197938
-0.01,0.19,-0.11,1759267831.7222097
-0.01,0.19,-0.11,1759267831.7278433
-0.01,0.2,-0.11,1759267831.73008
-0.01,0.2,-0.11,1759267831.732732
-0.01,0.2,-0.11,1759267831.737832
-0.01,0.2,-0.11,1759267831.740766
-0.01,0.2,-0.11,1759267831.7449732
-0.01,0.2,-0.11,1759267831.7488744
-0.01,0.2,-0.11,1759267831.7521036
-0.02,0.19,-0.11,1759267831.7550054
-0.01,0.19,-0.11,1759267831.758777
-0.01,0.19,-0.11,1759267831.7620912
-0.01,0.19,-0.11,1759267831.7658346
-0.01,0.19,-0.11,1759267831.7705755
-0.01,0.19,-0.11,1759267831.773659
-0.0,0.18,-0.11,1759267831.7796545
-0.0,0.19,-0.1,1759267831.7817583
0.0,0.19,-0.1,1759267831.7843688
0.0,0.18,-0.1,1759267831.7880905
0.0,0.18,-0.1,1759267831.7902813
-0.0,0.18,-0.1,1759267831.793639
0.0,0.18,-0.1,1759267831.797485
0.01,0.18,-0.1,1759267831.800472
0.01,0.18,-0.1,1759267831.8037264
0.0,0.18,-0.1,1759267831.8078482
0.01,0.18,-0.1,1759267831.811256
0.01,0.18,-0.1,1759267831.8138378
0.0,0.18,-0.1,1759267831.817014
0.01,0.18,-0.1,1759267831.822481
0.0,0.18,-0.1,1759267831.828262
0.01,0.18,-0.1,1759267831.8318014
0.01,0.19,-0.1,1759267831.836762
0.0,0.19,-0.1,1759267831.8408096
0.01,0.19,-0.1,1759267831.843544
0.01,0.19,-0.1,1759267831.8480072
0.01,0.19,-0.1,1759267831.853259
0.01,0.19,-0.1,1759267831.8563478
0.0,0.19,-0.1,1759267831.8597598
0.0,0.19,-0.1,1759267831.862727
-0.0,0.18,-0.1,1759267831.8665411
0.0,0.18,-0.1,1759267831.8714318
-0.0,0.18,-0.1,1759267831.8772178
0.0,0.18,-0.1,1759267831.8837488
-0.0,0.18,-0.1,1759267831.8880808
0.0,0.19,-0.1,1759267831.8940246
-0.01,0.19,-0.1,1759267831.90165
-0.01,0.18,-0.1,1759267831.9060552
-0.01,0.18,-0.1,1759267831.9095533
0.0,0.18,-0.1,1759267831.9119637
-0.0,0.18,-0.1,1759267831.9141436
-0.01,0.19,-0.1,1759267831.9169714
-0.01,0.18,-0.1,1759267831.9203274
-0.01,0.18,-0.1,1759267831.9228892
-0.01,0.18,-0.1,1759267831.925295
-0.01,0.17,-0.1,1759267831.929566
-0.0,0.18,-0.1,1759267831.9322357
-0.0,0.18,-0.1,1759267831.9371283
-0.0,0.19,-0.1,1759267831.9436567
-0.01,0.18,-0.1,1759267831.9505577
-0.01,0.18,-0.09,1759267831.958451
-0.0,0.18,-0.09,1759267831.9617834
-0.0,0.18,-0.09,1759267831.9638114
0.0,0.19,-0.09,1759267831.9677718
0.0,0.19,-0.09,1759267831.9711704
0.0,0.19,-0.09,1759267831.974286
0.0,0.19,-0.09,1759267831.977039
0.0,0.19,-0.09,1759267831.980517
0.01,0.19,-0.09,1759267831.9824233
0.01,0.19,-0.09,1759267831.9922595
0.01,0.19,-0.09,1759267831.9948723
0.01,0.19,-0.09,1759267831.998492
0.02,0.2,-0.09,1759267832.0021763
0.02,0.2,-0.09,1759267832.0060508
0.02,0.2,-0.09,1759267832.0089502
0.02,0.2,-0.09,1759267832.0140872
0.01,0.2,-0.09,1759267832.0180912
0.01,0.2,-0.09,1759267832.0220928
0.01,0.2,-0.09,1759267832.024337
0.01,0.2,-0.09,1759267832.0283604
0.01,0.2,-0.09,1759267832.0308125
0.02,0.2,-0.09,1759267832.0330317
0.01,0.2,-0.09,1759267832.041845
0.01,0.2,-0.09,1759267832.0487337
0.02,0.2,-0.09,1759267832.0555732
0.02,0.21,-0.09,1759267832.0602517
0.02,0.21,-0.09,1759267832.064769
0.03,0.21,-0.09,1759267832.071462
0.02,0.2,-0.09,1759267832.0766222
0.02,0.2,-0.09,1759267832.0840762
0.03,0.2,-0.09,1759267832.0933144
0.02,0.2,-0.09,1759267832.0989487
0.02,0.19,-0.09,1759267832.106507
0.02,0.19,-0.09,1759267832.1140318
0.02,0.2,-0.09,1759267832.1210914
0.02,0.2,-0.09,1759267832.1259437
0.02,0.2,-0.09,1759267832.127831
0.02,0.2,-0.09,1759267832.1304226
0.03,0.2,-0.09,1759267832.1343634
0.03,0.2,-0.09,1759267832.1387322
0.03,0.2,-0.09,1759267832.141638
0.03,0.21,-0.09,1759267832.1461823
0.03,0.21,-0.09,1759267832.1487083
0.03,0.2,-0.09,1759267832.1526034
0.03,0.2,-0.09,1759267832.1568773
0.03,0.2,-0.09,1759267832.1647656
0.03,0.2,-0.09,1759267832.1717036
0.03,0.2,-0.08,1759267832.176818
0.03,0.21,-0.08,1759267832.182474
0.04,0.2,-0.08,1759267832.1867795
0.03,0.21,-0.08,1759267832.1929648
0.04,0.2,-0.08,1759267832.2021413
0.04,0.2,-0.08,1759267832.2123013
0.04,0.2,-0.08,1759267832.2167313
0.04,0.2,-0.08,1759267832.2214758
0.04,0.2,-0.08,1759267832.2263324
0.04,0.2,-0.08,1759267832.2296815
0.04,0.21,-0.08,1759267832.231835
0.04,0.21,-0.08,1759267832.2357693
0.04,0.21,-0.08,1759267832.24456
0.04,0.21,-0.08,1759267832.2492218
0.04,0.22,-0.08,1759267832.2537374
0.04,0.22,-0.08,1759267832.2620404
0.03,0.21,-0.08,1759267832.271171
0.04,0.21,-0.08,1759267832.2762475
0.03,0.21,-0.08,1759267832.2803438
0.03,0.21,-0.08,1759267832.2841406
0.04,0.21,-0.08,1759267832.2886171
0.04,0.21,-0.08,1759267832.2920363
0.04,0.2,-0.08,1759267832.295166
0.03,0.2,-0.08,1759267832.3002758
0.03,0.2,-0.08,1759267832.3037207
0.03,0.2,-0.08,1759267832.3077064
0.03,0.2,-0.08,1759267832.3129833
0.03,0.19,-0.08,1759267832.3167353
0.03,0.2,-0.08,1759267832.3202162
0.03,0.2,-0.08,1759267832.3279915
0.03,0.2,-0.08,1759267832.3349352
0.03,0.19,-0.08,1759267832.33762
0.03,0.19,-0.08,1759267832.3427603
0.03,0.19,-0.08,1759267832.3460608
0.03,0.19,-0.08,1759267832.3487184
0.03,0.19,-0.08,1759267832.352416
0.03,0.18,-0.08,1759267832.357902
0.03,0.19,-0.08,1759267832.362702
0.03,0.18,-0.08,1759267832.3664792
0.03,0.18,-0.08,1759267832.3695912
0.03,0.18,-0.08,1759267832.3730092
0.02,0.18,-0.08,1759267832.3769093
0.02,0.19,-0.08,1759267832.3797784
0.02,0.18,-0.08,1759267832.388306
0.02,0.18,-0.08,1759267832.3924327
0.02,0.19,-0.08,1759267832.4025135
0.01,0.18,-0.08,1759267832.4116664
0.02,0.19,-0.08,1759267832.415427
0.01,0.18,-0.08,1759267832.41781
0.01,0.18,-0.08,1759267832.42124
0.01,0.18,-0.08,1759267832.426684
0.01,0.18,-0.08,1759267832.4295735
0.01,0.19,-0.08,1759267832.432909
0.01,0.19,-0.08,1759267832.4347656
0.01,0.19,-0.08,1759267832.4376235
0.01,0.19,-0.08,1759267832.440621
0.02,0.19,-0.08,1759267832.4458268
0.01,0.19,-0.08,1759267832.4535751
0.01,0.19,-0.08,1759267832.458636
0.01,0.2,-0.08,1759267832.468918
0.01,0.2,-0.08,1759267832.475747
0.01,0.2,-0.08,1759267832.4810152
0.01,0.21,-0.08,1759267832.4869332
0.01,0.21,-0.08,1759267832.4938395
0.01,0.21,-0.08,1759267832.4989722
0.0,0.21,-0.08,1759267832.502659
0.0,0.21,-0.08,1759267832.5073535
0.01,0.2,-0.08,1759267832.5127392
0.0,0.21,-0.08,1759267832.518814
-0.0,0.2,-0.08,1759267832.5254445
-0.0,0.2,-0.08,1759267832.5323176
-0.0,0.2,-0.08,1759267832.537283
-0.0,0.2,-0.08,1759267832.5429358
-0.01,0.2,-0.08,1759267832.54697
-0.01,0.2,-0.08,1759267832.551838
-0.01,0.19,-0.08,1759267832.5578735
-0.01,0.19,-0.08,1759267832.5612683
-0.01,0.19,-0.08,1759267832.5666714
-0.01,0.19,-0.08,1759267832.5711844
-0.02,0.19,-0.08,1759267832.5760586
-0.02,0.19,-0.08,1759267832.5807538
-0.01,0.19,-0.08,1759267832.5850968
-0.02,0.19,-0.08,1759267832.5892036
-0.02,0.19,-0.08,1759267832.593624
-0.02,0.19,-0.09,1759267832.600841
-0.01,0.18,-0.09,1759267832.6081295
-0.01,0.18,-0.09,1759267832.6166675
-0.01,0.18,-0.09,1759267832.620904
-0.02,0.18,-0.09,1759267832.6288342
-0.02,0.19,-0.09,1759267832.6352434
-0.02,0.18,-0.09,1759267832.640215
-0.01,0.18,-0.09,1759267832.647478
-0.0,0.18,-0.09,1759267832.6522944
-0.0,0.18,-0.09,1759267832.6585271
-0.0,0.18,-0.09,1759267832.669
-0.01,0.18,-0.09,1759267832.6767533
-0.01,0.18,-0.09,1759267832.6849935
-0.0,0.18,-0.09,1759267832.6912806
-0.01,0.18,-0.09,1759267832.698737
-0.01,0.18,-0.09,1759267832.7049851
-0.01,0.18,-0.09,1759267832.7119403
-0.01,0.19,-0.09,1759267832.717889
-0.01,0.19,-0.09,1759267832.7272902
-0.01,0.19,-0.09,1759267832.730812
-0.01,0.19,-0.09,1759267832.7383964
-0.01,0.19,-0.09,1759267832.7456386
-0.01,0.19,-0.09,1759267832.7513084
-0.01,0.19,-0.09,1759267832.7610393
-0.01,0.2,-0.09,1759267832.766403
-0.01,0.2,-0.09,1759267832.772184
-0.01,0.2,-0.09,1759267832.781182
-0.01,0.19,-0.09,1759267832.786229
-0.02,0.19,-0.09,1759267832.7956233
-0.01,0.2,-0.09,1759267832.8025358
-0.01,0.2,-0.09,1759267832.8090007
-0.02,0.2,-0.09,1759267832.8172903
-0.02,0.2,-0.09,1759267832.8196445
-0.02,0.2,-0.09,1759267832.822024
-0.02,0.2,-0.09,1759267832.8289492
-0.02,0.2,-0.09,1759267832.8321278
-0.02,0.2,-0.09,1759267832.8366003
-0.02,0.2,-0.09,1759267832.8399918
-0.02,0.21,-0.09,1759267832.8421118
-0.01,0.21,-0.09,1759267832.8459148
-0.01,0.21,-0.09,1759267832.8495831
-0.01,0.21,-0.09,1759267832.8526735
-0.01,0.21,-0.09,1759267832.8558052
-0.01,0.21,-0.09,1759267832.8588736
-0.01,0.21,-0.09,1759267832.8612788
-0.01,0.21,-0.09,1759267832.8633358
-0.01,0.21,-0.09,1759267832.865342
-0.01,0.21,-0.09,1759267832.867349
-0.01,0.21,-0.09,1759267832.8729453
-0.01,0.21,-0.09,1759267832.876776
-0.02,0.21,-0.09,1759267832.8791976
-0.02,0.21,-0.09,1759267832.8816338
-0.01,0.22,-0.09,1759267832.8857536
-0.01,0.21,-0.09,1759267832.8886678
-0.01,0.21,-0.09,1759267832.8913748
-0.01,0.22,-0.09,1759267832.894301
-0.01,0.22,-0.09,1759267832.898025
-0.02,0.22,-0.09,1759267832.9000902
-0.02,0.22,-0.09,1759267832.9024374
-0.02,0.22,-0.09,1759267832.908051
-0.02,0.21,-0.09,1759267832.9105494
-0.02,0.22,-0.09,1759267832.9148796
-0.02,0.22,-0.09,1759267832.9169712
-0.02,0.22,-0.09,1759267832.9208026
-0.02,0.22,-0.09,1759267832.9289944
-0.02,0.22,-0.09,1759267832.9318876
-0.01,0.22,-0.09,1759267832.9352665
-0.01,0.22,-0.09,1759267832.9376469
-0.01,0.22,-0.09,1759267832.943997
-0.01,0.22,-0.09,1759267832.951179
-0.01,0.23,-0.09,1759267832.954273
-0.02,0.22,-0.09,1759267832.9580364
-0.02,0.22,-0.09,1759267832.9603386
-0.02,0.23,-0.09,1759267832.9652283
-0.02,0.23,-0.09,1759267832.9676497
-0.03,0.23,-0.09,1759267832.9703257
-0.02,0.24,-0.09,1759267832.9745412
-0.03,0.23,-0.09,1759267832.9777305
-0.03,0.23,-0.09,1759267832.9810324
-0.03,0.23,-0.09,1759267832.9834883
-0.02,0.24,-0.09,1759267832.9891975
-0.03,0.24,-0.09,1759267832.9919488
-0.03,0.23,-0.09,1759267832.994903
-0.03,0.23,-0.09,1759267832.9973505
-0.03,0.24,-0.09,1759267833.000991
-0.03,0.24,-0.09,1759267833.0035255
-0.02,0.24,-0.09,1759267833.0084963
-0.03,0.24,-0.09,1759267833.012101
-0.03,0.24,-0.09,1759267833.0147986
-0.03,0.24,-0.09,1759267833.017982
-0.04,0.24,-0.09,1759267833.0228496
-0.03,0.24,-0.09,1759267833.02677
-0.03,0.24,-0.09,1759267833.0292392
-0.03,0.24,-0.09,1759267833.032822
-0.03,0.24,-0.09,1759267833.0356646
-0.03,0.24,-0.09,1759267833.0375705
-0.03,0.24,-0.09,1759267833.041958
-0.03,0.24,-0.09,1759267833.0452294
-0.03,0.24,-0.09,1759267833.0492432
-0.03,0.24,-0.09,1759267833.0531645
-0.03,0.24,-0.09,1759267833.058448
-0.03,0.24,-0.09,1759267833.0628088
-0.03,0.24,-0.09,1759267833.0705636
-0.04,0.24,-0.09,1759267833.078488
-0.04,0.24,-0.09,1759267833.083699
-0.04,0.24,-0.09,1759267833.087885
-0.04,0.24,-0.09,1759267833.0918217
-0.04,0.24,-0.09,1759267833.0953548
-0.05,0.24,-0.09,1759267833.0992208
-0.05,0.24,-0.09,1759267833.1025531
-0.04,0.24,-0.09,1759267833.10687
-0.04,0.24,-0.09,1759267833.1102629
-0.04,0.24,-0.09,1759267833.11386
-0.04,0.24,-0.09,1759267833.1175086
-0.04,0.24,-0.09,1759267833.122242
-0.03,0.23,-0.09,1759267833.1262145
-0.03,0.23,-0.09,1759267833.1336637
-0.04,0.23,-0.09,1759267833.140545
-0.04,0.24,-0.09,1759267833.147571
-0.04,0.23,-0.09,1759267833.1547203
-0.04,0.23,-0.09,1759267833.167281
-0.04,0.23,-0.09,1759267833.1711514
-0.04,0.23,-0.09,1759267833.1745243
-0.03,0.23,-0.09,1759267833.1809354
-0.03,0.23,-0.09,1759267833.185357
-0.03,0.22,-0.09,1759267833.1890342
-0.02,0.23,-0.09,1759267833.195965
-0.01,0.22,-0.09,1759267833.197928
-0.02,0.22,-0.09,1759267833.1999938
-0.02,0.22,-0.09,1759267833.2023897
-0.02,0.22,-0.09,1759267833.2071202
-0.02,0.22,-0.09,1759267833.21056
-0.02,0.22,-0.09,1759267833.2140143
-0.03,0.23,-0.09,1759267833.2175734
-0.03,0.22,-0.09,1759267833.2212384
-0.03,0.22,-0.09,1759267833.227187
-0.03,0.22,-0.09,1759267833.2303083
-0.03,0.22,-0.09,1759267833.2340682
-0.03,0.22,-0.09,1759267833.2377207
-0.03,0.22,-0.09,1759267833.2408962
-0.03,0.22,-0.09,1759267833.2453043
-0.03,0.22,-0.09,1759267833.2486222
-0.03,0.22,-0.09,1759267833.2520378
-0.03,0.22,-0.09,1759267833.255079
-0.02,0.22,-0.09,1759267833.259506
-0.01,0.22,-0.09,1759267833.2630854
-0.01,0.22,-0.09,1759267833.2668602
-0.02,0.22,-0.09,1759267833.2710855
-0.02,0.22,-0.09,1759267833.2747989
-0.02,0.22,-0.09,1759267833.2784393
-0.02,0.22,-0.09,1759267833.2825153
-0.03,0.23,-0.09,1759267833.2872214
-0.03,0.23,-0.09,1759267833.2917824
-0.02,0.23,-0.09,1759267833.2959552
-0.02,0.23,-0.09,1759267833.300871
-0.02,0.22,-0.09,1759267833.3073626
-0.02,0.22,-0.09,1759267833.311588
-0.01,0.23,-0.09,1759267833.3160183
-0.01,0.22,-0.09,1759267833.320421
-0.01,0.23,-0.09,1759267833.3237667
-0.01,0.22,-0.09,1759267833.3291707
-0.01,0.22,-0.09,1759267833.3332367
-0.02,0.22,-0.1,1759267833.338526
-0.01,0.21,-0.1,1759267833.343222
-0.01,0.22,-0.1,1759267833.3477006
-0.01,0.21,-0.1,1759267833.352174
-0.01,0.21,-0.1,1759267833.3581097
-0.01,0.21,-0.1,1759267833.3641696
-0.01,0.21,-0.1,1759267833.3693964
-0.01,0.21,-0.1,1759267833.3752053
-0.01,0.2,-0.1,1759267833.379591
-0.01,0.21,-0.1,1759267833.3851864
-0.01,0.21,-0.1,1759267833.3901863
-0.01,0.21,-0.1,1759267833.3942876
-0.01,0.2,-0.1,1759267833.3998833
-0.01,0.2,-0.1,1759267833.4053257
-0.02,0.21,-0.1,1759267833.41423
-0.02,0.21,-0.1,1759267833.4201057
-0.02,0.21,-0.1,1759267833.4261827
-0.02,0.21,-0.1,1759267833.4310906
-0.02,0.21,-0.1,1759267833.438557
-0.02,0.21,-0.1,1759267833.4441266
-0.02,0.21,-0.1,1759267833.4515064
-0.02,0.22,-0.1,1759267833.4580686
-0.02,0.22,-0.1,1759267833.4613276
-0.02,0.21,-0.1,1759267833.465337
-0.02,0.21,-0.1,1759267833.469637
-0.02,0.21,-0.1,1759267833.473282
-0.02,0.21,-0.1,1759267833.4774046
-0.02,0.21,-0.1,1759267833.480626
-0.03,0.21,-0.1,1759267833.4849486
-0.03,0.21,-0.1,1759267833.4887512
-0.03,0.21,-0.1,1759267833.4927127
-0.03,0.21,-0.1,1759267833.4963522
-0.03,0.21,-0.1,1759267833.5009532
-0.03,0.21,-0.1,1759267833.5049424
-0.03,0.21,-0.1,1759267833.5084968
-0.03,0.21,-0.1,1759267833.5117517
-0.03,0.21,-0.1,1759267833.515092
-0.03,0.21,-0.1,1759267833.5183375
-0.03,0.21,-0.1,1759267833.521435
-0.03,0.21,-0.1,1759267833.5246627
-0.03,0.21,-0.1,1759267833.528436
-0.04,0.21,-0.1,1759267833.531915
-0.03,0.21,-0.1,1759267833.535344
-0.03,0.22,-0.1,1759267833.538563
-0.04,0.22,-0.1,1759267833.5421414
-0.03,0.22,-0.1,1759267833.545575
-0.03,0.21,-0.1,1759267833.5490613
-0.04,0.2,-0.1,1759267833.5532775
-0.04,0.2,-0.1,1759267833.5633624
-0.04,0.2,-0.1,1759267833.5714266
-0.04,0.21,-0.1,1759267833.578342
-0.04,0.21,-0.1,1759267833.583778
-0.04,0.21,-0.1,1759267833.5886788
-0.04,0.21,-0.1,1759267833.594149
-0.04,0.21,-0.1,1759267833.5988026
-0.04,0.21,-0.1,1759267833.6090047
-0.04,0.21,-0.1,1759267833.614666
-0.04,0.21,-0.1,1759267833.627269
-0.04,0.21,-0.1,1759267833.6316545
-0.04,0.22,-0.1,1759267833.638852
-0.03,0.22,-0.1,1759267833.6424608
-0.03,0.23,-0.1,1759267833.6469474
-0.03,0.24,-0.1,1759267833.6512642
-0.03,0.24,-0.1,1759267833.6556127
-0.03,0.24,-0.1,1759267833.6601665
-0.03,0.23,-0.1,1759267833.6637352
-0.03,0.23,-0.09,1759267833.6682262
-0.03,0.23,-0.09,1759267833.6720345
-0.03,0.23,-0.09,1759267833.677755
-0.03,0.23,-0.09,1759267833.68501
-0.03,0.23,-0.09,1759267833.6907134
-0.03,0.23,-0.09,1759267833.6952982
-0.03,0.23,-0.09,1759267833.7020285
-0.03,0.23,-0.09,1759267833.7119136
-0.02,0.23,-0.09,1759267833.7169468
-0.03,0.23,-0.09,1759267833.720496
-0.03,0.24,-0.09,1759267833.7243648
-0.02,0.24,-0.09,1759267833.727918
-0.02,0.23,-0.09,1759267833.7310965
-0.03,0.24,-0.09,1759267833.7364898
-0.03,0.24,-0.09,1759267833.743616
-0.02,0.25,-0.09,1759267833.7481694
-0.02,0.25,-0.09,1759267833.7533777
-0.01,0.25,-0.09,1759267833.75707
-0.01,0.25,-0.09,1759267833.76012
-0.0,0.25,-0.09,1759267833.7643542
-0.01,0.25,-0.09,1759267833.768293
-0.01,0.24,-0.09,1759267833.7731454
-0.01,0.24,-0.09,1759267833.7762945
-0.01,0.24,-0.09,1759267833.7824695
-0.01,0.24,-0.09,1759267833.7887838
-0.01,0.23,-0.09,1759267833.792371
-0.02,0.24,-0.08,1759267833.7962444
-0.02,0.24,-0.08,1759267833.8001535
-0.02,0.24,-0.08,1759267833.8053496
-0.02,0.24,-0.08,1759267833.80886
-0.02,0.24,-0.08,1759267833.813121
-0.01,0.24,-0.08,1759267833.8187916
-0.01,0.24,-0.08,1759267833.8237998
-0.01,0.24,-0.08,1759267833.827537
-0.01,0.24,-0.08,1759267833.8310328
-0.0,0.23,-0.08,1759267833.8344152
-0.01,0.23,-0.08,1759267833.8384676
-0.01,0.23,-0.08,1759267833.8428082
-0.0,0.22,-0.08,1759267833.847282
-0.0,0.22,-0.08,1759267833.8509707
-0.01,0.22,-0.08,1759267833.8608189
-0.01,0.22,-0.08,1759267833.8673108
-0.01,0.22,-0.08,1759267833.871039
-0.01,0.22,-0.08,1759267833.8746028
-0.01,0.22,-0.08,1759267833.878211
-0.0,0.21,-0.08,1759267833.8838987
-0.0,0.21,-0.08,1759267833.8896878
-0.0,0.21,-0.07,1759267833.8933363
-0.0,0.21,-0.07,1759267833.899223
0.0,0.22,-0.07,1759267833.9050882
-0.0,0.22,-0.07,1759267833.909053
-0.0,0.22,-0.07,1759267833.9128122
-0.0,0.22,-0.07,1759267833.9190974
-0.0,0.22,-0.07,1759267833.925218
0.0,0.22,-0.07,1759267833.9302504
0.0,0.22,-0.07,1759267833.934929
0.0,0.22,-0.07,1759267833.9417028
0.0,0.22,-0.07,1759267833.9470308
0.0,0.22,-0.07,1759267833.9522274
0.01,0.22,-0.07,1759267833.9582982
0.01,0.22,-0.07,1759267833.961725
0.0,0.22,-0.07,1759267833.9665265
0.01,0.22,-0.07,1759267833.9710653
0.01,0.22,-0.07,1759267833.975469
0.02,0.22,-0.07,1759267833.9810276
0.02,0.22,-0.07,1759267833.9846652
0.02,0.22,-0.07,1759267833.9890096
0.02,0.23,-0.07,1759267833.9927025
0.03,0.23,-0.06,1759267833.9981484
0.03,0.23,-0.06,1759267834.0021186
0.03,0.23,-0.06,1759267834.005947
0.03,0.23,-0.06,1759267834.0102715
0.03,0.23,-0.06,1759267834.0148242
0.04,0.23,-0.06,1759267834.0203817
0.04,0.23,-0.06,1759267834.024457
0.04,0.24,-0.06,1759267834.0286424
0.04,0.24,-0.06,1759267834.0328634
0.04,0.24,-0.06,1759267834.03661
0.04,0.24,-0.06,1759267834.040892
0.05,0.24,-0.06,1759267834.0458837
0.05,0.24,-0.06,1759267834.051338
0.05,0.24,-0.06,1759267834.0567403
0.05,0.24,-0.06,1759267834.0614843
0.05,0.24,-0.06,1759267834.06696
0.05,0.25,-0.06,1759267834.0714557
0.05,0.24,-0.06,1759267834.07604
0.05,0.24,-0.06,1759267834.080357
0.05,0.24,-0.06,1759267834.083953
0.05,0.25,-0.06,1759267834.088076
0.05,0.25,-0.06,1759267834.0919745
0.05,0.25,-0.06,1759267834.096161
0.05,0.25,-0.06,1759267834.1005394
0.05,0.25,-0.06,1759267834.1037242
0.04,0.25,-0.05,1759267834.1079416
0.05,0.25,-0.05,1759267834.1151562
0.05,0.25,-0.05,1759267834.1210911
0.05,0.24,-0.05,1759267834.1258914
0.05,0.24,-0.05,1759267834.1299634
0.05,0.24,-0.05,1759267834.137044
0.04,0.24,-0.05,1759267834.1416943
0.04,0.24,-0.05,1759267834.146707
0.04,0.24,-0.05,1759267834.149165
0.04,0.24,-0.05,1759267834.1508875
0.04,0.24,-0.05,1759267834.162701
0.04,0.24,-0.05,1759267834.166994
0.04,0.24,-0.05,1759267834.171008
0.04,0.25,-0.05,1759267834.1728706
0.03,0.25,-0.05,1759267834.176072
0.04,0.25,-0.05,1759267834.178408
0.03,0.25,-0.05,1759267834.180851
0.03,0.26,-0.05,1759267834.1851192
0.02,0.26,-0.05,1759267834.187451
0.02,0.26,-0.05,1759267834.1901014
0.02,0.26,-0.05,1759267834.193229
0.03,0.26,-0.05,1759267834.1950464
0.02,0.27,-0.05,1759267834.197255
0.02,0.27,-0.05,1759267834.2020235
0.03,0.27,-0.05,1759267834.2049146
0.02,0.27,-0.05,1759267834.2074573
0.02,0.27,-0.05,1759267834.20989
0.03,0.27,-0.05,1759267834.2118938
0.03,0.26,-0.05,1759267834.2136672
0.03,0.27,-0.05,1759267834.216845
0.03,0.27,-0.05,1759267834.2187223
0.04,0.26,-0.05,1759267834.2221951
0.04,0.26,-0.05,1759267834.224031
0.03,0.26,-0.05,1759267834.2265625
0.03,0.26,-0.05,1759267834.2333872
0.03,0.26,-0.05,1759267834.2377677
0.03,0.25,-0.06,1759267834.240739
0.03,0.25,-0.06,1759267834.2430246
0.03,0.25,-0.06,1759267834.244794
0.03,0.24,-0.06,1759267834.2471435
0.03,0.24,-0.06,1759267834.2509296
0.04,0.24,-0.06,1759267834.2564266
0.04,0.25,-0.06,1759267834.259719
0.04,0.24,-0.06,1759267834.2631817
0.04,0.24,-0.06,1759267834.2686875
0.05,0.24,-0.06,1759267834.2725332
0.04,0.23,-0.06,1759267834.27493
0.04,0.23,-0.06,1759267834.279011
0.05,0.24,-0.06,1759267834.2819898
0.04,0.23,-0.06,1759267834.284439
0.04,0.22,-0.06,1759267834.2888484
0.04,0.23,-0.06,1759267834.294434
0.05,0.23,-0.06,1759267834.2975411
0.05,0.23,-0.06,1759267834.2992349
0.05,0.23,-0.06,1759267834.301095
0.06,0.23,-0.06,1759267834.303861
0.06,0.24,-0.06,1759267834.3093622
0.06,0.24,-0.06,1759267834.3141625
0.06,0.24,-0.06,1759267834.3192446
0.07,0.25,-0.06,1759267834.3215668
0.07,0.25,-0.06,1759267834.3243227
0.07,0.25,-0.06,1759267834.3266478
0.07,0.25,-0.06,1759267834.3285787
0.07,0.25,-0.06,1759267834.3321674
0.07,0.24,-0.06,1759267834.3342664
0.08,0.24,-0.06,1759267834.3370905
0.08,0.24,-0.06,1759267834.3414578
0.08,0.23,-0.06,1759267834.3434577
0.07,0.23,-0.06,1759267834.3454726
0.07,0.23,-0.06,1759267834.3482862
0.07,0.23,-0.06,1759267834.351297
0.06,0.23,-0.06,1759267834.3537295
0.06,0.23,-0.07,1759267834.3557882
0.06,0.23,-0.07,1759267834.357987
0.06,0.23,-0.07,1759267834.361595
0.06,0.22,-0.07,1759267834.364778
0.06,0.22,-0.07,1759267834.3666258
0.06,0.22,-0.07,1759267834.369528
0.06,0.22,-0.07,1759267834.3734765
0.06,0.22,-0.07,1759267834.3752685
0.06,0.21,-0.07,1759267834.3786645
0.06,0.21,-0.07,1759267834.3806336
0.06,0.21,-0.07,1759267834.38297
0.06,0.22,-0.07,1759267834.38894
0.06,0.22,-0.07,1759267834.3943515
0.06,0.22,-0.07,1759267834.3975563
0.06,0.22,-0.07,1759267834.4008446
0.05,0.22,-0.07,1759267834.4030037
0.06,0.22,-0.07,1759267834.405748
0.05,0.22,-0.07,1759267834.407619
0.05,0.22,-0.07,1759267834.410629
0.05,0.21,-0.08,1759267834.4164338
0.05,0.21,-0.08,1759267834.4212368
0.05,0.21,-0.08,1759267834.4272993
0.05,0.21,-0.08,1759267834.431837
0.05,0.21,-0.08,1759267834.4352171
0.04,0.22,-0.08,1759267834.4407456
0.04,0.22,-0.08,1759267834.4450712
0.04,0.22,-0.08,1759267834.4532535
0.04,0.21,-0.08,1759267834.4569664
0.04,0.21,-0.08,1759267834.4596307
0.04,0.21,-0.08,1759267834.4647949
0.04,0.21,-0.08,1759267834.4676936
0.04,0.21,-0.08,1759267834.4712224
0.04,0.22,-0.08,1759267834.4753811
0.03,0.22,-0.08,1759267834.4801145
0.03,0.22,-0.08,1759267834.483941
0.04,0.21,-0.08,1759267834.4865725
0.03,0.21,-0.08,1759267834.4904044
0.02,0.21,-0.09,1759267834.496015
0.02,0.2,-0.09,1759267834.4991646
0.02,0.21,-0.09,1759267834.5032277
0.02,0.21,-0.09,1759267834.50778
0.02,0.21,-0.09,1759267834.5125425
0.02,0.21,-0.09,1759267834.5190718
0.02,0.21,-0.09,1759267834.521211
0.02,0.21,-0.09,1759267834.5230937
0.01,0.21,-0.09,1759267834.5255222
0.01,0.22,-0.09,1759267834.5288656
0.01,0.22,-0.09,1759267834.5313296
0.01,0.22,-0.09,1759267834.5338094
0.01,0.22,-0.09,1759267834.5417457
0.01,0.22,-0.09,1759267834.5462503
0.01,0.22,-0.09,1759267834.5490327
0.01,0.22,-0.1,1759267834.552905
0.01,0.23,-0.1,1759267834.5571864
0.01,0.23,-0.1,1759267834.5660856
0.01,0.22,-0.1,1759267834.5751877
0.0,0.22,-0.1,1759267834.5774531
-0.0,0.22,-0.1,1759267834.5794597
-0.0,0.22,-0.1,1759267834.5825
-0.0,0.22,-0.1,1759267834.5853124
-0.01,0.22,-0.1,1759267834.588957
-0.01,0.22,-0.1,1759267834.593533
-0.01,0.22,-0.1,1759267834.5962083
-0.01,0.22,-0.1,1759267834.601864
-0.0,0.22,-0.1,1759267834.6052518
-0.01,0.21,-0.1,1759267834.6074932
-0.01,0.21,-0.1,1759267834.6097462
-0.01,0.21,-0.1,1759267834.6139135
-0.01,0.21,-0.1,1759267834.616301
-0.01,0.2,-0.1,1759267834.6181517
-0.01,0.2,-0.1,1759267834.6201513
-0.01,0.2,-0.11,1759267834.6228287
-0.01,0.2,-0.11,1759267834.62516
-0.01,0.2,-0.11,1759267834.629453
-0.01,0.2,-0.11,1759267834.632029
-0.01,0.21,-0.11,1759267834.6352696
-0.01,0.2,-0.11,1759267834.6374204
-0.01,0.2,-0.11,1759267834.6407096
-0.01,0.2,-0.11,1759267834.6449225
-0.01,0.2,-0.11,1759267834.6522458
-0.01,0.2,-0.11,1759267834.656412
-0.01,0.2,-0.11,1759267834.6605034
-0.01,0.21,-0.11,1759267834.6654968
-0.01,0.21,-0.11,1759267834.6696005
-0.01,0.21,-0.11,1759267834.673614
-0.01,0.21,-0.11,1759267834.678767
-0.01,0.21,-0.11,1759267834.682322
-0.01,0.2,-0.11,1759267834.6853082
-0.01,0.2,-0.11,1759267834.6908624
-0.01,0.2,-0.11,1759267834.6962955
-0.0,0.2,-0.11,1759267834.6993015
-0.01,0.2,-0.11,1759267834.704187
-0.01,0.2,-0.11,1759267834.7072906
-0.01,0.2,-0.11,1759267834.7104356
-0.0,0.2,-0.11,1759267834.7140589
-0.0,0.19,-0.11,1759267834.7163515
-0.0,0.19,-0.11,1759267834.719548
-0.0,0.19,-0.11,1759267834.724558
0.0,0.2,-0.11,1759267834.7292323
0.0,0.2,-0.11,1759267834.733652
0.01,0.2,-0.11,1759267834.7366643
0.0,0.2,-0.11,1759267834.7403977
0.0,0.19,-0.11,1759267834.7450502
0.0,0.19,-0.11,1759267834.7495794
0.01,0.19,-0.11,1759267834.75789
0.01,0.19,-0.11,1759267834.7652345
0.01,0.19,-0.11,1759267834.7697375
0.01,0.19,-0.11,1759267834.772426
0.01,0.19,-0.11,1759267834.7747176
0.01,0.2,-0.11,1759267834.777356
0.02,0.2,-0.11,1759267834.7823482
0.02,0.2,-0.11,1759267834.7853844
0.02,0.19,-0.11,1759267834.7888205
0.02,0.2,-0.11,1759267834.7928674
0.03,0.2,-0.11,1759267834.795764
0.03,0.2,-0.11,1759267834.800882
0.03,0.2,-0.11,1759267834.8048103
0.02,0.19,-0.11,1759267834.8109858
0.03,0.19,-0.11,1759267834.8215473
0.03,0.2,-0.11,1759267834.8244522
0.02,0.19,-0.11,1759267834.8301623
0.02,0.19,-0.11,1759267834.8357031
0.02,0.19,-0.11,1759267834.8415854
0.03,0.19,-0.11,1759267834.845644
0.03,0.19,-0.11,1759267834.8499336
0.03,0.19,-0.11,1759267834.853199
0.03,0.2,-0.11,1759267834.858127
0.03,0.2,-0.11,1759267834.8630147
0.03,0.19,-0.11,1759267834.8654847
0.03,0.19,-0.11,1759267834.8682408
0.03,0.19,-0.11,1759267834.875252
0.03,0.19,-0.11,1759267834.8802378
0.03,0.2,-0.11,1759267834.883338
0.04,0.2,-0.11,1759267834.8881638
0.03,0.19,-0.11,1759267834.8952708
0.03,0.19,-0.11,1759267834.8976562
0.03,0.19,-0.11,1759267834.9022732
0.03,0.19,-0.11,1759267834.9051905
0.03,0.19,-0.11,1759267834.9072964
0.03,0.2,-0.11,1759267834.9108243
0.03,0.2,-0.11,1759267834.913097
0.03,0.2,-0.11,1759267834.9162254
0.03,0.19,-0.11,1759267834.9193978
0.02,0.19,-0.11,1759267834.921888
0.02,0.19,-0.11,1759267834.923858
0.03,0.2,-0.11,1759267834.926831
0.02,0.19,-0.11,1759267834.9288635
0.02,0.19,-0.11,1759267834.9310715
0.02,0.19,-0.11,1759267834.9342391
0.02,0.19,-0.11,1759267834.938699
0.02,0.19,-0.11,1759267834.9421327
0.02,0.19,-0.11,1759267834.951296
0.02,0.19,-0.11,1759267834.9587998
0.01,0.19,-0.11,1759267834.9628437
0.01,0.2,-0.11,1759267834.9679954
0.01,0.19,-0.11,1759267834.9702134
0.01,0.19,-0.11,1759267834.9737954
0.01,0.19,-0.11,1759267834.9859965
0.01,0.19,-0.11,1759267834.9913816
0.01,0.19,-0.11,1759267834.996579
0.01,0.19,-0.11,1759267835.0029042
0.01,0.19,-0.11,1759267835.0076077
0.01,0.19,-0.11,1759267835.011118
0.01,0.2,-0.11,1759267835.015151
0.01,0.2,-0.11,1759267835.02158
0.0,0.21,-0.11,1759267835.026329
0.0,0.21,-0.11,1759267835.0320055
0.01,0.21,-0.11,1759267835.0365336
0.0,0.21,-0.11,1759267835.0394046
0.0,0.2,-0.11,1759267835.0431943
0.0,0.21,-0.11,1759267835.0467134
-0.0,0.21,-0.11,1759267835.050348
-0.0,0.2,-0.11,1759267835.0557327
-0.01,0.2,-0.11,1759267835.0602255
-0.01,0.2,-0.11,1759267835.0643542
-0.02,0.2,-0.11,1759267835.0699587
-0.02,0.2,-0.11,1759267835.0749662
-0.02,0.2,-0.11,1759267835.080619
-0.02,0.19,-0.11,1759267835.0882304
-0.02,0.19,-0.11,1759267835.093524
-0.02,0.19,-0.11,1759267835.1000412
-0.01,0.19,-0.11,1759267835.1057436
-0.02,0.19,-0.11,1759267835.1104298
-0.02,0.19,-0.11,1759267835.1137652
-0.02,0.19,-0.11,1759267835.117962
-0.02,0.19,-0.11,1759267835.1199892
-0.02,0.19,-0.11,1759267835.121797
-0.03,0.19,-0.11,1759267835.1256669
-0.02,0.19,-0.11,1759267835.128611
-0.03,0.19,-0.11,1759267835.1318283
-0.03,0.19,-0.11,1759267835.136829
-0.03,0.19,-0.11,1759267835.141005
-0.03,0.19,-0.11,1759267835.1448874
-0.03,0.19,-0.11,1759267835.1495912
-0.03,0.19,-0.11,1759267835.1552808
-0.03,0.19,-0.11,1759267835.158287
-0.03,0.19,-0.11,1759267835.1617792
-0.03,0.19,-0.11,1759267835.1641867
-0.03,0.19,-0.11,1759267835.1662188
-0.03,0.19,-0.11,1759267835.1685045
-0.03,0.19,-0.11,1759267835.170991
-0.03,0.2,-0.11,1759267835.1756926
-0.03,0.19,-0.11,1759267835.1814048
-0.03,0.2,-0.11,1759267835.1847072
-0.03,0.19,-0.11,1759267835.1908717
-0.03,0.19,-0.11,1759267835.1936617
-0.04,0.19,-0.11,1759267835.196512
-0.04,0.19,-0.11,1759267835.1992357
-0.04,0.19,-0.11,1759267835.2019813
-0.04,0.19,-0.11,1759267835.2063067
-0.04,0.19,-0.11,1759267835.2084608
-0.04,0.2,-0.11,1759267835.2107506
-0.04,0.2,-0.11,1759267835.2137935
-0.04,0.2,-0.11,1759267835.2163138
-0.05,0.19,-0.11,1759267835.2184744
-0.04,0.19,-0.11,1759267835.2212975
-0.04,0.19,-0.11,1759267835.2235248
-0.05,0.19,-0.11,1759267835.2258472
-0.05,0.19,-0.11,1759267835.2283058
-0.05,0.19,-0.11,1759267835.230652
-0.04,0.19,-0.11,1759267835.2325697
-0.05,0.2,-0.11,1759267835.234597
-0.05,0.2,-0.11,1759267835.2378445
-0.05,0.2,-0.11,1759267835.243516
-0.05,0.2,-0.11,1759267835.2466094
-0.05,0.19,-0.11,1759267835.2507029
-0.05,0.19,-0.11,1759267835.2535982
-0.05,0.19,-0.11,1759267835.2603168
-0.05,0.19,-0.11,1759267835.2662184
-0.05,0.19,-0.11,1759267835.2756302
-0.05,0.19,-0.11,1759267835.2841666
-0.04,0.19,-0.11,1759267835.2933838
-0.05,0.19,-0.11,1759267835.2989502
-0.04,0.19,-0.11,1759267835.304726
-0.05,0.18,-0.11,1759267835.308818
-0.05,0.18,-0.11,1759267835.3147955
-0.06,0.19,-0.11,1759267835.3200426
-0.06,0.19,-0.11,1759267835.322053
-0.06,0.19,-0.11,1759267835.3287015
-0.06,0.19,-0.11,1759267835.3316295
-0.06,0.2,-0.11,1759267835.3351965
-0.06,0.2,-0.11,1759267835.3385863
-0.07,0.19,-0.11,1759267835.342201
-0.06,0.19,-0.11,1759267835.3448758
-0.06,0.19,-0.11,1759267835.3468971
-0.06,0.19,-0.11,1759267835.350978
-0.06,0.19,-0.11,1759267835.352798
-0.06,0.19,-0.11,1759267835.354767
-0.07,0.19,-0.11,1759267835.358577
-0.07,0.2,-0.11,1759267835.362588
-0.06,0.19,-0.11,1759267835.365124
-0.06,0.19,-0.11,1759267835.3681595
-0.07,0.2,-0.11,1759267835.3716855
-0.06,0.2,-0.11,1759267835.377085
-0.06,0.2,-0.11,1759267835.3830094
-0.06,0.2,-0.11,1759267835.393673
-0.07,0.2,-0.11,1759267835.3974662
-0.07,0.2,-0.11,1759267835.401386
-0.07,0.2,-0.11,1759267835.4057562
-0.07,0.2,-0.11,1759267835.4114609
-0.07,0.2,-0.11,1759267835.4168365
-0.07,0.2,-0.11,1759267835.4272923
-0.07,0.2,-0.11,1759267835.430416
-0.07,0.2,-0.11,1759267835.435039
-0.07,0.2,-0.11,1759267835.438024
-0.07,0.2,-0.11,1759267835.4414675
-0.06,0.2,-0.11,1759267835.4453807
-0.07,0.2,-0.11,1759267835.4479573
-0.07,0.2,-0.11,1759267835.4541728
-0.07,0.2,-0.11,1759267835.459352
-0.07,0.2,-0.11,1759267835.4635625
-0.07,0.2,-0.11,1759267835.4724193
-0.06,0.2,-0.11,1759267835.4781988
-0.06,0.2,-0.11,1759267835.4861498
-0.06,0.2,-0.11,1759267835.4892762
-0.06,0.2,-0.11,1759267835.4914775
-0.06,0.2,-0.11,1759267835.4942398
-0.06,0.2,-0.11,1759267835.4975183
-0.06,0.2,-0.11,1759267835.5025475
-0.05,0.21,-0.11,1759267835.505201
-0.06,0.21,-0.11,1759267835.507318
-0.05,0.21,-0.11,1759267835.509603
-0.05,0.21,-0.11,1759267835.5138967
-0.05,0.21,-0.11,1759267835.5179267
-0.05,0.21,-0.11,1759267835.5290084
-0.05,0.22,-0.11,1759267835.537325
-0.06,0.22,-0.11,1759267835.540979
-0.06,0.21,-0.11,1759267835.5464072
-0.06,0.21,-0.11,1759267835.5488417
-0.06,0.21,-0.11,1759267835.553198
-0.06,0.22,-0.11,1759267835.558643
-0.05,0.22,-0.11,1759267835.5611906
-0.06,0.21,-0.11,1759267835.5649393
-0.06,0.22,-0.11,1759267835.5678854
-0.06,0.22,-0.11,1759267835.570682
-0.07,0.22,-0.11,1759267835.5766888
-0.06,0.22,-0.11,1759267835.5798297
-0.06,0.22,-0.11,1759267835.5820386
-0.06,0.22,-0.11,1759267835.5853045
-0.06,0.22,-0.11,1759267835.58932
-0.06,0.22,-0.11,1759267835.5918767
-0.07,0.22,-0.11,1759267835.5954769
-0.07,0.22,-0.11,1759267835.5975463
-0.07,0.23,-0.11,1759267835.600125
-0.07,0.23,-0.11,1759267835.602329
-0.07,0.23,-0.11,1759267835.6043532
-0.07,0.22,-0.11,1759267835.6071925
-0.07,0.22,-0.11,1759267835.6105118
-0.06,0.22,-0.11,1759267835.6140993
-0.07,0.21,-0.11,1759267835.6200256
-0.06,0.21,-0.11,1759267835.627833
-0.06,0.21,-0.11,1759267835.6316345
-0.06,0.21,-0.11,1759267835.6392307
-0.06,0.21,-0.11,1759267835.6433978
-0.06,0.21,-0.1,1759267835.6468775
-0.06,0.2,-0.1,1759267835.6496582
-0.06,0.2,-0.1,1759267835.6526964
-0.06,0.2,-0.1,1759267835.654796
-0.06,0.2,-0.1,1759267835.6578798
-0.06,0.2,-0.1,1759267835.6605115
-0.06,0.21,-0.1,1759267835.6635492
-0.06,0.21,-0.1,1759267835.6671665
-0.06,0.2,-0.1,1759267835.6692505
-0.05,0.2,-0.1,1759267835.6793509
-0.05,0.21,-0.1,1759267835.68692
-0.05,0.21,-0.1,1759267835.69175
-0.04,0.21,-0.1,1759267835.696345
-0.04,0.21,-0.1,1759267835.698782
-0.04,0.21,-0.1,1759267835.7013628
-0.04,0.21,-0.1,1759267835.704031
-0.04,0.21,-0.1,1759267835.7075498
-0.04,0.22,-0.1,1759267835.7103095
-0.04,0.22,-0.1,1759267835.7143831
-0.04,0.22,-0.1,1759267835.718037
-0.03,0.22,-0.1,1759267835.7215068
-0.03,0.22,-0.1,1759267835.7250652
-0.03,0.22,-0.1,1759267835.7292936
-0.03,0.22,-0.1,1759267835.7340827
-0.03,0.22,-0.1,1759267835.737908
-0.03,0.22,-0.1,1759267835.7429855
-0.03,0.22,-0.1,1759267835.7471895
-0.03,0.22,-0.1,1759267835.751238
-0.03,0.22,-0.1,1759267835.758175
-0.03,0.23,-0.1,1759267835.7635612
-0.03,0.23,-0.1,1759267835.7694654
-0.02,0.22,-0.1,1759267835.7740574
-0.02,0.22,-0.1,1759267835.7772458
-0.02,0.22,-0.1,1759267835.7801042
-0.02,0.22,-0.1,1759267835.7828398
-0.02,0.22,-0.1,1759267835.785139
-0.02,0.22,-0.1,1759267835.7873485
-0.02,0.22,-0.1,1759267835.7902732
-0.02,0.22,-0.1,1759267835.8001027
-0.02,0.23,-0.1,1759267835.8037388
-0.02,0.23,-0.1,1759267835.8079798
-0.02,0.23,-0.1,1759267835.813069
-0.02,0.23,-0.1,1759267835.8186572
-0.01,0.23,-0.1,1759267835.82203
-0.02,0.23,-0.1,1759267835.8285267
-0.01,0.23,-0.1,1759267835.836501
-0.01,0.23,-0.1,1759267835.843551
-0.02,0.23,-0.1,1759267835.8480709
-0.02,0.23,-0.1,1759267835.8527925
-0.02,0.23,-0.1,1759267835.863872
-0.03,0.23,-0.1,1759267835.8689916
-0.04,0.23,-0.1,1759267835.8748517
-0.03,0.23,-0.1,1759267835.8791313
-0.04,0.24,-0.1,1759267835.8833814
-0.04,0.23,-0.1,1759267835.8869324
-0.04,0.23,-0.1,1759267835.8907423
-0.04,0.24,-0.1,1759267835.8950834
-0.04,0.24,-0.1,1759267835.9011958
-0.04,0.24,-0.1,1759267835.9057553
-0.04,0.24,-0.1,1759267835.9109623
-0.03,0.24,-0.1,1759267835.9161894
-0.03,0.25,-0.1,1759267835.922829
-0.03,0.24,-0.1,1759267835.9273193
-0.02,0.25,-0.1,1759267835.9327345
-0.02,0.25,-0.1,1759267835.9371812
-0.03,0.25,-0.1,1759267835.9413905
-0.02,0.24,-0.1,1759267835.9459944
-0.02,0.25,-0.1,1759267835.9499986
-0.01,0.25,-0.1,1759267835.9537702
-0.02,0.25,-0.1,1759267835.9578218
-0.02,0.25,-0.1,1759267835.9629092
-0.02,0.25,-0.1,1759267835.9674056
-0.02,0.25,-0.1,1759267835.971795
-0.02,0.25,-0.1,1759267835.9759555
-0.02,0.25,-0.1,1759267835.9787974
-0.02,0.25,-0.1,1759267835.983285
-0.02,0.25,-0.1,1759267835.9893456
-0.03,0.25,-0.1,1759267835.9947517
-0.02,0.25,-0.1,1759267835.9982574
-0.03,0.25,-0.1,1759267836.0020008
-0.02,0.25,-0.1,1759267836.004754
-0.02,0.25,-0.1,1759267836.0073771
-0.03,0.25,-0.1,1759267836.0112004
-0.03,0.26,-0.1,1759267836.014503
-0.02,0.26,-0.1,1759267836.0183692
-0.02,0.26,-0.1,1759267836.0220025
-0.02,0.25,-0.1,1759267836.025289
-0.02,0.25,-0.1,1759267836.0287783
-0.02,0.26,-0.1,1759267836.0329416
-0.02,0.25,-0.1,1759267836.0361753
-0.02,0.25,-0.1,1759267836.0394206
-0.02,0.25,-0.1,1759267836.043321
-0.02,0.25,-0.1,1759267836.0461378
-0.02,0.25,-0.1,1759267836.0530005
-0.02,0.24,-0.1,1759267836.057013
-0.02,0.25,-0.1,1759267836.0611129
-0.03,0.25,-0.1,1759267836.0647953
-0.03,0.25,-0.1,1759267836.067255
-0.03,0.25,-0.1,1759267836.069704
-0.03,0.25,-0.1,1759267836.072484
-0.03,0.24,-0.1,1759267836.07636
-0.03,0.25,-0.1,1759267836.0785608
-0.03,0.25,-0.1,1759267836.081629
-0.03,0.25,-0.11,1759267836.084206
-0.03,0.25,-0.11,1759267836.0866604
-0.03,0.25,-0.11,1759267836.0892177
-0.03,0.26,-0.11,1759267836.091588
-0.03,0.25,-0.11,1759267836.094217
-0.03,0.25,-0.11,1759267836.0971608
-0.03,0.25,-0.11,1759267836.1008306
-0.03,0.25,-0.11,1759267836.1035893
-0.03,0.25,-0.11,1759267836.1060083
-0.03,0.25,-0.11,1759267836.109306
-0.03,0.25,-0.11,1759267836.112661
-0.02,0.25,-0.11,1759267836.116239
-0.03,0.25,-0.11,1759267836.1199677
-0.03,0.25,-0.11,1759267836.1247108
-0.03,0.25,-0.11,1759267836.1322196
-0.03,0.25,-0.11,1759267836.1420836
-0.03,0.25,-0.11,1759267836.1498704
-0.03,0.25,-0.11,1759267836.1543338
-0.03,0.25,-0.11,1759267836.159565
-0.03,0.25,-0.11,1759267836.1642294
-0.03,0.24,-0.11,1759267836.167938
-0.03,0.24,-0.11,1759267836.1702042
-0.03,0.24,-0.11,1759267836.1735084
-0.02,0.24,-0.11,1759267836.1770778
-0.03,0.24,-0.11,1759267836.1807168
-0.03,0.23,-0.11,1759267836.184307
-0.02,0.23,-0.11,1759267836.187235
-0.03,0.23,-0.11,1759267836.1898675
-0.03,0.23,-0.11,1759267836.1932838
-0.02,0.23,-0.11,1759267836.1957583
-0.03,0.23,-0.11,1759267836.197778
-0.03,0.23,-0.11,1759267836.2003903
-0.03,0.23,-0.11,1759267836.2032735
-0.02,0.23,-0.11,1759267836.2071304
-0.03,0.23,-0.11,1759267836.2105052
-0.02,0.23,-0.11,1759267836.2134843
-0.02,0.22,-0.11,1759267836.2157483
-0.02,0.22,-0.11,1759267836.2183297
-0.03,0.22,-0.11,1759267836.2216165
-0.02,0.22,-0.11,1759267836.223613
-0.02,0.22,-0.11,1759267836.2260587
-0.03,0.21,-0.11,1759267836.2290142
-0.03,0.21,-0.11,1759267836.2309074
-0.03,0.21,-0.11,1759267836.2331026
-0.03,0.21,-0.11,1759267836.2364397
-0.03,0.21,-0.11,1759267836.2417471
-0.03,0.21,-0.11,1759267836.2448711
-0.04,0.2,-0.11,1759267836.2510717
-0.04,0.21,-0.12,1759267836.2577238
-0.04,0.21,-0.12,1759267836.2671971
-0.05,0.21,-0.12,1759267836.2761035
-0.05,0.21,-0.12,1759267836.280146
-0.04,0.21,-0.12,1759267836.2876189
-0.04,0.21,-0.12,1759267836.293367
-0.03,0.21,-0.12,1759267836.297749
-0.03,0.22,-0.12,1759267836.3012135
-0.03,0.22,-0.12,1759267836.3053138
-0.02,0.21,-0.12,1759267836.308498
-0.03,0.21,-0.12,1759267836.3105607
-0.03,0.21,-0.12,1759267836.3126266
-0.03,0.21,-0.12,1759267836.3152304
-0.03,0.21,-0.12,1759267836.3171885
-0.03,0.21,-0.12,1759267836.319139
-0.04,0.21,-0.12,1759267836.3211813
-0.04,0.2,-0.12,1759267836.3276024
-0.04,0.21,-0.12,1759267836.3314102
-0.03,0.21,-0.12,1759267836.3369682
-0.03,0.21,-0.12,1759267836.3409307
-0.03,0.21,-0.12,1759267836.3460932
-0.03,0.21,-0.12,1759267836.350993
-0.03,0.21,-0.12,1759267836.3577583
-0.03,0.21,-0.12,1759267836.3646371
-0.03,0.2,-0.12,1759267836.3684497
-0.03,0.21,-0.12,1759267836.3732593
-0.03,0.21,-0.12,1759267836.3775363
-0.03,0.21,-0.12,1759267836.380023
-0.03,0.22,-0.12,1759267836.3841784
-0.02,0.21,-0.12,1759267836.39389
-0.02,0.21,-0.12,1759267836.400052
-0.02,0.21,-0.12,1759267836.403185
-0.02,0.21,-0.12,1759267836.4078045
-0.02,0.2,-0.12,1759267836.4124908
-0.02,0.2,-0.12,1759267836.4161386
-0.02,0.2,-0.12,1759267836.4189138
-0.02,0.2,-0.12,1759267836.4242432
-0.02,0.19,-0.12,1759267836.431605
-0.02,0.19,-0.12,1759267836.4393442
-0.02,0.19,-0.12,1759267836.4467056
-0.02,0.19,-0.12,1759267836.450944
-0.02,0.19,-0.12,1759267836.4549158
-0.02,0.19,-0.12,1759267836.4605248
-0.01,0.19,-0.12,1759267836.4629102
-0.02,0.19,-0.12,1759267836.4650018
-0.01,0.19,-0.12,1759267836.4670708
-0.01,0.19,-0.12,1759267836.469992
-0.01,0.18,-0.12,1759267836.4719472
-0.02,0.18,-0.12,1759267836.4740489
-0.01,0.19,-0.12,1759267836.476079
-0.01,0.19,-0.11,1759267836.4779654
-0.02,0.18,-0.11,1759267836.4799428
-0.02,0.19,-0.11,1759267836.4823449
-0.02,0.19,-0.11,1759267836.485073
-0.02,0.19,-0.11,1759267836.488151
-0.03,0.19,-0.11,1759267836.491578
-0.03,0.19,-0.11,1759267836.493714
-0.03,0.19,-0.11,1759267836.4965377
-0.02,0.19,-0.11,1759267836.4993546
-0.02,0.19,-0.11,1759267836.5080967
-0.02,0.19,-0.11,1759267836.5116763
-0.02,0.18,-0.11,1759267836.5201795
-0.02,0.18,-0.11,1759267836.5267355
-0.02,0.18,-0.11,1759267836.5296185
-0.02,0.18,-0.11,1759267836.533123
-0.02,0.18,-0.11,1759267836.5388024
-0.03,0.19,-0.11,1759267836.5423057
-0.02,0.18,-0.11,1759267836.5499835
-0.02,0.18,-0.11,1759267836.5571947
-0.03,0.18,-0.11,1759267836.5616622
-0.03,0.18,-0.11,1759267836.567998
-0.03,0.19,-0.11,1759267836.57349
-0.04,0.19,-0.11,1759267836.5785716
-0.04,0.19,-0.11,1759267836.5905287
-0.04,0.19,-0.11,1759267836.593442
-0.04,0.19,-0.11,1759267836.5959103
-0.03,0.19,-0.11,1759267836.5987492
-0.03,0.19,-0.11,1759267836.6013849
-0.04,0.2,-0.11,1759267836.604008
-0.03,0.2,-0.11,1759267836.6066778
-0.04,0.19,-0.11,1759267836.608875
-0.04,0.19,-0.11,1759267836.611597
-0.04,0.19,-0.11,1759267836.6139834
-0.03,0.2,-0.11,1759267836.6165743
-0.03,0.2,-0.11,1759267836.6186244
-0.03,0.2,-0.11,1759267836.6207204
-0.03,0.2,-0.11,1759267836.623613
-0.03,0.2,-0.11,1759267836.6258094
-0.02,0.21,-0.11,1759267836.629089
-0.03,0.2,-0.11,1759267836.6322353
-0.03,0.2,-0.11,1759267836.6343784
-0.02,0.21,-0.11,1759267836.6365857
-0.02,0.21,-0.11,1759267836.6385086
-0.02,0.21,-0.11,1759267836.6423554
-0.02,0.21,-0.11,1759267836.6447155
-0.02,0.22,-0.11,1759267836.648648
-0.01,0.21,-0.11,1759267836.652653
-0.01,0.21,-0.11,1759267836.655524
0.0,0.21,-0.11,1759267836.659843
-0.0,0.21,-0.11,1759267836.6615949
-0.01,0.21,-0.11,1759267836.6655498
-0.0,0.22,-0.11,1759267836.6685755
-0.0,0.22,-0.11,1759267836.671529
-0.01,0.22,-0.11,1759267836.6749244
-0.0,0.22,-0.11,1759267836.6772463
-0.0,0.22,-0.11,1759267836.6819966
0.0,0.22,-0.11,1759267836.688759
-0.0,0.22,-0.11,1759267836.6932316
-0.0,0.22,-0.11,1759267836.6964045
0.0,0.22,-0.11,1759267836.69842
0.0,0.22,-0.11,1759267836.7034264
0.01,0.22,-0.11,1759267836.711701
0.01,0.21,-0.11,1759267836.7252045
0.01,0.21,-0.11,1759267836.7302177
0.0,0.21,-0.11,1759267836.7342954
0.0,0.21,-0.11,1759267836.7375584
0.0,0.21,-0.11,1759267836.7410126
-0.01,0.21,-0.11,1759267836.7443075
0.0,0.21,-0.11,1759267836.748105
0.0,0.21,-0.11,1759267836.7513154
-0.0,0.21,-0.11,1759267836.7548692
-0.0,0.21,-0.11,1759267836.7581725
0.0,0.21,-0.11,1759267836.7624316
-0.0,0.21,-0.11,1759267836.7646956
-0.0,0.21,-0.11,1759267836.7697663
-0.0,0.21,-0.11,1759267836.7725084
-0.0,0.21,-0.11,1759267836.774765
-0.0,0.21,-0.11,1759267836.7779815
-0.0,0.21,-0.11,1759267836.7808454
-0.01,0.21,-0.11,1759267836.7829535
-0.01,0.21,-0.11,1759267836.7853827
-0.01,0.21,-0.11,1759267836.788302
-0.01,0.2,-0.11,1759267836.7912583
-0.01,0.2,-0.11,1759267836.7936604
-0.01,0.2,-0.11,1759267836.7956398
-0.01,0.2,-0.11,1759267836.8000376
-0.02,0.19,-0.11,1759267836.803544
-0.02,0.19,-0.11,1759267836.8061154
-0.02,0.19,-0.11,1759267836.8082285
-0.02,0.18,-0.11,1759267836.810058
-0.02,0.18,-0.11,1759267836.812364
-0.02,0.18,-0.11,1759267836.8141534
-0.02,0.18,-0.11,1759267836.818202
-0.02,0.17,-0.11,1759267836.8207614
-0.02,0.17,-0.11,1759267836.8238308
-0.02,0.18,-0.11,1759267836.8262758
-0.02,0.18,-0.11,1759267836.8286705
-0.02,0.17,-0.11,1759267836.8318136
-0.02,0.17,-0.11,1759267836.8346572
-0.02,0.18,-0.11,1759267836.8393004
-0.01,0.18,-0.11,1759267836.8443558
-0.02,0.18,-0.11,1759267836.8495574
-0.01,0.17,-0.11,1759267836.8523486
-0.01,0.17,-0.11,1759267836.8576877
-0.01,0.17,-0.11,1759267836.8605409
-0.01,0.17,-0.11,1759267836.8654258
-0.01,0.16,-0.11,1759267836.868364
-0.02,0.16,-0.11,1759267836.8731723
-0.02,0.17,-0.11,1759267836.876074
-0.02,0.16,-0.11,1759267836.877741
-0.02,0.16,-0.11,1759267836.8818965
-0.02,0.17,-0.11,1759267836.88884
-0.02,0.16,-0.11,1759267836.8910875
-0.02,0.17,-0.11,1759267836.893978
-0.02,0.17,-0.11,1759267836.8974605
-0.02,0.17,-0.11,1759267836.901096
-0.02,0.17,-0.11,1759267836.903438
-0.02,0.16,-0.11,1759267836.908507
-0.02,0.16,-0.11,1759267836.9114993
-0.02,0.16,-0.11,1759267836.9143136
-0.02,0.16,-0.11,1759267836.9161034
-0.02,0.16,-0.11,1759267836.9200418
-0.02,0.16,-0.11,1759267836.9219377
-0.03,0.16,-0.11,1759267836.93076
-0.03,0.16,-0.11,1759267836.9335723
-0.03,0.17,-0.11,1759267836.9371552
-0.03,0.17,-0.11,1759267836.9405348
-0.03,0.17,-0.11,1759267836.9436457
-0.02,0.17,-0.11,1759267836.9454255
-0.03,0.17,-0.11,1759267836.952269
-0.02,0.17,-0.11,1759267836.958062
-0.03,0.17,-0.11,1759267836.9599872
-0.03,0.17,-0.11,1759267836.9639418
-0.02,0.17,-0.11,1759267836.970778
-0.02,0.17,-0.11,1759267836.97586
-0.02,0.17,-0.11,1759267836.9804187
-0.02,0.17,-0.11,1759267836.9828842
-0.02,0.18,-0.11,1759267836.9885652
-0.02,0.17,-0.11,1759267836.9916654
-0.02,0.18,-0.12,1759267836.9962974
-0.02,0.18,-0.12,1759267836.9996212
-0.02,0.18,-0.12,1759267837.0012877
-0.02,0.18,-0.12,1759267837.003419
-0.02,0.17,-0.12,1759267837.0054562
-0.02,0.18,-0.12,1759267837.0085366
-0.02,0.18,-0.12,1759267837.0106993
-0.02,0.18,-0.12,1759267837.012779
-0.02,0.18,-0.12,1759267837.017478
-0.02,0.18,-0.12,1759267837.022544
-0.02,0.18,-0.12,1759267837.0249238
-0.02,0.18,-0.12,1759267837.0277946
-0.02,0.19,-0.12,1759267837.0393395
-0.02,0.19,-0.12,1759267837.042245
-0.02,0.19,-0.12,1759267837.051242
-0.02,0.19,-0.12,1759267837.0575995
-0.02,0.19,-0.12,1759267837.060368
-0.02,0.19,-0.12,1759267837.0623066
-0.02,0.19,-0.12,1759267837.0658562
-0.02,0.2,-0.12,1759267837.0690875
-0.02,0.2,-0.12,1759267837.074114
-0.03,0.2,-0.12,1759267837.0792255
-0.03,0.2,-0.12,1759267837.0825026
-0.02,0.2,-0.12,1759267837.0863006
-0.03,0.19,-0.12,1759267837.0899858
-0.03,0.19,-0.12,1759267837.0920172
-0.03,0.2,-0.12,1759267837.0938818
-0.03,0.2,-0.12,1759267837.0972216
-0.04,0.2,-0.12,1759267837.099674
-0.03,0.2,-0.12,1759267837.1033227
-0.03,0.2,-0.12,1759267837.107446
-0.03,0.2,-0.13,1759267837.110874
-0.03,0.2,-0.13,1759267837.1137123
-0.03,0.21,-0.13,1759267837.1154327
-0.03,0.21,-0.13,1759267837.1174748
-0.03,0.21,-0.13,1759267837.1197932
-0.03,0.21,-0.13,1759267837.126083
-0.04,0.21,-0.13,1759267837.1301455
-0.04,0.21,-0.13,1759267837.1325133
-0.04,0.21,-0.13,1759267837.1360111
-0.04,0.21,-0.13,1759267837.1398077
-0.04,0.2,-0.13,1759267837.142851
-0.04,0.21,-0.13,1759267837.1462967
-0.04,0.21,-0.13,1759267837.1499934
-0.04,0.21,-0.13,1759267837.1517987
-0.04,0.21,-0.13,1759267837.1556587
-0.04,0.21,-0.13,1759267837.158647
-0.04,0.21,-0.13,1759267837.162058
-0.04,0.21,-0.13,1759267837.1651795
-0.04,0.21,-0.13,1759267837.1794274
-0.04,0.21,-0.13,1759267837.1824458
-0.04,0.21,-0.13,1759267837.1858995
-0.04,0.21,-0.13,1759267837.1882808
-0.04,0.22,-0.13,1759267837.1904042
-0.04,0.21,-0.13,1759267837.193047
-0.04,0.21,-0.13,1759267837.1958733
-0.04,0.22,-0.13,1759267837.1991189
-0.04,0.21,-0.13,1759267837.201441
-0.05,0.22,-0.13,1759267837.2040937
-0.05,0.22,-0.13,1759267837.209263
-0.04,0.21,-0.13,1759267837.2117534
-0.04,0.21,-0.13,1759267837.2149496
-0.05,0.22,-0.13,1759267837.218358
-0.05,0.22,-0.13,1759267837.2223136
-0.05,0.21,-0.13,1759267837.2306292
-0.05,0.21,-0.13,1759267837.2386858
-0.05,0.21,-0.13,1759267837.2404268
-0.05,0.2,-0.13,1759267837.244838
-0.05,0.2,-0.13,1759267837.2580578
-0.05,0.2,-0.13,1759267837.2643442
-0.05,0.2,-0.13,1759267837.2687678
-0.06,0.2,-0.13,1759267837.2747922
-0.06,0.19,-0.13,1759267837.29204
-0.06,0.2,-0.13,1759267837.297458
-0.05,0.19,-0.13,1759267837.3037856
-0.05,0.19,-0.13,1759267837.3089209
-0.05,0.19,-0.13,1759267837.313588
-0.05,0.19,-0.13,1759267837.3210742
-0.05,0.18,-0.13,1759267837.3249853
-0.05,0.18,-0.13,1759267837.3296592
-0.06,0.18,-0.13,1759267837.3370564
-0.06,0.19,-0.13,1759267837.342091
-0.06,0.19,-0.13,1759267837.34706
-0.06,0.18,-0.13,1759267837.351269
-0.06,0.18,-0.13,1759267837.3556426
-0.06,0.18,-0.13,1759267837.3601449
-0.05,0.18,-0.13,1759267837.3637204
-0.05,0.17,-0.12,1759267837.3682702
-0.06,0.17,-0.12,1759267837.3710709
-0.05,0.17,-0.12,1759267837.374102
-0.05,0.17,-0.12,1759267837.378278
-0.04,0.17,-0.12,1759267837.3846138
-0.04,0.17,-0.12,1759267837.4076433
-0.04,0.17,-0.12,1759267837.4185474
-0.04,0.17,-0.12,1759267837.4257593
-0.04,0.17,-0.12,1759267837.4334931
-0.05,0.16,-0.12,1759267837.4414165
-0.04,0.16,-0.12,1759267837.447018
-0.04,0.17,-0.12,1759267837.4491315
-0.03,0.16,-0.12,1759267837.455617
-0.03,0.17,-0.12,1759267837.4586792
-0.03,0.17,-0.12,1759267837.463751
-0.03,0.17,-0.12,1759267837.470943
-0.03,0.16,-0.12,1759267837.4750912
-0.02,0.17,-0.12,1759267837.4777677
-0.02,0.17,-0.12,1759267837.4815526
-0.02,0.17,-0.12,1759267837.4839938
-0.02,0.17,-0.12,1759267837.4861784
-0.02,0.17,-0.12,1759267837.4884243
-0.01,0.17,-0.12,1759267837.4927073
-0.02,0.17,-0.12,1759267837.4950967
-0.02,0.17,-0.12,1759267837.4971826
-0.02,0.17,-0.12,1759267837.50084
-0.01,0.18,-0.12,1759267837.5028503
-0.01,0.18,-0.11,1759267837.506202
-0.02,0.17,-0.11,1759267837.5087426
-0.01,0.17,-0.11,1759267837.510571
-0.01,0.18,-0.11,1759267837.5135508
-0.02,0.18,-0.11,1759267837.516821
-0.01,0.17,-0.11,1759267837.5201745
-0.02,0.18,-0.11,1759267837.5220025
-0.02,0.18,-0.11,1759267837.525926
-0.01,0.17,-0.11,1759267837.527859
-0.01,0.17,-0.11,1759267837.5315266
-0.02,0.17,-0.11,1759267837.5340872
-0.01,0.17,-0.11,1759267837.5418396
-0.01,0.16,-0.11,1759267837.5477805
-0.01,0.16,-0.11,1759267837.5508678
-0.01,0.16,-0.11,1759267837.5553234
-0.0,0.16,-0.11,1759267837.5574946
-0.0,0.16,-0.11,1759267837.560785
-0.0,0.16,-0.11,1759267837.5627112
-0.0,0.17,-0.11,1759267837.565002
-0.0,0.16,-0.11,1759267837.5685058
-0.0,0.16,-0.11,1759267837.5709186
-0.0,0.17,-0.11,1759267837.575925
-0.0,0.16,-0.11,1759267837.5780118
-0.0,0.16,-0.11,1759267837.5807805
-0.01,0.17,-0.1,1759267837.582797
-0.0,0.17,-0.1,1759267837.5850022
-0.0,0.17,-0.1,1759267837.5882893
0.0,0.17,-0.1,1759267837.5905006
-0.0,0.17,-0.1,1759267837.592292
-0.0,0.17,-0.1,1759267837.5945916
-0.0,0.18,-0.1,1759267837.596406
0.0,0.18,-0.1,1759267837.5986702
0.0,0.18,-0.1,1759267837.6011822
0.0,0.19,-0.1,1759267837.605251
0.0,0.18,-0.1,1759267837.6094725
0.01,0.18,-0.1,1759267837.614322
0.01,0.19,-0.1,1759267837.61877
0.02,0.19,-0.1,1759267837.622366
0.02,0.19,-0.1,1759267837.6256557
0.02,0.19,-0.1,1759267837.6291883
0.01,0.2,-0.1,1759267837.633343
0.02,0.2,-0.1,1759267837.638175
0.01,0.2,-0.1,1759267837.6446674
0.01,0.2,-0.1,1759267837.6476324
0.01,0.2,-0.1,1759267837.6506104
0.01,0.2,-0.1,1759267837.6540728
0.01,0.21,-0.1,1759267837.6568532
0.01,0.21,-0.1,1759267837.6595826
0.01,0.21,-0.1,1759267837.6630862
0.01,0.21,-0.1,1759267837.666108
0.01,0.21,-0.09,1759267837.6694026
0.02,0.21,-0.09,1759267837.671856
0.02,0.21,-0.09,1759267837.6742272
0.01,0.21,-0.09,1759267837.6769204
0.01,0.21,-0.09,1759267837.6802115
0.02,0.21,-0.09,1759267837.6831925
0.01,0.21,-0.09,1759267837.686237
0.01,0.21,-0.09,1759267837.688469
0.02,0.21,-0.09,1759267837.6916006
0.02,0.21,-0.09,1759267837.6940236
0.02,0.21,-0.09,1759267837.6972892
0.01,0.21,-0.09,1759267837.7025046
0.01,0.21,-0.09,1759267837.7054648
0.01,0.22,-0.09,1759267837.7083516
0.02,0.21,-0.09,1759267837.7138214
0.02,0.22,-0.09,1759267837.7235513
0.01,0.22,-0.09,1759267837.7334902
0.01,0.22,-0.09,1759267837.7389426
0.01,0.22,-0.09,1759267837.7424655
0.01,0.23,-0.09,1759267837.75665
0.01,0.22,-0.09,1759267837.7686946
0.01,0.22,-0.09,1759267837.7839026
0.01,0.23,-0.09,1759267837.8049524
0.02,0.23,-0.09,1759267837.810948
0.01,0.23,-0.09,1759267837.8159857
0.02,0.23,-0.09,1759267837.8229046
0.02,0.23,-0.09,1759267837.8466177
0.02,0.23,-0.09,1759267837.8496163
0.02,0.23,-0.09,1759267837.8540406
0.02,0.23,-0.09,1759267837.8574655
0.02,0.23,-0.09,1759267837.8623486
0.01,0.23,-0.09,1759267837.866443
0.01,0.23,-0.09,1759267837.870092
0.01,0.23,-0.09,1759267837.8729792
0.02,0.23,-0.09,1759267837.8764462
0.01,0.23,-0.09,1759267837.8825424
0.02,0.23,-0.09,1759267837.886438
0.02,0.22,-0.09,1759267837.9015267
0.02,0.22,-0.09,1759267837.9057686
0.02,0.22,-0.09,1759267837.9097066
0.02,0.22,-0.09,1759267837.9142776
0.02,0.22,-0.09,1759267837.9275727
0.01,0.22,-0.09,1759267837.9445896
0.02,0.22,-0.09,1759267837.95333
0.02,0.22,-0.09,1759267837.9696376
0.01,0.22,-0.09,1759267837.975349
0.02,0.23,-0.09,1759267837.9909296
0.01,0.23,-0.09,1759267837.999349
0.01,0.22,-0.09,1759267838.0073135
0.01,0.22,-0.09,1759267838.0111933
0.01,0.22,-0.09,1759267838.0141103
0.01,0.22,-0.09,1759267838.021254
0.01,0.22,-0.09,1759267838.0293312
0.01,0.23,-0.09,1759267838.0341103
0.01,0.23,-0.09,1759267838.0392437
0.01,0.23,-0.09,1759267838.045181
0.01,0.23,-0.09,1759267838.0576334
0.01,0.22,-0.09,1759267838.0724175
0.01,0.22,-0.09,1759267838.0816782
0.01,0.23,-0.09,1759267838.0889273
0.02,0.23,-0.09,1759267838.097261
0.02,0.23,-0.09,1759267838.108089
0.03,0.23,-0.09,1759267838.1170692
0.02,0.23,-0.09,1759267838.132602
0.03,0.23,-0.09,1759267838.1363018
0.03,0.23,-0.09,1759267838.142697
0.03,0.23,-0.09,1759267838.149956
0.03,0.23,-0.09,1759267838.1593945
0.02,0.22,-0.09,1759267838.1652696
0.02,0.23,-0.09,1759267838.1682348
0.03,0.23,-0.09,1759267838.1717808
0.03,0.22,-0.09,1759267838.1767068
0.04,0.22,-0.09,1759267838.181502
0.03,0.22,-0.09,1759267838.1870005
0.04,0.23,-0.09,1759267838.18881
0.03,0.22,-0.09,1759267838.191548
0.03,0.22,-0.09,1759267838.1976123
0.03,0.22,-0.09,1759267838.200827
0.02,0.22,-0.09,1759267838.20515
0.02,0.22,-0.09,1759267838.2118363
0.02,0.22,-0.09,1759267838.217606
0.02,0.22,-0.09,1759267838.2212284
0.02,0.22,-0.09,1759267838.227092
0.02,0.22,-0.09,1759267838.2318974
0.03,0.23,-0.09,1759267838.2401004
0.02,0.23,-0.09,1759267838.2469664
0.02,0.23,-0.09,1759267838.2515795
0.02,0.23,-0.09,1759267838.257798
0.03,0.22,-0.09,1759267838.2605486
0.03,0.22,-0.09,1759267838.2631817
0.03,0.22,-0.09,1759267838.269536
0.03,0.22,-0.09,1759267838.2716084
0.03,0.22,-0.09,1759267838.2749128
0.03,0.22,-0.09,1759267838.2834296
0.03,0.21,-0.09,1759267838.2890658
0.03,0.21,-0.09,1759267838.2959352
0.03,0.21,-0.09,1759267838.2981017
0.03,0.21,-0.09,1759267838.310912
0.03,0.21,-0.09,1759267838.3165717
0.04,0.2,-0.09,1759267838.3197
0.03,0.2,-0.09,1759267838.32424
0.04,0.21,-0.09,1759267838.3301916
0.03,0.2,-0.09,1759267838.3326895
0.03,0.21,-0.09,1759267838.342735
0.04,0.21,-0.09,1759267838.358285
0.04,0.2,-0.09,1759267838.368478
0.03,0.2,-0.09,1759267838.3751607
0.04,0.2,-0.09,1759267838.3773625
0.04,0.2,-0.09,1759267838.3813765
0.04,0.2,-0.09,1759267838.388059
0.04,0.2,-0.09,1759267838.396623
0.04,0.2,-0.09,1759267838.4018917
0.04,0.2,-0.09,1759267838.4075315
0.04,0.2,-0.09,1759267838.4224734
0.04,0.21,-0.09,1759267838.4302006
0.04,0.21,-0.09,1759267838.445116
0.04,0.22,-0.09,1759267838.4487913
0.04,0.22,-0.09,1759267838.452866
0.04,0.22,-0.09,1759267838.4575915
0.04,0.22,-0.09,1759267838.4671884
0.04,0.21,-0.09,1759267838.4756615
0.05,0.21,-0.09,1759267838.4886618
0.04,0.21,-0.09,1759267838.493105
0.03,0.21,-0.09,1759267838.4979956
0.03,0.21,-0.09,1759267838.5018342
0.03,0.22,-0.09,1759267838.5069928
0.03,0.22,-0.09,1759267838.5117996
0.03,0.22,-0.09,1759267838.5164516
0.02,0.22,-0.09,1759267838.5209725
0.03,0.22,-0.09,1759267838.5260873
0.03,0.22,-0.09,1759267838.5307343
0.03,0.22,-0.09,1759267838.5349307
0.04,0.22,-0.09,1759267838.5425262
0.04,0.22,-0.09,1759267838.5477562
0.03,0.22,-0.09,1759267838.5545256
0.03,0.22,-0.09,1759267838.5585845
0.03,0.22,-0.09,1759267838.5662403
0.03,0.22,-0.09,1759267838.570081
0.03,0.23,-0.09,1759267838.5726635
0.03,0.23,-0.09,1759267838.5776129
0.03,0.22,-0.09,1759267838.5815809
0.03,0.22,-0.09,1759267838.5866687
0.03,0.23,-0.09,1759267838.5897677
0.03,0.23,-0.09,1759267838.5941885
0.03,0.23,-0.09,1759267838.598362
0.02,0.23,-0.09,1759267838.6021872
0.03,0.24,-0.09,1759267838.6178055
0.02,0.24,-0.09,1759267838.6217482
0.02,0.23,-0.09,1759267838.6241007
0.03,0.24,-0.09,1759267838.627977
0.03,0.24,-0.09,1759267838.632933
0.02,0.23,-0.09,1759267838.640978
0.02,0.23,-0.09,1759267838.645089
0.02,0.23,-0.09,1759267838.6501834
0.02,0.23,-0.09,1759267838.6538346
0.02,0.23,-0.09,1759267838.657081
0.02,0.23,-0.09,1759267838.6615577
0.02,0.23,-0.09,1759267838.6678512
0.02,0.23,-0.09,1759267838.670843
0.01,0.23,-0.09,1759267838.6756184
0.02,0.23,-0.09,1759267838.6789298
0.01,0.23,-0.09,1759267838.6826131
0.01,0.24,-0.09,1759267838.6928017
0.01,0.24,-0.09,1759267838.703714
0.01,0.24,-0.09,1759267838.7122848
0.0,0.23,-0.09,1759267838.7184465
-0.0,0.23,-0.09,1759267838.7213428
0.0,0.24,-0.09,1759267838.730728
0.0,0.24,-0.09,1759267838.7370768
0.0,0.24,-0.09,1759267838.7421348
-0.0,0.24,-0.09,1759267838.7466135
-0.0,0.24,-0.09,1759267838.7551982
-0.0,0.24,-0.09,1759267838.7636168
-0.01,0.24,-0.09,1759267838.7786071
-0.01,0.24,-0.09,1759267838.785013
-0.01,0.24,-0.09,1759267838.7915063
-0.0,0.24,-0.09,1759267838.7940202
-0.01,0.24,-0.09,1759267838.7968383
-0.01,0.24,-0.09,1759267838.800266
-0.01,0.24,-0.09,1759267838.8031583
-0.01,0.24,-0.09,1759267838.8055634
-0.01,0.24,-0.09,1759267838.8078237
-0.01,0.24,-0.09,1759267838.8098302
-0.01,0.24,-0.09,1759267838.8126414
-0.01,0.24,-0.09,1759267838.8148382
-0.01,0.24,-0.09,1759267838.8168693
-0.01,0.24,-0.09,1759267838.8207338
-0.01,0.25,-0.09,1759267838.8229692
-0.0,0.25,-0.09,1759267838.82476
-0.0,0.25,-0.09,1759267838.828255
-0.01,0.25,-0.09,1759267838.8330534
-0.01,0.25,-0.09,1759267838.8368874
-0.01,0.24,-0.09,1759267838.839579
-0.0,0.24,-0.09,1759267838.8435051
-0.0,0.25,-0.09,1759267838.8475268
-0.0,0.24,-0.09,1759267838.850011
-0.0,0.24,-0.09,1759267838.852132
-0.0,0.25,-0.09,1759267838.8560765
-0.01,0.24,-0.09,1759267838.8582237
-0.01,0.24,-0.09,1759267838.8608868
-0.01,0.24,-0.09,1759267838.8630972
-0.01,0.24,-0.09,1759267838.8666005
-0.01,0.24,-0.09,1759267838.8687725
-0.02,0.24,-0.09,1759267838.8707163
-0.01,0.24,-0.09,1759267838.8734612
-0.01,0.24,-0.09,1759267838.8760223
-0.01,0.25,-0.09,1759267838.878023
-0.02,0.25,-0.09,1759267838.8823702
-0.01,0.25,-0.09,1759267838.8849008
-0.01,0.25,-0.09,1759267838.887554
-0.01,0.25,-0.09,1759267838.8901577
-0.01,0.25,-0.09,1759267838.892461
-0.01,0.25,-0.09,1759267838.8945477
-0.0,0.25,-0.09,1759267838.8968446
0.0,0.25,-0.09,1759267838.8992136
-0.0,0.24,-0.09,1759267838.9036713
0.0,0.24,-0.09,1759267838.9064353
0.0,0.24,-0.09,1759267838.90864
0.0,0.24,-0.09,1759267838.910899
0.0,0.24,-0.09,1759267838.9142776
0.0,0.24,-0.09,1759267838.917282
0.0,0.24,-0.09,1759267838.9196565
0.01,0.23,-0.09,1759267838.922273
0.01,0.24,-0.09,1759267838.924323
0.01,0.23,-0.09,1759267838.9272645
0.01,0.23,-0.09,1759267838.932023
0.01,0.23,-0.09,1759267838.9340746
0.0,0.23,-0.09,1759267838.943158
0.0,0.23,-0.09,1759267838.9583716
0.0,0.23,-0.09,1759267838.9661376
0.0,0.23,-0.09,1759267838.9725988
0.0,0.23,-0.09,1759267838.9834824
0.0,0.23,-0.09,1759267839.0010982
0.0,0.23,-0.09,1759267839.007374
0.0,0.23,-0.09,1759267839.016256
-0.0,0.22,-0.09,1759267839.037963
-0.01,0.22,-0.09,1759267839.045019
-0.01,0.22,-0.09,1759267839.049545
-0.0,0.22,-0.09,1759267839.054274
0.0,0.22,-0.09,1759267839.0615733
0.01,0.21,-0.09,1759267839.0713146
0.01,0.21,-0.09,1759267839.0839918
0.01,0.21,-0.09,1759267839.091258
0.01,0.2,-0.09,1759267839.0986316
0.01,0.2,-0.09,1759267839.108523
0.01,0.2,-0.09,1759267839.1157928
0.01,0.21,-0.09,1759267839.1226556
0.01,0.21,-0.09,1759267839.1432197
0.0,0.21,-0.09,1759267839.1533885
0.01,0.2,-0.09,1759267839.1598592
0.01,0.2,-0.09,1759267839.1649148
0.0,0.2,-0.09,1759267839.169158
0.0,0.2,-0.09,1759267839.173109
-0.01,0.2,-0.09,1759267839.1789248
-0.01,0.2,-0.09,1759267839.1856616
-0.01,0.2,-0.09,1759267839.1888711
-0.01,0.2,-0.09,1759267839.196647
-0.01,0.2,-0.09,1759267839.2031894
-0.01,0.19,-0.09,1759267839.21056
-0.01,0.19,-0.09,1759267839.2234042
-0.01,0.19,-0.09,1759267839.232028
-0.01,0.2,-0.09,1759267839.2346652
-0.01,0.2,-0.09,1759267839.2376838
-0.01,0.19,-0.09,1759267839.2394855
-0.01,0.19,-0.09,1759267839.2411134
-0.01,0.2,-0.09,1759267839.24587
-0.02,0.2,-0.09,1759267839.2477202
-0.02,0.19,-0.09,1759267839.2496336
-0.02,0.2,-0.09,1759267839.2517316
-0.01,0.2,-0.09,1759267839.2535524
-0.01,0.2,-0.09,1759267839.2563584
-0.01,0.2,-0.09,1759267839.25809
-0.01,0.19,-0.09,1759267839.2600162
-0.01,0.2,-0.09,1759267839.2617197
-0.0,0.2,-0.09,1759267839.2639618
-0.0,0.2,-0.09,1759267839.2662747
-0.01,0.2,-0.09,1759267839.268208
-0.01,0.2,-0.09,1759267839.2721922
0.0,0.2,-0.09,1759267839.2743614
-0.0,0.2,-0.09,1759267839.2772422
-0.0,0.2,-0.09,1759267839.2790153
-0.0,0.2,-0.09,1759267839.2824934
-0.01,0.2,-0.09,1759267839.2860565
-0.01,0.2,-0.09,1759267839.2880151
-0.01,0.2,-0.09,1759267839.2902458
-0.01,0.2,-0.09,1759267839.2919042
-0.0,0.19,-0.09,1759267839.2935288
-0.01,0.19,-0.09,1759267839.2957015
-0.01,0.19,-0.09,1759267839.2978592
-0.01,0.19,-0.09,1759267839.3008914
-0.0,0.19,-0.09,1759267839.3025286
-0.0,0.18,-0.09,1759267839.306077
-0.0,0.18,-0.09,1759267839.3078213
-0.0,0.18,-0.09,1759267839.3094769
-0.0,0.18,-0.09,1759267839.3131433
-0.0,0.18,-0.09,1759267839.315191
-0.0,0.18,-0.09,1759267839.318128
-0.0,0.18,-0.09,1759267839.3216376
0.0,0.18,-0.09,1759267839.3234196
0.0,0.18,-0.09,1759267839.3271012
0.0,0.18,-0.09,1759267839.330127
0.0,0.18,-0.09,1759267839.3334289
0.0,0.18,-0.09,1759267839.3371537
0.0,0.18,-0.09,1759267839.342954
-0.0,0.18,-0.09,1759267839.3526664
-0.0,0.18,-0.09,1759267839.3566186
-0.01,0.19,-0.09,1759267839.36889
-0.01,0.19,-0.09,1759267839.3721576
-0.01,0.19,-0.09,1759267839.375391
-0.01,0.19,-0.09,1759267839.3777506
-0.01,0.19,-0.09,1759267839.3803115
-0.01,0.19,-0.09,1759267839.385024
-0.01,0.19,-0.09,1759267839.3869307
-0.01,0.19,-0.09,1759267839.3893292
-0.01,0.19,-0.09,1759267839.392132
-0.02,0.19,-0.09,1759267839.3974211
-0.02,0.2,-0.09,1759267839.3990595
-0.02,0.2,-0.09,1759267839.4012165
-0.02,0.19,-0.09,1759267839.403452
-0.02,0.19,-0.09,1759267839.406551
-0.02,0.2,-0.09,1759267839.408341
-0.02,0.2,-0.09,1759267839.4100945
-0.02,0.2,-0.09,1759267839.4120536
-0.02,0.2,-0.09,1759267839.4141066
-0.02,0.2,-0.09,1759267839.418155
-0.03,0.2,-0.09,1759267839.421657
-0.02,0.2,-0.09,1759267839.4234009
-0.02,0.2,-0.09,1759267839.4253757
-0.03,0.2,-0.09,1759267839.42831
-0.03,0.2,-0.09,1759267839.429976
-0.03,0.2,-0.09,1759267839.4316392
-0.03,0.19,-0.09,1759267839.435166
-0.03,0.19,-0.09,1759267839.4371214
-0.03,0.2,-0.09,1759267839.4392824
-0.03,0.2,-0.09,1759267839.442771
-0.03,0.19,-0.09,1759267839.4448023
-0.04,0.19,-0.09,1759267839.448659
-0.04,0.19,-0.09,1759267839.4506752
-0.04,0.2,-0.09,1759267839.4526055
-0.03,0.2,-0.09,1759267839.4542403
-0.03,0.2,-0.09,1759267839.4572442
-0.03,0.2,-0.09,1759267839.458892
-0.03,0.2,-0.09,1759267839.4626207
-0.04,0.2,-0.09,1759267839.4665947
-0.04,0.19,-0.09,1759267839.4686592
-0.04,0.2,-0.09,1759267839.4711614
-0.03,0.19,-0.09,1759267839.4731529
-0.03,0.19,-0.09,1759267839.4759774
-0.03,0.19,-0.09,1759267839.4781258
-0.02,0.19,-0.09,1759267839.4799223
-0.02,0.19,-0.09,1759267839.4820633
-0.02,0.2,-0.09,1759267839.483961
-0.02,0.2,-0.09,1759267839.4871438
-0.02,0.2,-0.09,1759267839.4917994
-0.02,0.2,-0.09,1759267839.4950373
-0.02,0.2,-0.09,1759267839.5002358
-0.02,0.2,-0.09,1759267839.504268
-0.02,0.2,-0.09,1759267839.5068812
-0.02,0.2,-0.09,1759267839.5109017
-0.02,0.2,-0.09,1759267839.5134315
-0.02,0.2,-0.09,1759267839.5180504
-0.02,0.2,-0.09,1759267839.523935
-0.01,0.2,-0.09,1759267839.529071
-0.0,0.2,-0.09,1759267839.5326357
-0.01,0.2,-0.09,1759267839.5365367
-0.01,0.2,-0.09,1759267839.5430048
-0.01,0.2,-0.09,1759267839.5534182
-0.01,0.2,-0.09,1759267839.5588486
-0.01,0.2,-0.09,1759267839.5617115
-0.0,0.2,-0.09,1759267839.5656788
-0.01,0.19,-0.09,1759267839.568019
-0.0,0.2,-0.09,1759267839.570952
0.0,0.2,-0.09,1759267839.5736363
0.01,0.2,-0.09,1759267839.5761094
0.0,0.2,-0.09,1759267839.5786316
0.0,0.2,-0.09,1759267839.5841706
-0.0,0.2,-0.09,1759267839.5866013
-0.01,0.2,-0.09,1759267839.588821
-0.01,0.2,-0.09,1759267839.5915794
-0.0,0.2,-0.09,1759267839.5945427
-0.01,0.2,-0.09,1759267839.5969863
-0.0,0.2,-0.09,1759267839.6012468
-0.0,0.2,-0.09,1759267839.6044226
-0.0,0.2,-0.09,1759267839.6088705
-0.0,0.2,-0.09,1759267839.6125216
-0.0,0.2,-0.09,1759267839.6176329
0.0,0.2,-0.09,1759267839.623027
0.01,0.2,-0.09,1759267839.6311748
0.01,0.2,-0.09,1759267839.6353295
0.01,0.2,-0.09,1759267839.63894
0.01,0.2,-0.09,1759267839.6437595
0.01,0.2,-0.09,1759267839.6566207
0.01,0.2,-0.09,1759267839.662149
0.02,0.2,-0.09,1759267839.6680124
0.02,0.2,-0.09,1759267839.6722977
0.02,0.2,-0.09,1759267839.6830556
0.02,0.2,-0.09,1759267839.6870682
0.02,0.2,-0.09,1759267839.689857
0.02,0.2,-0.09,1759267839.6936717
0.02,0.2,-0.09,1759267839.6971805
0.03,0.2,-0.09,1759267839.7017777
0.02,0.21,-0.09,1759267839.7065437
0.02,0.21,-0.09,1759267839.7098677
0.02,0.21,-0.09,1759267839.713108
0.03,0.2,-0.09,1759267839.717234
0.03,0.21,-0.09,1759267839.72142
0.02,0.2,-0.09,1759267839.7393482
0.02,0.2,-0.09,1759267839.746456
0.02,0.21,-0.09,1759267839.7522943
0.02,0.21,-0.09,1759267839.7576451
0.02,0.2,-0.09,1759267839.76257
0.02,0.2,-0.09,1759267839.7661865
0.02,0.2,-0.09,1759267839.7688458
0.02,0.21,-0.09,1759267839.7733986
0.02,0.21,-0.09,1759267839.7767825
0.02,0.21,-0.09,1759267839.782736
0.02,0.21,-0.09,1759267839.786924
0.03,0.21,-0.09,1759267839.7911792
0.03,0.21,-0.09,1759267839.7944567
0.03,0.21,-0.09,1759267839.81548
0.03,0.21,-0.09,1759267839.8209844
0.03,0.21,-0.09,1759267839.8288949
0.03,0.21,-0.09,1759267839.835252
0.03,0.21,-0.09,1759267839.8433826
0.03,0.21,-0.09,1759267839.8597307
0.03,0.21,-0.09,1759267839.8661108
0.03,0.21,-0.09,1759267839.8722415
0.03,0.22,-0.09,1759267839.8784544
0.03,0.22,-0.09,1759267839.8841832
0.03,0.22,-0.09,1759267839.8884172
0.03,0.21,-0.09,1759267839.893034
0.03,0.22,-0.09,1759267839.9103236
0.03,0.22,-0.09,1759267839.9171314
0.03,0.22,-0.09,1759267839.9222836
0.03,0.22,-0.09,1759267839.9263222
0.03,0.22,-0.09,1759267839.9333868
0.03,0.22,-0.09,1759267839.9389982
0.02,0.22,-0.09,1759267839.9439485
0.02,0.23,-0.09,1759267839.9484537
0.03,0.22,-0.09,1759267839.9521244
0.03,0.22,-0.09,1759267839.9572115
0.03,0.23,-0.09,1759267839.9613075
0.03,0.22,-0.09,1759267839.965924
0.03,0.23,-0.09,1759267839.9721444
0.03,0.23,-0.09,1759267839.9764483
0.03,0.22,-0.09,1759267839.9826438
0.03,0.22,-0.09,1759267839.985038
0.03,0.22,-0.09,1759267839.9897847
0.03,0.22,-0.09,1759267839.9931288
0.03,0.22,-0.09,1759267839.9972107
0.04,0.22,-0.09,1759267840.0016391
0.03,0.21,-0.09,1759267840.004583
0.03,0.22,-0.09,1759267840.0088782
0.03,0.22,-0.09,1759267840.01324
0.03,0.22,-0.09,1759267840.0178952
0.04,0.22,-0.09,1759267840.0212696
0.04,0.22,-0.09,1759267840.025019
0.04,0.22,-0.09,1759267840.0282626
0.04,0.22,-0.09,1759267840.032003
0.05,0.22,-0.09,1759267840.0351837
0.04,0.22,-0.09,1759267840.0388772
0.04,0.22,-0.09,1759267840.0430672
0.04,0.22,-0.09,1759267840.0470996
0.04,0.22,-0.09,1759267840.0507555
0.03,0.22,-0.09,1759267840.054727
0.03,0.22,-0.09,1759267840.063823
0.03,0.22,-0.09,1759267840.0752575
0.03,0.21,-0.09,1759267840.0815284
0.04,0.22,-0.09,1759267840.0912268
0.03,0.22,-0.09,1759267840.098048
0.03,0.21,-0.09,1759267840.104198
0.03,0.21,-0.09,1759267840.1106627
0.02,0.21,-0.09,1759267840.123073
0.03,0.21,-0.09,1759267840.1350908
0.03,0.22,-0.09,1759267840.139855
0.03,0.21,-0.09,1759267840.145248
0.03,0.22,-0.09,1759267840.1492865
0.03,0.21,-0.09,1759267840.1538727
0.03,0.21,-0.09,1759267840.160668
0.02,0.21,-0.1,1759267840.166223
0.02,0.21,-0.1,1759267840.170838
0.03,0.21,-0.1,1759267840.176074
0.03,0.21,-0.1,1759267840.1797717
0.03,0.21,-0.1,1759267840.1823518
0.02,0.21,-0.1,1759267840.1850252
0.02,0.21,-0.1,1759267840.1876285
0.02,0.21,-0.1,1759267840.1900058
0.02,0.21,-0.1,1759267840.192559
0.02,0.21,-0.1,1759267840.1949952
0.03,0.21,-0.1,1759267840.1975276
0.02,0.21,-0.1,1759267840.2000732
0.03,0.21,-0.1,1759267840.2022705
0.02,0.2,-0.1,1759267840.2045548
0.02,0.2,-0.1,1759267840.2067058
0.03,0.2,-0.1,1759267840.2100537
0.03,0.2,-0.1,1759267840.212276
0.04,0.2,-0.1,1759267840.2157438
0.04,0.2,-0.1,1759267840.2188144
0.04,0.21,-0.1,1759267840.2215693
0.04,0.2,-0.1,1759267840.2237165
0.04,0.2,-0.1,1759267840.2263055
0.04,0.2,-0.1,1759267840.2282307
0.04,0.21,-0.1,1759267840.2312994
0.04,0.2,-0.1,1759267840.2378752
0.03,0.2,-0.1,1759267840.2400763
0.03,0.2,-0.1,1759267840.245325
0.03,0.2,-0.1,1759267840.2483008
0.04,0.21,-0.1,1759267840.2505653
0.04,0.2,-0.1,1759267840.2532496
0.04,0.2,-0.1,1759267840.2555766
0.04,0.2,-0.1,1759267840.2582295
0.04,0.21,-0.1,1759267840.2603009
0.04,0.21,-0.1,1759267840.2637491
0.03,0.21,-0.1,1759267840.2662232
0.04,0.21,-0.1,1759267840.269415
0.04,0.21,-0.1,1759267840.2720027
0.04,0.21,-0.1,1759267840.274163
0.03,0.21,-0.1,1759267840.2762573
0.03,0.21,-0.1,1759267840.278437
0.03,0.21,-0.1,1759267840.2804008
0.02,0.21,-0.1,1759267840.2841113
0.02,0.21,-0.1,1759267840.2871256
0.02,0.21,-0.1,1759267840.2894106
0.02,0.21,-0.1,1759267840.2917657
0.01,0.2,-0.1,1759267840.294513
0.02,0.2,-0.1,1759267840.2965565
0.02,0.2,-0.1,1759267840.299587
0.02,0.2,-0.1,1759267840.3021648
0.02,0.21,-0.1,1759267840.3046649
0.02,0.21,-0.1,1759267840.3067937
0.02,0.21,-0.1,1759267840.3102672
0.02,0.21,-0.1,1759267840.3129418
0.01,0.21,-0.1,1759267840.3159823
0.02,0.21,-0.1,1759267840.319474
0.02,0.22,-0.1,1759267840.3237512
0.02,0.21,-0.1,1759267840.3291886
0.01,0.21,-0.1,1759267840.332573
0.01,0.22,-0.1,1759267840.3347802
0.02,0.22,-0.1,1759267840.3373525
0.02,0.22,-0.1,1759267840.3406386
0.01,0.22,-0.1,1759267840.3430624
0.01,0.22,-0.1,1759267840.3455136
0.01,0.23,-0.1,1759267840.348701
0.01,0.23,-0.1,1759267840.3511288
0.01,0.23,-0.1,1759267840.3541026
0.01,0.24,-0.1,1759267840.3564408
0.0,0.24,-0.1,1759267840.3585188
0.0,0.25,-0.1,1759267840.361931
0.0,0.25,-0.1,1759267840.3661628
0.01,0.25,-0.1,1759267840.3686774
0.0,0.25,-0.1,1759267840.3714569
-0.01,0.25,-0.1,1759267840.3756242
-0.0,0.25,-0.1,1759267840.3787498
-0.0,0.25,-0.1,1759267840.381394
-0.0,0.24,-0.1,1759267840.3837
0.0,0.24,-0.09,1759267840.3863738
0.0,0.24,-0.09,1759267840.388695
0.0,0.24,-0.09,1759267840.3918169
0.0,0.25,-0.09,1759267840.3951416
0.0,0.25,-0.09,1759267840.397632
-0.0,0.25,-0.09,1759267840.4000466
-0.01,0.25,-0.09,1759267840.402671
-0.01,0.24,-0.09,1759267840.4060333
-0.01,0.25,-0.09,1759267840.412648
-0.01,0.25,-0.09,1759267840.4188447
-0.01,0.25,-0.09,1759267840.4217825
-0.01,0.26,-0.09,1759267840.4253807
-0.01,0.26,-0.09,1759267840.42887
-0.02,0.26,-0.09,1759267840.4315238
-0.02,0.26,-0.09,1759267840.43424
-0.02,0.26,-0.09,1759267840.4387407
-0.02,0.26,-0.09,1759267840.442732
-0.02,0.26,-0.09,1759267840.4477873
-0.02,0.26,-0.09,1759267840.4530845
-0.02,0.25,-0.09,1759267840.4554436
-0.02,0.26,-0.09,1759267840.4594889
-0.02,0.26,-0.09,1759267840.4627118
-0.01,0.25,-0.09,1759267840.4669049
-0.01,0.26,-0.09,1759267840.4708858
0.0,0.26,-0.09,1759267840.4751313
0.0,0.26,-0.09,1759267840.4786406
0.0,0.25,-0.09,1759267840.4830017
0.0,0.25,-0.09,1759267840.487774
0.0,0.25,-0.09,1759267840.4925826
0.0,0.25,-0.09,1759267840.4968045
0.01,0.25,-0.09,1759267840.500141
0.0,0.25,-0.09,1759267840.5033815
0.01,0.25,-0.09,1759267840.5074282
0.0,0.25,-0.09,1759267840.5113094
0.0,0.25,-0.09,1759267840.5162792
0.01,0.25,-0.09,1759267840.518923
0.01,0.25,-0.09,1759267840.5211568
0.0,0.25,-0.09,1759267840.524107
0.01,0.25,-0.09,1759267840.527254
0.0,0.25,-0.09,1759267840.5294728
0.01,0.25,-0.08,1759267840.5346248
0.01,0.25,-0.08,1759267840.5379431
0.01,0.24,-0.08,1759267840.541199
0.01,0.24,-0.08,1759267840.5430536
0.01,0.24,-0.08,1759267840.5462682
0.02,0.24,-0.08,1759267840.5487587
0.02,0.24,-0.08,1759267840.5563068
0.03,0.24,-0.08,1759267840.5584016
0.02,0.23,-0.08,1759267840.5611098
0.02,0.23,-0.08,1759267840.565215
0.02,0.23,-0.08,1759267840.5679638
0.02,0.22,-0.08,1759267840.571127
0.02,0.22,-0.08,1759267840.5739038
0.02,0.22,-0.08,1759267840.576716
0.03,0.22,-0.08,1759267840.5791273
0.03,0.22,-0.08,1759267840.5818324
0.03,0.22,-0.08,1759267840.5856686
0.03,0.22,-0.08,1759267840.5886571
0.03,0.21,-0.08,1759267840.5934706
0.03,0.21,-0.08,1759267840.5971797
0.03,0.22,-0.08,1759267840.6015942
0.03,0.22,-0.08,1759267840.6062088
0.04,0.21,-0.08,1759267840.6104136
0.03,0.21,-0.08,1759267840.6137788
0.03,0.21,-0.08,1759267840.6179094
0.02,0.21,-0.08,1759267840.6228983
0.02,0.21,-0.08,1759267840.6273894
0.02,0.2,-0.08,1759267840.6309495
0.02,0.21,-0.08,1759267840.6342332
0.02,0.2,-0.08,1759267840.6396525
0.02,0.21,-0.08,1759267840.644333
0.02,0.2,-0.08,1759267840.65024
0.01,0.2,-0.08,1759267840.6550329
0.01,0.2,-0.08,1759267840.6588316
0.01,0.19,-0.08,1759267840.6613083
0.01,0.19,-0.08,1759267840.66441
0.01,0.2,-0.08,1759267840.667806
0.0,0.19,-0.08,1759267840.6717603
-0.0,0.19,-0.08,1759267840.6750731
-0.0,0.19,-0.08,1759267840.6777177
-0.0,0.19,-0.08,1759267840.681079
-0.0,0.18,-0.08,1759267840.6838417
-0.01,0.18,-0.08,1759267840.6863942
-0.0,0.18,-0.07,1759267840.6885176
0.0,0.18,-0.07,1759267840.6904936
-0.0,0.17,-0.07,1759267840.6932957
-0.0,0.17,-0.07,1759267840.6954212
-0.0,0.17,-0.07,1759267840.6978502
0.01,0.17,-0.07,1759267840.700206
0.01,0.16,-0.07,1759267840.702216
0.01,0.16,-0.07,1759267840.704653
0.01,0.16,-0.07,1759267840.708146
0.0,0.16,-0.07,1759267840.7106078
0.0,0.16,-0.07,1759267840.7130027
0.0,0.16,-0.07,1759267840.7154958
0.0,0.16,-0.07,1759267840.7179515
-0.0,0.15,-0.07,1759267840.7198298
-0.0,0.15,-0.07,1759267840.7228577
-0.0,0.16,-0.07,1759267840.726261
0.0,0.16,-0.07,1759267840.729468
0.0,0.15,-0.07,1759267840.732716
0.0,0.16,-0.07,1759267840.7358751
0.0,0.16,-0.07,1759267840.7391405
0.01,0.15,-0.07,1759267840.7416294
0.0,0.16,-0.07,1759267840.7450492
-0.0,0.16,-0.07,1759267840.747121
0.0,0.16,-0.07,1759267840.7495196
0.0,0.16,-0.07,1759267840.7519307
-0.0,0.17,-0.07,1759267840.754392
0.0,0.17,-0.07,1759267840.7569466
-0.0,0.17,-0.07,1759267840.7593448
-0.0,0.17,-0.07,1759267840.7616298
0.0,0.17,-0.07,1759267840.7637815
0.0,0.17,-0.07,1759267840.7663264
-0.0,0.16,-0.07,1759267840.768512
-0.0,0.16,-0.07,1759267840.7715735
0.0,0.16,-0.07,1759267840.7738698
0.0,0.16,-0.07,1759267840.7760425
-0.0,0.15,-0.07,1759267840.7783303
-0.0,0.15,-0.07,1759267840.7830966
-0.0,0.15,-0.07,1759267840.7863705
0.0,0.16,-0.07,1759267840.7908432
0.0,0.15,-0.07,1759267840.7951968
-0.0,0.15,-0.07,1759267840.798706
-0.01,0.15,-0.07,1759267840.8019006
-0.01,0.15,-0.07,1759267840.805337
-0.01,0.16,-0.07,1759267840.8078885
-0.01,0.16,-0.07,1759267840.8134117
0.0,0.16,-0.07,1759267840.8169017
0.0,0.17,-0.07,1759267840.8201745
0.01,0.17,-0.07,1759267840.8243458
0.01,0.17,-0.07,1759267840.8299382
-0.0,0.17,-0.06,1759267840.8334768
0.0,0.17,-0.06,1759267840.837297
0.01,0.17,-0.06,1759267840.8421369
0.01,0.17,-0.06,1759267840.848097
0.01,0.18,-0.06,1759267840.85307
0.01,0.18,-0.06,1759267840.857072
0.01,0.17,-0.06,1759267840.8604374
0.01,0.18,-0.06,1759267840.8641572
0.01,0.17,-0.06,1759267840.8704488
0.01,0.17,-0.06,1759267840.8752785
0.01,0.17,-0.06,1759267840.8823545
0.01,0.17,-0.07,1759267840.8866117
0.01,0.17,-0.07,1759267840.8902724
0.01,0.17,-0.07,1759267840.8968055
0.0,0.18,-0.07,1759267840.9025023
-0.0,0.18,-0.07,1759267840.9067276
-0.0,0.17,-0.07,1759267840.9103167
-0.0,0.18,-0.07,1759267840.9147494
-0.0,0.18,-0.07,1759267840.920035
0.0,0.18,-0.07,1759267840.92471
-0.0,0.18,-0.07,1759267840.9283285
-0.0,0.18,-0.07,1759267840.9328356
-0.0,0.18,-0.07,1759267840.938564
-0.0,0.18,-0.07,1759267840.944448
-0.0,0.18,-0.07,1759267840.9502203
-0.0,0.18,-0.07,1759267840.9555273
-0.01,0.18,-0.07,1759267840.9621775
-0.0,0.19,-0.07,1759267840.9669693
-0.0,0.18,-0.07,1759267840.969998
-0.0,0.19,-0.07,1759267840.9734073
-0.0,0.19,-0.07,1759267840.9776402
-0.01,0.19,-0.07,1759267840.9815762
-0.01,0.19,-0.07,1759267840.9855478
-0.01,0.19,-0.07,1759267840.989114
-0.0,0.19,-0.07,1759267840.9925036
0.0,0.2,-0.07,1759267840.9968193
-0.0,0.2,-0.07,1759267841.0034614
-0.0,0.2,-0.07,1759267841.0079453
-0.0,0.2,-0.07,1759267841.0154023
-0.0,0.2,-0.07,1759267841.021219
-0.0,0.21,-0.07,1759267841.025643
-0.0,0.21,-0.07,1759267841.0307956
-0.0,0.2,-0.07,1759267841.032872
-0.0,0.21,-0.07,1759267841.0363252
-0.0,0.21,-0.07,1759267841.0396855
-0.0,0.21,-0.07,1759267841.0431447
0.0,0.21,-0.07,1759267841.0466728
0.0,0.21,-0.07,1759267841.0500326
0.0,0.21,-0.07,1759267841.0537431
0.0,0.22,-0.07,1759267841.057198
-0.0,0.22,-0.07,1759267841.060409
-0.0,0.22,-0.07,1759267841.0638733
0.0,0.23,-0.07,1759267841.067233
-0.0,0.23,-0.07,1759267841.070552
-0.0,0.23,-0.07,1759267841.0733478
-0.0,0.23,-0.07,1759267841.0769026
-0.01,0.23,-0.07,1759267841.0805156
-0.01,0.23,-0.07,1759267841.0836873
-0.01,0.24,-0.07,1759267841.0871632
-0.01,0.24,-0.07,1759267841.090529
-0.01,0.24,-0.07,1759267841.0940633
-0.01,0.25,-0.07,1759267841.0973876
-0.01,0.25,-0.07,1759267841.1003785
-0.02,0.25,-0.07,1759267841.1037977
-0.02,0.25,-0.07,1759267841.107605
-0.02,0.26,-0.07,1759267841.1114185
-0.02,0.26,-0.07,1759267841.116558
-0.02,0.26,-0.07,1759267841.1207078
-0.02,0.25,-0.07,1759267841.1241672
-0.01,0.26,-0.07,1759267841.1276686
-0.02,0.26,-0.07,1759267841.1307445
-0.02,0.27,-0.07,1759267841.1338737
-0.01,0.27,-0.07,1759267841.1372218
-0.01,0.27,-0.07,1759267841.1403303
-0.01,0.27,-0.07,1759267841.143555
-0.01,0.27,-0.07,1759267841.1465774
-0.01,0.27,-0.07,1759267841.1516638
-0.01,0.27,-0.07,1759267841.157133
-0.02,0.28,-0.07,1759267841.1624732
-0.02,0.28,-0.07,1759267841.167209
-0.02,0.28,-0.07,1759267841.170861
-0.02,0.28,-0.07,1759267841.1758916
-0.01,0.27,-0.07,1759267841.1792884
-0.01,0.28,-0.07,1759267841.185702
-0.01,0.28,-0.07,1759267841.1904583
-0.01,0.29,-0.07,1759267841.1943114
-0.01,0.29,-0.07,1759267841.1999068
-0.01,0.29,-0.07,1759267841.2040944
-0.01,0.28,-0.07,1759267841.2085562
-0.01,0.28,-0.07,1759267841.211619
-0.01,0.28,-0.07,1759267841.21538
-0.02,0.27,-0.07,1759267841.2185335
-0.02,0.28,-0.07,1759267841.2214708
-0.01,0.28,-0.07,1759267841.224606
-0.01,0.28,-0.07,1759267841.228099
-0.01,0.28,-0.07,1759267841.2317054
-0.0,0.29,-0.07,1759267841.235288
0.0,0.28,-0.07,1759267841.2385683
-0.0,0.28,-0.07,1759267841.241886
0.0,0.28,-0.07,1759267841.245195
-0.0,0.28,-0.07,1759267841.248608
-0.0,0.28,-0.07,1759267841.2514226
-0.0,0.28,-0.07,1759267841.2548687
0.0,0.28,-0.07,1759267841.257881
0.01,0.28,-0.07,1759267841.261224
0.0,0.28,-0.07,1759267841.2650993
0.01,0.28,-0.07,1759267841.2684536
0.02,0.28,-0.07,1759267841.271917
0.01,0.28,-0.07,1759267841.2756526
0.02,0.27,-0.07,1759267841.279241
0.02,0.28,-0.07,1759267841.2820604
0.02,0.28,-0.07,1759267841.2854478
0.02,0.28,-0.07,1759267841.288247
0.03,0.28,-0.07,1759267841.2917347
0.03,0.28,-0.07,1759267841.2949345
0.03,0.28,-0.07,1759267841.2984364
0.03,0.29,-0.07,1759267841.3030803
0.03,0.29,-0.07,1759267841.3083615
0.03,0.3,-0.07,1759267841.313011
0.03,0.3,-0.07,1759267841.3168545
0.03,0.3,-0.07,1759267841.3202813
0.03,0.31,-0.07,1759267841.3236284
0.04,0.31,-0.07,1759267841.3286324
0.04,0.31,-0.07,1759267841.334561
0.04,0.31,-0.07,1759267841.3395033
0.04,0.31,-0.07,1759267841.3426294
0.04,0.31,-0.07,1759267841.3457773
0.04,0.31,-0.07,1759267841.3495154
0.03,0.32,-0.07,1759267841.3527207
0.04,0.32,-0.07,1759267841.3558097
0.04,0.32,-0.07,1759267841.35919
0.04,0.31,-0.07,1759267841.3622887
0.04,0.31,-0.07,1759267841.36556
0.05,0.31,-0.07,1759267841.3692353
0.05,0.31,-0.07,1759267841.3749926
0.05,0.3,-0.07,1759267841.3849082
0.05,0.3,-0.07,1759267841.401748
0.04,0.3,-0.07,1759267841.4097605
0.04,0.3,-0.07,1759267841.4152062
0.04,0.3,-0.07,1759267841.4188788
0.05,0.3,-0.07,1759267841.4219427
0.05,0.31,-0.07,1759267841.4311898
0.05,0.3,-0.07,1759267841.433853
0.04,0.31,-0.07,1759267841.4433675
0.04,0.3,-0.07,1759267841.445466
0.05,0.31,-0.07,1759267841.4487393
0.05,0.3,-0.07,1759267841.456445
0.05,0.31,-0.07,1759267841.4637167
0.05,0.31,-0.07,1759267841.4687774
0.05,0.31,-0.07,1759267841.4790292
0.05,0.31,-0.07,1759267841.483642
0.06,0.31,-0.07,1759267841.4889705
0.06,0.31,-0.07,1759267841.4961936
0.06,0.31,-0.07,1759267841.502847
0.06,0.31,-0.07,1759267841.5107992
0.05,0.32,-0.07,1759267841.5148098
0.05,0.32,-0.07,1759267841.5207105
0.05,0.31,-0.07,1759267841.5292468
0.05,0.31,-0.07,1759267841.5354712
0.05,0.31,-0.07,1759267841.541468
0.06,0.31,-0.07,1759267841.5466945
0.06,0.32,-0.06,1759267841.5546606
0.06,0.32,-0.06,1759267841.5572822
0.06,0.31,-0.07,1759267841.5597205
0.06,0.31,-0.07,1759267841.5634308
0.06,0.31,-0.07,1759267841.5670683
0.06,0.31,-0.07,1759267841.569211
0.06,0.32,-0.07,1759267841.571937
0.06,0.32,-0.07,1759267841.580401
0.06,0.32,-0.07,1759267841.5822563
0.06,0.32,-0.06,1759267841.585195
0.06,0.32,-0.06,1759267841.587875
0.06,0.31,-0.07,1759267841.5923166
0.06,0.31,-0.07,1759267841.5961528
0.06,0.31,-0.07,1759267841.599029
0.06,0.31,-0.07,1759267841.602044
0.06,0.31,-0.07,1759267841.605925
0.06,0.3,-0.07,1759267841.6083376
0.05,0.3,-0.07,1759267841.611241
0.05,0.3,-0.07,1759267841.6138248
0.06,0.31,-0.07,1759267841.6167474
0.06,0.31,-0.07,1759267841.618615
0.06,0.31,-0.07,1759267841.6228766
0.06,0.31,-0.07,1759267841.626873
0.06,0.3,-0.07,1759267841.6299057
0.06,0.3,-0.07,1759267841.6337202
0.06,0.3,-0.07,1759267841.637172
0.06,0.3,-0.07,1759267841.6400244
0.06,0.3,-0.07,1759267841.643435
0.07,0.31,-0.07,1759267841.647352
0.06,0.3,-0.07,1759267841.651104
0.06,0.31,-0.07,1759267841.6533084
0.07,0.31,-0.07,1759267841.6573234
0.07,0.3,-0.07,1759267841.66053
0.07,0.31,-0.07,1759267841.667884
0.06,0.3,-0.07,1759267841.6710093
0.07,0.3,-0.07,1759267841.6735902
0.07,0.3,-0.07,1759267841.6796124
0.07,0.3,-0.07,1759267841.6831436
0.06,0.3,-0.07,1759267841.6953132
0.07,0.3,-0.07,1759267841.698914
0.07,0.3,-0.07,1759267841.704594
0.07,0.29,-0.07,1759267841.7113092
0.07,0.3,-0.07,1759267841.7159867
0.07,0.29,-0.07,1759267841.719439
0.06,0.29,-0.07,1759267841.723313
0.07,0.3,-0.07,1759267841.7269518
0.07,0.29,-0.07,1759267841.7289193
0.06,0.29,-0.07,1759267841.732653
0.06,0.3,-0.07,1759267841.735103
0.06,0.3,-0.07,1759267841.7393196
0.06,0.3,-0.07,1759267841.7428288
0.05,0.3,-0.07,1759267841.745299
0.05,0.3,-0.07,1759267841.7481842
0.05,0.3,-0.07,1759267841.7515085
0.05,0.3,-0.07,1759267841.7554646
0.04,0.29,-0.07,1759267841.759941
0.04,0.29,-0.07,1759267841.7634833
0.04,0.29,-0.07,1759267841.7682278
0.04,0.29,-0.07,1759267841.7734115
0.05,0.29,-0.07,1759267841.7767131
0.04,0.28,-0.07,1759267841.780442
0.04,0.28,-0.07,1759267841.785056
0.05,0.28,-0.07,1759267841.787429
0.04,0.28,-0.07,1759267841.793934
0.03,0.29,-0.07,1759267841.7992687
0.04,0.29,-0.07,1759267841.804313
0.04,0.29,-0.07,1759267841.8138552
0.04,0.29,-0.07,1759267841.8186252
0.03,0.29,-0.07,1759267841.8232338
0.04,0.29,-0.07,1759267841.8264236
0.04,0.29,-0.07,1759267841.8310657
0.04,0.29,-0.07,1759267841.8353338
0.04,0.29,-0.07,1759267841.8395607
0.03,0.3,-0.07,1759267841.8477173
0.04,0.3,-0.07,1759267841.8516164
0.04,0.3,-0.07,1759267841.8560612
0.03,0.3,-0.07,1759267841.860479
0.03,0.3,-0.07,1759267841.865132
0.03,0.3,-0.07,1759267841.8692634
0.04,0.3,-0.07,1759267841.874131
0.04,0.3,-0.08,1759267841.8813193
0.04,0.3,-0.08,1759267841.8862605
0.04,0.3,-0.08,1759267841.8909748
0.04,0.3,-0.08,1759267841.8957517
0.04,0.29,-0.08,1759267841.9023244
0.04,0.3,-0.08,1759267841.9047534
0.05,0.29,-0.08,1759267841.9079232
0.05,0.29,-0.08,1759267841.9109273
0.05,0.29,-0.08,1759267841.9140224
0.05,0.29,-0.08,1759267841.9177654
0.04,0.28,-0.08,1759267841.919978
0.04,0.29,-0.08,1759267841.9241908
0.04,0.29,-0.08,1759267841.9272635
0.04,0.29,-0.08,1759267841.930967
0.04,0.29,-0.08,1759267841.9336877
0.04,0.29,-0.08,1759267841.9366825
0.04,0.28,-0.08,1759267841.9424205
0.03,0.29,-0.08,1759267841.945571
0.03,0.29,-0.08,1759267841.949903
0.02,0.29,-0.08,1759267841.9523563
0.02,0.29,-0.08,1759267841.9567327
0.02,0.29,-0.08,1759267841.959752
0.02,0.3,-0.08,1759267841.9632351
0.02,0.3,-0.08,1759267841.9705975
0.02,0.3,-0.08,1759267841.979535
0.02,0.3,-0.08,1759267841.9869928
0.02,0.3,-0.08,1759267841.992759
0.02,0.3,-0.08,1759267842.000443
0.02,0.3,-0.08,1759267842.008292
0.02,0.3,-0.08,1759267842.020713
0.02,0.3,-0.08,1759267842.0288537
0.02,0.3,-0.08,1759267842.0401435
0.02,0.3,-0.08,1759267842.0466306
0.02,0.3,-0.08,1759267842.053972
0.02,0.3,-0.08,1759267842.0607283
0.01,0.3,-0.08,1759267842.07287
0.0,0.3,-0.08,1759267842.0863805
0.01,0.3,-0.08,1759267842.0951955
0.01,0.3,-0.08,1759267842.1062987
0.01,0.3,-0.08,1759267842.1179397
0.01,0.3,-0.07,1759267842.1270208
0.01,0.31,-0.07,1759267842.1400986
0.02,0.31,-0.07,1759267842.149829
0.02,0.31,-0.07,1759267842.1582265
0.03,0.31,-0.07,1759267842.1650474
0.02,0.31,-0.07,1759267842.1741412
0.02,0.31,-0.07,1759267842.1818786
0.02,0.31,-0.07,1759267842.1937146
0.02,0.32,-0.07,1759267842.201585
0.02,0.32,-0.07,1759267842.2078886
0.02,0.32,-0.07,1759267842.2167947
0.02,0.32,-0.07,1759267842.2238858
0.02,0.32,-0.07,1759267842.231093
0.02,0.32,-0.07,1759267842.2352462
0.02,0.32,-0.07,1759267842.238085
0.02,0.32,-0.07,1759267842.2398305
0.02,0.32,-0.07,1759267842.2440507
0.02,0.32,-0.07,1759267842.249347
0.02,0.32,-0.07,1759267842.257774
0.02,0.32,-0.07,1759267842.260897
0.03,0.32,-0.07,1759267842.2647817
0.03,0.32,-0.07,1759267842.2699485
0.03,0.31,-0.07,1759267842.275426
0.03,0.31,-0.07,1759267842.2800195
0.03,0.31,-0.06,1759267842.285048
0.03,0.31,-0.06,1759267842.2949057
0.03,0.3,-0.06,1759267842.300181
0.03,0.3,-0.06,1759267842.3032875
0.03,0.31,-0.06,1759267842.3088143
0.03,0.31,-0.06,1759267842.3117118
0.03,0.31,-0.06,1759267842.3148468
0.04,0.3,-0.06,1759267842.3258412
0.04,0.3,-0.06,1759267842.3356764
0.04,0.3,-0.06,1759267842.343191
0.04,0.3,-0.06,1759267842.3477857
0.04,0.3,-0.06,1759267842.3518074
0.04,0.3,-0.06,1759267842.3567452
0.04,0.3,-0.06,1759267842.3631685
0.05,0.3,-0.06,1759267842.3691614
0.05,0.3,-0.06,1759267842.375784
0.05,0.29,-0.06,1759267842.3814175
0.05,0.3,-0.06,1759267842.38988
0.05,0.29,-0.06,1759267842.3995707
0.05,0.29,-0.06,1759267842.4055972
0.06,0.29,-0.06,1759267842.4116623
0.06,0.29,-0.06,1759267842.4208584
0.06,0.29,-0.06,1759267842.4258616
0.07,0.29,-0.06,1759267842.433153
0.07,0.29,-0.06,1759267842.4389713
0.08,0.29,-0.06,1759267842.445053
0.08,0.29,-0.06,1759267842.4532778
0.08,0.29,-0.06,1759267842.4576347
0.08,0.29,-0.06,1759267842.4625905
0.08,0.29,-0.06,1759267842.4668157
0.08,0.29,-0.06,1759267842.4727895
0.08,0.28,-0.06,1759267842.481353
0.07,0.28,-0.06,1759267842.4915133
0.07,0.28,-0.05,1759267842.499066
0.08,0.28,-0.05,1759267842.5074286
0.07,0.28,-0.05,1759267842.511689
0.07,0.28,-0.05,1759267842.516372
0.07,0.28,-0.05,1759267842.5214188
0.07,0.28,-0.05,1759267842.5290816
0.07,0.28,-0.05,1759267842.5330586
0.07,0.28,-0.05,1759267842.5366268
0.07,0.28,-0.05,1759267842.542264
0.07,0.28,-0.05,1759267842.5489469
0.07,0.28,-0.05,1759267842.557874
0.08,0.28,-0.05,1759267842.562069
0.08,0.28,-0.05,1759267842.569272
0.08,0.28,-0.05,1759267842.5759351
0.08,0.28,-0.05,1759267842.5811763
0.08,0.28,-0.05,1759267842.58542
0.09,0.28,-0.05,1759267842.5980086
0.08,0.28,-0.05,1759267842.6009295
0.09,0.28,-0.05,1759267842.603517
0.09,0.28,-0.05,1759267842.6069722
0.09,0.28,-0.05,1759267842.6090856
0.08,0.27,-0.05,1759267842.611499
0.09,0.28,-0.05,1759267842.6149514
0.08,0.27,-0.05,1759267842.6180625
0.09,0.27,-0.05,1759267842.6208577
0.09,0.27,-0.05,1759267842.6230333
0.1,0.27,-0.05,1759267842.626549
0.1,0.27,-0.05,1759267842.631822
0.1,0.28,-0.05,1759267842.6350243
0.1,0.28,-0.05,1759267842.6369765
0.1,0.28,-0.05,1759267842.6416008
0.1,0.28,-0.05,1759267842.6456373
0.1,0.29,-0.05,1759267842.6496418
0.1,0.28,-0.05,1759267842.6526158
0.1,0.29,-0.05,1759267842.6550574
0.1,0.29,-0.05,1759267842.6579804
0.1,0.28,-0.05,1759267842.662516
0.1,0.28,-0.05,1759267842.6665003
0.11,0.28,-0.05,1759267842.6704023
0.11,0.28,-0.05,1759267842.6742122
0.11,0.28,-0.05,1759267842.6783128
0.11,0.28,-0.05,1759267842.6821156
0.11,0.28,-0.05,1759267842.686201
0.11,0.28,-0.05,1759267842.6900752
0.11,0.28,-0.05,1759267842.6940992
0.11,0.28,-0.06,1759267842.700113
0.12,0.28,-0.05,1759267842.704967
0.12,0.28,-0.05,1759267842.7090943
0.12,0.28,-0.05,1759267842.712321
0.12,0.29,-0.05,1759267842.717596
0.11,0.3,-0.05,1759267842.7218995
0.12,0.3,-0.05,1759267842.7266688
0.12,0.3,-0.05,1759267842.730201
0.11,0.3,-0.05,1759267842.740622
0.12,0.3,-0.05,1759267842.7503438
0.12,0.3,-0.06,1759267842.7604542
0.12,0.3,-0.06,1759267842.7660112
0.12,0.29,-0.06,1759267842.776451
0.12,0.29,-0.06,1759267842.7844355
0.12,0.29,-0.06,1759267842.7898903
0.12,0.29,-0.06,1759267842.7960982
0.12,0.29,-0.06,1759267842.8010702
0.12,0.29,-0.06,1759267842.8047268
0.11,0.29,-0.06,1759267842.809653
0.12,0.29,-0.06,1759267842.8140616
0.12,0.29,-0.06,1759267842.8184302
0.12,0.29,-0.06,1759267842.8247402
0.11,0.3,-0.06,1759267842.8323553
0.11,0.3,-0.06,1759267842.8399353
0.11,0.29,-0.06,1759267842.8441358
0.11,0.29,-0.06,1759267842.8539906
0.12,0.29,-0.06,1759267842.8623998
0.11,0.29,-0.07,1759267842.867387
0.11,0.29,-0.07,1759267842.8730264
0.11,0.29,-0.07,1759267842.8785117
0.11,0.28,-0.07,1759267842.8846147
0.11,0.28,-0.07,1759267842.8923798
0.11,0.28,-0.07,1759267842.900944
0.11,0.28,-0.07,1759267842.9048088
0.1,0.28,-0.07,1759267842.9087496
0.1,0.28,-0.07,1759267842.9120586
0.1,0.28,-0.07,1759267842.9161212
0.1,0.28,-0.07,1759267842.9225235
0.1,0.28,-0.07,1759267842.9276433
0.1,0.28,-0.07,1759267842.932467
0.1,0.28,-0.07,1759267842.9366531
0.1,0.28,-0.07,1759267842.939819
0.1,0.28,-0.07,1759267842.9462087
0.1,0.28,-0.07,1759267842.948543
0.1,0.28,-0.07,1759267842.9548635
0.1,0.28,-0.07,1759267842.961131
0.1,0.28,-0.07,1759267842.966691
0.1,0.28,-0.08,1759267842.9723198
0.1,0.29,-0.08,1759267842.9829233
0.1,0.28,-0.08,1759267842.9869008
0.1,0.28,-0.08,1759267842.9909449
0.1,0.29,-0.08,1759267842.9946878
0.1,0.29,-0.08,1759267843.0007586
0.1,0.29,-0.08,1759267843.0049443
0.1,0.29,-0.08,1759267843.0084856
0.1,0.29,-0.08,1759267843.014158
0.1,0.29,-0.08,1759267843.0196557
0.1,0.29,-0.08,1759267843.023716
0.1,0.3,-0.08,1759267843.0288477
0.1,0.3,-0.08,1759267843.0342634
0.1,0.3,-0.08,1759267843.0384948
0.1,0.3,-0.08,1759267843.0420525
0.1,0.29,-0.08,1759267843.047988
0.09,0.3,-0.08,1759267843.0511496
0.1,0.3,-0.08,1759267843.0557473
0.1,0.3,-0.08,1759267843.059241
0.09,0.3,-0.08,1759267843.0658169
0.09,0.31,-0.08,1759267843.0703418
0.09,0.31,-0.08,1759267843.0748434
0.1,0.3,-0.08,1759267843.0801296
0.09,0.31,-0.08,1759267843.0848713
0.09,0.31,-0.08,1759267843.0894165
0.1,0.32,-0.08,1759267843.093603
0.09,0.31,-0.08,1759267843.099028
0.1,0.32,-0.08,1759267843.1043513
0.1,0.32,-0.08,1759267843.108895
0.1,0.32,-0.08,1759267843.112104
0.1,0.32,-0.08,1759267843.1187365
0.11,0.32,-0.08,1759267843.1237185
0.1,0.32,-0.08,1759267843.1304443
0.1,0.32,-0.08,1759267843.1369984
0.11,0.32,-0.08,1759267843.1424994
0.11,0.32,-0.08,1759267843.1476192
0.11,0.32,-0.08,1759267843.153061
0.1,0.32,-0.08,1759267843.1575484
0.1,0.32,-0.08,1759267843.1624973
0.1,0.32,-0.08,1759267843.1667366
0.11,0.32,-0.08,1759267843.1726189
0.1,0.32,-0.08,1759267843.1771502
0.11,0.32,-0.08,1759267843.1826534
0.11,0.32,-0.08,1759267843.1863513
0.11,0.32,-0.08,1759267843.192093
0.1,0.32,-0.08,1759267843.1955893
0.1,0.32,-0.08,1759267843.20156
0.1,0.32,-0.08,1759267843.2056928
0.09,0.32,-0.08,1759267843.2110236
0.09,0.33,-0.08,1759267843.2167425
0.09,0.33,-0.08,1759267843.2208543
0.09,0.33,-0.08,1759267843.22616
0.09,0.33,-0.08,1759267843.2296882
0.09,0.34,-0.08,1759267843.2349503
0.08,0.33,-0.08,1759267843.239091
0.08,0.33,-0.08,1759267843.243754
0.08,0.33,-0.08,1759267843.2491455
0.08,0.33,-0.08,1759267843.2540004
0.08,0.33,-0.08,1759267843.258379
0.08,0.33,-0.08,1759267843.2632854
0.08,0.33,-0.08,1759267843.2692935
0.08,0.33,-0.08,1759267843.2751713
0.09,0.32,-0.08,1759267843.2825992
0.08,0.32,-0.09,1759267843.2906663
0.08,0.32,-0.09,1759267843.2980103
0.09,0.33,-0.08,1759267843.308722
0.09,0.33,-0.08,1759267843.314689
0.09,0.32,-0.08,1759267843.3199503
0.09,0.32,-0.09,1759267843.324152
0.09,0.32,-0.09,1759267843.3290894
0.09,0.32,-0.09,1759267843.335565
0.09,0.32,-0.09,1759267843.3375926
0.09,0.32,-0.09,1759267843.34193
0.08,0.32,-0.09,1759267843.3456628
0.08,0.32,-0.09,1759267843.353405
0.08,0.32,-0.09,1759267843.3600311
0.08,0.32,-0.09,1759267843.3735647
0.07,0.32,-0.09,1759267843.3824604
0.07,0.31,-0.09,1759267843.3873277
0.07,0.31,-0.09,1759267843.391611
0.07,0.31,-0.09,1759267843.3934994
0.08,0.31,-0.09,1759267843.395349
0.07,0.31,-0.09,1759267843.398651
0.07,0.31,-0.09,1759267843.4009464
0.07,0.31,-0.09,1759267843.4032233
0.07,0.31,-0.09,1759267843.4102635
0.07,0.31,-0.09,1759267843.4124572
0.08,0.31,-0.09,1759267843.4149368
0.07,0.3,-0.09,1759267843.4203951
0.07,0.31,-0.09,1759267843.422729
0.07,0.3,-0.09,1759267843.4266984
0.08,0.3,-0.09,1759267843.430587
0.08,0.3,-0.09,1759267843.436536
0.08,0.3,-0.09,1759267843.4401722
0.07,0.3,-0.09,1759267843.4437685
0.08,0.3,-0.09,1759267843.4478002
0.08,0.3,-0.09,1759267843.4547231
0.08,0.3,-0.09,1759267843.466895
0.08,0.3,-0.09,1759267843.4737487
0.08,0.3,-0.09,1759267843.4777818
0.08,0.3,-0.09,1759267843.4811463
0.09,0.29,-0.09,1759267843.484841
0.08,0.29,-0.09,1759267843.489495
0.08,0.29,-0.09,1759267843.493455
0.08,0.29,-0.09,1759267843.496318
0.08,0.29,-0.09,1759267843.5003672
0.07,0.29,-0.09,1759267843.503124
0.07,0.29,-0.09,1759267843.5074277
0.07,0.28,-0.09,1759267843.5117798
0.08,0.29,-0.09,1759267843.516256
0.07,0.29,-0.09,1759267843.5205834
0.07,0.29,-0.09,1759267843.5254145
0.06,0.29,-0.09,1759267843.5290833
0.06,0.28,-0.09,1759267843.5345638
0.07,0.28,-0.09,1759267843.5385137
0.07,0.28,-0.09,1759267843.5420237
0.07,0.28,-0.09,1759267843.5454104
0.07,0.28,-0.09,1759267843.5475457
0.07,0.28,-0.09,1759267843.5509243
0.07,0.28,-0.09,1759267843.5525396
0.07,0.28,-0.09,1759267843.5548873
0.07,0.27,-0.09,1759267843.5570552
0.07,0.28,-0.09,1759267843.5586812
0.07,0.28,-0.09,1759267843.5632498
0.07,0.29,-0.09,1759267843.5680614
0.07,0.28,-0.09,1759267843.5703664
0.07,0.28,-0.09,1759267843.5725336
0.06,0.28,-0.09,1759267843.5793686
0.06,0.28,-0.09,1759267843.5830188
0.06,0.28,-0.09,1759267843.5891783
0.06,0.28,-0.09,1759267843.5940652
0.06,0.27,-0.09,1759267843.5995388
0.06,0.27,-0.09,1759267843.603792
0.05,0.27,-0.09,1759267843.6093378
0.05,0.27,-0.09,1759267843.6129076
0.05,0.27,-0.09,1759267843.6170335
0.05,0.27,-0.09,1759267843.619655
0.05,0.28,-0.09,1759267843.6219797
0.05,0.27,-0.09,1759267843.6253564
0.05,0.27,-0.09,1759267843.6283016
0.05,0.27,-0.09,1759267843.630108
0.05,0.27,-0.09,1759267843.6325238
0.05,0.27,-0.09,1759267843.6370049
0.05,0.26,-0.09,1759267843.641499
0.05,0.26,-0.09,1759267843.6473038
0.05,0.25,-0.09,1759267843.6516376
0.05,0.25,-0.09,1759267843.6552155
0.04,0.25,-0.09,1759267843.6593704
0.04,0.25,-0.09,1759267843.6622534
0.04,0.25,-0.09,1759267843.6657338
0.04,0.24,-0.09,1759267843.668101
0.04,0.24,-0.09,1759267843.6707911
0.04,0.25,-0.09,1759267843.6755242
0.05,0.25,-0.09,1759267843.679523
0.05,0.25,-0.09,1759267843.6842442
0.05,0.25,-0.09,1759267843.6874092
0.06,0.25,-0.09,1759267843.691634
0.06,0.25,-0.09,1759267843.6946704
0.06,0.25,-0.09,1759267843.6968884
0.07,0.25,-0.09,1759267843.6996024
0.07,0.25,-0.09,1759267843.7030594
0.07,0.25,-0.09,1759267843.7069814
0.07,0.25,-0.09,1759267843.7116413
0.07,0.24,-0.09,1759267843.7176237
0.07,0.24,-0.09,1759267843.7230046
0.07,0.25,-0.09,1759267843.725902
0.07,0.25,-0.09,1759267843.7299466
0.07,0.25,-0.09,1759267843.73454
0.08,0.25,-0.09,1759267843.7365308
0.07,0.25,-0.09,1759267843.739896
0.07,0.25,-0.09,1759267843.744655
0.06,0.24,-0.09,1759267843.7481873
0.06,0.25,-0.09,1759267843.7516868
0.06,0.24,-0.09,1759267843.7558846
0.06,0.25,-0.09,1759267843.763563
0.05,0.25,-0.09,1759267843.769481
0.05,0.25,-0.09,1759267843.7734046
0.05,0.25,-0.09,1759267843.7777069
0.06,0.25,-0.09,1759267843.7819376
0.05,0.25,-0.09,1759267843.7846165
0.05,0.25,-0.09,1759267843.7867746
0.05,0.25,-0.09,1759267843.789307
0.05,0.25,-0.09,1759267843.792075
0.05,0.25,-0.09,1759267843.795258
0.04,0.25,-0.09,1759267843.7992878
0.05,0.25,-0.09,1759267843.8020122
0.04,0.26,-0.09,1759267843.806307
0.03,0.25,-0.09,1759267843.8094983
0.04,0.26,-0.09,1759267843.81368
0.03,0.26,-0.09,1759267843.81579
0.03,0.25,-0.09,1759267843.818835
0.03,0.26,-0.09,1759267843.8231404
0.03,0.26,-0.09,1759267843.8279755
0.03,0.26,-0.09,1759267843.8300817
0.03,0.26,-0.09,1759267843.8340354
0.03,0.26,-0.09,1759267843.837582
0.03,0.26,-0.09,1759267843.8413484
0.03,0.26,-0.09,1759267843.8458605
0.03,0.26,-0.09,1759267843.8495572
0.03,0.26,-0.09,1759267843.8524156
0.03,0.26,-0.09,1759267843.855034
0.03,0.26,-0.09,1759267843.85755
0.03,0.26,-0.09,1759267843.859615
0.04,0.26,-0.09,1759267843.863468
0.04,0.26,-0.09,1759267843.8663146
0.03,0.26,-0.09,1759267843.868723
0.03,0.26,-0.09,1759267843.8711076
0.04,0.26,-0.09,1759267843.873346
0.04,0.26,-0.09,1759267843.8758757
0.04,0.26,-0.09,1759267843.880065
0.05,0.27,-0.09,1759267843.883547
0.05,0.27,-0.09,1759267843.887314
0.05,0.26,-0.09,1759267843.8897192
0.06,0.26,-0.09,1759267843.8918886
0.05,0.27,-0.08,1759267843.895116
0.05,0.27,-0.08,1759267843.898146
0.05,0.26,-0.08,1759267843.9023814
0.05,0.26,-0.08,1759267843.9073849
0.05,0.26,-0.08,1759267843.9112184
0.05,0.27,-0.08,1759267843.9167645
0.05,0.26,-0.08,1759267843.9218867
0.05,0.26,-0.08,1759267843.9274511
0.04,0.26,-0.08,1759267843.9329677
0.04,0.26,-0.08,1759267843.9435136
0.04,0.26,-0.08,1759267843.947003
0.04,0.25,-0.08,1759267843.9542954
0.04,0.25,-0.08,1759267843.9567816
0.03,0.25,-0.08,1759267843.9607873
0.03,0.25,-0.08,1759267843.9629505
0.03,0.25,-0.08,1759267843.9647746
0.03,0.25,-0.08,1759267843.9687853
0.03,0.25,-0.08,1759267843.97148
0.03,0.26,-0.08,1759267843.973967
0.03,0.26,-0.08,1759267843.976165
0.03,0.25,-0.08,1759267843.9777822
0.03,0.26,-0.08,1759267843.9795115
0.03,0.25,-0.08,1759267843.9815772
0.03,0.26,-0.08,1759267843.983775
0.03,0.26,-0.08,1759267843.986137
0.02,0.26,-0.08,1759267843.9877949
0.03,0.26,-0.08,1759267843.98989
0.03,0.25,-0.08,1759267843.9924908
0.03,0.25,-0.08,1759267843.9949355
0.03,0.26,-0.08,1759267844.0010686
0.03,0.25,-0.08,1759267844.0073078
0.04,0.25,-0.08,1759267844.0092926
0.03,0.25,-0.08,1759267844.0113554
0.04,0.24,-0.08,1759267844.013398
0.04,0.24,-0.08,1759267844.0156012
0.03,0.24,-0.08,1759267844.0177271
0.04,0.24,-0.08,1759267844.0216098
0.04,0.24,-0.08,1759267844.0241022
0.04,0.24,-0.08,1759267844.027099
0.04,0.24,-0.07,1759267844.0314295
0.04,0.24,-0.07,1759267844.036964
0.04,0.24,-0.07,1759267844.0400982
0.04,0.24,-0.07,1759267844.0446966
0.04,0.24,-0.07,1759267844.047227
0.04,0.24,-0.07,1759267844.0488756
0.04,0.24,-0.07,1759267844.0504882
0.04,0.24,-0.07,1759267844.052785
0.04,0.24,-0.07,1759267844.055376
0.04,0.24,-0.07,1759267844.0577548
0.04,0.25,-0.07,1759267844.05939
0.04,0.24,-0.07,1759267844.0643952
0.04,0.24,-0.07,1759267844.0673602
0.04,0.24,-0.07,1759267844.0704334
0.04,0.24,-0.07,1759267844.0756865
0.04,0.24,-0.07,1759267844.0859098
0.05,0.24,-0.07,1759267844.093723
0.05,0.24,-0.07,1759267844.1004765
0.05,0.23,-0.07,1759267844.1032553
0.05,0.24,-0.07,1759267844.115127
0.05,0.24,-0.07,1759267844.1176698
0.05,0.24,-0.07,1759267844.1207116
0.05,0.24,-0.07,1759267844.1249032
0.05,0.24,-0.07,1759267844.1292431
0.05,0.24,-0.07,1759267844.1315827
0.05,0.24,-0.07,1759267844.1377733
0.05,0.24,-0.07,1759267844.1410449
0.06,0.24,-0.07,1759267844.143872
0.06,0.24,-0.06,1759267844.1494384
0.06,0.24,-0.06,1759267844.152587
0.06,0.24,-0.06,1759267844.1571438
0.06,0.24,-0.06,1759267844.1596172
0.06,0.24,-0.06,1759267844.162999
0.06,0.24,-0.06,1759267844.1700268
0.06,0.24,-0.06,1759267844.1766045
0.06,0.24,-0.06,1759267844.1805007
0.06,0.24,-0.06,1759267844.1849997
0.06,0.23,-0.06,1759267844.1907425
0.06,0.24,-0.06,1759267844.1961305
0.06,0.24,-0.06,1759267844.1996522
0.07,0.24,-0.06,1759267844.2088842
0.07,0.23,-0.06,1759267844.2141943
0.07,0.24,-0.06,1759267844.2184794
0.07,0.25,-0.06,1759267844.2276037
0.07,0.24,-0.06,1759267844.23277
0.07,0.25,-0.06,1759267844.24043
0.08,0.25,-0.06,1759267844.244666
0.08,0.24,-0.06,1759267844.250049
0.08,0.25,-0.06,1759267844.2548776
0.08,0.25,-0.05,1759267844.2583537
0.09,0.25,-0.05,1759267844.264669
0.1,0.25,-0.05,1759267844.268969
0.09,0.24,-0.05,1759267844.2745411
0.1,0.23,-0.05,1759267844.278721
0.09,0.23,-0.05,1759267844.2849443
0.1,0.24,-0.05,1759267844.2915149
0.09,0.24,-0.05,1759267844.2957764
0.1,0.25,-0.05,1759267844.3032594
0.1,0.24,-0.05,1759267844.3102236
0.1,0.24,-0.05,1759267844.3175051
0.1,0.24,-0.05,1759267844.3218446
0.09,0.24,-0.05,1759267844.325811
0.09,0.24,-0.05,1759267844.328511
0.09,0.23,-0.05,1759267844.3371575
0.09,0.23,-0.05,1759267844.3425765
0.09,0.23,-0.05,1759267844.3511848
0.09,0.23,-0.05,1759267844.3576176
0.09,0.23,-0.05,1759267844.362079
0.09,0.23,-0.05,1759267844.369946
0.09,0.23,-0.05,1759267844.3757138
0.09,0.23,-0.05,1759267844.3822932
0.09,0.22,-0.05,1759267844.3882384
0.09,0.22,-0.05,1759267844.3968594
0.1,0.22,-0.05,1759267844.4056451
0.1,0.22,-0.05,1759267844.410099
0.09,0.22,-0.05,1759267844.417467
0.1,0.21,-0.04,1759267844.4233823
0.1,0.21,-0.04,1759267844.4278998
0.1,0.21,-0.04,1759267844.4448063
0.1,0.21,-0.04,1759267844.4606524
0.1,0.22,-0.04,1759267844.4648836
0.1,0.22,-0.04,1759267844.468218
0.1,0.21,-0.04,1759267844.4845796
0.09,0.21,-0.04,1759267844.4891202
0.09,0.22,-0.04,1759267844.4921718
0.09,0.23,-0.04,1759267844.4960184
0.09,0.23,-0.04,1759267844.5009894
0.09,0.22,-0.04,1759267844.5043795
0.1,0.22,-0.04,1759267844.5080552
0.1,0.22,-0.04,1759267844.5112746
0.1,0.22,-0.04,1759267844.51511
0.1,0.22,-0.04,1759267844.5204835
0.1,0.22,-0.04,1759267844.5356796
0.1,0.22,-0.04,1759267844.5399165
0.09,0.22,-0.04,1759267844.5438397
0.09,0.22,-0.04,1759267844.545745
0.09,0.22,-0.04,1759267844.5584357
0.09,0.22,-0.04,1759267844.5645363
0.1,0.22,-0.04,1759267844.5675037
0.09,0.22,-0.04,1759267844.5698054
0.09,0.22,-0.04,1759267844.5739515
0.09,0.22,-0.04,1759267844.5779452
0.1,0.23,-0.04,1759267844.582369
0.09,0.22,-0.04,1759267844.5850515
0.09,0.23,-0.04,1759267844.5891163
0.09,0.22,-0.04,1759267844.5939815
0.09,0.22,-0.03,1759267844.5971406
0.09,0.23,-0.03,1759267844.6004505
0.09,0.23,-0.03,1759267844.6065452
0.09,0.23,-0.03,1759267844.610181
0.1,0.22,-0.03,1759267844.612065
0.1,0.22,-0.04,1759267844.61427
0.1,0.22,-0.04,1759267844.619191
0.09,0.21,-0.04,1759267844.6214411
0.09,0.21,-0.04,1759267844.6240442
0.09,0.22,-0.04,1759267844.626876
0.09,0.22,-0.03,1759267844.6287074
0.09,0.23,-0.03,1759267844.6305676
0.09,0.22,-0.03,1759267844.6322489
0.09,0.22,-0.04,1759267844.6348865
0.08,0.22,-0.03,1759267844.637452
0.08,0.23,-0.03,1759267844.639297
0.08,0.23,-0.03,1759267844.6411014
0.08,0.23,-0.03,1759267844.643401
0.08,0.23,-0.04,1759267844.648564
0.08,0.23,-0.04,1759267844.6532435
0.07,0.22,-0.04,1759267844.6566186
0.08,0.22,-0.04,1759267844.6624746
0.09,0.22,-0.04,1759267844.670313
0.08,0.22,-0.04,1759267844.6772416
0.07,0.22,-0.04,1759267844.6843095
0.07,0.22,-0.04,1759267844.689066
0.07,0.22,-0.04,1759267844.692051
0.06,0.22,-0.04,1759267844.695802
0.07,0.21,-0.04,1759267844.6999807
0.06,0.21,-0.04,1759267844.7049024
0.06,0.22,-0.04,1759267844.7087252
0.06,0.22,-0.04,1759267844.7128348
0.06,0.22,-0.04,1759267844.7181349
0.05,0.21,-0.04,1759267844.7214952
0.05,0.21,-0.04,1759267844.7233083
0.05,0.21,-0.04,1759267844.7284548
0.06,0.21,-0.04,1759267844.735053
0.05,0.21,-0.04,1759267844.7381284
0.05,0.22,-0.04,1759267844.748414
0.05,0.22,-0.04,1759267844.754342
0.06,0.21,-0.04,1759267844.7613215
0.06,0.21,-0.05,1759267844.766926
0.05,0.2,-0.05,1759267844.784645
0.05,0.2,-0.05,1759267844.7889297
0.04,0.2,-0.05,1759267844.7922509
0.04,0.2,-0.05,1759267844.7979047
0.04,0.2,-0.05,1759267844.801154
0.03,0.2,-0.05,1759267844.805405
0.03,0.19,-0.05,1759267844.808161
0.02,0.2,-0.05,1759267844.810547
0.03,0.19,-0.05,1759267844.812894
0.02,0.2,-0.05,1759267844.8152628
0.02,0.2,-0.05,1759267844.817795
0.02,0.19,-0.05,1759267844.820392
0.02,0.19,-0.05,1759267844.8242698
0.03,0.19,-0.05,1759267844.8266644
0.02,0.19,-0.06,1759267844.8300033
0.02,0.19,-0.06,1759267844.833181
0.01,0.19,-0.06,1759267844.837595
0.02,0.19,-0.06,1759267844.841648
0.01,0.19,-0.06,1759267844.8449209
0.01,0.19,-0.06,1759267844.8488848
0.0,0.19,-0.06,1759267844.851254
-0.0,0.19,-0.06,1759267844.8549786
-0.0,0.19,-0.06,1759267844.8571825
-0.0,0.19,-0.06,1759267844.8601744
-0.0,0.19,-0.06,1759267844.862473
-0.0,0.18,-0.06,1759267844.866719
-0.01,0.18,-0.06,1759267844.868754
-0.01,0.18,-0.06,1759267844.870864
-0.01,0.19,-0.06,1759267844.8763454
-0.01,0.19,-0.06,1759267844.8805752
-0.01,0.19,-0.06,1759267844.8840108
-0.01,0.18,-0.07,1759267844.8907309
-0.01,0.18,-0.07,1759267844.8936927
-0.01,0.18,-0.07,1759267844.8970222
-0.01,0.18,-0.07,1759267844.9017615
-0.02,0.18,-0.07,1759267844.9073792
-0.02,0.18,-0.07,1759267844.9103165
-0.01,0.17,-0.07,1759267844.9151554
-0.01,0.17,-0.07,1759267844.9196806
-0.01,0.16,-0.07,1759267844.92514
-0.01,0.16,-0.07,1759267844.9279878
-0.01,0.16,-0.07,1759267844.930094
-0.02,0.16,-0.07,1759267844.9364462
-0.02,0.16,-0.07,1759267844.9400537
-0.01,0.16,-0.07,1759267844.941748
-0.02,0.15,-0.07,1759267844.9483874
-0.02,0.16,-0.07,1759267844.9513383
-0.02,0.15,-0.07,1759267844.9558291
-0.02,0.15,-0.07,1759267844.9615352
-0.01,0.15,-0.08,1759267844.9680564
-0.01,0.15,-0.08,1759267844.9705143
-0.01,0.15,-0.08,1759267844.975838
-0.01,0.15,-0.08,1759267844.9784205
-0.01,0.15,-0.08,1759267844.984033
-0.0,0.16,-0.08,1759267844.9891036
-0.01,0.16,-0.08,1759267844.9942384
-0.01,0.16,-0.08,1759267845.0014064
-0.0,0.16,-0.08,1759267845.0054033
-0.01,0.16,-0.08,1759267845.0094085
-0.01,0.16,-0.08,1759267845.0129528
-0.01,0.16,-0.08,1759267845.0179222
-0.01,0.16,-0.08,1759267845.024439
-0.01,0.16,-0.08,1759267845.0295212
-0.01,0.16,-0.08,1759267845.032467
-0.01,0.16,-0.08,1759267845.036191
-0.01,0.16,-0.08,1759267845.0401344
-0.01,0.16,-0.08,1759267845.0443249
-0.01,0.16,-0.08,1759267845.049244
-0.0,0.17,-0.09,1759267845.0534868
-0.0,0.17,-0.09,1759267845.0576768
-0.0,0.18,-0.09,1759267845.061294
-0.0,0.18,-0.09,1759267845.0660305
-0.01,0.18,-0.09,1759267845.0731783
-0.0,0.18,-0.09,1759267845.083893
-0.0,0.17,-0.09,1759267845.089359
-0.01,0.17,-0.09,1759267845.0952475
-0.0,0.18,-0.09,1759267845.0981853
-0.01,0.18,-0.09,1759267845.1014538
-0.01,0.18,-0.09,1759267845.1042705
-0.01,0.19,-0.09,1759267845.1090336
-0.01,0.19,-0.09,1759267845.1122758
-0.01,0.19,-0.09,1759267845.1146972
-0.02,0.2,-0.09,1759267845.121828
-0.03,0.2,-0.09,1759267845.125671
-0.03,0.2,-0.09,1759267845.1327734
-0.02,0.2,-0.09,1759267845.1372714
-0.02,0.2,-0.09,1759267845.141906
-0.02,0.2,-0.09,1759267845.1486044
-0.02,0.2,-0.1,1759267845.154619
-0.02,0.2,-0.1,1759267845.162628
-0.01,0.2,-0.1,1759267845.167893
-0.02,0.2,-0.1,1759267845.1746137
-0.01,0.2,-0.1,1759267845.1825333
-0.02,0.2,-0.1,1759267845.1878085
-0.02,0.2,-0.1,1759267845.1924686
-0.02,0.21,-0.1,1759267845.1948764
-0.02,0.21,-0.1,1759267845.1975029
-0.01,0.21,-0.1,1759267845.201351
-0.01,0.21,-0.1,1759267845.207987
-0.0,0.21,-0.1,1759267845.209967
0.0,0.21,-0.1,1759267845.213941
-0.0,0.21,-0.1,1759267845.2168832
-0.0,0.21,-0.1,1759267845.2224653
-0.0,0.21,-0.1,1759267845.2241688
0.0,0.21,-0.1,1759267845.2290132
0.0,0.22,-0.1,1759267845.2310305
0.0,0.22,-0.1,1759267845.2358308
0.0,0.22,-0.1,1759267845.2384057
0.0,0.22,-0.1,1759267845.2441893
0.0,0.22,-0.1,1759267845.2476225
0.0,0.23,-0.1,1759267845.251436
0.0,0.22,-0.1,1759267845.2560062
-0.0,0.23,-0.1,1759267845.2644162
-0.0,0.23,-0.1,1759267845.2815428
-0.01,0.23,-0.1,1759267845.2870393
-0.01,0.23,-0.1,1759267845.296255
-0.01,0.23,-0.1,1759267845.3010664
-0.01,0.23,-0.1,1759267845.3034365
-0.01,0.24,-0.1,1759267845.3071797
-0.01,0.24,-0.1,1759267845.309899
-0.01,0.25,-0.1,1759267845.3119617
-0.01,0.25,-0.1,1759267845.31638
-0.0,0.25,-0.1,1759267845.3197248
0.0,0.25,-0.1,1759267845.3234112
0.0,0.25,-0.1,1759267845.326812
0.0,0.25,-0.1,1759267845.3303237
-0.0,0.25,-0.1,1759267845.3338225
-0.0,0.25,-0.1,1759267845.3367336
0.0,0.25,-0.1,1759267845.3394918
-0.0,0.25,-0.1,1759267845.3419726
-0.0,0.26,-0.1,1759267845.3452878
-0.0,0.26,-0.1,1759267845.348389
-0.01,0.25,-0.1,1759267845.3508434
-0.01,0.26,-0.1,1759267845.3537736
-0.01,0.26,-0.1,1759267845.3561556
-0.0,0.27,-0.1,1759267845.3593554
-0.0,0.27,-0.1,1759267845.361642
-0.01,0.27,-0.1,1759267845.3652327
-0.01,0.27,-0.1,1759267845.3683667
-0.0,0.27,-0.1,1759267845.3709502
-0.0,0.27,-0.1,1759267845.373882
-0.0,0.27,-0.1,1759267845.376861
-0.01,0.27,-0.1,1759267845.3808458
-0.01,0.27,-0.1,1759267845.383752
-0.01,0.27,-0.1,1759267845.4080453
-0.01,0.28,-0.1,1759267845.4233744
-0.01,0.28,-0.1,1759267845.4305654
-0.0,0.28,-0.1,1759267845.440445
-0.01,0.28,-0.1,1759267845.4459026
-0.01,0.28,-0.1,1759267845.4527402
-0.01,0.28,-0.1,1759267845.456294
-0.0,0.28,-0.1,1759267845.4620757
-0.01,0.29,-0.1,1759267845.4694808
-0.01,0.28,-0.1,1759267845.4744527
-0.01,0.29,-0.1,1759267845.4795208
-0.01,0.28,-0.1,1759267845.4830751
-0.01,0.29,-0.1,1759267845.4867585
-0.01,0.29,-0.1,1759267845.4913795
-0.02,0.29,-0.1,1759267845.496326
-0.02,0.29,-0.1,1759267845.4983587
-0.01,0.3,-0.1,1759267845.500919
-0.01,0.3,-0.1,1759267845.5030878
-0.02,0.3,-0.1,1759267845.5054958
-0.02,0.3,-0.1,1759267845.5077052
-0.02,0.3,-0.1,1759267845.5099397
-0.01,0.31,-0.1,1759267845.5120263
-0.01,0.31,-0.1,1759267845.5140595
-0.02,0.3,-0.1,1759267845.516287
-0.02,0.31,-0.1,1759267845.5191152
-0.02,0.32,-0.1,1759267845.521445
-0.02,0.31,-0.1,1759267845.5241053
-0.02,0.32,-0.1,1759267845.5277822
-0.02,0.32,-0.1,1759267845.5302055
-0.02,0.32,-0.1,1759267845.5322535
-0.02,0.32,-0.1,1759267845.5354505
-0.02,0.32,-0.1,1759267845.5382724
-0.02,0.32,-0.1,1759267845.541346
-0.02,0.32,-0.1,1759267845.5448458
-0.02,0.32,-0.1,1759267845.5478687
-0.02,0.32,-0.09,1759267845.551497
-0.03,0.32,-0.09,1759267845.554118
-0.03,0.31,-0.09,1759267845.556734
-0.03,0.31,-0.09,1759267845.5601213
-0.03,0.32,-0.09,1759267845.562791
-0.03,0.32,-0.09,1759267845.5654752
-0.03,0.32,-0.09,1759267845.569106
-0.04,0.32,-0.09,1759267845.5731947
-0.03,0.32,-0.09,1759267845.576844
-0.04,0.33,-0.09,1759267845.580734
-0.04,0.33,-0.09,1759267845.5835676
-0.04,0.33,-0.09,1759267845.589426
-0.04,0.33,-0.09,1759267845.5955632
-0.05,0.34,-0.09,1759267845.5986238
-0.04,0.34,-0.09,1759267845.6025047
-0.04,0.34,-0.09,1759267845.6061263
-0.04,0.34,-0.09,1759267845.6098423
-0.04,0.34,-0.09,1759267845.614054
-0.04,0.33,-0.09,1759267845.6166162
-0.04,0.34,-0.09,1759267845.6206143
-0.04,0.34,-0.09,1759267845.623144
-0.04,0.33,-0.09,1759267845.6268542
-0.03,0.33,-0.09,1759267845.6309538
-0.03,0.33,-0.09,1759267845.6339655
-0.02,0.33,-0.09,1759267845.6363935
-0.02,0.33,-0.09,1759267845.6396952
-0.02,0.34,-0.09,1759267845.6424017
-0.03,0.34,-0.08,1759267845.6463666
-0.03,0.34,-0.08,1759267845.6488323
-0.03,0.35,-0.08,1759267845.6530411
-0.03,0.35,-0.08,1759267845.655085
-0.03,0.36,-0.08,1759267845.6581297
-0.02,0.36,-0.08,1759267845.661071
-0.02,0.36,-0.08,1759267845.6630163
-0.02,0.37,-0.08,1759267845.6674583
-0.03,0.37,-0.08,1759267845.6716945
-0.03,0.36,-0.08,1759267845.674003
-0.03,0.36,-0.08,1759267845.6771994
-0.02,0.36,-0.08,1759267845.6809337
-0.02,0.37,-0.08,1759267845.6842473
-0.02,0.37,-0.08,1759267845.6869595
-0.01,0.37,-0.08,1759267845.690996
-0.01,0.36,-0.08,1759267845.6941037
-0.01,0.37,-0.08,1759267845.6974757
-0.01,0.37,-0.08,1759267845.7014053
-0.01,0.36,-0.08,1759267845.7040312
-0.01,0.36,-0.08,1759267845.7071855
-0.01,0.36,-0.07,1759267845.7104497
-0.01,0.36,-0.07,1759267845.714424
-0.01,0.36,-0.07,1759267845.7168849
-0.01,0.36,-0.07,1759267845.719955
-0.0,0.36,-0.07,1759267845.7236657
-0.01,0.36,-0.07,1759267845.7265344
-0.0,0.35,-0.07,1759267845.72989
-0.0,0.36,-0.07,1759267845.7329197
0.0,0.36,-0.07,1759267845.7350783
0.01,0.35,-0.07,1759267845.7391436
0.01,0.36,-0.07,1759267845.7418573
0.01,0.35,-0.07,1759267845.7459166
0.01,0.36,-0.07,1759267845.748594
0.02,0.36,-0.07,1759267845.750576
0.02,0.36,-0.07,1759267845.7536287
0.02,0.36,-0.07,1759267845.756202
0.02,0.36,-0.06,1759267845.7595477
0.02,0.36,-0.06,1759267845.7633495
0.02,0.36,-0.06,1759267845.7659397
0.02,0.37,-0.06,1759267845.7680442
0.03,0.36,-0.06,1759267845.7703292
0.02,0.37,-0.06,1759267845.7733953
0.02,0.37,-0.06,1759267845.7763093
0.02,0.37,-0.06,1759267845.7789538
0.02,0.37,-0.06,1759267845.781501
0.02,0.37,-0.06,1759267845.7834983
0.02,0.37,-0.06,1759267845.7858355
0.03,0.38,-0.06,1759267845.7886803
0.03,0.37,-0.06,1759267845.7907858
0.03,0.38,-0.06,1759267845.7930057
0.03,0.37,-0.06,1759267845.795177
0.03,0.38,-0.06,1759267845.797364
0.03,0.37,-0.05,1759267845.799655
0.03,0.38,-0.05,1759267845.8023212
0.03,0.38,-0.05,1759267845.804921
0.04,0.38,-0.05,1759267845.807026
0.04,0.38,-0.05,1759267845.8090725
0.04,0.37,-0.05,1759267845.811917
0.04,0.37,-0.05,1759267845.8137317
0.04,0.37,-0.05,1759267845.816496
0.04,0.38,-0.05,1759267845.8188963
0.04,0.37,-0.05,1759267845.8218102
0.05,0.37,-0.05,1759267845.8245869
0.04,0.37,-0.05,1759267845.8269498
0.04,0.37,-0.05,1759267845.8302312
0.05,0.36,-0.05,1759267845.8323112
0.05,0.36,-0.05,1759267845.8347116
0.05,0.37,-0.05,1759267845.8369102
0.05,0.37,-0.05,1759267845.8390386
0.05,0.36,-0.05,1759267845.8409393
0.06,0.35,-0.05,1759267845.8430803
0.06,0.35,-0.05,1759267845.8454602
0.06,0.36,-0.05,1759267845.8484046
0.06,0.35,-0.05,1759267845.8503942
0.07,0.35,-0.05,1759267845.8530009
0.06,0.35,-0.05,1759267845.8560276
0.07,0.35,-0.05,1759267845.8587146
0.07,0.34,-0.05,1759267845.861198
0.07,0.34,-0.05,1759267845.8631835
0.07,0.34,-0.05,1759267845.8660505
0.06,0.34,-0.05,1759267845.8683302
0.06,0.34,-0.05,1759267845.8706057
0.06,0.34,-0.05,1759267845.8726218
0.06,0.33,-0.05,1759267845.8756716
0.06,0.34,-0.05,1759267845.8776755
0.07,0.34,-0.05,1759267845.8798308
0.07,0.33,-0.05,1759267845.8819802
0.07,0.33,-0.05,1759267845.884029
0.06,0.33,-0.05,1759267845.88615
0.06,0.33,-0.05,1759267845.8882563
0.06,0.32,-0.05,1759267845.8909166
0.07,0.32,-0.05,1759267845.8932333
0.07,0.32,-0.05,1759267845.89625
0.07,0.32,-0.05,1759267845.899496
0.06,0.32,-0.05,1759267845.9024558
0.06,0.32,-0.05,1759267845.9059682
0.06,0.32,-0.05,1759267845.909763
0.07,0.31,-0.05,1759267845.9130836
0.08,0.32,-0.05,1759267845.9197202
0.07,0.31,-0.05,1759267845.9248638
0.07,0.31,-0.05,1759267845.9283502
0.08,0.3,-0.05,1759267845.9308755
0.08,0.3,-0.05,1759267845.934025
0.08,0.3,-0.05,1759267845.9379237
0.08,0.31,-0.05,1759267845.9406917
0.08,0.3,-0.05,1759267845.9439995
0.08,0.3,-0.05,1759267845.9467566
0.08,0.3,-0.05,1759267845.9492087
0.07,0.3,-0.05,1759267845.9525802
0.06,0.3,-0.05,1759267845.955948
0.06,0.3,-0.05,1759267845.9591155
0.07,0.3,-0.05,1759267845.9625664
0.06,0.3,-0.05,1759267845.9659724
0.07,0.3,-0.05,1759267845.969089
0.06,0.3,-0.05,1759267845.971775
0.06,0.29,-0.05,1759267845.9748323
0.06,0.29,-0.05,1759267845.9805598
0.06,0.29,-0.05,1759267845.9846027
0.06,0.28,-0.05,1759267845.9881043
0.06,0.29,-0.05,1759267845.9918897
0.05,0.28,-0.05,1759267845.99438
0.06,0.28,-0.05,1759267845.9979892
0.07,0.28,-0.05,1759267846.0004618
0.07,0.28,-0.05,1759267846.004041
0.07,0.28,-0.05,1759267846.0079317
0.07,0.28,-0.05,1759267846.0131412
0.08,0.29,-0.05,1759267846.0181484
0.08,0.29,-0.05,1759267846.0243526
0.08,0.29,-0.05,1759267846.0332649
0.09,0.3,-0.05,1759267846.0412664
0.09,0.3,-0.05,1759267846.0478008
0.09,0.3,-0.05,1759267846.0530064
0.1,0.3,-0.05,1759267846.060625
0.1,0.3,-0.05,1759267846.0677197
0.09,0.29,-0.05,1759267846.075747
0.09,0.3,-0.05,1759267846.081346
0.09,0.3,-0.05,1759267846.0856912
0.09,0.29,-0.05,1759267846.088601
0.09,0.3,-0.05,1759267846.0903802
0.1,0.3,-0.05,1759267846.1015122
0.1,0.3,-0.06,1759267846.104881
0.1,0.3,-0.06,1759267846.11349
0.1,0.3,-0.06,1759267846.1154482
0.1,0.3,-0.06,1759267846.1171637
0.1,0.3,-0.06,1759267846.120592
0.09,0.3,-0.06,1759267846.1262257
0.09,0.29,-0.06,1759267846.1284523
0.1,0.29,-0.06,1759267846.1319814
0.1,0.29,-0.06,1759267846.1347082
0.09,0.29,-0.06,1759267846.1370816
0.09,0.29,-0.06,1759267846.1432018
0.09,0.29,-0.06,1759267846.1469753
0.09,0.29,-0.06,1759267846.1511354
0.09,0.29,-0.06,1759267846.1534677
0.09,0.3,-0.06,1759267846.1558738
0.09,0.3,-0.06,1759267846.1575172
0.09,0.3,-0.06,1759267846.1621785
0.09,0.3,-0.06,1759267846.163815
0.09,0.3,-0.06,1759267846.1660247
0.08,0.3,-0.06,1759267846.168245
0.08,0.29,-0.06,1759267846.17142
0.08,0.29,-0.07,1759267846.1762383
0.08,0.29,-0.07,1759267846.1805005
0.09,0.29,-0.07,1759267846.1873083
0.08,0.29,-0.07,1759267846.195762
0.08,0.29,-0.07,1759267846.2036722
0.08,0.29,-0.07,1759267846.2075655
0.08,0.29,-0.07,1759267846.211696
0.08,0.29,-0.07,1759267846.2150536
0.09,0.29,-0.07,1759267846.2278397
0.09,0.28,-0.07,1759267846.231172
0.09,0.28,-0.07,1759267846.2360764
0.08,0.28,-0.07,1759267846.2455173
0.09,0.28,-0.07,1759267846.252934
0.08,0.28,-0.07,1759267846.2583594
0.08,0.28,-0.07,1759267846.260496
0.07,0.28,-0.07,1759267846.262151
0.07,0.28,-0.07,1759267846.265972
0.07,0.28,-0.07,1759267846.2701638
0.07,0.27,-0.07,1759267846.2752452
0.07,0.28,-0.07,1759267846.280084
0.07,0.28,-0.07,1759267846.2872243
0.07,0.27,-0.07,1759267846.2929163
0.06,0.28,-0.07,1759267846.2992642
0.06,0.28,-0.07,1759267846.3051963
0.06,0.28,-0.07,1759267846.3090975
0.06,0.29,-0.07,1759267846.3135808
0.06,0.29,-0.07,1759267846.315909
0.07,0.29,-0.07,1759267846.318444
0.07,0.29,-0.07,1759267846.32097
0.06,0.28,-0.08,1759267846.324335
0.06,0.29,-0.07,1759267846.3308282
0.05,0.29,-0.08,1759267846.335163
0.06,0.29,-0.07,1759267846.3401208
0.05,0.29,-0.08,1759267846.3455338
0.05,0.3,-0.08,1759267846.349483
0.06,0.29,-0.08,1759267846.3534486
0.06,0.3,-0.08,1759267846.3594337
0.06,0.3,-0.08,1759267846.3629718
0.06,0.3,-0.08,1759267846.3679411
0.05,0.31,-0.08,1759267846.3722367
0.05,0.3,-0.08,1759267846.376351
0.05,0.3,-0.08,1759267846.3809953
0.04,0.3,-0.08,1759267846.3836958
0.04,0.3,-0.08,1759267846.3865569
0.04,0.31,-0.08,1759267846.3904696
0.03,0.31,-0.08,1759267846.393085
0.03,0.31,-0.08,1759267846.3957088
0.03,0.32,-0.08,1759267846.3992362
0.03,0.31,-0.08,1759267846.4021685
0.03,0.32,-0.08,1759267846.4051387
0.03,0.32,-0.08,1759267846.407794
0.03,0.32,-0.08,1759267846.4112525
0.02,0.32,-0.08,1759267846.414287
0.02,0.31,-0.08,1759267846.417245
0.02,0.32,-0.08,1759267846.42001
0.02,0.32,-0.07,1759267846.423045
0.01,0.32,-0.07,1759267846.4260356
0.01,0.33,-0.07,1759267846.4300733
0.0,0.33,-0.07,1759267846.4337077
-0.0,0.33,-0.07,1759267846.438475
0.0,0.33,-0.07,1759267846.4409833
-0.01,0.33,-0.07,1759267846.444249
-0.01,0.32,-0.07,1759267846.446679
-0.01,0.33,-0.07,1759267846.4512577
-0.02,0.33,-0.07,1759267846.4547634
-0.02,0.33,-0.07,1759267846.4619908
-0.01,0.33,-0.07,1759267846.4677546
-0.02,0.33,-0.07,1759267846.4725473
-0.02,0.33,-0.07,1759267846.4784453
-0.01,0.33,-0.07,1759267846.483771
-0.01,0.32,-0.07,1759267846.4895573
-0.01,0.33,-0.07,1759267846.4944465
-0.01,0.33,-0.07,1759267846.49939
-0.0,0.33,-0.07,1759267846.5051768
-0.01,0.33,-0.07,1759267846.511753
-0.0,0.34,-0.07,1759267846.5169013
-0.01,0.34,-0.07,1759267846.5230272
-0.0,0.34,-0.07,1759267846.5285504
-0.0,0.34,-0.07,1759267846.5319884
0.01,0.34,-0.07,1759267846.5388217
0.0,0.34,-0.07,1759267846.5438623
-0.0,0.34,-0.07,1759267846.5494816
-0.0,0.34,-0.07,1759267846.5535748
0.01,0.34,-0.07,1759267846.5594954
0.01,0.34,-0.07,1759267846.5655618
0.01,0.34,-0.07,1759267846.5711608
0.01,0.34,-0.07,1759267846.575092
0.01,0.34,-0.07,1759267846.58103
0.01,0.34,-0.07,1759267846.5862305
0.0,0.35,-0.07,1759267846.5917945
0.01,0.35,-0.07,1759267846.597438
0.0,0.35,-0.07,1759267846.6045327
0.0,0.36,-0.07,1759267846.6079109
0.01,0.36,-0.06,1759267846.6105766
0.01,0.36,-0.06,1759267846.6146884
0.02,0.36,-0.06,1759267846.6177683
0.01,0.36,-0.06,1759267846.621735
0.01,0.36,-0.06,1759267846.6237996
0.01,0.37,-0.06,1759267846.6264584
0.01,0.36,-0.06,1759267846.6299615
0.01,0.37,-0.06,1759267846.632646
0.02,0.37,-0.06,1759267846.6354642
0.02,0.37,-0.06,1759267846.638464
0.03,0.37,-0.06,1759267846.6414382
0.03,0.37,-0.06,1759267846.644065
0.02,0.38,-0.06,1759267846.646662
0.03,0.38,-0.06,1759267846.6498342
0.02,0.37,-0.06,1759267846.6524649
0.02,0.37,-0.05,1759267846.6589663
0.02,0.38,-0.05,1759267846.662017
0.02,0.38,-0.05,1759267846.6650083
0.01,0.38,-0.05,1759267846.667347
0.01,0.38,-0.05,1759267846.6706996
0.01,0.38,-0.05,1759267846.6738122
0.0,0.39,-0.05,1759267846.6764994
0.01,0.38,-0.05,1759267846.679355
0.01,0.39,-0.05,1759267846.6825614
0.01,0.39,-0.05,1759267846.6848848
0.01,0.39,-0.05,1759267846.6906087
0.01,0.39,-0.05,1759267846.6947062
0.01,0.39,-0.05,1759267846.7000833
0.01,0.39,-0.05,1759267846.7062595
0.01,0.39,-0.05,1759267846.7120173
0.01,0.39,-0.05,1759267846.7166908
0.02,0.39,-0.05,1759267846.7188344
0.02,0.39,-0.05,1759267846.7209103
0.02,0.39,-0.05,1759267846.7233863
0.02,0.39,-0.05,1759267846.7264135
0.03,0.38,-0.05,1759267846.7313354
0.02,0.38,-0.05,1759267846.73491
0.03,0.38,-0.05,1759267846.7379255
0.02,0.38,-0.05,1759267846.741982
0.02,0.38,-0.05,1759267846.745173
0.03,0.38,-0.05,1759267846.7479308
0.03,0.39,-0.04,1759267846.7512844
0.03,0.39,-0.04,1759267846.7563171
0.04,0.38,-0.04,1759267846.759893
0.04,0.38,-0.04,1759267846.7650664
0.04,0.38,-0.04,1759267846.768063
0.04,0.37,-0.04,1759267846.7722385
0.05,0.37,-0.04,1759267846.775828
0.05,0.37,-0.04,1759267846.779778
0.05,0.37,-0.04,1759267846.7831855
0.05,0.37,-0.04,1759267846.78669
0.06,0.37,-0.04,1759267846.789328
0.06,0.36,-0.04,1759267846.7933805
0.06,0.36,-0.04,1759267846.7996454
0.06,0.36,-0.04,1759267846.80379
0.06,0.35,-0.04,1759267846.807954
0.06,0.35,-0.04,1759267846.812086
0.07,0.35,-0.04,1759267846.8147688
0.07,0.35,-0.04,1759267846.8185103
0.07,0.34,-0.04,1759267846.825819
0.07,0.34,-0.04,1759267846.8291576
0.07,0.34,-0.04,1759267846.8320262
0.07,0.34,-0.04,1759267846.8347018
0.07,0.34,-0.04,1759267846.8371794
0.07,0.34,-0.04,1759267846.8409438
0.07,0.33,-0.04,1759267846.844733
0.07,0.33,-0.04,1759267846.849197
0.07,0.33,-0.04,1759267846.8531232
0.08,0.33,-0.04,1759267846.8558395
0.08,0.33,-0.04,1759267846.8604696
0.08,0.34,-0.04,1759267846.8652706
0.08,0.33,-0.04,1759267846.8679304
0.09,0.33,-0.04,1759267846.871895
0.1,0.33,-0.04,1759267846.8754957
0.1,0.33,-0.04,1759267846.8791974
0.1,0.33,-0.04,1759267846.88245
0.1,0.33,-0.04,1759267846.8883722
0.1,0.33,-0.04,1759267846.890752
0.1,0.33,-0.04,1759267846.895693
0.1,0.33,-0.04,1759267846.89943
0.1,0.33,-0.04,1759267846.9068792
0.1,0.32,-0.04,1759267846.913303
0.1,0.32,-0.04,1759267846.921808
0.1,0.32,-0.04,1759267846.927081
0.1,0.32,-0.04,1759267846.9312177
0.1,0.31,-0.04,1759267846.9360795
0.11,0.31,-0.04,1759267846.9392111
0.1,0.3,-0.04,1759267846.941562
0.1,0.3,-0.04,1759267846.9435756
0.1,0.3,-0.04,1759267846.946283
0.11,0.3,-0.04,1759267846.9486227
0.1,0.3,-0.04,1759267846.951412
0.11,0.3,-0.04,1759267846.9554243
0.11,0.3,-0.04,1759267846.9613602
0.11,0.29,-0.04,1759267846.9638174
0.1,0.29,-0.04,1759267846.9662478
0.1,0.3,-0.04,1759267846.969396
0.1,0.29,-0.04,1759267846.974018
0.11,0.29,-0.04,1759267846.9804215
0.11,0.3,-0.04,1759267846.9866655
0.1,0.3,-0.04,1759267846.9895914
0.1,0.3,-0.04,1759267846.9922523
0.1,0.3,-0.04,1759267846.9961762
0.09,0.3,-0.04,1759267846.9998794
0.09,0.3,-0.04,1759267847.0065718
0.09,0.3,-0.04,1759267847.0125732
0.09,0.29,-0.04,1759267847.0190432
0.09,0.29,-0.04,1759267847.0260365
0.08,0.29,-0.04,1759267847.0294385
0.08,0.29,-0.04,1759267847.031613
0.08,0.28,-0.04,1759267847.0351331
0.08,0.29,-0.04,1759267847.03759
0.08,0.28,-0.04,1759267847.041302
0.07,0.28,-0.04,1759267847.0431774
0.08,0.28,-0.04,1759267847.0456295
0.08,0.29,-0.04,1759267847.0479536
0.08,0.28,-0.04,1759267847.0504107
0.08,0.29,-0.04,1759267847.0525503
0.08,0.28,-0.04,1759267847.055158
0.09,0.28,-0.04,1759267847.056973
0.09,0.28,-0.04,1759267847.060035
0.09,0.28,-0.04,1759267847.0640607
0.1,0.29,-0.04,1759267847.0679724
0.1,0.28,-0.04,1759267847.0698738
0.09,0.29,-0.04,1759267847.07748
0.1,0.28,-0.05,1759267847.07995
0.09,0.28,-0.05,1759267847.0833986
0.1,0.28,-0.05,1759267847.0882514
0.1,0.28,-0.05,1759267847.0941677
0.1,0.28,-0.05,1759267847.0979872
0.1,0.29,-0.05,1759267847.1022243
0.1,0.28,-0.05,1759267847.108642
0.1,0.28,-0.05,1759267847.1126878
0.1,0.27,-0.05,1759267847.1176298
0.1,0.27,-0.05,1759267847.1213856
0.1,0.27,-0.05,1759267847.1252706
0.1,0.28,-0.05,1759267847.1278768
0.09,0.27,-0.05,1759267847.1315448
0.09,0.27,-0.05,1759267847.134697
0.09,0.27,-0.05,1759267847.1380117
0.08,0.27,-0.05,1759267847.1449594
0.08,0.27,-0.05,1759267847.1512823
0.08,0.27,-0.05,1759267847.155142
0.08,0.27,-0.05,1759267847.1594636
0.08,0.27,-0.05,1759267847.1631312
0.08,0.27,-0.05,1759267847.1676466
0.08,0.28,-0.05,1759267847.1726198
0.09,0.27,-0.05,1759267847.17844
0.09,0.28,-0.05,1759267847.1832502
0.09,0.27,-0.05,1759267847.187036
0.08,0.27,-0.05,1759267847.2064254
0.09,0.27,-0.05,1759267847.210063
0.09,0.28,-0.05,1759267847.214232
0.09,0.27,-0.05,1759267847.226478
0.09,0.27,-0.05,1759267847.2334917
0.09,0.27,-0.05,1759267847.2368526
0.09,0.27,-0.05,1759267847.2410946
0.09,0.27,-0.05,1759267847.2453148
0.08,0.27,-0.05,1759267847.2473176
0.09,0.27,-0.06,1759267847.2498145
0.08,0.27,-0.06,1759267847.2537584
0.08,0.27,-0.06,1759267847.257073
0.09,0.27,-0.06,1759267847.263544
0.08,0.27,-0.06,1759267847.2704792
0.08,0.27,-0.06,1759267847.2803433
0.08,0.27,-0.06,1759267847.2891362
0.08,0.27,-0.06,1759267847.293229
0.08,0.27,-0.06,1759267847.2983396
0.07,0.26,-0.06,1759267847.3017898
0.07,0.26,-0.06,1759267847.3064544
0.07,0.26,-0.06,1759267847.311479
0.07,0.26,-0.06,1759267847.3144026
0.07,0.26,-0.06,1759267847.3172696
0.06,0.26,-0.06,1759267847.3203735
0.06,0.26,-0.06,1759267847.3232496
0.06,0.26,-0.06,1759267847.327426
0.06,0.26,-0.06,1759267847.330289
0.06,0.26,-0.07,1759267847.3333108
0.05,0.26,-0.07,1759267847.3378828
0.05,0.26,-0.07,1759267847.341323
0.05,0.26,-0.07,1759267847.3450494
0.05,0.26,-0.07,1759267847.3491242
0.05,0.26,-0.07,1759267847.3544931
0.04,0.26,-0.07,1759267847.3587785
0.04,0.26,-0.07,1759267847.3632183
0.04,0.26,-0.07,1759267847.370801
0.04,0.26,-0.07,1759267847.374799
0.04,0.26,-0.07,1759267847.379005
0.04,0.26,-0.07,1759267847.384395
0.04,0.26,-0.07,1759267847.3889828
0.03,0.26,-0.07,1759267847.393572
0.03,0.26,-0.07,1759267847.3978074
0.03,0.26,-0.07,1759267847.4007485
0.03,0.26,-0.07,1759267847.4055471
0.02,0.26,-0.07,1759267847.409197
0.03,0.25,-0.07,1759267847.4121969
0.02,0.25,-0.07,1759267847.4161608
0.01,0.25,-0.07,1759267847.4191947
0.02,0.26,-0.07,1759267847.425139
0.01,0.26,-0.07,1759267847.430164
0.02,0.26,-0.07,1759267847.43321
0.01,0.26,-0.07,1759267847.4381063
0.02,0.26,-0.07,1759267847.4423542
0.02,0.26,-0.07,1759267847.447961
0.02,0.26,-0.07,1759267847.450773
0.02,0.26,-0.08,1759267847.4534516
0.02,0.26,-0.08,1759267847.4590254
0.02,0.26,-0.08,1759267847.4629965
0.01,0.26,-0.08,1759267847.4677598
0.02,0.26,-0.08,1759267847.4731889
0.01,0.26,-0.08,1759267847.4773262
0.02,0.27,-0.08,1759267847.4821637
0.01,0.27,-0.08,1759267847.4897337
0.01,0.26,-0.08,1759267847.4968452
0.01,0.27,-0.08,1759267847.505099
0.01,0.27,-0.08,1759267847.5113244
0.01,0.27,-0.08,1759267847.5182874
0.01,0.27,-0.08,1759267847.5243614
0.01,0.28,-0.08,1759267847.5331025
0.01,0.28,-0.08,1759267847.5433998
0.01,0.27,-0.08,1759267847.5489974
0.0,0.28,-0.08,1759267847.5570982
0.01,0.28,-0.08,1759267847.564906
0.01,0.28,-0.08,1759267847.5733454
0.0,0.28,-0.08,1759267847.5794127
-0.0,0.29,-0.08,1759267847.586601
0.0,0.29,-0.08,1759267847.596255
0.0,0.29,-0.07,1759267847.602085
0.0,0.29,-0.07,1759267847.611839
-0.0,0.29,-0.07,1759267847.619774
-0.0,0.29,-0.07,1759267847.6309984
-0.01,0.3,-0.07,1759267847.640416
-0.01,0.29,-0.07,1759267847.647775
-0.0,0.3,-0.07,1759267847.6555443
0.01,0.3,-0.07,1759267847.669398
0.0,0.3,-0.07,1759267847.677187
0.0,0.3,-0.07,1759267847.685039
0.0,0.3,-0.07,1759267847.6941087
0.0,0.3,-0.07,1759267847.7032433
0.01,0.3,-0.07,1759267847.715313
0.0,0.3,-0.07,1759267847.7338972
0.01,0.3,-0.07,1759267847.7369218
0.01,0.3,-0.07,1759267847.74686
0.01,0.3,-0.07,1759267847.7525856
0.01,0.3,-0.07,1759267847.760095
0.01,0.3,-0.07,1759267847.7682514
0.02,0.3,-0.07,1759267847.7753549
0.02,0.3,-0.07,1759267847.785464
0.01,0.3,-0.07,1759267847.791907
0.01,0.31,-0.07,1759267847.8049293
0.01,0.31,-0.07,1759267847.814737
0.02,0.31,-0.07,1759267847.8233483
0.02,0.31,-0.07,1759267847.8346095
0.01,0.31,-0.07,1759267847.8457303
0.01,0.31,-0.07,1759267847.8601282
0.01,0.3,-0.07,1759267847.868042
0.01,0.3,-0.07,1759267847.87469
0.02,0.3,-0.07,1759267847.8831213
0.02,0.31,-0.07,1759267847.8906612
0.03,0.3,-0.07,1759267847.9025526
0.03,0.3,-0.07,1759267847.914821
0.03,0.3,-0.07,1759267847.9210348
0.03,0.3,-0.07,1759267847.9300122
0.03,0.29,-0.07,1759267847.937564
0.03,0.29,-0.07,1759267847.9449103
0.04,0.29,-0.07,1759267847.9521968
0.04,0.29,-0.07,1759267847.9597335
0.04,0.29,-0.07,1759267847.968964
0.04,0.29,-0.07,1759267847.976535
0.04,0.29,-0.07,1759267847.9855986
0.04,0.29,-0.07,1759267847.9933767
0.04,0.29,-0.07,1759267847.9987996
0.04,0.29,-0.07,1759267848.0033312
0.04,0.3,-0.07,1759267848.0071971
0.04,0.29,-0.07,1759267848.0174556
0.04,0.29,-0.07,1759267848.0236328
0.04,0.29,-0.07,1759267848.03042
0.04,0.29,-0.07,1759267848.036572
0.04,0.29,-0.07,1759267848.0407746
0.04,0.28,-0.07,1759267848.0492206
0.04,0.28,-0.07,1759267848.053022
0.04,0.28,-0.07,1759267848.0553095
0.04,0.28,-0.07,1759267848.0604596
0.04,0.28,-0.07,1759267848.0640807
0.04,0.28,-0.07,1759267848.0684502
0.04,0.28,-0.07,1759267848.0715165
0.05,0.29,-0.07,1759267848.0756736
0.04,0.28,-0.07,1759267848.0785673
0.04,0.28,-0.07,1759267848.0821092
0.05,0.29,-0.07,1759267848.0870967
0.05,0.29,-0.07,1759267848.089263
0.04,0.29,-0.07,1759267848.0920231
0.04,0.29,-0.07,1759267848.099659
0.04,0.29,-0.07,1759267848.1062696
0.04,0.29,-0.07,1759267848.1120603
0.04,0.29,-0.07,1759267848.1171346
0.04,0.3,-0.07,1759267848.1216812
0.04,0.3,-0.07,1759267848.1247694
0.04,0.3,-0.07,1759267848.1299355
0.04,0.3,-0.07,1759267848.1334753
0.04,0.3,-0.07,1759267848.137571
0.04,0.29,-0.07,1759267848.14039
0.03,0.29,-0.07,1759267848.1424675
0.04,0.3,-0.07,1759267848.144878
0.03,0.3,-0.07,1759267848.1497293
0.03,0.3,-0.07,1759267848.1529298
0.03,0.31,-0.07,1759267848.1574678
0.03,0.31,-0.07,1759267848.1639037
0.03,0.31,-0.07,1759267848.1696897
0.02,0.31,-0.07,1759267848.1739273
0.03,0.31,-0.07,1759267848.1781633
0.02,0.31,-0.07,1759267848.1830108
0.03,0.31,-0.07,1759267848.189991
0.02,0.31,-0.07,1759267848.194199
0.02,0.32,-0.07,1759267848.1968255
0.02,0.31,-0.07,1759267848.201839
0.02,0.32,-0.07,1759267848.2054632
0.02,0.32,-0.07,1759267848.2118804
0.02,0.32,-0.07,1759267848.215997
0.02,0.32,-0.07,1759267848.2184546
0.02,0.32,-0.07,1759267848.2264218
0.02,0.32,-0.07,1759267848.232072
0.01,0.31,-0.07,1759267848.2357252
0.02,0.31,-0.07,1759267848.241507
0.02,0.31,-0.07,1759267848.2450106
0.01,0.32,-0.07,1759267848.2522504
0.02,0.31,-0.07,1759267848.2577014
0.01,0.31,-0.07,1759267848.2606726
0.01,0.31,-0.07,1759267848.2636642
0.01,0.31,-0.07,1759267848.2682123
0.01,0.31,-0.07,1759267848.2724311
0.01,0.31,-0.07,1759267848.275842
0.0,0.31,-0.07,1759267848.281572
0.0,0.31,-0.07,1759267848.284804
0.01,0.31,-0.07,1759267848.287468
0.01,0.3,-0.07,1759267848.2906177
0.0,0.3,-0.07,1759267848.2934017
0.0,0.3,-0.07,1759267848.2955203
0.0,0.3,-0.07,1759267848.2988553
0.0,0.3,-0.07,1759267848.3014383
-0.0,0.3,-0.07,1759267848.3031044
-0.0,0.3,-0.07,1759267848.304947
-0.0,0.3,-0.07,1759267848.306945
-0.0,0.3,-0.07,1759267848.3094635
-0.01,0.3,-0.08,1759267848.3121996
-0.01,0.3,-0.08,1759267848.314726
-0.01,0.3,-0.08,1759267848.3170042
-0.01,0.31,-0.08,1759267848.3190627
-0.0,0.31,-0.08,1759267848.32081
-0.01,0.3,-0.08,1759267848.323362
-0.01,0.31,-0.08,1759267848.3255446
-0.0,0.31,-0.08,1759267848.3274882
0.0,0.31,-0.08,1759267848.329158
0.0,0.32,-0.08,1759267848.33094
-0.0,0.32,-0.08,1759267848.335957
-0.0,0.32,-0.08,1759267848.3377569
0.0,0.32,-0.08,1759267848.3409925
-0.01,0.32,-0.08,1759267848.3430085
-0.01,0.31,-0.08,1759267848.3456082
-0.01,0.31,-0.08,1759267848.349876
-0.01,0.32,-0.08,1759267848.3551457
-0.01,0.32,-0.08,1759267848.3573709
0.0,0.32,-0.08,1759267848.36
-0.0,0.32,-0.08,1759267848.3670113
0.0,0.32,-0.08,1759267848.37207
-0.0,0.32,-0.08,1759267848.3768682
-0.01,0.32,-0.08,1759267848.3805516
-0.01,0.31,-0.08,1759267848.3899028
-0.01,0.31,-0.08,1759267848.3945208
-0.01,0.32,-0.08,1759267848.4010425
-0.01,0.32,-0.08,1759267848.4086926
-0.01,0.31,-0.08,1759267848.4206746
-0.02,0.32,-0.08,1759267848.4228
-0.02,0.32,-0.08,1759267848.445051
-0.02,0.32,-0.08,1759267848.4613583
-0.02,0.32,-0.08,1759267848.4665022
-0.02,0.32,-0.08,1759267848.478695
-0.02,0.32,-0.08,1759267848.4891937
-0.01,0.31,-0.08,1759267848.4945602
-0.01,0.31,-0.08,1759267848.501349
-0.01,0.31,-0.08,1759267848.5087206
-0.0,0.31,-0.08,1759267848.517499
-0.01,0.31,-0.08,1759267848.525051
-0.01,0.31,-0.08,1759267848.533153
-0.01,0.31,-0.08,1759267848.5392177
-0.01,0.31,-0.08,1759267848.5443568
-0.01,0.31,-0.08,1759267848.5493293
-0.02,0.31,-0.08,1759267848.553039
-0.02,0.31,-0.08,1759267848.5557735
-0.01,0.31,-0.09,1759267848.5603635
-0.02,0.31,-0.09,1759267848.564308
-0.02,0.31,-0.09,1759267848.5695727
-0.03,0.31,-0.09,1759267848.5750864
-0.03,0.32,-0.09,1759267848.578232
-0.03,0.32,-0.09,1759267848.582277
-0.02,0.32,-0.09,1759267848.5900073
-0.02,0.32,-0.09,1759267848.6004777
-0.02,0.31,-0.09,1759267848.6075346
-0.02,0.31,-0.09,1759267848.6166248
-0.02,0.31,-0.09,1759267848.623203
-0.01,0.31,-0.09,1759267848.6290936
-0.02,0.3,-0.09,1759267848.6342404
-0.02,0.3,-0.09,1759267848.6422858
-0.02,0.3,-0.09,1759267848.6521237
-0.02,0.31,-0.09,1759267848.665376
-0.02,0.31,-0.09,1759267848.6756167
-0.02,0.3,-0.09,1759267848.6807866
-0.02,0.3,-0.09,1759267848.6892283
-0.02,0.3,-0.09,1759267848.6953952
-0.03,0.3,-0.09,1759267848.7048874
-0.03,0.3,-0.09,1759267848.7123678
-0.03,0.3,-0.09,1759267848.720821
-0.03,0.3,-0.09,1759267848.731851
-0.03,0.3,-0.09,1759267848.7401662
-0.02,0.3,-0.09,1759267848.7474575
-0.03,0.3,-0.09,1759267848.7537034
-0.02,0.3,-0.09,1759267848.764011
-0.02,0.3,-0.09,1759267848.770146
-0.01,0.3,-0.09,1759267848.784828
-0.01,0.3,-0.09,1759267848.7905023
-0.01,0.3,-0.09,1759267848.8003666
-0.01,0.3,-0.09,1759267848.813176
-0.01,0.31,-0.09,1759267848.8193986
-0.01,0.31,-0.09,1759267848.8264568
-0.01,0.31,-0.09,1759267848.830363
-0.01,0.31,-0.09,1759267848.8352282
-0.01,0.31,-0.09,1759267848.8405588
-0.01,0.31,-0.09,1759267848.8458977
-0.01,0.31,-0.09,1759267848.850536
-0.01,0.31,-0.09,1759267848.8597617
-0.01,0.31,-0.09,1759267848.8638017
-0.02,0.31,-0.09,1759267848.8723085
-0.02,0.32,-0.09,1759267848.8790798
-0.02,0.32,-0.09,1759267848.8869233
-0.02,0.32,-0.09,1759267848.8995235
-0.02,0.32,-0.09,1759267848.9085257
-0.02,0.32,-0.09,1759267848.9124002
-0.02,0.33,-0.09,1759267848.9169228
-0.02,0.33,-0.09,1759267848.9211757
-0.02,0.33,-0.09,1759267848.9269822
-0.02,0.34,-0.09,1759267848.9324818
-0.02,0.34,-0.09,1759267848.9396534
-0.02,0.34,-0.09,1759267848.945377
-0.02,0.34,-0.09,1759267848.951795
-0.02,0.34,-0.09,1759267848.9569814
-0.02,0.35,-0.09,1759267848.9628086
-0.02,0.35,-0.09,1759267848.966418
-0.02,0.36,-0.09,1759267848.9708996
-0.02,0.36,-0.09,1759267848.9780328
-0.02,0.36,-0.09,1759267848.9846077
-0.02,0.36,-0.09,1759267848.9896047
-0.02,0.35,-0.09,1759267848.9949737
-0.02,0.36,-0.09,1759267849.001969
-0.02,0.36,-0.09,1759267849.0070832
-0.02,0.36,-0.09,1759267849.0115583
-0.02,0.37,-0.09,1759267849.0151813
-0.02,0.37,-0.09,1759267849.0239606
-0.03,0.38,-0.09,1759267849.0306792
-0.02,0.38,-0.09,1759267849.0360217
-0.03,0.38,-0.09,1759267849.04083
-0.03,0.38,-0.08,1759267849.0486994
-0.03,0.38,-0.08,1759267849.0530643
-0.03,0.39,-0.08,1759267849.0623968
-0.03,0.39,-0.08,1759267849.0754766
-0.03,0.38,-0.08,1759267849.0852628
-0.03,0.38,-0.08,1759267849.0898757
-0.02,0.39,-0.08,1759267849.1057143
-0.02,0.39,-0.08,1759267849.1076405
-0.03,0.39,-0.08,1759267849.1146142
-0.02,0.38,-0.08,1759267849.119569
-0.03,0.38,-0.08,1759267849.1231616
-0.03,0.38,-0.08,1759267849.126836
-0.03,0.39,-0.08,1759267849.1300795
-0.04,0.38,-0.08,1759267849.1336966
-0.03,0.38,-0.08,1759267849.138713
-0.03,0.38,-0.08,1759267849.1429656
-0.03,0.38,-0.08,1759267849.1472237
-0.04,0.39,-0.08,1759267849.151081
-0.04,0.38,-0.08,1759267849.156272
-0.03,0.39,-0.08,1759267849.160702
-0.03,0.38,-0.08,1759267849.1657867
-0.03,0.38,-0.08,1759267849.1722386
-0.03,0.38,-0.08,1759267849.177028
-0.03,0.38,-0.08,1759267849.1798563
-0.03,0.38,-0.08,1759267849.183008
-0.02,0.38,-0.08,1759267849.1864042
-0.02,0.38,-0.08,1759267849.190589
-0.02,0.38,-0.08,1759267849.1947274
-0.01,0.37,-0.08,1759267849.1980498
-0.01,0.37,-0.08,1759267849.202983
-0.0,0.37,-0.08,1759267849.2060792
-0.01,0.37,-0.08,1759267849.2093256
-0.01,0.37,-0.08,1759267849.2139258
-0.01,0.37,-0.08,1759267849.2168756
0.0,0.37,-0.08,1759267849.2203884
0.0,0.37,-0.08,1759267849.2237368
0.0,0.37,-0.08,1759267849.2279031
0.0,0.37,-0.08,1759267849.232826
0.0,0.37,-0.08,1759267849.2381265
-0.0,0.37,-0.08,1759267849.2428112
-0.0,0.37,-0.08,1759267849.247797
-0.0,0.36,-0.08,1759267849.2524831
0.0,0.36,-0.08,1759267849.257552
-0.0,0.36,-0.08,1759267849.2627645
-0.0,0.36,-0.08,1759267849.2706645
-0.0,0.36,-0.08,1759267849.2753632
0.0,0.36,-0.08,1759267849.280131
-0.0,0.37,-0.08,1759267849.284587
0.0,0.37,-0.08,1759267849.2890675
0.01,0.36,-0.08,1759267849.293955
0.0,0.36,-0.08,1759267849.3013785
0.01,0.36,-0.08,1759267849.3058057
0.01,0.36,-0.08,1759267849.3105383
0.01,0.35,-0.08,1759267849.3160162
0.02,0.36,-0.08,1759267849.3203237
0.02,0.35,-0.08,1759267849.3283515
0.02,0.35,-0.08,1759267849.333945
0.02,0.35,-0.08,1759267849.3416011
0.02,0.35,-0.08,1759267849.3462644
0.02,0.34,-0.08,1759267849.353359
0.03,0.33,-0.08,1759267849.3610804
0.02,0.33,-0.08,1759267849.3673697
0.02,0.33,-0.08,1759267849.374698
0.02,0.33,-0.08,1759267849.3850796
0.02,0.33,-0.07,1759267849.4056425
0.02,0.33,-0.07,1759267849.4172122
0.02,0.32,-0.07,1759267849.4314284
0.03,0.32,-0.07,1759267849.444018
0.03,0.33,-0.07,1759267849.4507875
0.02,0.33,-0.07,1759267849.4559102
0.03,0.32,-0.07,1759267849.4630337
0.02,0.32,-0.07,1759267849.4737437
0.03,0.32,-0.07,1759267849.485559
0.03,0.32,-0.07,1759267849.49156
0.04,0.32,-0.07,1759267849.4947674
0.03,0.33,-0.07,1759267849.4977517
0.03,0.32,-0.07,1759267849.5023532
0.03,0.32,-0.07,1759267849.50622
0.04,0.32,-0.07,1759267849.5099106
0.04,0.33,-0.07,1759267849.5261722
0.04,0.33,-0.07,1759267849.5332386
0.04,0.33,-0.07,1759267849.5360172
0.04,0.33,-0.07,1759267849.5382357
0.04,0.32,-0.07,1759267849.5409184
0.04,0.33,-0.07,1759267849.5432968
0.04,0.33,-0.07,1759267849.5457933
0.04,0.32,-0.07,1759267849.549734
0.04,0.33,-0.07,1759267849.5653915
0.04,0.33,-0.07,1759267849.5676188
0.04,0.32,-0.07,1759267849.579165
0.05,0.33,-0.07,1759267849.5887525
0.05,0.33,-0.07,1759267849.5993292
0.05,0.33,-0.07,1759267849.6033754
0.05,0.33,-0.07,1759267849.6052945
0.05,0.33,-0.07,1759267849.6076071
0.05,0.33,-0.07,1759267849.613433
0.05,0.33,-0.07,1759267849.6179135
0.05,0.33,-0.07,1759267849.6215346
0.05,0.33,-0.07,1759267849.624163
0.05,0.33,-0.06,1759267849.6286547
0.06,0.33,-0.06,1759267849.6344433
0.06,0.33,-0.06,1759267849.643713
0.06,0.33,-0.06,1759267849.6500127
0.06,0.33,-0.06,1759267849.6652126
0.07,0.34,-0.06,1759267849.6769547
0.07,0.33,-0.06,1759267849.6852412
0.06,0.33,-0.06,1759267849.688732
0.06,0.33,-0.06,1759267849.6917863
0.07,0.33,-0.06,1759267849.6957922
0.07,0.33,-0.06,1759267849.69932
0.07,0.33,-0.06,1759267849.7064888
0.07,0.33,-0.06,1759267849.713739
0.07,0.32,-0.06,1759267849.7189653
0.07,0.32,-0.06,1759267849.723977
0.07,0.32,-0.06,1759267849.7306864
0.06,0.32,-0.06,1759267849.742627
0.06,0.32,-0.06,1759267849.7479138
0.06,0.33,-0.06,1759267849.7554798
0.06,0.32,-0.06,1759267849.758494
0.06,0.32,-0.06,1759267849.7617865
0.06,0.33,-0.06,1759267849.7649012
0.06,0.32,-0.06,1759267849.7681909
0.05,0.32,-0.06,1759267849.7709818
0.05,0.32,-0.06,1759267849.775533
0.05,0.32,-0.06,1759267849.7795708
0.05,0.31,-0.06,1759267849.7837734
0.05,0.32,-0.06,1759267849.7880845
0.04,0.31,-0.06,1759267849.790695
0.04,0.31,-0.06,1759267849.793789
0.04,0.31,-0.06,1759267849.7968192
0.04,0.31,-0.06,1759267849.8001697
0.04,0.31,-0.06,1759267849.8039236
0.05,0.31,-0.06,1759267849.808221
0.04,0.3,-0.06,1759267849.8113282
0.05,0.3,-0.06,1759267849.815678
0.05,0.31,-0.06,1759267849.8210974
0.04,0.31,-0.06,1759267849.823989
0.05,0.31,-0.06,1759267849.8271298
0.05,0.31,-0.06,1759267849.831258
0.05,0.31,-0.06,1759267849.8367183
0.05,0.32,-0.06,1759267849.8407586
0.05,0.32,-0.06,1759267849.8466856
0.04,0.32,-0.06,1759267849.8525226
0.05,0.32,-0.06,1759267849.857155
0.05,0.32,-0.06,1759267849.8627336
0.05,0.32,-0.06,1759267849.866441
0.05,0.32,-0.06,1759267849.8690012
0.05,0.31,-0.06,1759267849.8721864
0.05,0.31,-0.06,1759267849.8755713
0.05,0.31,-0.06,1759267849.8785355
0.05,0.31,-0.06,1759267849.882486
0.06,0.31,-0.06,1759267849.8855824
0.06,0.31,-0.06,1759267849.8888187
0.06,0.3,-0.06,1759267849.8927517
0.06,0.3,-0.06,1759267849.8973494
0.06,0.3,-0.06,1759267849.9015875
0.06,0.3,-0.06,1759267849.9052882
0.06,0.29,-0.06,1759267849.910576
0.06,0.29,-0.06,1759267849.9151936
0.06,0.29,-0.06,1759267849.9202378
0.05,0.29,-0.06,1759267849.9244294
0.05,0.28,-0.06,1759267849.9283097
0.05,0.28,-0.06,1759267849.9327743
0.05,0.28,-0.06,1759267849.9360185
0.06,0.28,-0.06,1759267849.9401965
0.05,0.27,-0.06,1759267849.9451709
0.05,0.27,-0.06,1759267849.9514873
0.05,0.27,-0.06,1759267849.9566412
0.05,0.27,-0.06,1759267849.9625914
0.05,0.27,-0.06,1759267849.9726124
0.05,0.27,-0.06,1759267849.9773452
0.05,0.27,-0.06,1759267850.0108087
0.05,0.27,-0.06,1759267850.024667
0.05,0.27,-0.06,1759267850.0275476
0.04,0.28,-0.06,1759267850.0308015
0.04,0.27,-0.06,1759267850.0350664
0.04,0.27,-0.06,1759267850.0384524
0.04,0.27,-0.06,1759267850.0432692
0.05,0.27,-0.06,1759267850.0515592
0.04,0.28,-0.06,1759267850.0667808
0.04,0.27,-0.06,1759267850.0731452
0.05,0.28,-0.06,1759267850.078644
0.05,0.28,-0.06,1759267850.0848477
0.05,0.27,-0.06,1759267850.089708
0.05,0.27,-0.06,1759267850.099078
0.05,0.27,-0.06,1759267850.1070814
0.04,0.27,-0.06,1759267850.116022
0.04,0.27,-0.06,1759267850.1300342
0.04,0.27,-0.06,1759267850.1418731
0.04,0.27,-0.06,1759267850.1467154
0.04,0.27,-0.06,1759267850.1503491
0.04,0.27,-0.06,1759267850.1541488
0.04,0.27,-0.06,1759267850.157809
0.04,0.27,-0.06,1759267850.1612654
0.04,0.26,-0.06,1759267850.1649184
0.04,0.26,-0.06,1759267850.167958
0.04,0.26,-0.06,1759267850.1713035
0.04,0.26,-0.06,1759267850.1743937
0.04,0.26,-0.06,1759267850.1772118
0.04,0.27,-0.06,1759267850.1804154
0.04,0.27,-0.06,1759267850.1833007
0.04,0.27,-0.06,1759267850.1865263
0.04,0.27,-0.06,1759267850.190447
0.04,0.27,-0.06,1759267850.1941628
0.04,0.27,-0.06,1759267850.197657
0.04,0.27,-0.06,1759267850.2009592
0.04,0.27,-0.06,1759267850.2050085
0.04,0.27,-0.06,1759267850.2083907
0.04,0.28,-0.06,1759267850.212163
0.04,0.28,-0.06,1759267850.2155645
0.04,0.28,-0.06,1759267850.2193842
0.03,0.27,-0.06,1759267850.2226284
0.03,0.27,-0.06,1759267850.226018
0.03,0.27,-0.06,1759267850.2290354
0.03,0.28,-0.06,1759267850.2323258
0.02,0.28,-0.06,1759267850.235906
0.03,0.28,-0.06,1759267850.2391465
0.03,0.29,-0.06,1759267850.2419784
0.03,0.28,-0.06,1759267850.246909
0.03,0.28,-0.06,1759267850.251561
0.04,0.28,-0.06,1759267850.2565649
0.04,0.28,-0.06,1759267850.2681646
0.04,0.28,-0.06,1759267850.2732496
0.05,0.28,-0.06,1759267850.2779422
0.04,0.28,-0.06,1759267850.2806292
0.05,0.28,-0.06,1759267850.2841144
0.04,0.28,-0.06,1759267850.2876258
0.05,0.28,-0.06,1759267850.2905512
0.05,0.28,-0.06,1759267850.2936826
0.06,0.28,-0.06,1759267850.2970293
0.06,0.28,-0.06,1759267850.3002684
0.06,0.28,-0.06,1759267850.3030455
0.05,0.28,-0.06,1759267850.3063183
0.06,0.28,-0.06,1759267850.31041
0.06,0.28,-0.06,1759267850.3144176
0.06,0.28,-0.06,1759267850.3178203
0.07,0.28,-0.06,1759267850.3211074
0.06,0.28,-0.06,1759267850.3252378
0.06,0.28,-0.06,1759267850.329039
0.06,0.28,-0.06,1759267850.3332117
0.06,0.28,-0.06,1759267850.337372
0.06,0.27,-0.06,1759267850.3446243
0.06,0.28,-0.06,1759267850.348443
0.06,0.27,-0.06,1759267850.3519857
0.06,0.28,-0.06,1759267850.3555503
0.06,0.28,-0.06,1759267850.3591938
0.07,0.28,-0.06,1759267850.3624594
0.06,0.28,-0.06,1759267850.365392
0.06,0.28,-0.06,1759267850.3690765
0.07,0.28,-0.06,1759267850.371841
0.06,0.28,-0.06,1759267850.3754048
0.06,0.28,-0.06,1759267850.37883
0.07,0.28,-0.06,1759267850.3821852
0.07,0.28,-0.06,1759267850.3859353
0.07,0.28,-0.06,1759267850.3895192
0.07,0.27,-0.07,1759267850.3926578
0.06,0.27,-0.07,1759267850.3958
0.07,0.27,-0.07,1759267850.400576
0.07,0.27,-0.07,1759267850.4051204
0.06,0.27,-0.07,1759267850.4085126
0.07,0.27,-0.07,1759267850.4123278
0.06,0.26,-0.07,1759267850.4155502
0.06,0.26,-0.07,1759267850.4187615
0.06,0.26,-0.07,1759267850.4217114
0.06,0.25,-0.07,1759267850.4257083
0.06,0.26,-0.07,1759267850.4304025
0.06,0.26,-0.07,1759267850.435113
0.06,0.25,-0.07,1759267850.439219
0.06,0.25,-0.07,1759267850.442273
0.06,0.25,-0.07,1759267850.4457111
0.07,0.25,-0.07,1759267850.452406
0.07,0.25,-0.07,1759267850.4574704
0.07,0.25,-0.07,1759267850.464738
0.07,0.24,-0.07,1759267850.4716394
0.07,0.24,-0.07,1759267850.4770577
0.07,0.24,-0.07,1759267850.481408
0.08,0.24,-0.07,1759267850.4850538
0.08,0.25,-0.07,1759267850.4903035
0.09,0.24,-0.07,1759267850.4952433
0.09,0.25,-0.07,1759267850.4995291
0.09,0.25,-0.07,1759267850.5164156
0.09,0.25,-0.07,1759267850.528164
0.09,0.25,-0.07,1759267850.533662
0.1,0.25,-0.07,1759267850.5468078
0.09,0.25,-0.07,1759267850.5543756
0.09,0.25,-0.07,1759267850.5636735
0.09,0.25,-0.07,1759267850.5715375
0.09,0.25,-0.07,1759267850.579536
0.08,0.25,-0.07,1759267850.5834982
0.08,0.25,-0.07,1759267850.593608
0.08,0.25,-0.07,1759267850.5986996
0.08,0.25,-0.07,1759267850.6052165
0.08,0.25,-0.07,1759267850.6128533
0.08,0.25,-0.07,1759267850.618181
0.08,0.26,-0.07,1759267850.624263
0.08,0.26,-0.07,1759267850.6275554
0.08,0.26,-0.07,1759267850.630094
0.08,0.25,-0.07,1759267850.6342506
0.07,0.25,-0.07,1759267850.6431656
0.07,0.25,-0.07,1759267850.647901
0.07,0.25,-0.07,1759267850.6517928
0.07,0.25,-0.07,1759267850.6549537
0.08,0.25,-0.07,1759267850.6573305
0.07,0.25,-0.07,1759267850.6609287
0.07,0.25,-0.07,1759267850.6645896
0.07,0.25,-0.07,1759267850.6711216
0.07,0.25,-0.07,1759267850.6952784
0.07,0.25,-0.07,1759267850.6977358
0.07,0.25,-0.07,1759267850.7012122
0.06,0.25,-0.07,1759267850.7121022
0.06,0.25,-0.07,1759267850.71493
0.05,0.25,-0.07,1759267850.7384515
0.05,0.25,-0.07,1759267850.7509766
0.05,0.25,-0.07,1759267850.757211
0.05,0.25,-0.07,1759267850.7654717
0.05,0.25,-0.07,1759267850.7718296
0.05,0.25,-0.07,1759267850.7765243
0.05,0.25,-0.07,1759267850.782155
0.05,0.25,-0.07,1759267850.7856388
0.05,0.25,-0.07,1759267850.788878
0.04,0.25,-0.07,1759267850.7921252
0.04,0.25,-0.07,1759267850.795682
0.04,0.24,-0.07,1759267850.7977712
0.04,0.25,-0.07,1759267850.801647
0.04,0.24,-0.07,1759267850.8056188
0.04,0.24,-0.07,1759267850.8084235
0.05,0.24,-0.07,1759267850.8198855
0.05,0.24,-0.07,1759267850.831807
0.05,0.23,-0.07,1759267850.8355727
0.04,0.23,-0.07,1759267850.841065
0.04,0.23,-0.07,1759267850.8453174
0.04,0.22,-0.07,1759267850.8487637
0.04,0.22,-0.07,1759267850.8517733
0.04,0.22,-0.07,1759267850.8553674
0.03,0.23,-0.07,1759267850.8573544
0.03,0.22,-0.07,1759267850.8615203
0.03,0.22,-0.07,1759267850.8663728
0.03,0.22,-0.07,1759267850.870191
0.03,0.22,-0.07,1759267850.87311
0.03,0.22,-0.07,1759267850.8754182
0.03,0.21,-0.07,1759267850.878891
0.02,0.21,-0.07,1759267850.8816416
0.02,0.21,-0.07,1759267850.8850253
0.02,0.21,-0.07,1759267850.8884351
0.02,0.21,-0.07,1759267850.8937595
0.02,0.21,-0.07,1759267850.898413
0.02,0.21,-0.07,1759267850.9018886
0.02,0.21,-0.07,1759267850.909506
0.02,0.21,-0.07,1759267850.9168053
0.02,0.2,-0.07,1759267850.9217954
0.02,0.2,-0.07,1759267850.9261982
0.02,0.2,-0.07,1759267850.9375465
0.01,0.2,-0.07,1759267850.9413269
0.01,0.2,-0.07,1759267850.9485257
0.01,0.2,-0.07,1759267850.9544532
0.01,0.2,-0.07,1759267850.9583735
0.0,0.2,-0.07,1759267850.962807
-0.0,0.2,-0.07,1759267850.9683335
-0.01,0.2,-0.07,1759267850.9762342
-0.01,0.2,-0.07,1759267850.9833407
-0.01,0.2,-0.07,1759267850.9938824
-0.01,0.2,-0.07,1759267850.9979577
-0.01,0.2,-0.07,1759267851.0116043
-0.01,0.2,-0.07,1759267851.0164132
-0.01,0.19,-0.07,1759267851.0254428
-0.01,0.2,-0.07,1759267851.0386174
-0.01,0.19,-0.07,1759267851.0459056
-0.01,0.19,-0.07,1759267851.0530531
-0.01,0.2,-0.07,1759267851.0583556
-0.01,0.2,-0.07,1759267851.0644507
-0.01,0.19,-0.07,1759267851.0704694
-0.02,0.2,-0.07,1759267851.082538
-0.02,0.2,-0.07,1759267851.0889924
-0.02,0.2,-0.07,1759267851.0955174
-0.02,0.2,-0.07,1759267851.1012988
-0.02,0.2,-0.07,1759267851.10536
-0.02,0.2,-0.07,1759267851.108026
-0.02,0.2,-0.07,1759267851.1111867
-0.02,0.2,-0.07,1759267851.1185362
-0.02,0.19,-0.07,1759267851.121674
-0.01,0.2,-0.07,1759267851.1266563
-0.01,0.2,-0.07,1759267851.131494
-0.01,0.2,-0.07,1759267851.1342824
-0.01,0.2,-0.07,1759267851.1433263
-0.01,0.2,-0.07,1759267851.1476707
-0.01,0.19,-0.07,1759267851.1548302
-0.01,0.19,-0.07,1759267851.158824
-0.01,0.18,-0.07,1759267851.1618502
-0.0,0.19,-0.07,1759267851.1651232
-0.01,0.19,-0.07,1759267851.170526
-0.01,0.18,-0.07,1759267851.1766062
-0.01,0.18,-0.07,1759267851.1796532
-0.01,0.18,-0.07,1759267851.1829493
-0.01,0.18,-0.07,1759267851.1858344
-0.01,0.18,-0.07,1759267851.189976
-0.01,0.18,-0.07,1759267851.1933544
-0.0,0.18,-0.07,1759267851.1977887
-0.01,0.18,-0.07,1759267851.201856
-0.0,0.18,-0.07,1759267851.208155
0.0,0.17,-0.07,1759267851.211738
0.01,0.17,-0.07,1759267851.217746
0.01,0.17,-0.08,1759267851.2208102
0.01,0.17,-0.08,1759267851.2338488
0.01,0.17,-0.08,1759267851.2411058
0.01,0.17,-0.08,1759267851.254362
0.01,0.17,-0.08,1759267851.2650592
0.01,0.18,-0.08,1759267851.2708902
0.02,0.18,-0.08,1759267851.2761462
0.02,0.18,-0.08,1759267851.2814355
0.02,0.18,-0.08,1759267851.2865598
0.02,0.19,-0.08,1759267851.291848
0.02,0.18,-0.08,1759267851.3009973
0.02,0.18,-0.08,1759267851.3096595
0.03,0.17,-0.08,1759267851.3157082
0.03,0.18,-0.08,1759267851.319726
0.03,0.18,-0.08,1759267851.3246171
0.03,0.18,-0.08,1759267851.3288622
0.02,0.17,-0.08,1759267851.3343134
0.02,0.18,-0.08,1759267851.3424406
0.01,0.17,-0.08,1759267851.3492548
0.01,0.17,-0.08,1759267851.3552036
0.01,0.17,-0.08,1759267851.3614275
0.01,0.17,-0.08,1759267851.3670156
0.01,0.17,-0.08,1759267851.378708
0.01,0.17,-0.08,1759267851.3839223
0.02,0.17,-0.08,1759267851.3905697
0.01,0.17,-0.08,1759267851.3951802
0.01,0.16,-0.08,1759267851.398728
0.01,0.16,-0.08,1759267851.4047
0.0,0.15,-0.08,1759267851.4071522
0.01,0.15,-0.08,1759267851.4098446
0.01,0.15,-0.08,1759267851.4122186
0.01,0.16,-0.08,1759267851.4151037
0.01,0.15,-0.08,1759267851.4180603
0.02,0.16,-0.08,1759267851.4210248
0.02,0.16,-0.08,1759267851.4237704
0.02,0.15,-0.08,1759267851.4264872
0.02,0.15,-0.08,1759267851.429533
0.02,0.16,-0.08,1759267851.432168
0.02,0.15,-0.08,1759267851.4352376
0.02,0.15,-0.08,1759267851.43813
0.02,0.15,-0.08,1759267851.4406917
0.03,0.15,-0.08,1759267851.4451413
0.03,0.15,-0.08,1759267851.4479375
0.03,0.15,-0.08,1759267851.4506364
0.03,0.15,-0.08,1759267851.4552028
0.03,0.14,-0.08,1759267851.459505
0.03,0.15,-0.08,1759267851.4631813
0.02,0.15,-0.08,1759267851.4675238
0.03,0.15,-0.08,1759267851.470865
0.03,0.15,-0.08,1759267851.4738686
0.03,0.15,-0.08,1759267851.477589
0.03,0.15,-0.08,1759267851.4810798
0.03,0.15,-0.08,1759267851.4842236
0.03,0.15,-0.08,1759267851.4877608
0.03,0.15,-0.08,1759267851.4923382
0.03,0.16,-0.08,1759267851.4978309
0.03,0.16,-0.08,1759267851.501629
0.03,0.16,-0.08,1759267851.5051725
0.03,0.15,-0.08,1759267851.5096955
0.03,0.16,-0.08,1759267851.5134468
0.03,0.16,-0.08,1759267851.5166872
0.03,0.15,-0.08,1759267851.5191348
0.03,0.16,-0.08,1759267851.5219996
0.03,0.16,-0.08,1759267851.5253909
0.03,0.16,-0.08,1759267851.529081
0.02,0.17,-0.08,1759267851.5326934
0.02,0.17,-0.08,1759267851.5376954
0.02,0.16,-0.08,1759267851.5406852
0.01,0.17,-0.08,1759267851.5442865
0.01,0.17,-0.08,1759267851.547342
0.01,0.17,-0.08,1759267851.5507116
0.01,0.17,-0.08,1759267851.553728
0.0,0.18,-0.08,1759267851.5568757
0.01,0.17,-0.08,1759267851.5594945
0.01,0.17,-0.08,1759267851.5632324
0.01,0.17,-0.08,1759267851.568444
0.01,0.18,-0.08,1759267851.571632
0.01,0.18,-0.08,1759267851.576577
0.01,0.18,-0.08,1759267851.5794258
0.0,0.17,-0.08,1759267851.5823946
0.01,0.18,-0.08,1759267851.5858665
-0.0,0.18,-0.08,1759267851.58903
0.0,0.18,-0.08,1759267851.5920384
0.0,0.18,-0.08,1759267851.5952938
-0.0,0.18,-0.08,1759267851.5988896
0.0,0.18,-0.07,1759267851.601984
-0.0,0.18,-0.07,1759267851.6050303
-0.0,0.18,-0.07,1759267851.607899
-0.01,0.18,-0.07,1759267851.612768
-0.01,0.18,-0.07,1759267851.615289
-0.02,0.18,-0.07,1759267851.620108
-0.01,0.18,-0.07,1759267851.6225133
-0.01,0.18,-0.07,1759267851.625703
-0.01,0.19,-0.07,1759267851.627919
-0.01,0.19,-0.07,1759267851.630932
-0.02,0.19,-0.07,1759267851.6339846
-0.02,0.19,-0.07,1759267851.637055
-0.02,0.19,-0.07,1759267851.6397526
-0.01,0.19,-0.07,1759267851.6426957
-0.02,0.19,-0.07,1759267851.6461391
-0.01,0.19,-0.07,1759267851.6495092
-0.01,0.2,-0.07,1759267851.6522045
-0.0,0.19,-0.07,1759267851.6555085
0.0,0.19,-0.07,1759267851.6588848
0.01,0.2,-0.07,1759267851.6620622
0.01,0.2,-0.07,1759267851.664973
0.0,0.2,-0.07,1759267851.6679864
-0.0,0.2,-0.07,1759267851.671104
-0.0,0.2,-0.07,1759267851.6745346
-0.01,0.2,-0.07,1759267851.677774
-0.01,0.21,-0.07,1759267851.6805315
-0.0,0.2,-0.07,1759267851.6835067
-0.0,0.2,-0.07,1759267851.687564
0.0,0.21,-0.07,1759267851.6923585
-0.0,0.22,-0.06,1759267851.6983497
-0.0,0.22,-0.06,1759267851.7024956
-0.0,0.22,-0.06,1759267851.7051575
0.0,0.23,-0.06,1759267851.7078362
0.0,0.23,-0.06,1759267851.712031
0.0,0.22,-0.06,1759267851.714487
-0.0,0.23,-0.06,1759267851.7168882
-0.0,0.23,-0.06,1759267851.7210217
-0.0,0.22,-0.06,1759267851.7247393
-0.01,0.22,-0.06,1759267851.7268925
-0.01,0.22,-0.06,1759267851.729705
-0.0,0.22,-0.06,1759267851.733765
-0.0,0.22,-0.06,1759267851.7363143
0.0,0.21,-0.06,1759267851.739461
0.01,0.22,-0.06,1759267851.741997
0.01,0.21,-0.06,1759267851.7470765
0.01,0.22,-0.06,1759267851.750235
0.01,0.22,-0.06,1759267851.754681
0.01,0.22,-0.06,1759267851.7593791
0.0,0.23,-0.06,1759267851.7617798
-0.0,0.22,-0.06,1759267851.766652
-0.0,0.23,-0.06,1759267851.7690306
0.0,0.23,-0.06,1759267851.771559
0.01,0.24,-0.06,1759267851.7746708
0.01,0.25,-0.05,1759267851.7789829
0.01,0.24,-0.05,1759267851.7823637
0.01,0.24,-0.05,1759267851.7858715
0.01,0.24,-0.05,1759267851.787976
0.01,0.25,-0.05,1759267851.791448
0.02,0.25,-0.05,1759267851.7935605
0.02,0.24,-0.05,1759267851.797782
0.02,0.24,-0.05,1759267851.8000758
0.02,0.25,-0.05,1759267851.8025029
0.03,0.25,-0.05,1759267851.8051703
0.03,0.24,-0.05,1759267851.807875
0.03,0.24,-0.05,1759267851.8116348
0.03,0.24,-0.05,1759267851.8159869
0.03,0.24,-0.05,1759267851.820377
0.03,0.24,-0.05,1759267851.8233967
0.03,0.24,-0.05,1759267851.8257694
0.03,0.23,-0.05,1759267851.8280272
0.03,0.23,-0.05,1759267851.8308263
0.03,0.23,-0.05,1759267851.8343337
0.04,0.23,-0.05,1759267851.8416646
0.04,0.23,-0.05,1759267851.8451834
0.04,0.23,-0.05,1759267851.849714
0.04,0.24,-0.05,1759267851.8520658
0.05,0.24,-0.05,1759267851.855628
0.05,0.23,-0.05,1759267851.8576596
0.04,0.24,-0.05,1759267851.8603542
0.05,0.24,-0.05,1759267851.8640792
0.05,0.23,-0.05,1759267851.8667195
0.05,0.23,-0.05,1759267851.869583
0.05,0.23,-0.05,1759267851.8721306
0.05,0.23,-0.05,1759267851.8743212
0.05,0.23,-0.05,1759267851.878034
0.04,0.22,-0.05,1759267851.8800745
0.04,0.22,-0.05,1759267851.882279
0.05,0.22,-0.05,1759267851.884746
0.05,0.21,-0.05,1759267851.887005
0.05,0.21,-0.05,1759267851.8893445
0.06,0.21,-0.05,1759267851.8933294
0.05,0.21,-0.05,1759267851.8961842
0.05,0.2,-0.05,1759267851.900676
0.05,0.21,-0.05,1759267851.905052
0.05,0.21,-0.05,1759267851.9071553
0.05,0.21,-0.05,1759267851.9101584
0.05,0.21,-0.05,1759267851.9125695
0.05,0.21,-0.05,1759267851.9148734
0.05,0.22,-0.05,1759267851.918426
0.05,0.22,-0.05,1759267851.9205048
0.05,0.22,-0.05,1759267851.9227235
0.05,0.22,-0.05,1759267851.9268444
0.05,0.22,-0.05,1759267851.929568
0.05,0.23,-0.04,1759267851.932577
0.05,0.22,-0.04,1759267851.936639
0.05,0.22,-0.04,1759267851.9408412
0.05,0.23,-0.04,1759267851.9450614
0.05,0.22,-0.04,1759267851.9487262
0.05,0.22,-0.04,1759267851.951245
0.05,0.23,-0.04,1759267851.955256
0.05,0.22,-0.04,1759267851.9594097
0.05,0.23,-0.04,1759267851.963557
0.05,0.23,-0.04,1759267851.9677846
0.05,0.23,-0.04,1759267851.9709916
0.06,0.23,-0.04,1759267851.9739766
0.06,0.22,-0.04,1759267851.9775443
0.06,0.23,-0.04,1759267851.9817903
0.06,0.22,-0.04,1759267851.9860055
0.06,0.22,-0.04,1759267851.9892006
0.06,0.22,-0.04,1759267851.9922094
0.06,0.21,-0.04,1759267851.9962904
0.06,0.21,-0.04,1759267852.0000043
0.07,0.21,-0.04,1759267852.004258
0.07,0.22,-0.04,1759267852.0074594
0.07,0.22,-0.04,1759267852.0104358
0.07,0.23,-0.04,1759267852.0139685
0.07,0.22,-0.04,1759267852.0186875
0.08,0.22,-0.04,1759267852.022319
0.08,0.22,-0.04,1759267852.0265188
0.08,0.22,-0.04,1759267852.0297377
0.08,0.22,-0.04,1759267852.0325751
0.08,0.23,-0.04,1759267852.0368216
0.09,0.23,-0.04,1759267852.0404792
0.09,0.22,-0.04,1759267852.043233
0.09,0.22,-0.04,1759267852.0459971
0.09,0.22,-0.04,1759267852.0502715
0.09,0.21,-0.04,1759267852.0550878
0.09,0.21,-0.04,1759267852.057819
0.09,0.22,-0.04,1759267852.0604906
0.09,0.22,-0.04,1759267852.0633252
0.09,0.22,-0.04,1759267852.068215
0.09,0.21,-0.04,1759267852.0726388
0.09,0.21,-0.04,1759267852.0769536
0.08,0.2,-0.05,1759267852.080533
0.08,0.2,-0.05,1759267852.0838702
0.07,0.2,-0.05,1759267852.0866845
0.07,0.2,-0.05,1759267852.0904963
0.06,0.2,-0.05,1759267852.0950377
0.06,0.2,-0.05,1759267852.0986297
0.06,0.2,-0.05,1759267852.1028864
0.07,0.2,-0.05,1759267852.1071258
0.06,0.2,-0.05,1759267852.1104617
0.06,0.2,-0.05,1759267852.1133482
0.07,0.2,-0.05,1759267852.117412
0.07,0.19,-0.05,1759267852.1210778
0.07,0.19,-0.05,1759267852.1249712
0.07,0.19,-0.05,1759267852.1282456
0.07,0.19,-0.05,1759267852.1312685
0.06,0.18,-0.05,1759267852.1352775
0.06,0.19,-0.05,1759267852.138971
0.06,0.19,-0.05,1759267852.143149
0.06,0.18,-0.05,1759267852.1472278
0.06,0.18,-0.05,1759267852.1527555
0.06,0.18,-0.05,1759267852.1560066
0.06,0.19,-0.05,1759267852.159178
0.06,0.18,-0.05,1759267852.162065
0.05,0.18,-0.05,1759267852.1656537
0.05,0.18,-0.05,1759267852.171102
0.05,0.18,-0.05,1759267852.1756835
0.05,0.19,-0.05,1759267852.1794343
0.05,0.18,-0.05,1759267852.1840577
0.05,0.18,-0.05,1759267852.1873107
0.05,0.18,-0.05,1759267852.1918972
0.05,0.18,-0.05,1759267852.1971722
0.05,0.18,-0.05,1759267852.20168
0.05,0.18,-0.05,1759267852.2050962
0.05,0.18,-0.05,1759267852.2104805
0.04,0.18,-0.05,1759267852.215034
0.04,0.18,-0.05,1759267852.2192557
0.04,0.18,-0.05,1759267852.2234695
0.04,0.18,-0.05,1759267852.2276216
0.04,0.18,-0.05,1759267852.2309346
0.04,0.18,-0.05,1759267852.2344415
0.04,0.18,-0.05,1759267852.23938
0.03,0.18,-0.05,1759267852.242955
0.04,0.18,-0.05,1759267852.24835
0.03,0.18,-0.05,1759267852.2533486
0.03,0.18,-0.05,1759267852.2587495
0.03,0.18,-0.05,1759267852.2637484
0.03,0.18,-0.05,1759267852.2675192
0.03,0.18,-0.05,1759267852.2717347
0.02,0.18,-0.05,1759267852.2799735
0.03,0.18,-0.05,1759267852.287712
0.02,0.18,-0.05,1759267852.293942
0.02,0.18,-0.05,1759267852.301263
0.02,0.18,-0.05,1759267852.3058245
0.03,0.19,-0.05,1759267852.3095474
0.03,0.18,-0.05,1759267852.3124466
0.03,0.19,-0.05,1759267852.3172264
0.03,0.18,-0.05,1759267852.3193896
0.02,0.18,-0.05,1759267852.3229058
0.02,0.18,-0.05,1759267852.33041
0.02,0.18,-0.05,1759267852.3373303
0.02,0.18,-0.05,1759267852.3460388
0.02,0.19,-0.06,1759267852.3507123
0.03,0.19,-0.06,1759267852.3596208
0.02,0.2,-0.06,1759267852.367306
0.02,0.2,-0.06,1759267852.3747666
0.02,0.2,-0.06,1759267852.377082
0.02,0.2,-0.06,1759267852.384682
0.02,0.21,-0.06,1759267852.3897457
0.02,0.21,-0.06,1759267852.3958864
0.01,0.21,-0.06,1759267852.4028609
0.01,0.22,-0.06,1759267852.4083192
0.01,0.22,-0.06,1759267852.4134471
0.01,0.23,-0.06,1759267852.4220705
0.01,0.23,-0.06,1759267852.426999
0.02,0.23,-0.06,1759267852.4297936
0.01,0.23,-0.06,1759267852.4357247
0.02,0.24,-0.06,1759267852.4399476
0.01,0.24,-0.06,1759267852.4447336
0.01,0.24,-0.06,1759267852.446937
0.01,0.24,-0.06,1759267852.4522903
0.01,0.24,-0.06,1759267852.4549112
0.01,0.24,-0.06,1759267852.4576166
0.0,0.24,-0.06,1759267852.4614458
-0.0,0.24,-0.06,1759267852.4677167
-0.0,0.24,-0.06,1759267852.4724102
-0.0,0.24,-0.06,1759267852.4758685
-0.0,0.23,-0.06,1759267852.4817424
-0.01,0.24,-0.06,1759267852.4843333
-0.01,0.24,-0.06,1759267852.489981
-0.01,0.24,-0.06,1759267852.4957392
-0.0,0.24,-0.06,1759267852.4995766
-0.01,0.25,-0.06,1759267852.503407
-0.01,0.25,-0.06,1759267852.50628
-0.01,0.26,-0.06,1759267852.5088754
-0.0,0.26,-0.06,1759267852.5111396
-0.0,0.26,-0.06,1759267852.5129457
0.0,0.26,-0.06,1759267852.528222
-0.0,0.27,-0.06,1759267852.5299976
-0.0,0.26,-0.06,1759267852.5341618
-0.01,0.26,-0.06,1759267852.5390024
0.0,0.27,-0.06,1759267852.5622563
0.0,0.27,-0.06,1759267852.5806031
0.0,0.27,-0.06,1759267852.5855038
0.01,0.26,-0.06,1759267852.592085
0.01,0.26,-0.06,1759267852.5971503
0.02,0.27,-0.06,1759267852.6024227
0.02,0.27,-0.06,1759267852.6109335
0.02,0.27,-0.06,1759267852.6157515
0.02,0.28,-0.06,1759267852.6225038
0.02,0.28,-0.06,1759267852.6273289
0.03,0.28,-0.06,1759267852.633043
0.03,0.28,-0.06,1759267852.6398854
0.03,0.27,-0.06,1759267852.6439493
0.03,0.27,-0.06,1759267852.6498322
0.03,0.27,-0.06,1759267852.659154
0.03,0.27,-0.06,1759267852.6651342
0.03,0.27,-0.06,1759267852.6714394
0.02,0.26,-0.06,1759267852.6751034
0.02,0.27,-0.06,1759267852.6785011
0.03,0.27,-0.06,1759267852.6826866
0.03,0.26,-0.06,1759267852.6937144
0.03,0.27,-0.06,1759267852.697175
0.03,0.27,-0.06,1759267852.7188933
0.03,0.27,-0.06,1759267852.7263606
0.03,0.27,-0.06,1759267852.7314005
0.03,0.28,-0.06,1759267852.7372928
0.03,0.28,-0.06,1759267852.742748
0.03,0.28,-0.06,1759267852.7482543
0.03,0.28,-0.06,1759267852.7546978
0.03,0.28,-0.06,1759267852.7572129
0.03,0.27,-0.06,1759267852.7598455
0.03,0.27,-0.06,1759267852.7623491
0.03,0.27,-0.06,1759267852.7673223
0.04,0.27,-0.06,1759267852.77351
0.04,0.27,-0.06,1759267852.7852492
0.05,0.28,-0.06,1759267852.7912152
0.05,0.28,-0.06,1759267852.7943158
0.05,0.28,-0.06,1759267852.8003
0.05,0.28,-0.06,1759267852.8040757
0.04,0.28,-0.06,1759267852.8077872
0.04,0.28,-0.06,1759267852.8120296
0.03,0.27,-0.06,1759267852.8160975
0.04,0.28,-0.06,1759267852.8191388
0.04,0.28,-0.06,1759267852.8284266
0.04,0.28,-0.06,1759267852.832645
0.04,0.28,-0.06,1759267852.837552
0.04,0.28,-0.05,1759267852.840978
0.04,0.29,-0.05,1759267852.845811
0.04,0.29,-0.05,1759267852.8512535
0.04,0.29,-0.05,1759267852.8571832
0.04,0.3,-0.05,1759267852.860167
0.05,0.3,-0.05,1759267852.8636484
0.05,0.3,-0.05,1759267852.8671205
0.05,0.3,-0.05,1759267852.870837
0.05,0.29,-0.05,1759267852.8748164
0.05,0.29,-0.05,1759267852.878174
0.05,0.29,-0.05,1759267852.8831542
0.05,0.29,-0.05,1759267852.886649
0.06,0.29,-0.05,1759267852.890102
0.06,0.29,-0.05,1759267852.8942168
0.06,0.29,-0.05,1759267852.898373
0.06,0.29,-0.05,1759267852.9023774
0.06,0.29,-0.05,1759267852.9058778
0.07,0.29,-0.05,1759267852.9113207
0.06,0.29,-0.05,1759267852.9192522
0.06,0.29,-0.05,1759267852.92662
0.06,0.28,-0.05,1759267852.930845
0.07,0.28,-0.05,1759267852.9354594
0.06,0.28,-0.05,1759267852.9407282
0.06,0.28,-0.05,1759267852.9480753
0.05,0.28,-0.05,1759267852.9523697
0.06,0.28,-0.05,1759267852.957265
0.06,0.28,-0.05,1759267852.9650483
0.06,0.29,-0.05,1759267852.9686892
0.05,0.28,-0.05,1759267852.9714518
0.05,0.28,-0.05,1759267852.9744322
0.05,0.28,-0.05,1759267852.9764552
0.06,0.28,-0.05,1759267852.9820125
0.06,0.28,-0.05,1759267852.9855196
0.06,0.29,-0.05,1759267852.988802
0.06,0.28,-0.05,1759267852.9942005
0.06,0.29,-0.05,1759267852.999272
0.05,0.29,-0.05,1759267853.00257
0.06,0.29,-0.05,1759267853.0060158
0.06,0.28,-0.05,1759267853.0094688
0.06,0.28,-0.05,1759267853.0111787
0.06,0.28,-0.05,1759267853.0176077
0.06,0.27,-0.05,1759267853.0192628
0.06,0.27,-0.05,1759267853.0236268
0.06,0.27,-0.05,1759267853.0253377
0.05,0.26,-0.05,1759267853.027444
0.05,0.26,-0.05,1759267853.0338173
0.05,0.26,-0.05,1759267853.0356364
0.04,0.26,-0.05,1759267853.0376809
0.04,0.25,-0.05,1759267853.042444
0.05,0.25,-0.05,1759267853.0461054
0.04,0.25,-0.05,1759267853.0502825
0.05,0.25,-0.05,1759267853.0536127
0.05,0.25,-0.05,1759267853.057414
0.04,0.25,-0.05,1759267853.0594964
0.04,0.25,-0.05,1759267853.0616062
0.05,0.24,-0.05,1759267853.067061
0.05,0.24,-0.05,1759267853.0687113
0.05,0.24,-0.05,1759267853.0749173
0.05,0.25,-0.05,1759267853.0815108
0.05,0.25,-0.05,1759267853.0904331
0.05,0.25,-0.05,1759267853.0935712
0.06,0.25,-0.05,1759267853.0994897
0.05,0.25,-0.05,1759267853.1058524
0.05,0.24,-0.05,1759267853.10835
0.05,0.24,-0.05,1759267853.110288
0.05,0.24,-0.05,1759267853.1122746
0.06,0.24,-0.05,1759267853.1140976
0.06,0.23,-0.05,1759267853.1223187
0.06,0.23,-0.05,1759267853.1260524
0.06,0.23,-0.05,1759267853.1304345
0.06,0.23,-0.05,1759267853.132906
0.06,0.23,-0.05,1759267853.1366704
0.05,0.23,-0.05,1759267853.1392033
0.05,0.23,-0.05,1759267853.1449575
0.06,0.23,-0.05,1759267853.147927
0.05,0.23,-0.05,1759267853.1515129
0.05,0.23,-0.05,1759267853.1557426
0.05,0.22,-0.05,1759267853.1598434
0.05,0.22,-0.05,1759267853.16299
0.05,0.22,-0.05,1759267853.1649308
0.04,0.22,-0.05,1759267853.169317
0.04,0.22,-0.05,1759267853.172092
0.04,0.22,-0.05,1759267853.1746328
0.04,0.22,-0.05,1759267853.1771257
0.04,0.22,-0.05,1759267853.178846
0.03,0.21,-0.05,1759267853.1819673
0.03,0.21,-0.05,1759267853.1842754
0.04,0.21,-0.05,1759267853.1896
0.03,0.21,-0.05,1759267853.1914728
0.04,0.2,-0.05,1759267853.1941755
0.04,0.2,-0.05,1759267853.1967187
0.04,0.2,-0.05,1759267853.1993668
0.04,0.2,-0.05,1759267853.2011538
0.03,0.2,-0.04,1759267853.203513
0.04,0.2,-0.04,1759267853.2061114
0.03,0.2,-0.04,1759267853.2089212
0.03,0.2,-0.04,1759267853.2120037
0.03,0.2,-0.04,1759267853.2138011
0.03,0.2,-0.04,1759267853.2186852
0.03,0.2,-0.04,1759267853.2204452
0.02,0.2,-0.04,1759267853.2225232
0.02,0.2,-0.04,1759267853.2297084
0.02,0.2,-0.04,1759267853.231711
0.02,0.2,-0.04,1759267853.2422135
0.02,0.2,-0.04,1759267853.2458746
0.02,0.19,-0.04,1759267853.248563
0.02,0.2,-0.04,1759267853.2521477
0.03,0.2,-0.04,1759267853.2558303
0.02,0.2,-0.04,1759267853.259502
0.02,0.2,-0.04,1759267853.2628777
0.03,0.2,-0.04,1759267853.2648072
0.03,0.2,-0.04,1759267853.2672322
0.03,0.2,-0.04,1759267853.2697604
0.03,0.2,-0.04,1759267853.2722497
0.03,0.2,-0.04,1759267853.275133
0.03,0.2,-0.04,1759267853.277707
0.03,0.2,-0.04,1759267853.2805724
0.03,0.2,-0.04,1759267853.2843685
0.03,0.2,-0.04,1759267853.2950077
0.03,0.19,-0.04,1759267853.2984447
0.03,0.2,-0.04,1759267853.3026228
0.03,0.19,-0.04,1759267853.306942
0.03,0.2,-0.04,1759267853.3108368
0.03,0.2,-0.04,1759267853.3143177
0.03,0.2,-0.04,1759267853.3192017
0.03,0.2,-0.04,1759267853.3229933
0.03,0.19,-0.04,1759267853.3260348
0.02,0.19,-0.04,1759267853.3284922
0.02,0.19,-0.04,1759267853.3312805
0.03,0.19,-0.04,1759267853.333833
0.02,0.19,-0.04,1759267853.3391938
0.03,0.19,-0.04,1759267853.3408625
0.03,0.19,-0.04,1759267853.3447976
0.03,0.18,-0.04,1759267853.3466108
0.02,0.18,-0.04,1759267853.3489325
0.02,0.18,-0.04,1759267853.352301
0.02,0.18,-0.04,1759267853.354417
0.02,0.18,-0.04,1759267853.3599262
0.02,0.18,-0.04,1759267853.3621926
0.02,0.18,-0.04,1759267853.368261
0.02,0.18,-0.04,1759267853.37833
0.01,0.17,-0.04,1759267853.3898304
0.01,0.18,-0.04,1759267853.3930082
0.01,0.18,-0.04,1759267853.3989174
0.01,0.18,-0.04,1759267853.4006455
0.01,0.18,-0.04,1759267853.403722
0.02,0.18,-0.04,1759267853.405381
0.02,0.18,-0.04,1759267853.4078913
0.02,0.17,-0.04,1759267853.4129865
0.02,0.18,-0.05,1759267853.4166064
0.02,0.18,-0.05,1759267853.4195502
0.02,0.18,-0.05,1759267853.4218893
0.03,0.18,-0.05,1759267853.4247532
0.03,0.18,-0.05,1759267853.4271088
0.03,0.18,-0.05,1759267853.4302142
0.03,0.18,-0.05,1759267853.432818
0.04,0.18,-0.05,1759267853.4365196
0.04,0.18,-0.05,1759267853.439367
0.04,0.18,-0.05,1759267853.442171
0.03,0.19,-0.05,1759267853.4490995
0.03,0.19,-0.05,1759267853.452369
0.03,0.2,-0.05,1759267853.4549575
0.03,0.2,-0.05,1759267853.4585
0.03,0.2,-0.05,1759267853.4605784
0.03,0.2,-0.05,1759267853.4631305
0.04,0.2,-0.05,1759267853.4665053
0.03,0.21,-0.05,1759267853.4692605
0.03,0.21,-0.05,1759267853.4713745
0.04,0.22,-0.05,1759267853.4797063
0.04,0.22,-0.05,1759267853.4824555
0.04,0.23,-0.05,1759267853.4856222
0.04,0.23,-0.05,1759267853.491494
0.04,0.23,-0.05,1759267853.4958248
0.04,0.23,-0.05,1759267853.498488
0.04,0.23,-0.05,1759267853.5105507
0.04,0.22,-0.05,1759267853.5159404
0.05,0.23,-0.05,1759267853.5205965
0.05,0.22,-0.05,1759267853.5264113
0.05,0.22,-0.05,1759267853.5305023
0.05,0.23,-0.05,1759267853.5343986
0.05,0.23,-0.05,1759267853.5384543
0.05,0.23,-0.05,1759267853.5424333
0.05,0.23,-0.05,1759267853.5456953
0.05,0.24,-0.05,1759267853.5500517
0.05,0.24,-0.05,1759267853.5533204
0.04,0.23,-0.05,1759267853.5574749
0.04,0.23,-0.05,1759267853.5616872
0.05,0.23,-0.05,1759267853.566728
0.05,0.23,-0.06,1759267853.5703166
0.06,0.23,-0.06,1759267853.5746748
0.05,0.24,-0.06,1759267853.5789833
0.05,0.24,-0.06,1759267853.5829284
0.05,0.23,-0.06,1759267853.5859315
0.05,0.24,-0.06,1759267853.589996
0.05,0.23,-0.06,1759267853.595148
0.05,0.24,-0.06,1759267853.5992954
0.05,0.24,-0.06,1759267853.6023257
0.05,0.24,-0.06,1759267853.60948
0.05,0.24,-0.06,1759267853.6114757
0.06,0.24,-0.06,1759267853.6139576
0.05,0.23,-0.06,1759267853.6284409
0.05,0.23,-0.06,1759267853.6333802
0.05,0.23,-0.06,1759267853.6364198
0.05,0.23,-0.06,1759267853.642988
0.06,0.23,-0.06,1759267853.6451323
0.06,0.23,-0.06,1759267853.6536908
0.06,0.24,-0.06,1759267853.6558492
0.06,0.24,-0.06,1759267853.6582668
0.06,0.24,-0.06,1759267853.6638436
0.06,0.24,-0.06,1759267853.6659598
0.06,0.24,-0.06,1759267853.6691372
0.06,0.23,-0.06,1759267853.6710932
0.06,0.24,-0.06,1759267853.6746347
0.06,0.23,-0.06,1759267853.6769462
0.06,0.23,-0.06,1759267853.678687
0.06,0.23,-0.06,1759267853.6804368
0.06,0.23,-0.06,1759267853.682205
0.06,0.24,-0.06,1759267853.68434
0.06,0.24,-0.06,1759267853.6864114
0.07,0.23,-0.06,1759267853.6885996
0.07,0.23,-0.07,1759267853.6905408
0.07,0.24,-0.07,1759267853.693019
0.07,0.24,-0.07,1759267853.6950428
0.07,0.24,-0.07,1759267853.697175
0.07,0.24,-0.07,1759267853.6995597
0.07,0.24,-0.07,1759267853.7012205
0.06,0.24,-0.07,1759267853.7030833
0.06,0.25,-0.07,1759267853.7049084
0.06,0.24,-0.07,1759267853.706828
0.07,0.24,-0.07,1759267853.7085829
0.07,0.24,-0.07,1759267853.714416
0.07,0.24,-0.07,1759267853.716137
0.07,0.24,-0.07,1759267853.717808
0.07,0.24,-0.07,1759267853.7207448
0.06,0.24,-0.07,1759267853.722635
0.06,0.24,-0.07,1759267853.7249522
0.07,0.24,-0.07,1759267853.7294042
0.06,0.24,-0.07,1759267853.731898
0.06,0.24,-0.07,1759267853.739727
0.06,0.24,-0.07,1759267853.761453
0.06,0.24,-0.07,1759267853.7665997
0.07,0.24,-0.07,1759267853.7705672
0.07,0.24,-0.07,1759267853.7766862
0.08,0.25,-0.07,1759267853.7797563
0.08,0.25,-0.07,1759267853.7923355
0.08,0.25,-0.07,1759267853.7945433
0.08,0.25,-0.07,1759267853.796206
0.08,0.25,-0.07,1759267853.7978635
0.08,0.25,-0.07,1759267853.7994573
0.09,0.25,-0.07,1759267853.8012934
0.08,0.25,-0.07,1759267853.8034315
0.08,0.25,-0.07,1759267853.8060927
0.08,0.25,-0.07,1759267853.8081868
0.08,0.25,-0.07,1759267853.810635
0.08,0.25,-0.07,1759267853.8130133
0.08,0.25,-0.07,1759267853.8153107
0.08,0.25,-0.07,1759267853.8174117
0.09,0.25,-0.07,1759267853.819809
0.09,0.25,-0.07,1759267853.821876
0.09,0.25,-0.07,1759267853.824399
0.08,0.25,-0.07,1759267853.8273108
0.08,0.25,-0.07,1759267853.8309004
0.08,0.25,-0.07,1759267853.8338888
0.08,0.25,-0.07,1759267853.836455
0.08,0.25,-0.07,1759267853.8392415
0.08,0.25,-0.07,1759267853.8419063
0.08,0.25,-0.07,1759267853.8446505
0.08,0.25,-0.07,1759267853.8475535
0.08,0.25,-0.07,1759267853.8503454
0.08,0.26,-0.07,1759267853.852946
0.08,0.25,-0.07,1759267853.8557606
0.08,0.25,-0.07,1759267853.8590405
0.08,0.26,-0.07,1759267853.8623118
0.08,0.26,-0.07,1759267853.865475
0.08,0.26,-0.07,1759267853.8687222
0.08,0.26,-0.07,1759267853.871666
0.08,0.26,-0.07,1759267853.8754182
0.08,0.26,-0.07,1759267853.878514
0.09,0.26,-0.07,1759267853.8813522
0.08,0.26,-0.07,1759267853.8851695
0.08,0.25,-0.07,1759267853.8884854
0.09,0.25,-0.07,1759267853.8913405
0.09,0.25,-0.07,1759267853.8951795
0.09,0.25,-0.07,1759267853.8978992
0.09,0.26,-0.07,1759267853.901159
0.09,0.26,-0.07,1759267853.904065
0.09,0.25,-0.07,1759267853.907642
0.08,0.26,-0.07,1759267853.9108372
0.08,0.25,-0.07,1759267853.9139254
0.07,0.25,-0.07,1759267853.9181051
0.08,0.25,-0.07,1759267853.92166
0.08,0.25,-0.07,1759267853.9263706
0.07,0.25,-0.07,1759267853.9316108
0.07,0.25,-0.07,1759267853.9365995
0.07,0.25,-0.07,1759267853.9407165
0.07,0.25,-0.07,1759267853.943673
0.07,0.25,-0.07,1759267853.9467146
0.07,0.25,-0.07,1759267853.950416
0.07,0.26,-0.07,1759267853.952908
0.06,0.26,-0.07,1759267853.956613
0.06,0.25,-0.07,1759267853.9614177
0.06,0.25,-0.07,1759267853.9677825
0.05,0.25,-0.07,1759267853.970943
0.06,0.25,-0.07,1759267853.9748497
0.06,0.25,-0.07,1759267853.9780738
0.06,0.25,-0.07,1759267853.9811888
0.07,0.25,-0.07,1759267853.9843802
0.06,0.25,-0.07,1759267853.9901738
0.06,0.25,-0.07,1759267853.9937687
0.07,0.25,-0.07,1759267853.9975052
0.06,0.25,-0.07,1759267854.000705
0.06,0.24,-0.07,1759267854.0034978
0.05,0.24,-0.07,1759267854.006795
0.05,0.25,-0.07,1759267854.0136638
0.05,0.25,-0.07,1759267854.018619
0.06,0.24,-0.07,1759267854.022525
0.06,0.25,-0.07,1759267854.0291522
0.06,0.26,-0.07,1759267854.0327048
0.05,0.26,-0.07,1759267854.0378842
0.05,0.26,-0.07,1759267854.045228
0.05,0.26,-0.07,1759267854.049407
0.05,0.26,-0.07,1759267854.0518622
0.05,0.26,-0.07,1759267854.0551562
0.05,0.26,-0.07,1759267854.0590718
0.05,0.26,-0.07,1759267854.063256
0.05,0.26,-0.07,1759267854.0681818
0.05,0.26,-0.07,1759267854.0714316
0.05,0.26,-0.07,1759267854.0743947
0.06,0.26,-0.07,1759267854.080304
0.06,0.26,-0.07,1759267854.084142
0.06,0.26,-0.07,1759267854.0888548
0.06,0.26,-0.07,1759267854.0923684
0.05,0.25,-0.07,1759267854.0957785
0.05,0.26,-0.07,1759267854.0989048
0.05,0.26,-0.07,1759267854.1022737
0.05,0.26,-0.07,1759267854.1059914
0.05,0.26,-0.07,1759267854.1100788
0.05,0.25,-0.07,1759267854.1135745
0.05,0.25,-0.07,1759267854.1173246
0.05,0.26,-0.07,1759267854.1211758
0.04,0.25,-0.07,1759267854.1247408
0.05,0.25,-0.07,1759267854.1302006
0.04,0.25,-0.07,1759267854.136125
0.04,0.25,-0.07,1759267854.1396232
0.04,0.25,-0.07,1759267854.1435442
0.03,0.24,-0.07,1759267854.1463163
0.04,0.24,-0.07,1759267854.1516166
0.04,0.25,-0.07,1759267854.15479
0.04,0.25,-0.07,1759267854.1582668
0.04,0.25,-0.07,1759267854.162428
0.04,0.25,-0.07,1759267854.1666677
0.04,0.24,-0.07,1759267854.1702783
0.04,0.24,-0.07,1759267854.1737995
0.04,0.24,-0.07,1759267854.1779025
0.04,0.23,-0.07,1759267854.1815712
0.03,0.23,-0.07,1759267854.1863508
0.03,0.23,-0.07,1759267854.1898685
0.03,0.23,-0.07,1759267854.1938772
0.03,0.23,-0.07,1759267854.197541
0.03,0.24,-0.07,1759267854.202601
0.03,0.24,-0.07,1759267854.2062
0.02,0.23,-0.07,1759267854.2131152
0.02,0.23,-0.07,1759267854.219451
0.02,0.23,-0.07,1759267854.2243114
0.02,0.23,-0.07,1759267854.2277524
0.02,0.23,-0.07,1759267854.231268
0.02,0.23,-0.07,1759267854.2356684
0.01,0.23,-0.07,1759267854.2407143
0.01,0.22,-0.07,1759267854.2433918
0.01,0.22,-0.07,1759267854.249187
0.01,0.22,-0.06,1759267854.2534738
0.01,0.22,-0.06,1759267854.257725
0.01,0.23,-0.06,1759267854.2616467
0.01,0.23,-0.06,1759267854.2655537
0.01,0.23,-0.06,1759267854.2686818
0.01,0.23,-0.06,1759267854.2715726
0.01,0.23,-0.06,1759267854.2750108
0.01,0.23,-0.06,1759267854.278715
0.01,0.23,-0.06,1759267854.2824748
0.01,0.22,-0.06,1759267854.286772
0.01,0.23,-0.06,1759267854.2904842
0.0,0.22,-0.06,1759267854.294958
0.0,0.23,-0.06,1759267854.2976727
0.01,0.23,-0.06,1759267854.301894
0.02,0.23,-0.06,1759267854.3067222
0.01,0.24,-0.06,1759267854.3112226
0.02,0.23,-0.06,1759267854.3152113
0.02,0.23,-0.06,1759267854.321596
0.02,0.23,-0.06,1759267854.3255434
0.02,0.23,-0.06,1759267854.3297083
0.01,0.23,-0.06,1759267854.3338382
0.01,0.23,-0.06,1759267854.338849
0.02,0.23,-0.06,1759267854.3496842
0.01,0.23,-0.06,1759267854.3557107
0.01,0.22,-0.06,1759267854.3601716
0.01,0.22,-0.06,1759267854.3664975
0.02,0.21,-0.06,1759267854.3699186
0.01,0.21,-0.06,1759267854.373835
0.01,0.21,-0.06,1759267854.378949
0.02,0.21,-0.06,1759267854.3863215
0.02,0.21,-0.05,1759267854.3901467
0.01,0.21,-0.05,1759267854.394044
0.01,0.22,-0.05,1759267854.398886
0.02,0.21,-0.05,1759267854.4033675
0.01,0.21,-0.05,1759267854.4082682
0.01,0.22,-0.05,1759267854.4124134
0.0,0.22,-0.05,1759267854.4157715
0.0,0.22,-0.05,1759267854.42022
-0.01,0.22,-0.05,1759267854.4249122
-0.01,0.21,-0.05,1759267854.4277687
-0.01,0.21,-0.05,1759267854.4317262
-0.01,0.22,-0.05,1759267854.4375386
-0.01,0.21,-0.05,1759267854.4424891
-0.0,0.21,-0.05,1759267854.4483886
0.0,0.21,-0.05,1759267854.451906
0.0,0.21,-0.05,1759267854.4573686
0.0,0.21,-0.05,1759267854.4612212
0.01,0.21,-0.05,1759267854.4649415
0.01,0.22,-0.05,1759267854.4731407
0.02,0.22,-0.05,1759267854.481783
0.03,0.21,-0.05,1759267854.486678
0.02,0.22,-0.05,1759267854.4913127
0.02,0.21,-0.05,1759267854.5018568
0.02,0.22,-0.05,1759267854.5070996
0.02,0.22,-0.05,1759267854.5140164
0.03,0.22,-0.05,1759267854.519073
0.03,0.22,-0.05,1759267854.52244
0.03,0.22,-0.05,1759267854.5272405
0.03,0.21,-0.05,1759267854.530743
0.02,0.21,-0.05,1759267854.533888
0.03,0.21,-0.05,1759267854.53782
0.03,0.21,-0.05,1759267854.5427155
0.03,0.21,-0.05,1759267854.5449111
0.03,0.2,-0.05,1759267854.5479603
0.03,0.2,-0.05,1759267854.5507522
0.03,0.2,-0.05,1759267854.5537248
0.03,0.2,-0.05,1759267854.5577724
0.03,0.2,-0.05,1759267854.5625153
0.04,0.2,-0.04,1759267854.5659692
0.03,0.21,-0.04,1759267854.5687125
0.04,0.21,-0.04,1759267854.570586
0.04,0.2,-0.04,1759267854.579415
0.04,0.2,-0.04,1759267854.5893965
0.04,0.2,-0.04,1759267854.5916543
0.05,0.2,-0.04,1759267854.600245
0.04,0.2,-0.04,1759267854.6075642
0.04,0.2,-0.04,1759267854.6210208
0.04,0.19,-0.04,1759267854.625928
0.04,0.19,-0.04,1759267854.630016
0.04,0.2,-0.04,1759267854.6366928
0.03,0.2,-0.04,1759267854.6409843
0.04,0.2,-0.04,1759267854.6465888
0.04,0.2,-0.04,1759267854.6504686
0.04,0.2,-0.04,1759267854.6561456
0.04,0.21,-0.04,1759267854.6610374
0.04,0.21,-0.04,1759267854.6649792
0.04,0.21,-0.04,1759267854.6678402
0.04,0.21,-0.04,1759267854.6765106
0.05,0.21,-0.04,1759267854.680749
0.04,0.21,-0.04,1759267854.6908424
0.04,0.21,-0.04,1759267854.695631
0.04,0.21,-0.04,1759267854.699397
0.05,0.2,-0.04,1759267854.705571
0.05,0.2,-0.04,1759267854.712109
0.05,0.21,-0.04,1759267854.7181263
0.05,0.21,-0.04,1759267854.7214203
0.05,0.21,-0.04,1759267854.7256105
0.05,0.21,-0.04,1759267854.7289753
0.05,0.21,-0.04,1759267854.7309709
0.06,0.22,-0.04,1759267854.736653
0.06,0.22,-0.04,1759267854.743126
0.06,0.22,-0.04,1759267854.74668
0.06,0.21,-0.04,1759267854.748667
0.06,0.21,-0.04,1759267854.7525496
0.06,0.2,-0.04,1759267854.755208
0.06,0.2,-0.05,1759267854.758786
0.07,0.21,-0.05,1759267854.7634552
0.07,0.21,-0.05,1759267854.7672756
0.07,0.21,-0.05,1759267854.7695527
0.07,0.21,-0.05,1759267854.77546
0.07,0.21,-0.05,1759267854.7785616
0.07,0.2,-0.05,1759267854.7856848
0.07,0.2,-0.05,1759267854.789301
0.07,0.2,-0.05,1759267854.792657
0.07,0.21,-0.05,1759267854.796092
0.07,0.21,-0.05,1759267854.7992177
0.07,0.21,-0.05,1759267854.8020034
0.07,0.2,-0.05,1759267854.8042889
0.07,0.2,-0.05,1759267854.8101234
0.07,0.21,-0.05,1759267854.8157165
0.06,0.21,-0.05,1759267854.8227055
0.06,0.21,-0.05,1759267854.824794
0.06,0.21,-0.05,1759267854.8280098
0.06,0.2,-0.05,1759267854.8303168
0.06,0.2,-0.05,1759267854.8323133
0.06,0.2,-0.05,1759267854.836916
0.06,0.19,-0.05,1759267854.8391929
0.05,0.19,-0.05,1759267854.8474903
0.05,0.19,-0.05,1759267854.8495646
0.05,0.2,-0.05,1759267854.8525655
0.05,0.21,-0.05,1759267854.8557937
0.05,0.2,-0.05,1759267854.8585951
0.05,0.2,-0.05,1759267854.8611968
0.06,0.2,-0.05,1759267854.863242
0.05,0.2,-0.05,1759267854.86655
0.04,0.2,-0.05,1759267854.8686368
0.04,0.2,-0.05,1759267854.8716533
0.04,0.21,-0.05,1759267854.876635
0.04,0.21,-0.05,1759267854.881212
0.04,0.21,-0.06,1759267854.8884194
0.04,0.21,-0.06,1759267854.8914657
0.04,0.21,-0.06,1759267854.8977742
0.04,0.21,-0.06,1759267854.9026265
0.04,0.21,-0.06,1759267854.9180171
0.04,0.21,-0.06,1759267854.9312332
0.04,0.21,-0.06,1759267854.9362702
0.03,0.21,-0.06,1759267854.938727
0.03,0.21,-0.06,1759267854.9412024
0.03,0.21,-0.06,1759267854.9434566
0.03,0.21,-0.06,1759267854.9458692
0.03,0.22,-0.06,1759267854.9479127
0.03,0.22,-0.06,1759267854.950297
0.03,0.22,-0.06,1759267854.9548438
0.04,0.21,-0.06,1759267854.957523
0.04,0.21,-0.06,1759267854.9607744
0.05,0.21,-0.06,1759267854.964085
0.04,0.21,-0.06,1759267854.9707713
0.04,0.22,-0.06,1759267854.9790363
0.04,0.22,-0.06,1759267854.9818752
0.05,0.22,-0.06,1759267854.9842076
0.05,0.22,-0.06,1759267854.9879997
0.05,0.22,-0.06,1759267854.9917943
0.06,0.22,-0.06,1759267854.9943783
0.06,0.22,-0.06,1759267854.996724
0.05,0.23,-0.06,1759267854.9991293
0.05,0.22,-0.06,1759267855.0016649
0.05,0.22,-0.06,1759267855.0066595
0.06,0.22,-0.06,1759267855.0096838
0.05,0.23,-0.06,1759267855.0129888
0.06,0.22,-0.06,1759267855.0158658
0.05,0.22,-0.06,1759267855.0190325
0.05,0.23,-0.06,1759267855.0218346
0.05,0.22,-0.06,1759267855.027045
0.05,0.22,-0.06,1759267855.030545
0.05,0.22,-0.06,1759267855.0329509
0.05,0.22,-0.06,1759267855.036089
0.05,0.22,-0.06,1759267855.0384014
0.05,0.22,-0.06,1759267855.0417538
0.05,0.23,-0.06,1759267855.0441906
0.06,0.23,-0.06,1759267855.046973
0.06,0.23,-0.06,1759267855.049666
0.05,0.23,-0.06,1759267855.0584414
0.06,0.23,-0.06,1759267855.0631535
0.06,0.22,-0.06,1759267855.066465
0.06,0.23,-0.06,1759267855.0708144
0.06,0.23,-0.06,1759267855.0770922
0.06,0.23,-0.06,1759267855.0931616
0.06,0.23,-0.07,1759267855.100171
0.06,0.24,-0.07,1759267855.1044512
0.05,0.24,-0.07,1759267855.108309
0.05,0.24,-0.07,1759267855.1207798
0.05,0.25,-0.06,1759267855.127958
0.04,0.25,-0.07,1759267855.1357524
0.04,0.25,-0.07,1759267855.1438923
0.04,0.25,-0.07,1759267855.1492376
0.04,0.25,-0.07,1759267855.1552863
0.05,0.25,-0.07,1759267855.159241
0.05,0.25,-0.07,1759267855.162957
0.05,0.24,-0.07,1759267855.1673234
0.05,0.24,-0.07,1759267855.1750402
0.05,0.25,-0.07,1759267855.1793768
0.05,0.24,-0.07,1759267855.18467
0.05,0.24,-0.07,1759267855.1906433
0.05,0.24,-0.07,1759267855.196304
0.05,0.24,-0.07,1759267855.201351
0.05,0.24,-0.07,1759267855.2079997
0.05,0.25,-0.07,1759267855.2142792
0.05,0.24,-0.07,1759267855.2174864
0.06,0.25,-0.07,1759267855.2218173
0.05,0.25,-0.07,1759267855.2261577
0.05,0.25,-0.07,1759267855.2302985
0.05,0.25,-0.07,1759267855.2334578
0.06,0.25,-0.07,1759267855.2388775
0.06,0.25,-0.07,1759267855.2428226
0.05,0.25,-0.07,1759267855.2470815
0.06,0.25,-0.07,1759267855.249404
0.06,0.25,-0.07,1759267855.251685
0.05,0.25,-0.07,1759267855.2533393
0.05,0.25,-0.07,1759267855.2567017
0.05,0.25,-0.07,1759267855.259118
0.05,0.25,-0.07,1759267855.2630186
0.05,0.24,-0.07,1759267855.2656918
0.05,0.25,-0.07,1759267855.2689574
0.05,0.25,-0.07,1759267855.2730916
0.05,0.24,-0.07,1759267855.275467
0.06,0.25,-0.07,1759267855.2791138
0.06,0.25,-0.07,1759267855.2818265
0.06,0.24,-0.07,1759267855.2853034
0.05,0.25,-0.07,1759267855.2883933
0.05,0.25,-0.07,1759267855.292371
0.05,0.25,-0.07,1759267855.2956567
0.05,0.25,-0.07,1759267855.3009176
0.05,0.25,-0.07,1759267855.308138
0.05,0.25,-0.07,1759267855.3151898
0.05,0.26,-0.07,1759267855.3214855
0.05,0.26,-0.07,1759267855.3254206
0.05,0.26,-0.07,1759267855.3298895
0.05,0.26,-0.07,1759267855.3333478
0.05,0.26,-0.07,1759267855.3397558
0.05,0.26,-0.07,1759267855.3414843
0.05,0.26,-0.07,1759267855.3455029
0.05,0.26,-0.07,1759267855.3493245
0.05,0.26,-0.07,1759267855.3554037
0.05,0.26,-0.07,1759267855.3608296
0.05,0.26,-0.07,1759267855.3649693
0.06,0.26,-0.07,1759267855.369233
0.05,0.26,-0.07,1759267855.373908
0.06,0.26,-0.07,1759267855.380206
0.05,0.26,-0.07,1759267855.385274
0.06,0.26,-0.07,1759267855.3935697
0.05,0.26,-0.07,1759267855.396377
0.05,0.26,-0.07,1759267855.4030552
0.05,0.26,-0.07,1759267855.407076
0.06,0.26,-0.07,1759267855.4111862
0.05,0.26,-0.07,1759267855.414362
0.06,0.26,-0.07,1759267855.4199755
0.05,0.26,-0.07,1759267855.4290097
0.05,0.26,-0.07,1759267855.436453
0.05,0.26,-0.07,1759267855.4451065
0.06,0.25,-0.07,1759267855.450467
0.06,0.25,-0.07,1759267855.4542868
0.06,0.26,-0.07,1759267855.4565618
0.06,0.26,-0.07,1759267855.4583902
0.06,0.26,-0.07,1759267855.4636705
0.06,0.27,-0.07,1759267855.4697225
0.06,0.27,-0.07,1759267855.473416
0.06,0.27,-0.07,1759267855.475682
0.06,0.27,-0.06,1759267855.4774897
0.06,0.27,-0.06,1759267855.4828389
0.05,0.27,-0.06,1759267855.4849873
0.05,0.27,-0.06,1759267855.4871774
0.05,0.27,-0.06,1759267855.4893205
0.05,0.26,-0.06,1759267855.4924712
0.05,0.26,-0.06,1759267855.4941106
0.05,0.26,-0.06,1759267855.495936
0.05,0.26,-0.06,1759267855.4977105
0.05,0.26,-0.06,1759267855.4994245
0.05,0.26,-0.06,1759267855.501154
0.04,0.26,-0.06,1759267855.5027847
0.04,0.26,-0.06,1759267855.505265
0.04,0.26,-0.06,1759267855.5075393
0.04,0.26,-0.06,1759267855.5097854
0.05,0.26,-0.06,1759267855.5122845
0.05,0.26,-0.06,1759267855.514041
0.04,0.26,-0.06,1759267855.516857
0.04,0.25,-0.06,1759267855.5205824
0.04,0.25,-0.06,1759267855.5229883
0.04,0.25,-0.06,1759267855.525735
0.04,0.25,-0.06,1759267855.5279524
0.05,0.25,-0.06,1759267855.5326135
0.04,0.24,-0.06,1759267855.5376325
0.05,0.24,-0.06,1759267855.54177
0.04,0.24,-0.06,1759267855.5457706
0.05,0.24,-0.06,1759267855.5479124
0.04,0.24,-0.06,1759267855.5495727
0.04,0.24,-0.06,1759267855.5525386
0.04,0.24,-0.06,1759267855.555005
0.04,0.23,-0.06,1759267855.557875
0.03,0.23,-0.06,1759267855.5634782
0.03,0.23,-0.05,1759267855.567518
0.02,0.23,-0.05,1759267855.5701082
0.03,0.23,-0.05,1759267855.573105
0.03,0.23,-0.05,1759267855.576651
0.03,0.23,-0.05,1759267855.5805402
0.03,0.23,-0.05,1759267855.5836518
0.03,0.23,-0.05,1759267855.5867913
0.03,0.23,-0.05,1759267855.5904765
0.04,0.23,-0.05,1759267855.594851
0.04,0.23,-0.05,1759267855.599703
0.04,0.23,-0.05,1759267855.605916
0.04,0.23,-0.05,1759267855.6101537
0.03,0.23,-0.05,1759267855.6154866
0.04,0.23,-0.05,1759267855.6173515
0.04,0.23,-0.05,1759267855.620805
0.04,0.23,-0.05,1759267855.622507
0.04,0.23,-0.05,1759267855.6242542
0.04,0.23,-0.05,1759267855.6268866
0.04,0.23,-0.05,1759267855.6288545
0.04,0.22,-0.05,1759267855.6309962
0.04,0.22,-0.05,1759267855.6328297
0.03,0.22,-0.05,1759267855.6371748
0.03,0.22,-0.05,1759267855.639114
0.03,0.22,-0.05,1759267855.643474
0.03,0.22,-0.05,1759267855.6483774
0.02,0.22,-0.05,1759267855.6586883
0.02,0.22,-0.05,1759267855.6877418
0.02,0.22,-0.04,1759267855.6902888
0.02,0.22,-0.04,1759267855.693258
0.02,0.22,-0.04,1759267855.695232
0.02,0.22,-0.04,1759267855.6971009
0.01,0.22,-0.04,1759267855.7008224
0.02,0.22,-0.04,1759267855.7032902
0.02,0.22,-0.04,1759267855.706492
0.03,0.22,-0.04,1759267855.709501
0.03,0.22,-0.04,1759267855.7134693
0.03,0.22,-0.04,1759267855.7194889
0.04,0.22,-0.04,1759267855.7273057
0.03,0.22,-0.04,1759267855.7362456
0.04,0.22,-0.04,1759267855.7447517
0.04,0.22,-0.04,1759267855.7529614
0.05,0.22,-0.04,1759267855.7665372
0.04,0.23,-0.04,1759267855.777795
0.05,0.23,-0.04,1759267855.7842505
0.05,0.23,-0.04,1759267855.7899551
0.05,0.23,-0.04,1759267855.7957008
0.05,0.23,-0.04,1759267855.8008482
0.05,0.23,-0.04,1759267855.8078792
0.06,0.23,-0.04,1759267855.8132782
0.06,0.23,-0.04,1759267855.8269937
0.05,0.23,-0.04,1759267855.8396132
0.06,0.23,-0.04,1759267855.8487298
0.06,0.24,-0.04,1759267855.8577983
0.05,0.23,-0.04,1759267855.8779671
0.05,0.23,-0.04,1759267855.884358
0.06,0.23,-0.04,1759267855.8928816
0.06,0.22,-0.04,1759267855.9001007
0.06,0.23,-0.04,1759267855.908089
0.06,0.22,-0.04,1759267855.9149263
0.06,0.23,-0.04,1759267855.9354944
0.05,0.23,-0.04,1759267855.944016
0.06,0.23,-0.04,1759267855.95126
0.06,0.22,-0.04,1759267855.9601877
0.06,0.22,-0.04,1759267855.9689598
0.05,0.23,-0.04,1759267855.9764614
0.05,0.23,-0.04,1759267855.985214
0.06,0.23,-0.04,1759267855.9934044
0.06,0.23,-0.04,1759267855.9977646
0.06,0.23,-0.04,1759267856.0020835
0.06,0.23,-0.04,1759267856.0076108
0.06,0.23,-0.04,1759267856.0128176
0.06,0.23,-0.04,1759267856.0187483
0.06,0.23,-0.04,1759267856.0253315
0.06,0.23,-0.04,1759267856.032064
0.06,0.23,-0.04,1759267856.0379922
0.06,0.22,-0.04,1759267856.0434694
0.06,0.22,-0.04,1759267856.0485868
0.07,0.22,-0.04,1759267856.054736
0.07,0.22,-0.04,1759267856.061921
0.07,0.22,-0.04,1759267856.0691454
0.07,0.21,-0.04,1759267856.0758088
0.07,0.22,-0.04,1759267856.0817926
0.07,0.21,-0.04,1759267856.0878346
0.07,0.21,-0.04,1759267856.0939426
0.07,0.22,-0.04,1759267856.1002135
0.07,0.21,-0.04,1759267856.1063602
0.08,0.21,-0.04,1759267856.111191
0.07,0.21,-0.04,1759267856.116887
0.07,0.21,-0.04,1759267856.122111
0.07,0.21,-0.04,1759267856.1264665
0.07,0.21,-0.04,1759267856.1325135
0.07,0.21,-0.04,1759267856.1373646
0.07,0.21,-0.04,1759267856.141696
0.07,0.21,-0.04,1759267856.146989
0.07,0.21,-0.04,1759267856.15291
0.07,0.21,-0.04,1759267856.1663284
0.07,0.21,-0.04,1759267856.1861985
0.07,0.21,-0.04,1759267856.1942897
0.06,0.21,-0.05,1759267856.2006578
0.07,0.21,-0.05,1759267856.2075832
0.06,0.21,-0.05,1759267856.2146022
0.06,0.21,-0.05,1759267856.2211227
0.07,0.21,-0.05,1759267856.2278204
0.07,0.21,-0.05,1759267856.2321084
0.07,0.21,-0.05,1759267856.236369
0.07,0.21,-0.05,1759267856.240318
0.07,0.21,-0.05,1759267856.2442374
0.06,0.21,-0.05,1759267856.2469945
0.06,0.21,-0.05,1759267856.2518108
0.06,0.21,-0.05,1759267856.255768
0.06,0.21,-0.05,1759267856.2587714
0.06,0.21,-0.05,1759267856.2638211
0.05,0.21,-0.05,1759267856.2674391
0.05,0.21,-0.06,1759267856.2725365
0.05,0.21,-0.06,1759267856.276987
0.05,0.22,-0.06,1759267856.281103
0.05,0.22,-0.06,1759267856.285571
0.05,0.22,-0.06,1759267856.2888212
0.05,0.22,-0.06,1759267856.2927248
0.04,0.23,-0.06,1759267856.2966988
0.04,0.23,-0.06,1759267856.2997954
0.04,0.22,-0.06,1759267856.3033526
0.04,0.22,-0.06,1759267856.308555
0.03,0.22,-0.06,1759267856.3166003
0.03,0.22,-0.06,1759267856.3212504
0.04,0.21,-0.06,1759267856.3368497
0.04,0.21,-0.06,1759267856.35483
0.03,0.21,-0.06,1759267856.3587508
0.02,0.21,-0.06,1759267856.3698378
0.02,0.21,-0.06,1759267856.3764205
0.02,0.21,-0.06,1759267856.3853035
0.02,0.21,-0.07,1759267856.3920374
0.02,0.21,-0.07,1759267856.4014215
0.02,0.21,-0.07,1759267856.410386
0.01,0.21,-0.07,1759267856.4163735
0.01,0.21,-0.07,1759267856.423219
0.01,0.21,-0.07,1759267856.4298725
0.0,0.21,-0.07,1759267856.4374027
0.0,0.22,-0.07,1759267856.445047
0.01,0.22,-0.07,1759267856.4501102
0.0,0.22,-0.07,1759267856.45696
0.0,0.23,-0.07,1759267856.4613285
-0.01,0.22,-0.07,1759267856.4655988
-0.0,0.23,-0.07,1759267856.4708834
-0.01,0.23,-0.07,1759267856.4754608
-0.01,0.23,-0.07,1759267856.4794466
-0.01,0.23,-0.07,1759267856.483604
-0.01,0.23,-0.07,1759267856.4879394
-0.01,0.23,-0.07,1759267856.4922636
-0.01,0.23,-0.07,1759267856.4961588
-0.01,0.23,-0.07,1759267856.499661
-0.01,0.23,-0.07,1759267856.5032008
-0.01,0.23,-0.07,1759267856.5087297
-0.02,0.23,-0.07,1759267856.512801
-0.02,0.23,-0.07,1759267856.5168402
-0.02,0.24,-0.07,1759267856.522459
-0.02,0.24,-0.07,1759267856.5269606
-0.02,0.24,-0.07,1759267856.5304797
-0.02,0.25,-0.07,1759267856.5375342
-0.01,0.25,-0.07,1759267856.5413172
-0.02,0.25,-0.07,1759267856.5458276
-0.02,0.25,-0.07,1759267856.5517175
-0.03,0.24,-0.07,1759267856.5571852
-0.03,0.24,-0.07,1759267856.5627255
-0.03,0.24,-0.07,1759267856.569695
-0.03,0.24,-0.07,1759267856.5730426
-0.03,0.25,-0.07,1759267856.577084
-0.03,0.25,-0.07,1759267856.5801003
-0.03,0.24,-0.07,1759267856.5858824
-0.03,0.24,-0.07,1759267856.5906448
-0.02,0.24,-0.07,1759267856.5975125
-0.03,0.23,-0.07,1759267856.625567
-0.02,0.24,-0.07,1759267856.63771
-0.02,0.24,-0.07,1759267856.647156
-0.02,0.24,-0.07,1759267856.6490128
-0.02,0.25,-0.07,1759267856.652301
-0.02,0.25,-0.07,1759267856.656263
-0.02,0.25,-0.07,1759267856.6598165
-0.02,0.25,-0.06,1759267856.6634614
-0.02,0.25,-0.06,1759267856.6680558
-0.02,0.25,-0.06,1759267856.6762636
-0.02,0.25,-0.06,1759267856.6811626
-0.02,0.26,-0.06,1759267856.689965
-0.02,0.25,-0.06,1759267856.6957512
-0.02,0.26,-0.06,1759267856.7020864
-0.02,0.26,-0.06,1759267856.7070684
-0.02,0.26,-0.06,1759267856.711737
-0.03,0.26,-0.06,1759267856.7154152
-0.03,0.26,-0.06,1759267856.718919
-0.03,0.26,-0.06,1759267856.7242649
-0.03,0.26,-0.06,1759267856.7301638
-0.02,0.25,-0.06,1759267856.7357247
-0.02,0.25,-0.06,1759267856.7440977
-0.02,0.26,-0.06,1759267856.753114
-0.02,0.26,-0.06,1759267856.761043
-0.02,0.26,-0.06,1759267856.765038
-0.02,0.26,-0.06,1759267856.767348
-0.02,0.25,-0.06,1759267856.770108
-0.01,0.25,-0.06,1759267856.7748728
-0.01,0.25,-0.05,1759267856.7820992
-0.02,0.25,-0.05,1759267856.789992
-0.02,0.26,-0.05,1759267856.7980933
-0.01,0.26,-0.05,1759267856.8016677
-0.01,0.26,-0.05,1759267856.8111415
-0.01,0.25,-0.05,1759267856.8174045
-0.01,0.25,-0.05,1759267856.822035
-0.0,0.25,-0.05,1759267856.8253236
-0.0,0.25,-0.05,1759267856.8287334
-0.01,0.25,-0.05,1759267856.8332727
-0.01,0.25,-0.05,1759267856.8365934
-0.01,0.25,-0.05,1759267856.8386436
-0.0,0.26,-0.05,1759267856.8423498
0.01,0.25,-0.05,1759267856.8469565
-0.0,0.25,-0.05,1759267856.8527906
-0.0,0.25,-0.05,1759267856.8549013
-0.01,0.25,-0.05,1759267856.8613353
-0.01,0.25,-0.05,1759267856.866188
-0.0,0.25,-0.05,1759267856.8692927
0.0,0.25,-0.04,1759267856.8758743
0.0,0.25,-0.04,1759267856.887079
0.0,0.25,-0.04,1759267856.9049244
0.01,0.24,-0.04,1759267856.9151156
0.01,0.25,-0.04,1759267856.9221492
0.02,0.25,-0.04,1759267856.9306366
0.01,0.25,-0.04,1759267856.9344108
0.02,0.24,-0.04,1759267856.939376
0.03,0.24,-0.04,1759267856.9476564
0.03,0.24,-0.04,1759267856.9524574
0.03,0.24,-0.04,1759267856.957228
0.03,0.24,-0.04,1759267856.9628124
0.03,0.24,-0.04,1759267856.9705596
0.03,0.24,-0.04,1759267856.9766464
0.03,0.23,-0.04,1759267856.9798715
0.03,0.23,-0.04,1759267856.9834986
0.03,0.23,-0.04,1759267856.9874847
0.03,0.23,-0.04,1759267856.9910338
0.03,0.23,-0.04,1759267856.9943929
0.03,0.23,-0.04,1759267856.9987297
0.03,0.23,-0.04,1759267857.003235
0.03,0.23,-0.04,1759267857.0120823
0.02,0.23,-0.04,1759267857.0152912
0.02,0.23,-0.04,1759267857.0212562
0.02,0.23,-0.04,1759267857.0272508
0.02,0.23,-0.03,1759267857.0329096
0.02,0.23,-0.03,1759267857.0394535
0.02,0.23,-0.03,1759267857.0437436
0.02,0.23,-0.03,1759267857.0491064
0.02,0.23,-0.03,1759267857.0525188
0.02,0.23,-0.03,1759267857.0556448
0.02,0.23,-0.03,1759267857.061107
0.02,0.22,-0.03,1759267857.0733414
0.01,0.22,-0.03,1759267857.0792246
0.02,0.22,-0.03,1759267857.0843673
0.02,0.22,-0.03,1759267857.0887487
0.02,0.22,-0.03,1759267857.0992315
0.02,0.22,-0.03,1759267857.107877
0.03,0.23,-0.03,1759267857.119705
0.03,0.23,-0.03,1759267857.1269004
0.02,0.23,-0.03,1759267857.137969
0.03,0.23,-0.03,1759267857.147709
0.03,0.23,-0.03,1759267857.1551309
0.03,0.23,-0.03,1759267857.164195
0.03,0.23,-0.04,1759267857.1688368
0.03,0.23,-0.04,1759267857.1771922
0.03,0.23,-0.04,1759267857.193536
0.03,0.23,-0.04,1759267857.2051048
0.03,0.23,-0.04,1759267857.214744
0.03,0.23,-0.04,1759267857.2182262
0.03,0.24,-0.04,1759267857.2221158
0.03,0.23,-0.04,1759267857.2262182
0.03,0.24,-0.04,1759267857.2340508
0.02,0.23,-0.04,1759267857.240698
0.02,0.23,-0.04,1759267857.2491794
0.02,0.23,-0.04,1759267857.2529385
0.03,0.23,-0.04,1759267857.2576
0.02,0.23,-0.04,1759267857.262379
0.02,0.23,-0.04,1759267857.2700543
0.02,0.23,-0.04,1759267857.2760572
0.02,0.23,-0.04,1759267857.2836351
0.02,0.22,-0.04,1759267857.2883766
0.02,0.22,-0.04,1759267857.295148
0.01,0.22,-0.04,1759267857.300417
0.01,0.22,-0.04,1759267857.307184
0.01,0.22,-0.04,1759267857.3128612
0.01,0.21,-0.04,1759267857.3165672
0.01,0.21,-0.04,1759267857.319831
0.01,0.21,-0.04,1759267857.3217795
0.01,0.2,-0.05,1759267857.3251767
0.01,0.2,-0.05,1759267857.3296456
0.0,0.2,-0.05,1759267857.3338528
0.0,0.2,-0.05,1759267857.337605
0.0,0.2,-0.05,1759267857.3409996
0.0,0.2,-0.05,1759267857.3445563
0.0,0.2,-0.05,1759267857.348023
-0.0,0.2,-0.05,1759267857.3528025
-0.0,0.19,-0.05,1759267857.3563523
-0.01,0.19,-0.05,1759267857.3601472
-0.01,0.19,-0.05,1759267857.363798
-0.01,0.19,-0.05,1759267857.3684337
-0.01,0.19,-0.05,1759267857.3721926
-0.01,0.18,-0.05,1759267857.377318
-0.01,0.19,-0.05,1759267857.3799405
-0.01,0.18,-0.05,1759267857.383942
-0.02,0.18,-0.05,1759267857.3864353
-0.01,0.18,-0.05,1759267857.3896604
-0.01,0.18,-0.05,1759267857.392872
-0.02,0.18,-0.05,1759267857.3956826
-0.02,0.18,-0.05,1759267857.398552
-0.02,0.18,-0.05,1759267857.402405
-0.02,0.17,-0.06,1759267857.406143
-0.01,0.17,-0.06,1759267857.4110863
-0.02,0.17,-0.06,1759267857.414005
-0.01,0.17,-0.06,1759267857.4183345
-0.01,0.17,-0.06,1759267857.4217916
-0.01,0.17,-0.06,1759267857.426545
-0.01,0.17,-0.06,1759267857.4298494
-0.01,0.17,-0.06,1759267857.4344475
-0.01,0.17,-0.06,1759267857.4379158
-0.0,0.17,-0.06,1759267857.441316
-0.0,0.16,-0.06,1759267857.4448671
-0.01,0.16,-0.06,1759267857.4492476
-0.01,0.16,-0.06,1759267857.4528074
-0.01,0.16,-0.06,1759267857.4570904
-0.01,0.16,-0.06,1759267857.4606252
-0.01,0.16,-0.06,1759267857.464792
-0.01,0.16,-0.06,1759267857.4692936
-0.01,0.16,-0.06,1759267857.4731345
-0.01,0.17,-0.06,1759267857.477399
-0.0,0.16,-0.06,1759267857.4799118
-0.0,0.17,-0.06,1759267857.482752
-0.0,0.16,-0.06,1759267857.4876685
0.0,0.16,-0.06,1759267857.4904275
0.0,0.17,-0.06,1759267857.492785
-0.0,0.17,-0.06,1759267857.495988
-0.01,0.17,-0.06,1759267857.4991105
0.0,0.17,-0.06,1759267857.5038648
-0.0,0.17,-0.07,1759267857.5080874
0.0,0.17,-0.07,1759267857.511214
0.0,0.17,-0.07,1759267857.515843
0.0,0.17,-0.07,1759267857.5196223
0.0,0.17,-0.07,1759267857.524333
-0.0,0.17,-0.07,1759267857.52888
-0.01,0.17,-0.07,1759267857.5341654
-0.01,0.17,-0.07,1759267857.5388117
-0.01,0.17,-0.07,1759267857.5419078
-0.0,0.18,-0.07,1759267857.5479505
0.0,0.18,-0.07,1759267857.554708
0.0,0.18,-0.07,1759267857.5592868
-0.0,0.18,-0.07,1759267857.5656312
-0.0,0.18,-0.07,1759267857.569528
-0.0,0.18,-0.07,1759267857.5730443
-0.0,0.18,-0.07,1759267857.578572
-0.0,0.18,-0.07,1759267857.5826514
-0.0,0.18,-0.07,1759267857.5869002
-0.0,0.18,-0.07,1759267857.5896723
-0.01,0.18,-0.07,1759267857.5941255
-0.01,0.18,-0.07,1759267857.599504
-0.01,0.18,-0.07,1759267857.6042058
-0.01,0.17,-0.07,1759267857.6090767
-0.01,0.18,-0.07,1759267857.6130595
-0.01,0.18,-0.07,1759267857.617771
-0.01,0.18,-0.07,1759267857.6212976
-0.01,0.18,-0.07,1759267857.6259725
-0.0,0.18,-0.07,1759267857.630123
-0.01,0.18,-0.07,1759267857.6356778
-0.0,0.17,-0.07,1759267857.6414478
0.0,0.17,-0.07,1759267857.6451328
0.0,0.17,-0.07,1759267857.6485417
0.0,0.17,-0.07,1759267857.6511436
-0.0,0.17,-0.08,1759267857.6532788
0.0,0.18,-0.08,1759267857.6556416
0.0,0.18,-0.08,1759267857.6589851
0.01,0.18,-0.08,1759267857.661671
0.0,0.19,-0.08,1759267857.6642814
0.0,0.19,-0.08,1759267857.666204
0.0,0.19,-0.08,1759267857.6685846
0.01,0.19,-0.08,1759267857.670653
0.0,0.19,-0.08,1759267857.6725872
0.01,0.2,-0.08,1759267857.674718
0.01,0.2,-0.08,1759267857.676739
0.01,0.21,-0.08,1759267857.6788783
0.0,0.2,-0.08,1759267857.6812465
0.0,0.2,-0.08,1759267857.6833344
0.0,0.2,-0.08,1759267857.6857553
0.0,0.2,-0.08,1759267857.6883926
0.01,0.2,-0.08,1759267857.6902905
0.01,0.2,-0.08,1759267857.693956
0.01,0.2,-0.08,1759267857.6965692
0.01,0.2,-0.08,1759267857.6985688
0.01,0.21,-0.08,1759267857.7017465
0.0,0.21,-0.08,1759267857.7048864
0.0,0.21,-0.08,1759267857.7085886
0.0,0.21,-0.08,1759267857.713151
0.0,0.21,-0.08,1759267857.7195888
0.0,0.21,-0.08,1759267857.723609
0.0,0.22,-0.08,1759267857.7262416
-0.0,0.22,-0.08,1759267857.729808
-0.01,0.22,-0.08,1759267857.7332888
-0.01,0.23,-0.08,1759267857.736482
-0.01,0.23,-0.08,1759267857.7387834
-0.01,0.23,-0.08,1759267857.7411685
-0.02,0.23,-0.08,1759267857.7434752
-0.02,0.24,-0.08,1759267857.7454617
-0.02,0.24,-0.08,1759267857.7485886
-0.02,0.24,-0.08,1759267857.751847
-0.02,0.24,-0.08,1759267857.7571056
-0.02,0.24,-0.08,1759267857.7596557
-0.02,0.24,-0.08,1759267857.7733264
-0.02,0.24,-0.08,1759267857.7771163
-0.01,0.25,-0.08,1759267857.7802486
-0.02,0.24,-0.08,1759267857.7823508
-0.02,0.24,-0.08,1759267857.7870052
-0.02,0.25,-0.08,1759267857.7903235
-0.02,0.25,-0.08,1759267857.7931857
-0.01,0.25,-0.08,1759267857.7977808
-0.01,0.26,-0.08,1759267857.800585
-0.01,0.26,-0.08,1759267857.8036177
-0.01,0.26,-0.08,1759267857.808152
-0.01,0.26,-0.08,1759267857.8108604
-0.01,0.26,-0.08,1759267857.8163216
-0.01,0.27,-0.08,1759267857.820605
-0.01,0.26,-0.08,1759267857.8279526
-0.01,0.27,-0.08,1759267857.8341937
-0.01,0.26,-0.08,1759267857.8400362
-0.01,0.26,-0.08,1759267857.8435426
-0.02,0.26,-0.08,1759267857.863559
-0.02,0.26,-0.08,1759267857.8680265
-0.02,0.27,-0.08,1759267857.8760357
-0.02,0.27,-0.08,1759267857.8808007
-0.02,0.27,-0.08,1759267857.8832998
-0.01,0.27,-0.08,1759267857.9110456
-0.02,0.27,-0.08,1759267857.919702
-0.02,0.27,-0.08,1759267857.9260569
-0.02,0.27,-0.08,1759267857.9346726
-0.02,0.27,-0.08,1759267857.947232
-0.02,0.27,-0.08,1759267857.9510412
-0.02,0.28,-0.08,1759267857.955238
-0.02,0.28,-0.08,1759267857.961586
-0.02,0.28,-0.08,1759267857.978008
-0.02,0.28,-0.08,1759267857.9866562
-0.02,0.28,-0.08,1759267857.9970746
-0.01,0.28,-0.08,1759267858.011901
-0.02,0.28,-0.08,1759267858.0257137
-0.03,0.29,-0.08,1759267858.035454
-0.03,0.29,-0.08,1759267858.046497
-0.03,0.29,-0.08,1759267858.0582871
-0.03,0.29,-0.08,1759267858.071143
-0.02,0.3,-0.08,1759267858.0813153
-0.02,0.3,-0.08,1759267858.092104
-0.01,0.3,-0.07,1759267858.102964
-0.01,0.3,-0.07,1759267858.112096
-0.01,0.3,-0.07,1759267858.1203349
-0.01,0.3,-0.07,1759267858.128991
-0.01,0.31,-0.07,1759267858.1438885
-0.01,0.3,-0.07,1759267858.1536968
0.0,0.3,-0.07,1759267858.1615713
0.0,0.3,-0.07,1759267858.1691232
0.0,0.3,-0.07,1759267858.177391
0.0,0.31,-0.07,1759267858.185242
0.01,0.31,-0.07,1759267858.191578
0.01,0.31,-0.07,1759267858.1996946
0.01,0.31,-0.07,1759267858.2069204
0.0,0.31,-0.07,1759267858.2099695
0.01,0.31,-0.07,1759267858.211807
0.01,0.3,-0.07,1759267858.214076
0.01,0.3,-0.07,1759267858.2162986
0.01,0.31,-0.07,1759267858.2211957
0.01,0.31,-0.07,1759267858.2242446
0.01,0.31,-0.06,1759267858.22659
0.0,0.32,-0.06,1759267858.230774
0.0,0.31,-0.06,1759267858.2332382
0.0,0.31,-0.06,1759267858.2355058
0.01,0.31,-0.06,1759267858.2376316
0.0,0.31,-0.06,1759267858.2403
0.0,0.31,-0.06,1759267858.2445998
0.0,0.31,-0.06,1759267858.2463963
0.01,0.31,-0.06,1759267858.248754
0.01,0.31,-0.06,1759267858.2505486
0.02,0.3,-0.06,1759267858.2527168
0.02,0.3,-0.06,1759267858.254776
0.02,0.31,-0.06,1759267858.2565706
0.02,0.31,-0.06,1759267858.2584107
0.02,0.31,-0.06,1759267858.260186
0.02,0.3,-0.06,1759267858.2626936
0.01,0.3,-0.06,1759267858.264854
0.01,0.3,-0.06,1759267858.2778015
0.01,0.3,-0.06,1759267858.2877767
0.02,0.29,-0.06,1759267858.292682
0.02,0.29,-0.06,1759267858.29904
0.01,0.28,-0.05,1759267858.301981
0.02,0.28,-0.05,1759267858.306432
0.02,0.28,-0.05,1759267858.3090105
0.02,0.28,-0.05,1759267858.3137424
0.02,0.28,-0.05,1759267858.3168616
0.02,0.28,-0.05,1759267858.3198273
0.02,0.27,-0.05,1759267858.3225446
0.03,0.27,-0.05,1759267858.3261964
0.03,0.28,-0.05,1759267858.3284895
0.03,0.28,-0.05,1759267858.3317127
0.03,0.27,-0.05,1759267858.3348424
0.03,0.27,-0.05,1759267858.33663
0.03,0.26,-0.05,1759267858.34016
0.03,0.26,-0.05,1759267858.342936
0.04,0.26,-0.05,1759267858.3448048
0.04,0.25,-0.05,1759267858.3481927
0.04,0.25,-0.05,1759267858.3515055
0.03,0.24,-0.05,1759267858.3557746
0.04,0.25,-0.05,1759267858.3600245
0.04,0.25,-0.05,1759267858.3651023
0.05,0.25,-0.05,1759267858.3682928
0.05,0.25,-0.05,1759267858.371608
0.05,0.24,-0.05,1759267858.373398
0.05,0.24,-0.05,1759267858.384929
0.05,0.24,-0.05,1759267858.3892038
0.06,0.24,-0.05,1759267858.392677
0.05,0.24,-0.05,1759267858.395903
0.06,0.24,-0.05,1759267858.3992288
0.06,0.24,-0.05,1759267858.401047
0.06,0.23,-0.05,1759267858.404281
0.05,0.23,-0.05,1759267858.4076693
0.05,0.23,-0.05,1759267858.4115226
0.06,0.23,-0.05,1759267858.4146996
0.06,0.23,-0.05,1759267858.416523
0.06,0.23,-0.05,1759267858.419851
0.06,0.23,-0.05,1759267858.4230227
0.06,0.23,-0.05,1759267858.4264052
0.06,0.23,-0.05,1759267858.430722
0.06,0.23,-0.05,1759267858.4329882
0.07,0.23,-0.05,1759267858.4369695
0.06,0.23,-0.05,1759267858.440582
0.06,0.22,-0.05,1759267858.4442494
0.05,0.22,-0.05,1759267858.448165
0.06,0.22,-0.05,1759267858.4518814
0.06,0.22,-0.05,1759267858.4548502
0.06,0.22,-0.05,1759267858.45868
0.06,0.22,-0.05,1759267858.4625423
0.06,0.22,-0.05,1759267858.4648738
0.06,0.21,-0.05,1759267858.4681742
0.05,0.21,-0.05,1759267858.4720914
0.05,0.2,-0.05,1759267858.4763818
0.05,0.21,-0.05,1759267858.4804616
0.05,0.21,-0.05,1759267858.4842026
0.05,0.2,-0.05,1759267858.4881525
0.04,0.2,-0.05,1759267858.492407
0.04,0.2,-0.05,1759267858.5033495
0.04,0.19,-0.05,1759267858.5086372
0.04,0.2,-0.05,1759267858.5291193
0.03,0.2,-0.05,1759267858.5411634
0.03,0.2,-0.05,1759267858.5460196
0.03,0.19,-0.05,1759267858.550427
0.03,0.19,-0.05,1759267858.556521
0.02,0.19,-0.06,1759267858.567164
0.02,0.19,-0.06,1759267858.574313
0.02,0.2,-0.06,1759267858.5835142
0.02,0.19,-0.06,1759267858.589114
0.02,0.2,-0.06,1759267858.5926518
0.01,0.2,-0.06,1759267858.5973115
0.01,0.19,-0.06,1759267858.6015143
0.01,0.19,-0.06,1759267858.6068225
0.01,0.18,-0.06,1759267858.6116018
0.01,0.18,-0.06,1759267858.6157515
0.01,0.18,-0.06,1759267858.621167
0.01,0.18,-0.06,1759267858.6262794
0.01,0.18,-0.06,1759267858.6294148
0.01,0.18,-0.06,1759267858.6337032
0.01,0.19,-0.06,1759267858.6364815
0.01,0.18,-0.06,1759267858.6393344
0.01,0.18,-0.06,1759267858.6486642
0.01,0.18,-0.06,1759267858.6505892
0.01,0.18,-0.06,1759267858.6531012
0.0,0.18,-0.06,1759267858.670112
0.0,0.18,-0.06,1759267858.6749196
-0.0,0.18,-0.06,1759267858.6787858
0.01,0.18,-0.06,1759267858.6825552
0.01,0.19,-0.06,1759267858.685986
0.02,0.19,-0.06,1759267858.7002714
0.02,0.18,-0.06,1759267858.7067547
0.03,0.18,-0.06,1759267858.713239
0.02,0.18,-0.07,1759267858.73462
0.02,0.18,-0.07,1759267858.737584
0.02,0.19,-0.07,1759267858.7406704
0.03,0.18,-0.07,1759267858.7439108
0.03,0.18,-0.07,1759267858.7505677
0.03,0.18,-0.07,1759267858.7539291
0.03,0.18,-0.07,1759267858.7568083
0.03,0.18,-0.07,1759267858.7603896
0.03,0.17,-0.07,1759267858.76328
0.02,0.18,-0.07,1759267858.7661529
0.02,0.18,-0.07,1759267858.7687695
0.02,0.18,-0.07,1759267858.7717714
0.02,0.18,-0.07,1759267858.7755568
0.02,0.18,-0.07,1759267858.778872
0.02,0.18,-0.07,1759267858.7845745
0.02,0.18,-0.07,1759267858.7891426
0.02,0.18,-0.07,1759267858.7919438
0.02,0.18,-0.07,1759267858.7951674
0.02,0.18,-0.07,1759267858.8002365
0.01,0.18,-0.07,1759267858.802986
0.01,0.17,-0.07,1759267858.8063672
0.0,0.17,-0.07,1759267858.8096955
0.01,0.18,-0.07,1759267858.8136692
0.0,0.17,-0.07,1759267858.8182774
-0.01,0.18,-0.07,1759267858.8215342
-0.0,0.18,-0.07,1759267858.824545
-0.01,0.18,-0.07,1759267858.827614
-0.02,0.18,-0.07,1759267858.8319018
-0.02,0.18,-0.07,1759267858.835503
-0.02,0.18,-0.07,1759267858.8389988
-0.02,0.18,-0.07,1759267858.8418975
-0.02,0.19,-0.08,1759267858.8455408
-0.02,0.19,-0.08,1759267858.8486302
-0.02,0.19,-0.08,1759267858.8533528
-0.02,0.2,-0.08,1759267858.856574
-0.02,0.2,-0.08,1759267858.858908
-0.02,0.2,-0.08,1759267858.8623626
-0.03,0.2,-0.08,1759267858.8653033
-0.03,0.2,-0.08,1759267858.8693812
-0.03,0.19,-0.08,1759267858.883103
-0.03,0.19,-0.08,1759267858.8856318
-0.03,0.19,-0.08,1759267858.8884592
-0.04,0.19,-0.08,1759267858.8911424
-0.04,0.19,-0.08,1759267858.8943892
-0.04,0.19,-0.08,1759267858.897263
-0.05,0.19,-0.08,1759267858.9010568
-0.05,0.19,-0.08,1759267858.9048898
-0.05,0.19,-0.08,1759267858.907841
-0.04,0.2,-0.08,1759267858.911795
-0.04,0.19,-0.08,1759267858.9145737
-0.05,0.19,-0.08,1759267858.9271247
-0.05,0.19,-0.08,1759267858.9327445
-0.05,0.19,-0.08,1759267858.9360957
-0.05,0.19,-0.08,1759267858.938884
-0.05,0.19,-0.08,1759267858.9490075
-0.06,0.19,-0.08,1759267858.9546995
-0.06,0.19,-0.08,1759267858.959932
-0.06,0.19,-0.08,1759267858.963541
-0.06,0.18,-0.08,1759267858.968306
-0.06,0.18,-0.08,1759267858.9711454
-0.06,0.18,-0.08,1759267858.97673
-0.06,0.19,-0.08,1759267858.9789257
-0.07,0.18,-0.08,1759267858.983725
-0.06,0.18,-0.08,1759267858.9887164
-0.07,0.18,-0.08,1759267858.9915352
-0.07,0.19,-0.08,1759267858.9995654
-0.07,0.18,-0.08,1759267859.0033138
-0.07,0.19,-0.08,1759267859.0118546
-0.07,0.19,-0.08,1759267859.018511
-0.07,0.19,-0.08,1759267859.025415
-0.07,0.18,-0.08,1759267859.0341785
-0.07,0.18,-0.08,1759267859.0400743
-0.08,0.19,-0.08,1759267859.047091
-0.08,0.19,-0.08,1759267859.053807
-0.08,0.19,-0.08,1759267859.0593104
-0.08,0.18,-0.08,1759267859.0672696
-0.08,0.18,-0.08,1759267859.0736527
-0.08,0.19,-0.08,1759267859.0806062
-0.08,0.18,-0.08,1759267859.087394
-0.08,0.18,-0.08,1759267859.0946584
-0.08,0.18,-0.08,1759267859.1008573
-0.08,0.18,-0.08,1759267859.1046746
-0.08,0.18,-0.08,1759267859.1093335
-0.08,0.18,-0.08,1759267859.1170597
-0.08,0.18,-0.08,1759267859.1232226
-0.08,0.18,-0.08,1759267859.129423
-0.08,0.18,-0.08,1759267859.1363535
-0.08,0.18,-0.08,1759267859.143992
-0.08,0.18,-0.08,1759267859.1507874
-0.08,0.18,-0.08,1759267859.1607857
-0.09,0.18,-0.08,1759267859.170672
-0.09,0.18,-0.08,1759267859.177954
-0.08,0.18,-0.08,1759267859.1830523
-0.09,0.18,-0.08,1759267859.1903884
-0.09,0.18,-0.08,1759267859.1981106
-0.09,0.18,-0.08,1759267859.207307
-0.09,0.18,-0.08,1759267859.2135122
-0.09,0.18,-0.08,1759267859.221988
-0.09,0.19,-0.08,1759267859.2313392
-0.08,0.19,-0.08,1759267859.239617
-0.08,0.19,-0.08,1759267859.2685654
-0.09,0.19,-0.08,1759267859.2733617
-0.09,0.19,-0.08,1759267859.2777722
-0.09,0.2,-0.08,1759267859.281328
-0.08,0.19,-0.08,1759267859.2859848
-0.09,0.2,-0.08,1759267859.2905276
-0.08,0.2,-0.08,1759267859.2945154
-0.07,0.2,-0.08,1759267859.2982605
-0.08,0.2,-0.08,1759267859.3047647
-0.08,0.21,-0.08,1759267859.3132093
-0.08,0.21,-0.08,1759267859.3181129
-0.08,0.22,-0.08,1759267859.3218057
-0.08,0.22,-0.08,1759267859.3259692
-0.08,0.21,-0.08,1759267859.3307838
-0.08,0.22,-0.08,1759267859.3355358
-0.08,0.23,-0.08,1759267859.3446047
-0.08,0.23,-0.08,1759267859.351081
-0.08,0.22,-0.08,1759267859.3581605
-0.08,0.22,-0.07,1759267859.365126
-0.07,0.22,-0.07,1759267859.369073
-0.07,0.22,-0.07,1759267859.3757885
-0.07,0.22,-0.07,1759267859.3812191
-0.07,0.22,-0.07,1759267859.3856742
-0.07,0.22,-0.07,1759267859.3920393
-0.08,0.22,-0.07,1759267859.406355
-0.07,0.22,-0.07,1759267859.413612
-0.07,0.23,-0.07,1759267859.4227626
-0.06,0.23,-0.07,1759267859.438063
-0.06,0.24,-0.07,1759267859.4437535
-0.06,0.24,-0.07,1759267859.457263
-0.06,0.24,-0.07,1759267859.4645815
-0.06,0.25,-0.07,1759267859.4675386
-0.05,0.25,-0.07,1759267859.4710405
-0.05,0.25,-0.07,1759267859.4742064
-0.05,0.24,-0.07,1759267859.4764876
-0.05,0.24,-0.06,1759267859.480611
-0.04,0.24,-0.06,1759267859.483147
-0.04,0.24,-0.06,1759267859.4863274
-0.04,0.25,-0.06,1759267859.4898589
-0.04,0.24,-0.06,1759267859.4975169
-0.04,0.24,-0.06,1759267859.500475
-0.03,0.24,-0.06,1759267859.503155
-0.03,0.23,-0.06,1759267859.5083864
-0.03,0.23,-0.06,1759267859.5111692
-0.03,0.23,-0.06,1759267859.5151093
-0.03,0.24,-0.06,1759267859.5181675
-0.03,0.24,-0.06,1759267859.5390675
-0.03,0.24,-0.06,1759267859.545149
-0.02,0.24,-0.06,1759267859.5485396
-0.02,0.25,-0.06,1759267859.5515308
-0.02,0.25,-0.06,1759267859.553739
-0.03,0.25,-0.06,1759267859.5577323
-0.02,0.25,-0.06,1759267859.5599706
-0.01,0.25,-0.05,1759267859.568223
-0.01,0.25,-0.05,1759267859.579448
-0.01,0.25,-0.05,1759267859.5934305
-0.01,0.25,-0.05,1759267859.5979192
-0.01,0.25,-0.05,1759267859.6046622
-0.01,0.25,-0.05,1759267859.617114
-0.01,0.25,-0.05,1759267859.6239324
-0.01,0.24,-0.05,1759267859.627311
-0.0,0.25,-0.05,1759267859.6319134
-0.0,0.25,-0.05,1759267859.6351163
-0.0,0.25,-0.05,1759267859.640681
-0.0,0.26,-0.05,1759267859.646089
-0.01,0.25,-0.05,1759267859.6532545
-0.01,0.25,-0.05,1759267859.658769
-0.01,0.25,-0.05,1759267859.6645565
-0.01,0.25,-0.05,1759267859.6681976
-0.01,0.25,-0.05,1759267859.6744542
-0.01,0.24,-0.05,1759267859.6792743
-0.01,0.23,-0.05,1759267859.6856096
-0.0,0.24,-0.05,1759267859.691856
0.0,0.23,-0.05,1759267859.6975768
-0.0,0.23,-0.05,1759267859.7022014
-0.0,0.23,-0.05,1759267859.7100086
0.0,0.23,-0.05,1759267859.7176332
0.01,0.23,-0.05,1759267859.720823
0.01,0.23,-0.05,1759267859.7259445
0.01,0.22,-0.05,1759267859.7297802
0.02,0.22,-0.05,1759267859.7377758
0.02,0.22,-0.05,1759267859.744748
0.02,0.23,-0.05,1759267859.7573557
0.01,0.23,-0.05,1759267859.7670138
0.02,0.23,-0.04,1759267859.772962
0.02,0.23,-0.04,1759267859.7850466
0.02,0.23,-0.04,1759267859.8028378
0.02,0.23,-0.04,1759267859.808759
0.03,0.23,-0.04,1759267859.813232
0.03,0.23,-0.04,1759267859.8177843
0.04,0.22,-0.04,1759267859.8216264
0.03,0.22,-0.04,1759267859.8238058
0.04,0.23,-0.04,1759267859.8260925
0.04,0.23,-0.04,1759267859.8326988
0.04,0.23,-0.04,1759267859.838243
0.04,0.23,-0.04,1759267859.8438475
0.04,0.23,-0.04,1759267859.846631
0.04,0.23,-0.04,1759267859.8492591
0.05,0.23,-0.04,1759267859.8518295
0.05,0.23,-0.04,1759267859.8581336
0.05,0.23,-0.04,1759267859.861511
0.05,0.23,-0.04,1759267859.8661556
0.05,0.23,-0.04,1759267859.8758235
0.05,0.24,-0.04,1759267859.8782296
0.06,0.23,-0.04,1759267859.88667
0.06,0.24,-0.04,1759267859.896005
0.06,0.23,-0.04,1759267859.902363
0.06,0.23,-0.04,1759267859.9052513
0.06,0.23,-0.04,1759267859.9134922
0.07,0.23,-0.04,1759267859.9195297
0.07,0.23,-0.04,1759267859.9219625
0.07,0.23,-0.04,1759267859.927421
0.07,0.22,-0.04,1759267859.9309833
0.07,0.23,-0.04,1759267859.9351826
0.07,0.23,-0.04,1759267859.9382732
0.06,0.23,-0.04,1759267859.941195
0.06,0.23,-0.04,1759267859.9453084
0.06,0.23,-0.04,1759267859.9480736
0.05,0.23,-0.04,1759267859.9534185
0.06,0.22,-0.04,1759267859.9566934
0.06,0.22,-0.04,1759267859.9607725
0.06,0.22,-0.04,1759267859.9635558
0.06,0.22,-0.04,1759267859.9667933
0.07,0.22,-0.04,1759267859.9708457
0.07,0.22,-0.04,1759267859.9743147
0.07,0.22,-0.04,1759267859.978022
0.08,0.22,-0.04,1759267859.9815414
0.08,0.22,-0.04,1759267859.984929
0.09,0.22,-0.04,1759267859.987231
0.09,0.22,-0.04,1759267859.991275
0.08,0.22,-0.04,1759267859.9957092
0.08,0.22,-0.04,1759267859.999573
0.07,0.21,-0.04,1759267860.0036387
0.07,0.22,-0.04,1759267860.007959
0.07,0.21,-0.05,1759267860.011061
0.08,0.22,-0.04,1759267860.0147812
0.07,0.22,-0.05,1759267860.0179777
0.07,0.22,-0.05,1759267860.0212054
0.07,0.22,-0.05,1759267860.0254638
0.07,0.22,-0.05,1759267860.028079
0.06,0.22,-0.05,1759267860.0323284
0.07,0.23,-0.05,1759267860.036103
0.06,0.23,-0.05,1759267860.0389707
0.07,0.23,-0.05,1759267860.0438662
0.06,0.23,-0.05,1759267860.0499325
0.06,0.23,-0.05,1759267860.0538943
0.07,0.23,-0.05,1759267860.0586135
0.07,0.22,-0.05,1759267860.063339
0.06,0.22,-0.05,1759267860.0662715
0.06,0.22,-0.05,1759267860.0702822
0.06,0.22,-0.05,1759267860.0731575
0.05,0.22,-0.05,1759267860.0774543
0.05,0.22,-0.05,1759267860.0800698
0.05,0.23,-0.05,1759267860.0855532
0.06,0.23,-0.05,1759267860.0889645
0.06,0.23,-0.05,1759267860.0913932
0.05,0.23,-0.05,1759267860.094567
0.06,0.23,-0.06,1759267860.0986462
0.06,0.23,-0.06,1759267860.1017027
0.06,0.22,-0.06,1759267860.1061895
0.07,0.22,-0.06,1759267860.1098998
0.06,0.22,-0.06,1759267860.1134038
0.06,0.22,-0.06,1759267860.1168587
0.06,0.21,-0.06,1759267860.1209848
0.06,0.21,-0.06,1759267860.1248865
0.06,0.21,-0.06,1759267860.1283684
0.06,0.21,-0.06,1759267860.1337569
0.06,0.22,-0.06,1759267860.1373055
0.05,0.22,-0.06,1759267860.1411989
0.06,0.21,-0.06,1759267860.1454732
0.05,0.21,-0.07,1759267860.149298
0.05,0.21,-0.07,1759267860.1524324
0.06,0.21,-0.07,1759267860.1563296
0.06,0.21,-0.07,1759267860.1595118
0.05,0.21,-0.07,1759267860.16548
0.05,0.2,-0.07,1759267860.1685688
0.06,0.2,-0.07,1759267860.1723244
0.06,0.2,-0.07,1759267860.1761863
0.06,0.2,-0.07,1759267860.1805413
0.05,0.2,-0.07,1759267860.1841755
0.06,0.2,-0.07,1759267860.1877074
0.05,0.2,-0.07,1759267860.190934
0.06,0.19,-0.07,1759267860.194996
0.05,0.19,-0.08,1759267860.1985407
0.05,0.19,-0.08,1759267860.20206
0.05,0.19,-0.08,1759267860.205995
0.04,0.19,-0.08,1759267860.2094295
0.04,0.19,-0.08,1759267860.2131507
0.05,0.19,-0.08,1759267860.2185445
0.05,0.19,-0.08,1759267860.2217157
0.05,0.19,-0.08,1759267860.2257931
0.05,0.19,-0.08,1759267860.2287078
0.05,0.2,-0.08,1759267860.2323372
0.05,0.19,-0.08,1759267860.2366383
0.05,0.2,-0.08,1759267860.2393491
0.04,0.2,-0.08,1759267860.2427902
0.03,0.2,-0.08,1759267860.2470665
0.03,0.2,-0.08,1759267860.2506857
0.03,0.2,-0.09,1759267860.2543848
0.03,0.2,-0.09,1759267860.2582028
0.02,0.21,-0.09,1759267860.2629497
0.02,0.2,-0.09,1759267860.2688065
0.02,0.2,-0.09,1759267860.2764506
0.02,0.2,-0.09,1759267860.2823122
0.02,0.21,-0.09,1759267860.287124
0.01,0.21,-0.09,1759267860.294226
0.01,0.21,-0.09,1759267860.3038144
0.0,0.2,-0.09,1759267860.3139875
-0.0,0.2,-0.09,1759267860.3203683
-0.0,0.2,-0.09,1759267860.3264632
-0.0,0.2,-0.09,1759267860.3335774
-0.01,0.2,-0.09,1759267860.3376
-0.01,0.2,-0.09,1759267860.3433895
-0.01,0.2,-0.1,1759267860.3533084
-0.01,0.2,-0.1,1759267860.357731
-0.01,0.2,-0.1,1759267860.3631332
-0.01,0.2,-0.1,1759267860.3698125
-0.01,0.2,-0.1,1759267860.3749886
-0.02,0.19,-0.1,1759267860.3808093
-0.02,0.19,-0.1,1759267860.387795
-0.02,0.19,-0.1,1759267860.3934636
-0.03,0.19,-0.1,1759267860.3982627
-0.03,0.19,-0.1,1759267860.407803
-0.03,0.19,-0.1,1759267860.418267
-0.03,0.19,-0.1,1759267860.4229667
-0.04,0.19,-0.1,1759267860.4282491
-0.04,0.2,-0.1,1759267860.4329736
-0.04,0.19,-0.1,1759267860.4356723
-0.03,0.19,-0.1,1759267860.4421947
-0.04,0.19,-0.11,1759267860.444756
-0.04,0.19,-0.11,1759267860.4483593
-0.04,0.2,-0.11,1759267860.4507024
-0.04,0.19,-0.11,1759267860.455495
-0.04,0.19,-0.11,1759267860.4582176
-0.04,0.19,-0.11,1759267860.461636
-0.04,0.19,-0.11,1759267860.4666808
-0.04,0.19,-0.11,1759267860.469382
-0.04,0.18,-0.11,1759267860.474959
-0.04,0.19,-0.11,1759267860.47955
-0.04,0.19,-0.11,1759267860.482029
-0.04,0.19,-0.11,1759267860.4858985
-0.04,0.19,-0.11,1759267860.4881182
-0.04,0.2,-0.11,1759267860.490204
-0.05,0.19,-0.11,1759267860.4929006
-0.05,0.19,-0.12,1759267860.4964154
-0.05,0.2,-0.12,1759267860.5007093
-0.05,0.19,-0.12,1759267860.5037627
-0.05,0.19,-0.12,1759267860.5068436
-0.05,0.2,-0.12,1759267860.5110638
-0.05,0.2,-0.12,1759267860.513965
-0.05,0.2,-0.12,1759267860.5165825
-0.05,0.2,-0.12,1759267860.519287
-0.04,0.2,-0.12,1759267860.5212824
-0.04,0.2,-0.12,1759267860.5266514
-0.04,0.2,-0.12,1759267860.5293405
-0.05,0.19,-0.12,1759267860.5310657
-0.04,0.19,-0.12,1759267860.5332162
-0.05,0.19,-0.12,1759267860.5372756
-0.05,0.19,-0.12,1759267860.5412126
-0.05,0.19,-0.12,1759267860.543377
-0.05,0.19,-0.12,1759267860.547637
-0.05,0.18,-0.12,1759267860.5549436
-0.05,0.19,-0.12,1759267860.5601966
-0.05,0.19,-0.12,1759267860.5654914
-0.05,0.19,-0.12,1759267860.571179
-0.06,0.2,-0.12,1759267860.5754778
-0.06,0.2,-0.12,1759267860.5806067
-0.07,0.2,-0.12,1759267860.5874794
-0.08,0.2,-0.12,1759267860.5925305
-0.07,0.2,-0.13,1759267860.595808
-0.07,0.2,-0.13,1759267860.6022472
-0.07,0.21,-0.13,1759267860.6071107
-0.06,0.2,-0.13,1759267860.6137457
-0.07,0.2,-0.13,1759267860.6178615
-0.07,0.2,-0.13,1759267860.6205623
-0.07,0.19,-0.13,1759267860.6252284
-0.07,0.19,-0.12,1759267860.6279576
-0.07,0.19,-0.12,1759267860.632163
-0.07,0.18,-0.12,1759267860.6362855
-0.07,0.18,-0.12,1759267860.638864
-0.06,0.18,-0.12,1759267860.6414442
-0.06,0.18,-0.12,1759267860.645554
-0.07,0.18,-0.12,1759267860.6485832
-0.07,0.19,-0.12,1759267860.653346
-0.07,0.19,-0.12,1759267860.6553996
-0.07,0.19,-0.12,1759267860.658118
-0.06,0.19,-0.12,1759267860.6621678
-0.07,0.19,-0.12,1759267860.6660738
-0.07,0.18,-0.12,1759267860.6724105
-0.06,0.18,-0.12,1759267860.6812596
-0.07,0.18,-0.12,1759267860.686575
-0.07,0.18,-0.12,1759267860.692751
-0.07,0.18,-0.12,1759267860.700377
-0.07,0.18,-0.12,1759267860.7056997
-0.07,0.18,-0.12,1759267860.71216
-0.07,0.18,-0.12,1759267860.7221208
-0.07,0.19,-0.12,1759267860.7302327
-0.07,0.18,-0.12,1759267860.7390182
-0.07,0.19,-0.12,1759267860.7469156
-0.07,0.19,-0.12,1759267860.754263
-0.06,0.18,-0.12,1759267860.7622666
-0.06,0.18,-0.12,1759267860.7683902
-0.06,0.18,-0.12,1759267860.7750523
-0.06,0.18,-0.12,1759267860.7802267
-0.07,0.19,-0.12,1759267860.7849822
-0.06,0.19,-0.12,1759267860.792608
-0.05,0.19,-0.11,1759267860.798519
-0.05,0.19,-0.11,1759267860.8032072
-0.05,0.19,-0.11,1759267860.8064394
-0.06,0.2,-0.11,1759267860.8108644
-0.06,0.19,-0.11,1759267860.8142562
-0.05,0.2,-0.11,1759267860.8225386
-0.06,0.2,-0.11,1759267860.8269598
-0.05,0.21,-0.11,1759267860.8323565
-0.05,0.2,-0.11,1759267860.8370504
-0.05,0.2,-0.11,1759267860.841781
-0.06,0.21,-0.11,1759267860.8495612
-0.06,0.21,-0.11,1759267860.853689
-0.06,0.21,-0.11,1759267860.8579805
-0.06,0.21,-0.11,1759267860.8633485
-0.06,0.2,-0.11,1759267860.869155
-0.06,0.21,-0.11,1759267860.8732386
-0.06,0.21,-0.11,1759267860.8801253
-0.06,0.22,-0.1,1759267860.8838222
-0.06,0.22,-0.1,1759267860.8918524
-0.06,0.21,-0.1,1759267860.8978803
-0.06,0.22,-0.1,1759267860.9036162
-0.06,0.21,-0.1,1759267860.9120853
-0.07,0.21,-0.1,1759267860.918287
-0.07,0.21,-0.1,1759267860.9248495
-0.07,0.21,-0.1,1759267860.929993
-0.07,0.21,-0.1,1759267860.9370337
-0.07,0.2,-0.1,1759267860.9419549
-0.07,0.2,-0.09,1759267860.946501
-0.07,0.21,-0.09,1759267860.9505346
-0.07,0.21,-0.09,1759267860.954425
-0.07,0.22,-0.09,1759267860.9585755
-0.07,0.21,-0.09,1759267860.9624832
-0.06,0.21,-0.09,1759267860.9653227
-0.07,0.21,-0.09,1759267860.970191
-0.06,0.22,-0.09,1759267860.9743817
-0.06,0.21,-0.09,1759267860.9791098
-0.06,0.21,-0.09,1759267860.9830046
-0.06,0.21,-0.09,1759267860.9870114
-0.06,0.21,-0.09,1759267860.991009
-0.06,0.21,-0.09,1759267860.9940412
-0.06,0.21,-0.08,1759267860.9971185
-0.06,0.21,-0.08,1759267861.001191
-0.06,0.21,-0.08,1759267861.0042534
-0.06,0.21,-0.08,1759267861.0066304
-0.06,0.21,-0.08,1759267861.0124848
-0.06,0.21,-0.08,1759267861.018604
-0.05,0.21,-0.08,1759267861.0257618
-0.06,0.21,-0.08,1759267861.0324366
-0.06,0.21,-0.08,1759267861.036433
-0.06,0.21,-0.08,1759267861.042129
-0.05,0.21,-0.08,1759267861.0470476
-0.05,0.22,-0.08,1759267861.0526032
-0.04,0.22,-0.08,1759267861.059323
-0.05,0.22,-0.08,1759267861.065942
-0.04,0.21,-0.07,1759267861.0701103
-0.04,0.22,-0.07,1759267861.0738947
-0.03,0.22,-0.07,1759267861.0795135
-0.03,0.23,-0.07,1759267861.0839443
-0.03,0.23,-0.07,1759267861.0895708
-0.04,0.22,-0.07,1759267861.0954895
-0.04,0.22,-0.07,1759267861.0997794
-0.04,0.21,-0.07,1759267861.1040406
-0.03,0.21,-0.07,1759267861.1125703
-0.04,0.21,-0.07,1759267861.1187954
-0.04,0.21,-0.07,1759267861.1268394
-0.04,0.21,-0.07,1759267861.1399477
-0.04,0.21,-0.07,1759267861.1450632
-0.04,0.21,-0.07,1759267861.1503615
-0.03,0.21,-0.07,1759267861.160787
-0.04,0.21,-0.07,1759267861.167268
-0.03,0.21,-0.07,1759267861.173508
-0.04,0.21,-0.07,1759267861.1777256
-0.04,0.21,-0.06,1759267861.1838229
-0.03,0.21,-0.06,1759267861.1933398
-0.04,0.21,-0.06,1759267861.1977415
-0.03,0.21,-0.06,1759267861.202571
-0.02,0.21,-0.06,1759267861.208783
-0.02,0.2,-0.06,1759267861.21363
-0.02,0.2,-0.06,1759267861.219764
-0.02,0.2,-0.06,1759267861.22517
-0.02,0.2,-0.06,1759267861.2303014
-0.02,0.2,-0.06,1759267861.2358043
-0.01,0.2,-0.06,1759267861.2417016
-0.01,0.2,-0.06,1759267861.249025
-0.01,0.2,-0.06,1759267861.2574575
-0.01,0.19,-0.06,1759267861.2637222
-0.01,0.2,-0.06,1759267861.26854
-0.01,0.2,-0.06,1759267861.2738695
-0.01,0.19,-0.06,1759267861.2805972
-0.01,0.19,-0.06,1759267861.2848446
-0.01,0.19,-0.06,1759267861.2913148
-0.01,0.18,-0.06,1759267861.306206
-0.01,0.18,-0.06,1759267861.3128672
-0.02,0.19,-0.06,1759267861.317556
-0.02,0.19,-0.06,1759267861.3231895
-0.02,0.19,-0.06,1759267861.327936
-0.02,0.19,-0.06,1759267861.3336809
-0.02,0.19,-0.06,1759267861.3384924
-0.02,0.19,-0.06,1759267861.351581
-0.01,0.19,-0.06,1759267861.3562431
-0.01,0.19,-0.06,1759267861.3647692
-0.02,0.19,-0.06,1759267861.3705382
-0.02,0.19,-0.06,1759267861.3792057
-0.02,0.19,-0.06,1759267861.3864589
-0.02,0.19,-0.06,1759267861.3923614
-0.01,0.18,-0.06,1759267861.3977349
-0.01,0.18,-0.06,1759267861.4039676
-0.02,0.18,-0.06,1759267861.4110656
-0.02,0.18,-0.06,1759267861.418898
-0.03,0.18,-0.06,1759267861.4256794
-0.03,0.18,-0.06,1759267861.4324844
-0.03,0.18,-0.06,1759267861.4376748
-0.02,0.18,-0.06,1759267861.4422083
-0.02,0.19,-0.06,1759267861.452561
-0.03,0.19,-0.06,1759267861.4609003
-0.03,0.19,-0.07,1759267861.4726014
-0.03,0.18,-0.07,1759267861.4801311
-0.03,0.18,-0.07,1759267861.4868052
-0.04,0.18,-0.07,1759267861.4928174
-0.04,0.17,-0.07,1759267861.5014522
-0.03,0.18,-0.07,1759267861.5077453
-0.04,0.18,-0.07,1759267861.5187376
-0.03,0.18,-0.07,1759267861.5264509
-0.04,0.17,-0.07,1759267861.532807
-0.03,0.17,-0.07,1759267861.5395267
-0.03,0.17,-0.07,1759267861.5471058
-0.04,0.17,-0.07,1759267861.551788
-0.03,0.16,-0.07,1759267861.5588152
-0.03,0.16,-0.07,1759267861.5665064
-0.04,0.17,-0.07,1759267861.5714846
-0.03,0.17,-0.07,1759267861.5781946
-0.03,0.18,-0.07,1759267861.5855734
-0.03,0.18,-0.07,1759267861.592548
-0.04,0.18,-0.08,1759267861.598724
-0.04,0.17,-0.08,1759267861.60775
-0.04,0.17,-0.08,1759267861.6144052
-0.05,0.18,-0.08,1759267861.6231492
-0.05,0.17,-0.08,1759267861.629727
-0.05,0.18,-0.08,1759267861.6366074
-0.04,0.17,-0.08,1759267861.6443677
-0.05,0.17,-0.08,1759267861.6514952
-0.05,0.17,-0.08,1759267861.6607847
-0.06,0.17,-0.08,1759267861.6723387
-0.06,0.16,-0.08,1759267861.6798172
-0.06,0.16,-0.08,1759267861.687709
-0.06,0.16,-0.08,1759267861.6932015
-0.06,0.16,-0.08,1759267861.701217
-0.06,0.16,-0.08,1759267861.7087848
-0.06,0.16,-0.09,1759267861.7164662
-0.06,0.16,-0.09,1759267861.721992
-0.07,0.16,-0.09,1759267861.7299385
-0.06,0.16,-0.09,1759267861.7358932
-0.07,0.16,-0.09,1759267861.7405365
-0.07,0.16,-0.09,1759267861.74879
-0.07,0.16,-0.09,1759267861.7553153
-0.07,0.16,-0.09,1759267861.7619205
-0.07,0.17,-0.09,1759267861.7790003
-0.08,0.17,-0.09,1759267861.7911186
-0.07,0.17,-0.09,1759267861.800303
-0.08,0.17,-0.09,1759267861.8048286
-0.08,0.17,-0.1,1759267861.8088183
-0.08,0.17,-0.1,1759267861.8129835
-0.08,0.17,-0.1,1759267861.8171418
-0.08,0.18,-0.1,1759267861.8204565
-0.08,0.18,-0.1,1759267861.8252306
-0.07,0.17,-0.1,1759267861.8293114
-0.08,0.17,-0.1,1759267861.8325548
-0.08,0.17,-0.1,1759267861.8386865
-0.08,0.17,-0.1,1759267861.8460624
-0.08,0.17,-0.1,1759267861.853264
-0.08,0.17,-0.1,1759267861.8618686
-0.07,0.17,-0.1,1759267861.8702636
-0.07,0.17,-0.1,1759267861.879294
-0.07,0.17,-0.1,1759267861.8863037
-0.06,0.17,-0.1,1759267861.8896985
-0.07,0.18,-0.11,1759267861.892276
-0.07,0.18,-0.11,1759267861.895677
-0.07,0.18,-0.11,1759267861.906413
-0.07,0.17,-0.11,1759267861.9118354
-0.08,0.17,-0.11,1759267861.9165094
-0.07,0.17,-0.11,1759267861.9257154
-0.08,0.17,-0.11,1759267861.9335923
-0.08,0.17,-0.11,1759267861.9375775
-0.07,0.17,-0.11,1759267861.942001
-0.07,0.17,-0.11,1759267861.94697
-0.07,0.17,-0.11,1759267861.9546278
-0.07,0.17,-0.11,1759267861.9607098
-0.07,0.17,-0.11,1759267861.9643445
-0.07,0.17,-0.11,1759267861.96607
-0.06,0.17,-0.11,1759267861.967715
-0.06,0.17,-0.11,1759267861.9693353
-0.07,0.16,-0.11,1759267861.9726348
-0.07,0.16,-0.11,1759267861.975165
-0.06,0.17,-0.11,1759267861.9771433
-0.06,0.17,-0.11,1759267861.9787424
-0.05,0.16,-0.11,1759267861.9803717
-0.05,0.17,-0.11,1759267861.9822254
-0.05,0.17,-0.11,1759267861.9849336
-0.05,0.18,-0.11,1759267861.9868298
-0.04,0.18,-0.11,1759267861.9884715
-0.04,0.18,-0.11,1759267861.990873
-0.04,0.17,-0.11,1759267861.992916
-0.04,0.17,-0.11,1759267861.9961054
-0.03,0.18,-0.11,1759267861.997839
-0.02,0.17,-0.11,1759267861.999906
-0.02,0.17,-0.11,1759267862.001673
-0.03,0.17,-0.11,1759267862.0067403
-0.02,0.17,-0.11,1759267862.0090756
-0.02,0.17,-0.11,1759267862.011062
-0.01,0.17,-0.11,1759267862.013572
-0.01,0.17,-0.11,1759267862.0154755
-0.01,0.17,-0.1,1759267862.0174346
-0.02,0.17,-0.1,1759267862.0205524
-0.02,0.18,-0.1,1759267862.02749
-0.02,0.18,-0.1,1759267862.0317905
-0.02,0.18,-0.1,1759267862.0374336
-0.02,0.18,-0.1,1759267862.0409265
-0.02,0.18,-0.1,1759267862.0468495
-0.02,0.18,-0.1,1759267862.0501585
-0.02,0.18,-0.1,1759267862.0521348
-0.02,0.18,-0.1,1759267862.0554245
-0.02,0.18,-0.1,1759267862.0597055
-0.02,0.18,-0.1,1759267862.0627456
-0.02,0.18,-0.1,1759267862.0648594
-0.02,0.18,-0.1,1759267862.067114
-0.02,0.18,-0.1,1759267862.0696063
-0.03,0.18,-0.1,1759267862.0731814
-0.03,0.18,-0.1,1759267862.076427
-0.02,0.18,-0.1,1759267862.079971
-0.02,0.18,-0.1,1759267862.0858245
-0.03,0.18,-0.1,1759267862.088631
-0.02,0.18,-0.1,1759267862.0906413
-0.03,0.18,-0.1,1759267862.092432
-0.03,0.18,-0.1,1759267862.0963578
-0.02,0.18,-0.09,1759267862.0983326
-0.02,0.18,-0.09,1759267862.100267
-0.03,0.18,-0.09,1759267862.1020138
-0.02,0.19,-0.09,1759267862.104365
-0.02,0.19,-0.09,1759267862.1068337
-0.03,0.19,-0.09,1759267862.1091666
-0.03,0.19,-0.09,1759267862.111157
-0.03,0.2,-0.09,1759267862.1127882
-0.03,0.2,-0.09,1759267862.1160784
-0.03,0.2,-0.09,1759267862.1187367
-0.04,0.2,-0.09,1759267862.1207554
-0.03,0.2,-0.09,1759267862.1242197
-0.03,0.2,-0.09,1759267862.127036
-0.03,0.2,-0.09,1759267862.1303492
-0.03,0.2,-0.09,1759267862.132746
-0.03,0.21,-0.09,1759267862.135744
-0.02,0.21,-0.08,1759267862.1381657
-0.03,0.2,-0.08,1759267862.1413293
-0.02,0.2,-0.08,1759267862.1467967
-0.03,0.2,-0.08,1759267862.1498544
-0.04,0.2,-0.08,1759267862.152615
-0.03,0.2,-0.08,1759267862.1576262
-0.03,0.2,-0.08,1759267862.1603816
-0.03,0.2,-0.08,1759267862.1637473
-0.03,0.21,-0.08,1759267862.1666229
-0.03,0.2,-0.08,1759267862.1694503
-0.04,0.21,-0.08,1759267862.1727808
-0.04,0.21,-0.08,1759267862.1756394
-0.03,0.22,-0.08,1759267862.1785505
-0.03,0.21,-0.08,1759267862.182079
-0.03,0.22,-0.08,1759267862.187022
-0.04,0.21,-0.07,1759267862.1917691
-0.03,0.21,-0.07,1759267862.195915
-0.04,0.21,-0.07,1759267862.2018602
-0.03,0.22,-0.07,1759267862.2055829
-0.04,0.21,-0.07,1759267862.2091787
-0.04,0.21,-0.07,1759267862.2129292
-0.04,0.22,-0.07,1759267862.2162282
-0.04,0.21,-0.07,1759267862.220673
-0.04,0.21,-0.07,1759267862.22407
-0.04,0.22,-0.07,1759267862.2283237
-0.04,0.21,-0.07,1759267862.2312098
-0.04,0.21,-0.07,1759267862.2365727
-0.05,0.22,-0.07,1759267862.2406628
-0.04,0.22,-0.06,1759267862.2445903
-0.05,0.22,-0.06,1759267862.2479868
-0.04,0.23,-0.06,1759267862.252246
-0.04,0.23,-0.06,1759267862.256094
-0.05,0.23,-0.06,1759267862.261199
-0.05,0.23,-0.06,1759267862.2644222
-0.04,0.23,-0.06,1759267862.2708695
-0.04,0.23,-0.06,1759267862.2750435
-0.03,0.23,-0.06,1759267862.2781005
-0.04,0.23,-0.06,1759267862.2812552
-0.04,0.23,-0.06,1759267862.284725
-0.04,0.23,-0.06,1759267862.2875702
-0.04,0.23,-0.06,1759267862.2917385
-0.04,0.23,-0.06,1759267862.294927
-0.04,0.23,-0.06,1759267862.3034844
-0.04,0.24,-0.06,1759267862.3158324
-0.04,0.24,-0.06,1759267862.3235862
-0.05,0.23,-0.05,1759267862.3297064
-0.05,0.24,-0.05,1759267862.3353825
-0.05,0.23,-0.05,1759267862.3412075
-0.05,0.23,-0.05,1759267862.346665
-0.06,0.23,-0.05,1759267862.350068
-0.06,0.23,-0.05,1759267862.353573
-0.06,0.23,-0.05,1759267862.3565
-0.06,0.22,-0.05,1759267862.3597214
-0.06,0.22,-0.05,1759267862.3632169
-0.05,0.21,-0.05,1759267862.3674166
-0.06,0.21,-0.05,1759267862.3718328
-0.06,0.22,-0.05,1759267862.3754125
-0.05,0.21,-0.05,1759267862.377252
-0.05,0.21,-0.04,1759267862.3794494
-0.05,0.21,-0.04,1759267862.381911
-0.04,0.21,-0.04,1759267862.3845675
-0.04,0.21,-0.04,1759267862.388376
-0.04,0.21,-0.04,1759267862.3921015
-0.04,0.21,-0.04,1759267862.3951962
-0.04,0.21,-0.04,1759267862.3997831
-0.04,0.21,-0.04,1759267862.404313
-0.03,0.21,-0.04,1759267862.4083035
-0.04,0.2,-0.04,1759267862.4118896
-0.03,0.2,-0.04,1759267862.4155793
-0.03,0.2,-0.04,1759267862.4197164
-0.03,0.19,-0.04,1759267862.4241972
-0.03,0.19,-0.04,1759267862.428416
-0.04,0.19,-0.03,1759267862.4314733
-0.04,0.18,-0.03,1759267862.435355
-0.04,0.18,-0.03,1759267862.4401264
-0.04,0.18,-0.03,1759267862.4443803
-0.04,0.17,-0.03,1759267862.4533854
-0.03,0.17,-0.03,1759267862.4561963
-0.04,0.17,-0.03,1759267862.4603264
-0.03,0.17,-0.03,1759267862.4646738
-0.03,0.17,-0.03,1759267862.467432
-0.03,0.16,-0.03,1759267862.4723935
-0.03,0.16,-0.03,1759267862.4771578
-0.04,0.17,-0.03,1759267862.4818082
-0.04,0.17,-0.03,1759267862.486486
-0.05,0.17,-0.03,1759267862.4912062
-0.04,0.17,-0.03,1759267862.494365
-0.05,0.17,-0.03,1759267862.502004
-0.04,0.17,-0.03,1759267862.506627
-0.04,0.16,-0.03,1759267862.5128095
-0.04,0.17,-0.03,1759267862.517403
-0.03,0.17,-0.03,1759267862.5217383
-0.03,0.16,-0.02,1759267862.525045
-0.03,0.16,-0.02,1759267862.5275445
-0.03,0.16,-0.02,1759267862.5298958
-0.03,0.16,-0.02,1759267862.5371845
-0.03,0.15,-0.02,1759267862.540511
-0.02,0.15,-0.02,1759267862.5444484
-0.02,0.15,-0.02,1759267862.548368
-0.01,0.15,-0.02,1759267862.5531013
-0.02,0.16,-0.02,1759267862.5561588
-0.02,0.15,-0.02,1759267862.5625873
-0.02,0.15,-0.02,1759267862.5661883
-0.03,0.15,-0.02,1759267862.571402
-0.03,0.15,-0.02,1759267862.5767007
-0.04,0.15,-0.02,1759267862.5791967
-0.04,0.15,-0.02,1759267862.5849876
-0.03,0.14,-0.02,1759267862.5909672
-0.04,0.14,-0.02,1759267862.5990207
-0.03,0.14,-0.02,1759267862.603766
-0.03,0.14,-0.02,1759267862.6110322
-0.03,0.14,-0.02,1759267862.615613
-0.03,0.14,-0.02,1759267862.622778
-0.02,0.14,-0.02,1759267862.628723
-0.02,0.14,-0.02,1759267862.6351447
-0.01,0.14,-0.02,1759267862.6423936
-0.02,0.14,-0.02,1759267862.6469953
-0.01,0.14,-0.02,1759267862.6548102
-0.01,0.13,-0.02,1759267862.6574762
-0.01,0.14,-0.02,1759267862.6632593
-0.01,0.14,-0.02,1759267862.6729462
-0.0,0.14,-0.02,1759267862.6748216
-0.01,0.14,-0.02,1759267862.6841776
0.0,0.14,-0.02,1759267862.6903348
0.01,0.14,-0.02,1759267862.6976323
0.01,0.14,-0.02,1759267862.7015245
0.02,0.14,-0.02,1759267862.7048452
0.02,0.13,-0.02,1759267862.7084763
0.02,0.14,-0.02,1759267862.7132723
0.03,0.14,-0.02,1759267862.717722
0.03,0.13,-0.02,1759267862.7236102
0.03,0.13,-0.02,1759267862.730248
0.03,0.13,-0.02,1759267862.7378316
0.04,0.13,-0.02,1759267862.7422178
0.04,0.13,-0.02,1759267862.746698
0.03,0.13,-0.02,1759267862.752941
0.04,0.12,-0.02,1759267862.7608056
0.04,0.12,-0.02,1759267862.76497
0.04,0.12,-0.02,1759267862.768015
0.04,0.12,-0.02,1759267862.7710898
0.05,0.12,-0.02,1759267862.7757957
0.05,0.13,-0.02,1759267862.7803094
0.06,0.13,-0.02,1759267862.7841723
0.07,0.13,-0.02,1759267862.7918131
0.07,0.13,-0.02,1759267862.7970817
0.08,0.13,-0.02,1759267862.809823
0.09,0.13,-0.02,1759267862.8203866
0.09,0.13,-0.02,1759267862.828272
0.08,0.13,-0.02,1759267862.8332255
0.09,0.13,-0.02,1759267862.839168
0.09,0.13,-0.02,1759267862.845446
0.09,0.13,-0.02,1759267862.8501391
0.09,0.13,-0.02,1759267862.8591616
0.09,0.12,-0.02,1759267862.8695269
0.1,0.12,-0.02,1759267862.8815234
0.1,0.13,-0.02,1759267862.889182
0.1,0.13,-0.02,1759267862.8957057
0.1,0.13,-0.02,1759267862.9025185
0.1,0.13,-0.02,1759267862.9173126
0.1,0.13,-0.02,1759267862.92791
0.1,0.13,-0.02,1759267862.9407792
0.1,0.13,-0.02,1759267862.951979
0.1,0.13,-0.03,1759267862.9590774
0.1,0.13,-0.03,1759267862.9637358
0.1,0.13,-0.03,1759267862.9682891
0.1,0.13,-0.03,1759267862.974145
0.1,0.13,-0.03,1759267862.9792364
0.1,0.13,-0.03,1759267862.983698
0.1,0.13,-0.03,1759267862.989895
0.1,0.13,-0.03,1759267862.9937394
0.1,0.13,-0.03,1759267862.9977868
0.1,0.13,-0.03,1759267863.0033846
0.1,0.13,-0.03,1759267863.008345
0.1,0.13,-0.03,1759267863.0146546
0.1,0.13,-0.03,1759267863.022457
0.1,0.13,-0.03,1759267863.028852
0.1,0.13,-0.03,1759267863.0378735
0.1,0.13,-0.03,1759267863.0439656
0.1,0.13,-0.03,1759267863.05241
0.1,0.13,-0.03,1759267863.0563078
0.1,0.13,-0.03,1759267863.0612755
0.1,0.13,-0.03,1759267863.0649898
0.09,0.13,-0.03,1759267863.0667655
0.09,0.13,-0.03,1759267863.0708246
0.09,0.13,-0.03,1759267863.0738149
0.08,0.13,-0.03,1759267863.0784554
0.08,0.13,-0.03,1759267863.083722
0.07,0.13,-0.03,1759267863.088878
0.07,0.13,-0.03,1759267863.0950384
0.07,0.13,-0.03,1759267863.1067426
0.07,0.13,-0.03,1759267863.114682
0.06,0.13,-0.03,1759267863.1180854
0.06,0.13,-0.03,1759267863.1230762
0.07,0.13,-0.03,1759267863.127398
0.07,0.13,-0.03,1759267863.1311512
0.07,0.13,-0.03,1759267863.1344547
0.07,0.12,-0.03,1759267863.138869
0.08,0.12,-0.03,1759267863.1437256
0.07,0.12,-0.03,1759267863.151647
0.07,0.12,-0.03,1759267863.158216
0.08,0.12,-0.03,1759267863.164109
0.09,0.11,-0.03,1759267863.1701045
0.08,0.11,-0.03,1759267863.1731205
0.08,0.1,-0.03,1759267863.1811492
0.08,0.1,-0.03,1759267863.1853633
0.07,0.1,-0.03,1759267863.1948
0.07,0.1,-0.03,1759267863.1978753
0.07,0.1,-0.03,1759267863.2065349
0.07,0.09,-0.03,1759267863.2137809
0.07,0.09,-0.03,1759267863.22375
0.07,0.09,-0.03,1759267863.2296302
0.07,0.09,-0.03,1759267863.2329185
0.07,0.09,-0.03,1759267863.2390702
0.08,0.1,-0.03,1759267863.2517257
0.08,0.09,-0.03,1759267863.254841
0.08,0.09,-0.03,1759267863.2608826
0.08,0.1,-0.03,1759267863.264207
0.08,0.09,-0.03,1759267863.2700706
0.08,0.09,-0.03,1759267863.2752674
0.08,0.09,-0.03,1759267863.2823591
0.08,0.1,-0.03,1759267863.2899272
0.08,0.1,-0.03,1759267863.293869
0.08,0.1,-0.03,1759267863.298338
0.08,0.1,-0.03,1759267863.304435
0.08,0.1,-0.03,1759267863.3102512
0.08,0.09,-0.03,1759267863.313572
0.08,0.1,-0.03,1759267863.3161626
0.09,0.1,-0.03,1759267863.3202467
0.09,0.1,-0.03,1759267863.321906
0.09,0.1,-0.03,1759267863.3274827
0.09,0.1,-0.03,1759267863.3332329
0.1,0.1,-0.03,1759267863.340979
0.1,0.1,-0.03,1759267863.3469996
0.1,0.1,-0.03,1759267863.3493
0.09,0.11,-0.03,1759267863.3553412
0.09,0.11,-0.03,1759267863.3601573
0.09,0.1,-0.03,1759267863.3662004
0.09,0.1,-0.03,1759267863.3690822
0.1,0.11,-0.03,1759267863.3768077
0.1,0.11,-0.03,1759267863.3818924
0.1,0.11,-0.03,1759267863.3884346
0.1,0.11,-0.03,1759267863.3927286
0.1,0.11,-0.03,1759267863.39689
0.11,0.12,-0.03,1759267863.4013426
0.11,0.12,-0.03,1759267863.406237
0.11,0.12,-0.03,1759267863.4108274
0.11,0.12,-0.03,1759267863.416206
0.11,0.12,-0.03,1759267863.4223146
0.11,0.12,-0.03,1759267863.429773
0.12,0.12,-0.03,1759267863.4340923
0.11,0.12,-0.03,1759267863.438823
0.11,0.12,-0.03,1759267863.4431534
0.12,0.12,-0.03,1759267863.447206
0.12,0.12,-0.03,1759267863.454706
0.11,0.12,-0.03,1759267863.4611557
0.12,0.13,-0.03,1759267863.4660666
0.12,0.13,-0.03,1759267863.4706988
0.13,0.13,-0.03,1759267863.4758892
0.12,0.13,-0.03,1759267863.479683
0.13,0.13,-0.03,1759267863.4836662
0.12,0.13,-0.03,1759267863.4890811
0.12,0.13,-0.03,1759267863.4941072
0.12,0.13,-0.03,1759267863.4986942
0.12,0.13,-0.03,1759267863.5038087
0.13,0.13,-0.03,1759267863.5081043
0.12,0.13,-0.03,1759267863.5129385
0.12,0.13,-0.03,1759267863.5178957
0.12,0.13,-0.03,1759267863.5222409
0.13,0.13,-0.03,1759267863.527675
0.13,0.13,-0.03,1759267863.5327218
0.14,0.13,-0.03,1759267863.5365813
0.14,0.13,-0.03,1759267863.5415232
0.14,0.13,-0.03,1759267863.547942
0.14,0.14,-0.03,1759267863.5515556
0.14,0.13,-0.03,1759267863.5572982
0.14,0.13,-0.03,1759267863.562123
0.14,0.13,-0.03,1759267863.5669637
0.14,0.13,-0.03,1759267863.5733798
0.15,0.13,-0.03,1759267863.5779712
0.14,0.13,-0.03,1759267863.5829432
0.15,0.13,-0.03,1759267863.5903678
0.15,0.12,-0.03,1759267863.594732
0.15,0.12,-0.03,1759267863.599066
0.15,0.12,-0.03,1759267863.6030383
0.14,0.13,-0.03,1759267863.607337
0.14,0.13,-0.03,1759267863.6127768
0.15,0.13,-0.03,1759267863.6176329
0.14,0.13,-0.03,1759267863.621487
0.14,0.13,-0.03,1759267863.6270542
0.14,0.13,-0.03,1759267863.6315446
0.14,0.13,-0.03,1759267863.6364107
0.14,0.13,-0.03,1759267863.6407962
0.15,0.13,-0.03,1759267863.6458344
0.15,0.14,-0.03,1759267863.6495256
0.16,0.13,-0.03,1759267863.6543128
0.16,0.12,-0.03,1759267863.6586103
0.16,0.13,-0.03,1759267863.662501
0.16,0.12,-0.03,1759267863.666519
0.16,0.12,-0.03,1759267863.6720576
0.16,0.12,-0.03,1759267863.6774647
0.16,0.12,-0.03,1759267863.6810904
0.16,0.11,-0.03,1759267863.687409
0.16,0.11,-0.03,1759267863.6944466
0.16,0.12,-0.03,1759267863.7051125
0.16,0.11,-0.03,1759267863.7091756
0.16,0.11,-0.03,1759267863.7110531
0.16,0.11,-0.03,1759267863.7177424
0.17,0.11,-0.03,1759267863.7228649
0.17,0.11,-0.03,1759267863.7268815
0.17,0.11,-0.03,1759267863.7299848
0.17,0.12,-0.03,1759267863.7341568
0.17,0.12,-0.03,1759267863.740618
0.17,0.11,-0.03,1759267863.747927
0.17,0.12,-0.03,1759267863.7519703
0.17,0.11,-0.03,1759267863.757628
0.17,0.12,-0.03,1759267863.7628243
0.17,0.11,-0.03,1759267863.767123
0.17,0.11,-0.03,1759267863.7735677
0.17,0.11,-0.03,1759267863.7774255
0.17,0.12,-0.03,1759267863.7798991
0.17,0.12,-0.03,1759267863.7826035
0.17,0.11,-0.03,1759267863.7846234
0.17,0.11,-0.03,1759267863.7887018
0.17,0.11,-0.03,1759267863.7934873
0.17,0.11,-0.03,1759267863.800784
0.17,0.11,-0.03,1759267863.803575
0.17,0.12,-0.03,1759267863.811777
0.17,0.11,-0.03,1759267863.8170571
0.17,0.11,-0.03,1759267863.823736
0.16,0.12,-0.03,1759267863.837053
0.16,0.12,-0.03,1759267863.846388
0.16,0.12,-0.03,1759267863.856175
0.17,0.12,-0.03,1759267863.8632343
0.17,0.12,-0.03,1759267863.8680973
0.17,0.12,-0.03,1759267863.8745651
0.17,0.11,-0.03,1759267863.8849828
0.17,0.11,-0.03,1759267863.8880622
0.17,0.11,-0.03,1759267863.892389
0.17,0.11,-0.03,1759267863.8954933
0.17,0.11,-0.03,1759267863.8984034
0.17,0.11,-0.03,1759267863.9000666
0.17,0.11,-0.03,1759267863.905542
0.17,0.11,-0.02,1759267863.9123845
0.17,0.11,-0.02,1759267863.9156582
0.17,0.11,-0.02,1759267863.9174695
0.18,0.11,-0.02,1759267863.9196105
0.18,0.11,-0.02,1759267863.9215827
0.18,0.11,-0.02,1759267863.9231796
0.18,0.11,-0.02,1759267863.9277048
0.18,0.11,-0.02,1759267863.9293487
0.19,0.11,-0.02,1759267863.9317756
0.19,0.11,-0.02,1759267863.937359
0.19,0.11,-0.02,1759267863.94012
0.19,0.11,-0.02,1759267863.9484086
0.19,0.11,-0.02,1759267863.9615252
0.19,0.11,-0.02,1759267863.967856
0.19,0.11,-0.02,1759267863.969767
0.19,0.11,-0.02,1759267863.9742353
0.19,0.11,-0.02,1759267863.9815595
0.19,0.12,-0.02,1759267863.9878829
0.19,0.12,-0.02,1759267863.9964514
0.19,0.12,-0.02,1759267864.0059702
0.2,0.11,-0.02,1759267864.0084548
0.2,0.11,-0.02,1759267864.012319
0.2,0.11,-0.02,1759267864.0166109
0.2,0.11,-0.01,1759267864.0203445
0.2,0.11,-0.01,1759267864.0220928
0.2,0.12,-0.01,1759267864.0282924
0.2,0.12,-0.01,1759267864.0305588
0.2,0.12,-0.01,1759267864.0357504
0.2,0.11,-0.01,1759267864.037666
0.21,0.11,-0.01,1759267864.0438633
0.21,0.11,-0.01,1759267864.0495744
0.21,0.1,-0.01,1759267864.0570784
0.22,0.1,-0.01,1759267864.067094
0.21,0.1,-0.01,1759267864.072791
0.21,0.1,-0.01,1759267864.0769122
0.21,0.09,-0.01,1759267864.0806966
0.22,0.09,-0.02,1759267864.0830207
0.22,0.08,-0.02,1759267864.08622
0.22,0.09,-0.01,1759267864.0930974
0.22,0.09,-0.02,1759267864.0971792
0.23,0.09,-0.01,1759267864.1032548
0.22,0.09,-0.01,1759267864.1076014
0.22,0.09,-0.01,1759267864.109556
0.21,0.09,-0.01,1759267864.113119
0.21,0.09,-0.01,1759267864.1160538
0.22,0.09,-0.01,1759267864.1202517
0.21,0.09,-0.01,1759267864.1232717
0.21,0.09,-0.01,1759267864.1281345
0.21,0.08,-0.01,1759267864.1351318
0.21,0.09,-0.01,1759267864.13789
0.21,0.09,-0.01,1759267864.1423404
0.21,0.09,-0.01,1759267864.1469882
0.21,0.09,-0.01,1759267864.1562464
0.21,0.08,-0.01,1759267864.1650815
0.2,0.08,-0.01,1759267864.172861
0.21,0.08,-0.01,1759267864.1759298
0.21,0.08,-0.01,1759267864.1816947
0.21,0.08,-0.01,1759267864.186454
0.2,0.08,-0.01,1759267864.191462
0.21,0.08,-0.01,1759267864.1997688
0.21,0.08,-0.01,1759267864.2028234
0.21,0.08,-0.01,1759267864.2074037
0.21,0.08,-0.02,1759267864.2111194
0.22,0.08,-0.02,1759267864.2168891
0.21,0.08,-0.02,1759267864.2225947
0.2,0.07,-0.02,1759267864.2306125
0.21,0.07,-0.02,1759267864.2335825
0.2,0.07,-0.02,1759267864.2378254
0.21,0.07,-0.02,1759267864.2463088
0.21,0.08,-0.02,1759267864.255216
0.2,0.08,-0.02,1759267864.259992
0.19,0.07,-0.02,1759267864.2634823
0.2,0.07,-0.02,1759267864.2662644
0.19,0.07,-0.02,1759267864.2692375
0.19,0.07,-0.02,1759267864.272299
0.19,0.07,-0.02,1759267864.274973
0.18,0.08,-0.02,1759267864.2778563
0.18,0.07,-0.02,1759267864.2803552
0.18,0.07,-0.02,1759267864.283001
0.18,0.07,-0.02,1759267864.2854114
0.18,0.07,-0.02,1759267864.288034
0.18,0.06,-0.02,1759267864.290696
0.18,0.07,-0.02,1759267864.2927375
0.18,0.06,-0.02,1759267864.295075
0.17,0.06,-0.02,1759267864.297295
0.17,0.06,-0.02,1759267864.299721
0.16,0.07,-0.02,1759267864.3033032
0.17,0.07,-0.02,1759267864.3067703
0.17,0.07,-0.02,1759267864.310221
0.17,0.07,-0.02,1759267864.312895
0.17,0.07,-0.02,1759267864.3162177
0.17,0.06,-0.02,1759267864.3195488
0.16,0.07,-0.02,1759267864.3217735
0.17,0.07,-0.02,1759267864.3248827
0.16,0.07,-0.02,1759267864.327349
0.16,0.07,-0.02,1759267864.3297815
0.17,0.07,-0.02,1759267864.3339431
0.17,0.07,-0.02,1759267864.3385468
0.16,0.07,-0.02,1759267864.340545
0.16,0.07,-0.02,1759267864.3428688
0.17,0.08,-0.02,1759267864.3464494
0.17,0.08,-0.02,1759267864.351289
0.17,0.08,-0.02,1759267864.353534
0.17,0.08,-0.02,1759267864.358983
0.17,0.08,-0.02,1759267864.3617425
0.18,0.08,-0.03,1759267864.3639824
0.17,0.08,-0.03,1759267864.3681934
0.17,0.08,-0.03,1759267864.370473
0.17,0.08,-0.03,1759267864.3725588
0.16,0.08,-0.03,1759267864.3764374
0.16,0.08,-0.03,1759267864.37999
0.16,0.08,-0.03,1759267864.3819692
0.16,0.08,-0.03,1759267864.3851788
0.17,0.08,-0.03,1759267864.3870077
0.17,0.08,-0.03,1759267864.3903437
0.16,0.07,-0.03,1759267864.3926468
0.16,0.07,-0.03,1759267864.3944252
0.16,0.07,-0.03,1759267864.3972056
0.16,0.07,-0.03,1759267864.399434
0.16,0.08,-0.03,1759267864.4019198
0.17,0.08,-0.03,1759267864.4046223
0.17,0.09,-0.03,1759267864.406772
0.17,0.09,-0.03,1759267864.409679
0.17,0.09,-0.03,1759267864.4123707
0.17,0.09,-0.03,1759267864.414767
0.17,0.09,-0.03,1759267864.4189303
0.17,0.09,-0.03,1759267864.4226184
0.17,0.09,-0.03,1759267864.424723
0.18,0.09,-0.04,1759267864.427987
0.18,0.09,-0.04,1759267864.4304516
0.19,0.09,-0.04,1759267864.433669
0.19,0.09,-0.04,1759267864.4373505
0.19,0.09,-0.04,1759267864.440491
0.2,0.08,-0.04,1759267864.4429605
0.19,0.09,-0.04,1759267864.4460547
0.19,0.09,-0.04,1759267864.448777
0.2,0.09,-0.04,1759267864.452088
0.2,0.08,-0.04,1759267864.4543295
0.2,0.09,-0.04,1759267864.4581983
0.2,0.1,-0.04,1759267864.4609213
0.2,0.09,-0.04,1759267864.4639535
0.2,0.09,-0.04,1759267864.466257
0.2,0.09,-0.04,1759267864.468675
0.2,0.09,-0.04,1759267864.4716756
0.2,0.08,-0.05,1759267864.4743214
0.2,0.08,-0.05,1759267864.4774256
0.2,0.08,-0.05,1759267864.4801743
0.2,0.07,-0.05,1759267864.4842882
0.2,0.07,-0.05,1759267864.4876938
0.2,0.08,-0.05,1759267864.4910717
0.21,0.07,-0.05,1759267864.494895
0.21,0.07,-0.05,1759267864.497265
0.21,0.07,-0.05,1759267864.5000968
0.21,0.07,-0.05,1759267864.504994
0.2,0.07,-0.05,1759267864.5084112
0.21,0.07,-0.05,1759267864.5121543
0.2,0.07,-0.05,1759267864.5170033
0.21,0.07,-0.05,1759267864.5220404
0.21,0.08,-0.05,1759267864.526638
0.21,0.07,-0.06,1759267864.5303044
0.21,0.07,-0.06,1759267864.53442
0.21,0.07,-0.06,1759267864.5380983
0.22,0.07,-0.06,1759267864.5436244
0.21,0.08,-0.06,1759267864.5467377
0.21,0.08,-0.06,1759267864.5491552
0.21,0.09,-0.06,1759267864.5516768
0.21,0.09,-0.06,1759267864.5534415
0.21,0.09,-0.06,1759267864.5581622
0.21,0.1,-0.06,1759267864.5613966
0.22,0.09,-0.06,1759267864.564821
0.22,0.1,-0.06,1759267864.572819
0.22,0.1,-0.06,1759267864.5757682
0.21,0.1,-0.06,1759267864.5803533
0.22,0.1,-0.06,1759267864.5854416
0.21,0.1,-0.06,1759267864.5886536
0.21,0.11,-0.06,1759267864.5968218
0.22,0.11,-0.06,1759267864.6009574
0.21,0.11,-0.06,1759267864.6052773
0.22,0.12,-0.06,1759267864.6102405
0.22,0.13,-0.05,1759267864.6163657
0.21,0.12,-0.06,1759267864.6207604
0.21,0.13,-0.06,1759267864.625406
0.21,0.13,-0.06,1759267864.6283703
0.21,0.14,-0.05,1759267864.6307952
0.21,0.14,-0.06,1759267864.638129
0.21,0.13,-0.06,1759267864.6428
0.2,0.13,-0.06,1759267864.6454165
0.2,0.14,-0.06,1759267864.648736
0.2,0.14,-0.06,1759267864.6542192
0.21,0.14,-0.06,1759267864.6586504
0.21,0.14,-0.06,1759267864.6609845
0.21,0.14,-0.06,1759267864.6642077
0.21,0.14,-0.06,1759267864.666695
0.22,0.14,-0.06,1759267864.6702862
0.22,0.14,-0.06,1759267864.6729202
0.22,0.14,-0.06,1759267864.6748147
0.22,0.14,-0.06,1759267864.678105
0.23,0.15,-0.06,1759267864.680899
0.22,0.14,-0.06,1759267864.683692
0.22,0.15,-0.06,1759267864.686488
0.22,0.15,-0.06,1759267864.6888423
0.23,0.15,-0.06,1759267864.691918
0.22,0.14,-0.06,1759267864.6943507
0.22,0.14,-0.06,1759267864.6981075
0.22,0.15,-0.06,1759267864.7006176
0.22,0.15,-0.06,1759267864.703084
0.22,0.15,-0.06,1759267864.706915
0.23,0.16,-0.06,1759267864.710107
0.23,0.16,-0.06,1759267864.7128756
0.23,0.16,-0.06,1759267864.716112
0.23,0.16,-0.06,1759267864.7187774
0.24,0.16,-0.06,1759267864.7221236
0.24,0.16,-0.06,1759267864.724288
0.24,0.16,-0.06,1759267864.7280717
0.24,0.15,-0.06,1759267864.7308109
0.24,0.15,-0.06,1759267864.734551
0.24,0.15,-0.06,1759267864.7366793
0.24,0.16,-0.06,1759267864.739318
0.24,0.16,-0.06,1759267864.7426758
0.23,0.15,-0.06,1759267864.7464085
0.23,0.16,-0.06,1759267864.7543254
0.23,0.15,-0.06,1759267864.758639
0.23,0.15,-0.07,1759267864.7641556
0.24,0.16,-0.06,1759267864.768132
0.23,0.16,-0.06,1759267864.7744043
0.23,0.16,-0.06,1759267864.7793727
0.23,0.16,-0.06,1759267864.7846832
0.23,0.17,-0.06,1759267864.789031
0.22,0.17,-0.06,1759267864.7914677
0.23,0.17,-0.06,1759267864.7953343
0.24,0.17,-0.06,1759267864.7987044
0.23,0.17,-0.06,1759267864.8023574
0.23,0.17,-0.06,1759267864.8103602
0.23,0.17,-0.06,1759267864.8148286
0.23,0.17,-0.06,1759267864.8167183
0.23,0.17,-0.06,1759267864.8204827
0.23,0.17,-0.06,1759267864.824624
0.23,0.18,-0.06,1759267864.8280878
0.23,0.18,-0.06,1759267864.8317728
0.23,0.18,-0.06,1759267864.8355098
0.23,0.18,-0.06,1759267864.839419
0.23,0.18,-0.06,1759267864.8435194
0.24,0.18,-0.06,1759267864.847102
0.23,0.18,-0.06,1759267864.8495796
0.22,0.18,-0.06,1759267864.8523295
0.22,0.18,-0.06,1759267864.85543
0.23,0.19,-0.06,1759267864.861778
0.23,0.18,-0.06,1759267864.8712704
0.22,0.18,-0.06,1759267864.879059
0.22,0.18,-0.06,1759267864.8843188
0.22,0.18,-0.06,1759267864.8913429
0.22,0.18,-0.06,1759267864.895013
0.22,0.18,-0.06,1759267864.9046507
0.22,0.18,-0.06,1759267864.9096918
0.22,0.18,-0.06,1759267864.9181526
0.21,0.18,-0.06,1759267864.9232905
0.21,0.19,-0.06,1759267864.9263802
0.21,0.19,-0.06,1759267864.929127
0.21,0.19,-0.06,1759267864.931544
0.21,0.19,-0.06,1759267864.9335923
0.2,0.19,-0.06,1759267864.9362192
0.21,0.19,-0.06,1759267864.9385536
0.2,0.19,-0.06,1759267864.941442
0.2,0.19,-0.06,1759267864.9438164
0.2,0.19,-0.06,1759267864.9459898
0.2,0.2,-0.06,1759267864.948094
0.2,0.2,-0.06,1759267864.950284
0.2,0.2,-0.06,1759267864.952346
0.2,0.2,-0.06,1759267864.9544206
0.2,0.2,-0.05,1759267864.957096
0.2,0.2,-0.05,1759267864.9598994
0.2,0.21,-0.05,1759267864.961856
0.2,0.2,-0.05,1759267864.964916
0.2,0.2,-0.05,1759267864.9673245
0.2,0.2,-0.05,1759267864.9694183
0.2,0.2,-0.05,1759267864.9713955
0.2,0.2,-0.05,1759267864.9736164
0.2,0.2,-0.05,1759267864.9756472
0.2,0.2,-0.05,1759267864.9783783
0.19,0.2,-0.05,1759267864.9802656
0.19,0.2,-0.05,1759267864.9828773
0.19,0.2,-0.05,1759267864.9848056
0.19,0.19,-0.05,1759267864.9870458
0.2,0.2,-0.05,1759267864.9888363
0.2,0.19,-0.05,1759267864.9913287
0.2,0.19,-0.05,1759267864.993162
0.19,0.19,-0.05,1759267864.9957712
0.2,0.19,-0.05,1759267864.9977584
0.2,0.2,-0.05,1759267865.0006323
0.19,0.2,-0.05,1759267865.0032003
0.19,0.2,-0.05,1759267865.00554
0.18,0.21,-0.04,1759267865.0083308
0.18,0.21,-0.04,1759267865.011362
0.18,0.21,-0.04,1759267865.0149004
0.18,0.22,-0.04,1759267865.0208192
0.18,0.22,-0.04,1759267865.0246365
0.19,0.22,-0.04,1759267865.0269463
0.19,0.22,-0.04,1759267865.0298483
0.18,0.23,-0.04,1759267865.032051
0.19,0.23,-0.04,1759267865.0365086
0.18,0.23,-0.04,1759267865.04066
0.18,0.23,-0.03,1759267865.043053
0.18,0.23,-0.03,1759267865.045714
0.19,0.23,-0.03,1759267865.048711
0.19,0.23,-0.03,1759267865.0560815
0.19,0.23,-0.03,1759267865.062734
0.19,0.23,-0.03,1759267865.065563
0.19,0.23,-0.03,1759267865.0683124
0.19,0.23,-0.03,1759267865.0709877
0.18,0.23,-0.03,1759267865.0736854
0.19,0.23,-0.03,1759267865.076777
0.19,0.23,-0.03,1759267865.0795226
0.19,0.23,-0.03,1759267865.0821414
0.19,0.23,-0.03,1759267865.0850043
0.19,0.23,-0.03,1759267865.0877652
0.18,0.23,-0.03,1759267865.0903828
0.19,0.23,-0.03,1759267865.093101
0.18,0.24,-0.02,1759267865.0959272
0.18,0.23,-0.02,1759267865.0986383
0.18,0.23,-0.02,1759267865.1013718
0.18,0.23,-0.02,1759267865.1040697
0.18,0.23,-0.02,1759267865.106835
0.18,0.23,-0.02,1759267865.1100316
0.19,0.23,-0.02,1759267865.112735
0.19,0.23,-0.02,1759267865.115285
0.18,0.23,-0.02,1759267865.1180313
0.17,0.23,-0.02,1759267865.1207397
0.17,0.23,-0.02,1759267865.1233816
0.17,0.23,-0.02,1759267865.1262703
0.18,0.23,-0.02,1759267865.1289787
0.17,0.23,-0.02,1759267865.131704
0.17,0.23,-0.02,1759267865.1344428
0.17,0.23,-0.02,1759267865.1370163
0.16,0.22,-0.02,1759267865.1397743
0.17,0.23,-0.02,1759267865.142551
0.17,0.23,-0.02,1759267865.1452892
0.17,0.23,-0.01,1759267865.1479511
0.18,0.23,-0.01,1759267865.1505203
0.17,0.23,-0.01,1759267865.1532743
0.17,0.23,-0.01,1759267865.1560326
0.18,0.23,-0.01,1759267865.1588254
0.17,0.22,-0.01,1759267865.1616051
0.17,0.22,-0.01,1759267865.1641026
0.16,0.23,-0.01,1759267865.1685178
0.17,0.23,-0.01,1759267865.1709578
0.17,0.24,-0.01,1759267865.1736338
0.16,0.23,-0.01,1759267865.176574
0.17,0.23,-0.01,1759267865.1792428
0.16,0.23,-0.01,1759267865.1817915
0.16,0.23,-0.01,1759267865.1844444
0.16,0.24,-0.01,1759267865.1871452
0.16,0.24,-0.0,1759267865.1897972
0.16,0.24,-0.0,1759267865.1924822
0.16,0.24,-0.0,1759267865.1950114
0.17,0.24,-0.0,1759267865.1976964
0.17,0.24,-0.0,1759267865.2003045
0.17,0.25,-0.0,1759267865.2029474
0.17,0.25,-0.0,1759267865.2057545
0.16,0.25,0.0,1759267865.2083652
0.17,0.25,0.0,1759267865.2126842
0.17,0.25,0.0,1759267865.215307
0.17,0.25,0.0,1759267865.2179604
0.17,0.25,0.0,1759267865.2205124
0.17,0.25,0.0,1759267865.2231169
0.17,0.25,0.0,1759267865.2257955
0.17,0.25,0.01,1759267865.2284198
0.17,0.25,0.01,1759267865.231047
0.17,0.25,0.01,1759267865.2336516
0.17,0.25,0.01,1759267865.236613
0.17,0.24,0.01,1759267865.2392342
0.17,0.25,0.01,1759267865.241864
0.17,0.25,0.01,1759267865.2445765
0.17,0.24,0.01,1759267865.247223
0.17,0.24,0.01,1759267865.2498193
0.17,0.24,0.01,1759267865.2523875
0.17,0.23,0.01,1759267865.2550962
0.16,0.23,0.01,1759267865.258168
0.16,0.23,0.01,1759267865.2610738
0.16,0.23,0.01,1759267865.2636497
0.17,0.23,0.01,1759267865.2662687
0.16,0.23,0.01,1759267865.2687488
0.16,0.23,0.01,1759267865.272103
0.17,0.23,0.01,1759267865.2745187
0.17,0.24,0.01,1759267865.2769015
0.17,0.23,0.01,1759267865.2792192
0.17,0.24,0.01,1759267865.2814493
0.17,0.24,0.01,1759267865.2838132
0.17,0.23,0.01,1759267865.2861078
0.18,0.23,0.01,1759267865.2890153
0.17,0.23,0.01,1759267865.2930417
0.17,0.23,0.01,1759267865.296205
0.17,0.23,0.01,1759267865.3003776
0.17,0.23,0.01,1759267865.3034232
0.18,0.23,0.01,1759267865.307299
0.18,0.23,0.01,1759267865.3100536
0.18,0.23,0.01,1759267865.3140426
0.18,0.23,0.01,1759267865.3171525
0.18,0.23,0.01,1759267865.319294
0.18,0.23,0.02,1759267865.322362
0.18,0.23,0.02,1759267865.3252366
0.18,0.23,0.01,1759267865.3286283
0.18,0.23,0.02,1759267865.3318298
0.18,0.23,0.02,1759267865.334682
0.18,0.23,0.02,1759267865.3373008
0.18,0.23,0.02,1759267865.339497
0.18,0.24,0.02,1759267865.3419175
0.18,0.24,0.02,1759267865.3440151
0.18,0.23,0.02,1759267865.3462286
0.18,0.23,0.02,1759267865.3488743
0.18,0.23,0.02,1759267865.351027
0.18,0.23,0.02,1759267865.353143
0.18,0.23,0.02,1759267865.356134
0.18,0.23,0.02,1759267865.3591893
0.17,0.23,0.02,1759267865.3623388
0.17,0.24,0.02,1759267865.365441
0.17,0.23,0.02,1759267865.368522
0.17,0.23,0.02,1759267865.3716063
0.17,0.23,0.02,1759267865.3743496
0.17,0.23,0.02,1759267865.377406
0.17,0.23,0.02,1759267865.3806798
0.18,0.23,0.02,1759267865.3842218
0.17,0.23,0.02,1759267865.387669
0.17,0.22,0.02,1759267865.390719
0.17,0.22,0.02,1759267865.3934188
0.17,0.22,0.02,1759267865.396308
0.18,0.22,0.02,1759267865.399271
0.18,0.22,0.02,1759267865.4020517
0.18,0.23,0.02,1759267865.4046671
0.18,0.22,0.02,1759267865.4082625
0.18,0.22,0.02,1759267865.4125376
0.18,0.22,0.02,1759267865.4152346
0.18,0.21,0.02,1759267865.418764
0.18,0.21,0.02,1759267865.4225385
0.19,0.22,0.02,1759267865.425436
0.18,0.21,0.02,1759267865.4290988
0.18,0.21,0.02,1759267865.4326458
0.18,0.21,0.02,1759267865.4366045
0.18,0.21,0.02,1759267865.4407568
0.18,0.21,0.01,1759267865.4429638
0.17,0.21,0.01,1759267865.4461026
0.17,0.21,0.01,1759267865.4514828
0.17,0.21,0.01,1759267865.454631
0.17,0.2,0.01,1759267865.4575477
0.17,0.2,0.01,1759267865.4610026
0.16,0.2,0.01,1759267865.4641104
0.16,0.2,0.01,1759267865.4667497
0.16,0.2,0.01,1759267865.469705
0.15,0.2,0.01,1759267865.472842
0.15,0.2,0.01,1759267865.476766
0.15,0.2,0.01,1759267865.480034
0.15,0.2,0.01,1759267865.483509
0.14,0.2,0.01,1759267865.487116
0.15,0.21,0.01,1759267865.4896455
0.14,0.2,0.01,1759267865.4920156
0.15,0.21,0.01,1759267865.4947731
0.15,0.21,0.01,1759267865.4969976
0.15,0.21,0.01,1759267865.499763
0.15,0.21,0.01,1759267865.5022695
0.15,0.21,0.01,1759267865.505016
0.15,0.21,0.01,1759267865.5075264
0.15,0.21,0.01,1759267865.5106184
0.16,0.22,0.01,1759267865.5130482
0.15,0.21,0.01,1759267865.516106
0.15,0.21,0.01,1759267865.5194252
0.15,0.21,0.01,1759267865.522309
0.15,0.21,0.01,1759267865.5247564
0.15,0.21,0.01,1759267865.526524
0.16,0.21,0.01,1759267865.5284777
0.16,0.21,0.01,1759267865.5311491
0.16,0.21,0.01,1759267865.533507
0.16,0.21,0.01,1759267865.5357418
0.15,0.21,0.01,1759267865.537706
0.15,0.21,0.01,1759267865.5394788
0.15,0.21,0.01,1759267865.541298
0.15,0.21,0.01,1759267865.5439467
0.15,0.21,0.01,1759267865.5459688
0.15,0.21,0.01,1759267865.5479124
0.15,0.21,0.01,1759267865.5500357
0.15,0.21,0.01,1759267865.552249
0.15,0.21,0.01,1759267865.5540516
0.15,0.21,0.0,1759267865.5562654
0.15,0.21,0.0,1759267865.558171
0.15,0.21,0.0,1759267865.5600371
0.16,0.21,0.0,1759267865.5622191
0.16,0.21,0.0,1759267865.5642986
0.16,0.21,0.0,1759267865.5670834
0.16,0.21,0.0,1759267865.5688646
0.16,0.21,0.0,1759267865.5709
0.15,0.21,0.0,1759267865.5729384
0.15,0.21,-0.0,1759267865.5755708
0.15,0.21,0.0,1759267865.5779302
0.15,0.21,-0.0,1759267865.5821462
0.15,0.21,-0.0,1759267865.584255
0.15,0.21,-0.0,1759267865.5860543
0.15,0.21,-0.0,1759267865.5879388
0.15,0.21,-0.0,1759267865.5898924
0.15,0.21,-0.0,1759267865.592105
0.14,0.2,-0.0,1759267865.594207
0.14,0.21,-0.0,1759267865.5961
0.14,0.21,-0.0,1759267865.599515
0.13,0.21,-0.01,1759267865.6015024
0.13,0.21,-0.01,1759267865.6041512
0.14,0.21,-0.01,1759267865.6067002
0.14,0.21,-0.01,1759267865.6089296
0.13,0.21,-0.01,1759267865.611415
0.13,0.21,-0.01,1759267865.6132455
0.13,0.21,-0.01,1759267865.6160338
0.13,0.21,-0.01,1759267865.6189475
0.12,0.21,-0.01,1759267865.6219268
0.12,0.21,-0.01,1759267865.6262865
0.12,0.21,-0.01,1759267865.629542
0.12,0.21,-0.01,1759267865.6342952
0.12,0.2,-0.01,1759267865.6386948
0.12,0.21,-0.01,1759267865.6429105
0.12,0.2,-0.01,1759267865.6462154
0.12,0.2,-0.01,1759267865.6494417
0.12,0.2,-0.01,1759267865.6527
0.12,0.2,-0.02,1759267865.6557932
0.12,0.2,-0.02,1759267865.658628
0.12,0.2,-0.02,1759267865.6610937
0.11,0.2,-0.02,1759267865.6634245
0.11,0.2,-0.02,1759267865.665817
0.12,0.2,-0.02,1759267865.6679144
0.12,0.2,-0.02,1759267865.6700113
0.12,0.2,-0.02,1759267865.6717143
0.12,0.2,-0.02,1759267865.6736896
0.12,0.2,-0.02,1759267865.675792
0.13,0.2,-0.02,1759267865.6775975
0.13,0.2,-0.02,1759267865.6796205
0.12,0.2,-0.02,1759267865.681457
0.13,0.19,-0.02,1759267865.6834643
0.12,0.2,-0.02,1759267865.6855574
0.13,0.2,-0.02,1759267865.68734
0.13,0.19,-0.03,1759267865.6894135
0.13,0.2,-0.03,1759267865.6915
0.13,0.19,-0.03,1759267865.6942751
0.12,0.19,-0.03,1759267865.696986
0.12,0.2,-0.03,1759267865.6987965
0.11,0.2,-0.03,1759267865.7005696
0.11,0.2,-0.03,1759267865.7024145
0.11,0.2,-0.03,1759267865.704125
0.11,0.2,-0.03,1759267865.7065034
0.11,0.2,-0.03,1759267865.7084548
0.11,0.2,-0.03,1759267865.7106872
0.1,0.21,-0.03,1759267865.7126667
0.1,0.21,-0.03,1759267865.7146642
0.11,0.21,-0.03,1759267865.7164798
0.1,0.21,-0.03,1759267865.718794
0.11,0.21,-0.03,1759267865.7211423
0.11,0.2,-0.03,1759267865.723356
0.11,0.21,-0.03,1759267865.7252831
0.11,0.21,-0.04,1759267865.7273169
0.12,0.2,-0.04,1759267865.7291658
0.12,0.2,-0.04,1759267865.731109
0.12,0.2,-0.04,1759267865.7329226
0.12,0.2,-0.04,1759267865.7351005
0.13,0.21,-0.04,1759267865.7372904
0.13,0.2,-0.04,1759267865.739338
0.13,0.21,-0.04,1759267865.7418811
0.13,0.21,-0.04,1759267865.7441373
0.13,0.21,-0.04,1759267865.746556
0.13,0.2,-0.04,1759267865.7483656
0.12,0.2,-0.04,1759267865.7501438
0.12,0.2,-0.04,1759267865.751969
0.12,0.2,-0.04,1759267865.7537196
0.12,0.2,-0.05,1759267865.7555592
0.11,0.21,-0.05,1759267865.757899
0.11,0.21,-0.05,1759267865.7606444
0.11,0.21,-0.05,1759267865.762566
0.11,0.21,-0.05,1759267865.7651677
0.11,0.21,-0.05,1759267865.7675962
0.11,0.21,-0.05,1759267865.770059
0.1,0.21,-0.05,1759267865.7726438
0.1,0.21,-0.05,1759267865.7752137
0.11,0.21,-0.05,1759267865.7778945
0.11,0.21,-0.05,1759267865.7803938
0.11,0.21,-0.05,1759267865.782777
0.1,0.22,-0.05,1759267865.7850978
0.11,0.22,-0.05,1759267865.7873
0.11,0.22,-0.05,1759267865.7894478
0.1,0.22,-0.05,1759267865.7917264
0.1,0.22,-0.05,1759267865.7939973
0.1,0.22,-0.05,1759267865.7966852
0.1,0.22,-0.06,1759267865.7992463
0.09,0.21,-0.06,1759267865.8022077
0.09,0.21,-0.06,1759267865.8047235
0.09,0.21,-0.06,1759267865.8069985
0.09,0.2,-0.06,1759267865.80926
0.08,0.2,-0.06,1759267865.8114998
0.08,0.2,-0.06,1759267865.8137429
0.08,0.2,-0.06,1759267865.8162503
0.08,0.2,-0.06,1759267865.818572
0.08,0.2,-0.06,1759267865.8207066
0.08,0.2,-0.06,1759267865.8229015
0.09,0.21,-0.06,1759267865.8256276
0.09,0.21,-0.06,1759267865.8284593
0.1,0.21,-0.07,1759267865.8308525
0.09,0.21,-0.07,1759267865.8331225
0.09,0.22,-0.07,1759267865.835375
0.09,0.22,-0.07,1759267865.8376522
0.09,0.23,-0.07,1759267865.839879
0.08,0.22,-0.07,1759267865.8421135
0.09,0.22,-0.07,1759267865.8443446
0.08,0.22,-0.07,1759267865.8471446
0.08,0.22,-0.07,1759267865.850131
0.08,0.23,-0.07,1759267865.8528004
0.08,0.23,-0.07,1759267865.855116
0.08,0.23,-0.07,1759267865.857407
0.08,0.23,-0.07,1759267865.8596675
0.08,0.23,-0.07,1759267865.8619018
0.08,0.24,-0.07,1759267865.864156
0.08,0.24,-0.07,1759267865.8665223
0.08,0.25,-0.08,1759267865.8687327
0.08,0.25,-0.08,1759267865.871313
0.08,0.25,-0.08,1759267865.8736072
0.08,0.25,-0.08,1759267865.876236
0.09,0.25,-0.08,1759267865.878506
0.08,0.25,-0.08,1759267865.8807304
0.08,0.25,-0.08,1759267865.8828769
0.08,0.25,-0.08,1759267865.8850665
0.08,0.25,-0.08,1759267865.8873827
0.08,0.25,-0.08,1759267865.8896062
0.08,0.25,-0.08,1759267865.8918858
0.08,0.25,-0.08,1759267865.8943095
0.08,0.24,-0.08,1759267865.8968885
0.08,0.25,-0.09,1759267865.899163
0.08,0.25,-0.09,1759267865.9014328
0.08,0.25,-0.09,1759267865.9036696
0.08,0.25,-0.09,1759267865.9062066
0.07,0.24,-0.09,1759267865.9084718
0.07,0.24,-0.09,1759267865.9107423
0.07,0.24,-0.09,1759267865.913084
0.07,0.24,-0.09,1759267865.915753
0.07,0.24,-0.09,1759267865.918157
0.07,0.24,-0.09,1759267865.9209907
0.07,0.24,-0.09,1759267865.9232633
0.07,0.24,-0.09,1759267865.9256487
0.07,0.24,-0.09,1759267865.9279242
0.07,0.24,-0.09,1759267865.930178
0.06,0.23,-0.09,1759267865.9325294
0.06,0.23,-0.1,1759267865.9349525
0.06,0.23,-0.1,1759267865.937211
0.06,0.23,-0.1,1759267865.9394708
0.06,0.23,-0.1,1759267865.9417243
0.06,0.23,-0.1,1759267865.943975
0.06,0.23,-0.1,1759267865.9463997
0.06,0.23,-0.1,1759267865.948799
0.06,0.23,-0.1,1759267865.9510293
0.06,0.23,-0.1,1759267865.9533627
0.06,0.23,-0.1,1759267865.9557085
0.06,0.23,-0.1,1759267865.958001
0.06,0.23,-0.1,1759267865.9601195
0.06,0.23,-0.1,1759267865.9623504
0.06,0.23,-0.1,1759267865.96515
0.06,0.23,-0.1,1759267865.9684489
0.06,0.22,-0.1,1759267865.9711835
0.06,0.22,-0.1,1759267865.974261
0.06,0.22,-0.1,1759267865.9769816
0.06,0.22,-0.1,1759267865.9796057
0.06,0.22,-0.1,1759267865.9820144
0.06,0.22,-0.1,1759267865.9850674
0.06,0.21,-0.1,1759267865.9874716
0.06,0.22,-0.1,1759267865.9904792
0.06,0.22,-0.1,1759267865.9929743
0.07,0.21,-0.1,1759267865.9959822
0.07,0.21,-0.11,1759267865.9984667
0.07,0.21,-0.11,1759267866.0015562
0.07,0.21,-0.11,1759267866.0043871
0.07,0.21,-0.11,1759267866.007424
0.07,0.21,-0.11,1759267866.010037
0.07,0.2,-0.11,1759267866.0123408
0.07,0.2,-0.11,1759267866.0145998
0.07,0.2,-0.11,1759267866.0168152
0.07,0.2,-0.11,1759267866.0190809
0.07,0.2,-0.11,1759267866.0214012
0.07,0.2,-0.11,1759267866.0235767
0.07,0.2,-0.11,1759267866.0260024
0.07,0.2,-0.11,1759267866.0283656
0.07,0.2,-0.11,1759267866.031561
0.07,0.2,-0.11,1759267866.0350585
0.07,0.2,-0.11,1759267866.0378337
0.07,0.19,-0.11,1759267866.0408795
0.07,0.19,-0.11,1759267866.0437222
0.07,0.19,-0.11,1759267866.0467093
0.07,0.19,-0.11,1759267866.0493245
0.08,0.2,-0.11,1759267866.051555
0.07,0.19,-0.11,1759267866.053752
0.07,0.19,-0.11,1759267866.0562563
0.07,0.19,-0.11,1759267866.0585244
0.08,0.18,-0.11,1759267866.0607705
0.08,0.19,-0.11,1759267866.0630038
0.08,0.18,-0.11,1759267866.0654926
0.08,0.19,-0.11,1759267866.0684006
0.08,0.19,-0.11,1759267866.0712738
0.08,0.18,-0.11,1759267866.074379
0.08,0.18,-0.11,1759267866.077516
0.08,0.18,-0.11,1759267866.0813942
0.08,0.18,-0.11,1759267866.083536
0.08,0.18,-0.11,1759267866.086229
0.08,0.18,-0.11,1759267866.0894053
0.08,0.18,-0.11,1759267866.091243
0.09,0.18,-0.11,1759267866.093371
0.09,0.18,-0.11,1759267866.095679
0.09,0.18,-0.11,1759267866.0987082
0.09,0.18,-0.11,1759267866.1009154
0.09,0.18,-0.11,1759267866.1036203
0.09,0.18,-0.11,1759267866.1061811
0.09,0.18,-0.11,1759267866.1086557
0.09,0.18,-0.11,1759267866.111563
0.09,0.18,-0.11,1759267866.1140437
0.09,0.18,-0.11,1759267866.1176505
0.09,0.18,-0.11,1759267866.1208928
0.09,0.18,-0.11,1759267866.1242654
0.1,0.17,-0.1,1759267866.1276772
0.1,0.17,-0.1,1759267866.130828
0.1,0.17,-0.1,1759267866.133555
0.1,0.18,-0.1,1759267866.1354554
0.1,0.18,-0.1,1759267866.139091
0.1,0.18,-0.1,1759267866.1419008
0.1,0.17,-0.1,1759267866.1444347
0.1,0.17,-0.1,1759267866.1463752
0.1,0.17,-0.1,1759267866.1494586
0.1,0.17,-0.1,1759267866.1525042
0.1,0.17,-0.1,1759267866.1543398
0.1,0.17,-0.1,1759267866.158693
0.1,0.17,-0.1,1759267866.1611168
0.1,0.17,-0.1,1759267866.165306
0.1,0.17,-0.1,1759267866.16814
0.1,0.17,-0.1,1759267866.170719
0.1,0.17,-0.1,1759267866.1728897
0.1,0.17,-0.1,1759267866.1750083
0.1,0.17,-0.1,1759267866.1775174
0.1,0.17,-0.1,1759267866.17991
0.1,0.17,-0.1,1759267866.1827383
0.1,0.17,-0.1,1759267866.1852744
0.1,0.17,-0.1,1759267866.187579
0.1,0.17,-0.1,1759267866.190004
0.1,0.17,-0.1,1759267866.192258
0.1,0.17,-0.09,1759267866.194759
0.1,0.17,-0.09,1759267866.19742
0.11,0.18,-0.09,1759267866.1996934
0.1,0.17,-0.09,1759267866.2020626
0.1,0.17,-0.09,1759267866.2044384
0.1,0.17,-0.09,1759267866.2066236
0.11,0.18,-0.09,1759267866.2090385
0.11,0.17,-0.09,1759267866.211712
0.11,0.17,-0.09,1759267866.2138572
0.11,0.18,-0.09,1759267866.216177
0.11,0.18,-0.09,1759267866.2188942
0.11,0.18,-0.09,1759267866.2217937
0.1,0.18,-0.09,1759267866.223878
0.11,0.18,-0.09,1759267866.2259548
0.11,0.18,-0.09,1759267866.228404
0.11,0.18,-0.09,1759267866.230374
0.11,0.18,-0.09,1759267866.2324562
0.1,0.18,-0.09,1759267866.2350242
0.11,0.18,-0.08,1759267866.2380407
0.11,0.18,-0.08,1759267866.241206
0.1,0.18,-0.08,1759267866.2453468
0.11,0.18,-0.08,1759267866.2490804
0.11,0.18,-0.08,1759267866.2517755
0.11,0.18,-0.08,1759267866.254797
0.1,0.18,-0.08,1759267866.2573936
0.11,0.18,-0.08,1759267866.2592032
0.11,0.18,-0.08,1759267866.261485
0.11,0.18,-0.08,1759267866.2649207
0.1,0.18,-0.08,1759267866.2678766
0.11,0.18,-0.08,1759267866.2700288
0.11,0.18,-0.08,1759267866.2734258
0.11,0.18,-0.08,1759267866.2761912
0.1,0.18,-0.08,1759267866.2791538
0.1,0.18,-0.08,1759267866.2808433
0.1,0.18,-0.07,1759267866.2832625
0.1,0.18,-0.07,1759267866.2856607
0.1,0.18,-0.07,1759267866.2879088
0.1,0.18,-0.07,1759267866.2903454
0.1,0.18,-0.07,1759267866.2925768
0.1,0.18,-0.07,1759267866.2948332
0.1,0.18,-0.07,1759267866.2972243
0.1,0.18,-0.07,1759267866.2995827
0.1,0.18,-0.07,1759267866.3018372
0.1,0.19,-0.07,1759267866.3044004
0.1,0.19,-0.07,1759267866.307016
0.1,0.19,-0.07,1759267866.3093257
0.1,0.19,-0.07,1759267866.3126316
0.1,0.19,-0.07,1759267866.3158858
0.1,0.19,-0.07,1759267866.318551
0.1,0.19,-0.06,1759267866.321179
0.1,0.19,-0.06,1759267866.3234627
0.1,0.19,-0.06,1759267866.326054
0.1,0.19,-0.06,1759267866.3283873
0.1,0.19,-0.06,1759267866.331169
0.1,0.19,-0.06,1759267866.3333714
0.1,0.19,-0.06,1759267866.3361464
0.1,0.19,-0.06,1759267866.3382297
0.1,0.19,-0.06,1759267866.3406696
0.1,0.19,-0.06,1759267866.3435297
0.1,0.19,-0.06,1759267866.346079
0.1,0.19,-0.06,1759267866.3496585
0.1,0.19,-0.06,1759267866.3521292
0.1,0.19,-0.05,1759267866.355074
0.1,0.19,-0.05,1759267866.3576047
0.1,0.19,-0.05,1759267866.3599503
0.1,0.19,-0.05,1759267866.3637223
0.1,0.19,-0.05,1759267866.3677049
0.1,0.19,-0.05,1759267866.3715005
0.1,0.19,-0.05,1759267866.3741944
0.1,0.2,-0.05,1759267866.3781831
0.1,0.2,-0.05,1759267866.3809214
0.1,0.2,-0.05,1759267866.3833528
0.1,0.2,-0.05,1759267866.385998
0.1,0.2,-0.05,1759267866.3891828
0.1,0.2,-0.05,1759267866.3922331
0.1,0.2,-0.05,1759267866.3942983
0.1,0.2,-0.05,1759267866.397209
0.1,0.2,-0.05,1759267866.3999982
0.1,0.2,-0.04,1759267866.4033902
0.1,0.2,-0.04,1759267866.4063196
0.1,0.2,-0.04,1759267866.4095066
0.09,0.2,-0.04,1759267866.4122283
0.09,0.2,-0.04,1759267866.4152417
0.09,0.2,-0.04,1759267866.417844
0.09,0.2,-0.04,1759267866.4204154
0.09,0.2,-0.04,1759267866.4228706
0.09,0.2,-0.04,1759267866.426349
0.09,0.2,-0.04,1759267866.4284575
0.09,0.2,-0.04,1759267866.4312222
0.09,0.2,-0.04,1759267866.4345176
0.09,0.2,-0.04,1759267866.4377413
0.09,0.2,-0.04,1759267866.4406612
0.09,0.2,-0.04,1759267866.44346
0.09,0.2,-0.04,1759267866.4462492
0.09,0.2,-0.04,1759267866.4489102
0.09,0.2,-0.04,1759267866.451289
0.09,0.2,-0.04,1759267866.453617
0.09,0.2,-0.03,1759267866.4562416
0.09,0.2,-0.03,1759267866.458784
0.09,0.2,-0.03,1759267866.461527
0.09,0.2,-0.03,1759267866.4646764
0.09,0.2,-0.03,1759267866.4678404
0.09,0.2,-0.03,1759267866.471469
0.09,0.2,-0.03,1759267866.4751616
0.09,0.2,-0.03,1759267866.477894
0.09,0.2,-0.03,1759267866.4802516
0.09,0.2,-0.03,1759267866.4833922
0.09,0.2,-0.03,1759267866.486253
0.09,0.21,-0.03,1759267866.48864
0.09,0.21,-0.03,1759267866.4907715
0.09,0.21,-0.03,1759267866.493067
0.09,0.21,-0.03,1759267866.4961953
0.09,0.21,-0.03,1759267866.4991288
0.09,0.21,-0.03,1759267866.502148
0.09,0.21,-0.03,1759267866.5049784
0.09,0.21,-0.03,1759267866.5078206
0.09,0.21,-0.03,1759267866.5112202
0.09,0.21,-0.03,1759267866.5137956
0.09,0.21,-0.03,1759267866.5165167
0.09,0.21,-0.03,1759267866.5195465
0.09,0.21,-0.03,1759267866.522203
0.09,0.21,-0.03,1759267866.5255382
0.09,0.21,-0.03,1759267866.5281365
0.09,0.21,-0.03,1759267866.5308192
0.09,0.2,-0.03,1759267866.533468
0.09,0.2,-0.03,1759267866.5363626
0.09,0.2,-0.03,1759267866.539427
0.09,0.21,-0.03,1759267866.5420644
0.09,0.21,-0.03,1759267866.5458562
0.09,0.21,-0.03,1759267866.5486572
0.09,0.21,-0.03,1759267866.5513113
0.09,0.21,-0.03,1759267866.554622
0.09,0.21,-0.03,1759267866.5578265
0.09,0.2,-0.03,1759267866.5608382
0.09,0.2,-0.03,1759267866.5635753
0.09,0.2,-0.03,1759267866.5678658
0.09,0.2,-0.03,1759267866.5698557
0.09,0.2,-0.03,1759267866.5727522
0.09,0.2,-0.03,1759267866.576677
0.09,0.2,-0.03,1759267866.5796888
0.09,0.2,-0.03,1759267866.5830896
0.09,0.2,-0.03,1759267866.5860393
0.09,0.2,-0.03,1759267866.588258
0.09,0.2,-0.03,1759267866.5905323
0.09,0.2,-0.03,1759267866.593514
0.09,0.2,-0.03,1759267866.5982628
0.09,0.2,-0.03,1759267866.6014142
0.09,0.2,-0.03,1759267866.6042423
0.09,0.2,-0.03,1759267866.6076486
0.1,0.2,-0.03,1759267866.610479
0.09,0.2,-0.03,1759267866.6135416
0.09,0.2,-0.03,1759267866.61653
0.09,0.2,-0.03,1759267866.6187837
0.09,0.2,-0.03,1759267866.6212933
0.09,0.2,-0.03,1759267866.623624
0.1,0.2,-0.03,1759267866.626629
0.09,0.2,-0.03,1759267866.6287365
0.09,0.2,-0.03,1759267866.6312635
0.09,0.2,-0.03,1759267866.634165
0.1,0.2,-0.03,1759267866.636892
0.1,0.2,-0.03,1759267866.639588
0.1,0.2,-0.03,1759267866.6424048
0.1,0.2,-0.03,1759267866.64526
0.1,0.2,-0.03,1759267866.648393
0.1,0.2,-0.03,1759267866.6516886
0.1,0.2,-0.03,1759267866.6549337
0.1,0.2,-0.04,1759267866.6575265
0.1,0.2,-0.04,1759267866.660698
0.1,0.2,-0.04,1759267866.6636622
0.1,0.2,-0.04,1759267866.666802
0.1,0.2,-0.04,1759267866.669668
0.1,0.2,-0.04,1759267866.6729028
0.1,0.2,-0.04,1759267866.676397
0.1,0.2,-0.04,1759267866.679157
0.1,0.2,-0.04,1759267866.6824389
0.1,0.2,-0.04,1759267866.685475
0.1,0.2,-0.04,1759267866.6883364
0.1,0.2,-0.04,1759267866.6915667
0.1,0.2,-0.04,1759267866.694934
0.1,0.2,-0.04,1759267866.6983335
0.1,0.2,-0.04,1759267866.7017355
0.1,0.2,-0.04,1759267866.7046387
0.1,0.19,-0.04,1759267866.707755
0.1,0.2,-0.04,1759267866.7106218
0.1,0.19,-0.04,1759267866.713516
0.1,0.19,-0.04,1759267866.7163885
0.1,0.19,-0.04,1759267866.7186787
0.1,0.19,-0.04,1759267866.7214391
0.1,0.19,-0.04,1759267866.724029
0.1,0.19,-0.04,1759267866.726709
0.1,0.19,-0.04,1759267866.729008
0.1,0.19,-0.05,1759267866.7317288
0.1,0.19,-0.05,1759267866.7343438
0.1,0.19,-0.05,1759267866.737209
0.1,0.19,-0.05,1759267866.739206
0.1,0.19,-0.05,1759267866.741715
0.1,0.19,-0.05,1759267866.7443774
0.1,0.19,-0.05,1759267866.7470858
0.1,0.19,-0.05,1759267866.7495542
0.1,0.19,-0.05,1759267866.7518885
0.1,0.19,-0.05,1759267866.7545612
0.1,0.19,-0.05,1759267866.7572737
0.1,0.19,-0.05,1759267866.76066
0.1,0.19,-0.05,1759267866.763047
0.1,0.19,-0.05,1759267866.7664492
0.1,0.19,-0.05,1759267866.7692802
0.1,0.19,-0.05,1759267866.7716565
0.1,0.19,-0.05,1759267866.774383
0.1,0.19,-0.05,1759267866.777277
0.1,0.19,-0.05,1759267866.7799115
0.1,0.19,-0.05,1759267866.7825272
0.1,0.19,-0.05,1759267866.7851467
0.1,0.19,-0.05,1759267866.787766
0.1,0.19,-0.05,1759267866.790386
0.1,0.19,-0.06,1759267866.7929635
0.1,0.19,-0.06,1759267866.7965133
0.1,0.19,-0.06,1759267866.7993035
0.1,0.19,-0.06,1759267866.8027074
0.1,0.19,-0.06,1759267866.8048816
0.1,0.19,-0.06,1759267866.8072357
0.1,0.19,-0.06,1759267866.8095546
0.1,0.19,-0.06,1759267866.8127604
0.1,0.19,-0.06,1759267866.8158953
0.1,0.19,-0.06,1759267866.818463
0.1,0.19,-0.06,1759267866.82103
0.1,0.19,-0.06,1759267866.8235772
0.1,0.19,-0.06,1759267866.8263328
0.1,0.19,-0.06,1759267866.8292978
0.1,0.19,-0.06,1759267866.8323717
0.1,0.19,-0.06,1759267866.835474
0.1,0.19,-0.06,1759267866.8385055
0.1,0.19,-0.06,1759267866.8406284
0.1,0.19,-0.06,1759267866.8432925
0.1,0.19,-0.06,1759267866.846463
0.1,0.19,-0.06,1759267866.8491154
0.1,0.19,-0.06,1759267866.8517594
0.1,0.19,-0.06,1759267866.8542888
0.1,0.19,-0.06,1759267866.8569818
0.1,0.19,-0.06,1759267866.8600812
0.1,0.18,-0.06,1759267866.862793
0.1,0.18,-0.06,1759267866.8660989
0.1,0.18,-0.07,1759267866.8689048
0.1,0.18,-0.07,1759267866.871681
0.1,0.18,-0.07,1759267866.8749218
0.1,0.18,-0.07,1759267866.8780866
0.1,0.18,-0.07,1759267866.8813608
0.1,0.18,-0.07,1759267866.8849578
0.1,0.18,-0.07,1759267866.888033
0.1,0.18,-0.07,1759267866.890729
0.1,0.18,-0.07,1759267866.893785
0.1,0.18,-0.07,1759267866.8965554
0.1,0.18,-0.07,1759267866.8993988
0.1,0.18,-0.07,1759267866.902424
0.1,0.18,-0.07,1759267866.905489
0.1,0.18,-0.07,1759267866.9085312
0.1,0.18,-0.07,1759267866.9118552
0.1,0.18,-0.07,1759267866.9154694
0.1,0.18,-0.07,1759267866.918665
0.1,0.18,-0.07,1759267866.9221694
0.1,0.18,-0.07,1759267866.9252985
0.1,0.18,-0.07,1759267866.928671
0.1,0.18,-0.07,1759267866.9318328
0.1,0.18,-0.07,1759267866.9358246
0.1,0.18,-0.07,1759267866.9395778
0.1,0.18,-0.07,1759267866.943746
0.1,0.18,-0.07,1759267866.9473915
0.1,0.18,-0.07,1759267866.9508872
0.09,0.18,-0.07,1759267866.9533198
0.09,0.18,-0.07,1759267866.9573128
0.09,0.18,-0.07,1759267866.9605985
0.09,0.18,-0.07,1759267866.9642885
0.09,0.18,-0.07,1759267866.9678466
0.09,0.18,-0.07,1759267866.9720838
0.09,0.18,-0.07,1759267866.9760408
0.09,0.18,-0.07,1759267866.9804409
0.09,0.18,-0.07,1759267866.9842126
0.09,0.18,-0.07,1759267866.9886355
0.09,0.18,-0.07,1759267866.9924908
0.09,0.18,-0.07,1759267866.996699
0.09,0.18,-0.07,1759267867.000235
0.09,0.18,-0.07,1759267867.003723
0.09,0.18,-0.07,1759267867.007424
0.09,0.18,-0.07,1759267867.0112934
0.09,0.18,-0.07,1759267867.0156093
0.09,0.18,-0.07,1759267867.0187948
0.09,0.18,-0.07,1759267867.021947
0.09,0.18,-0.07,1759267867.0258222
0.09,0.18,-0.07,1759267867.030075
0.09,0.18,-0.07,1759267867.032844
0.09,0.18,-0.07,1759267867.0360262
0.09,0.18,-0.07,1759267867.0392115
0.09,0.18,-0.07,1759267867.0418625
0.09,0.18,-0.07,1759267867.0456328
0.09,0.18,-0.07,1759267867.048232
0.09,0.18,-0.07,1759267867.051032
0.09,0.18,-0.07,1759267867.0540636
0.09,0.18,-0.07,1759267867.0577643
0.08,0.18,-0.07,1759267867.0613327
0.08,0.18,-0.07,1759267867.0650687
0.08,0.18,-0.07,1759267867.0713212
0.08,0.18,-0.07,1759267867.074844
0.08,0.18,-0.07,1759267867.0769696
0.08,0.18,-0.07,1759267867.081264
0.08,0.18,-0.07,1759267867.083913
0.08,0.18,-0.07,1759267867.086637
0.08,0.18,-0.07,1759267867.090059
0.08,0.18,-0.07,1759267867.0946538
0.08,0.18,-0.07,1759267867.096745
0.08,0.18,-0.07,1759267867.099881
0.08,0.18,-0.07,1759267867.1025794
0.08,0.18,-0.07,1759267867.1053207
0.08,0.18,-0.07,1759267867.1085174
0.08,0.18,-0.07,1759267867.111619
0.08,0.18,-0.07,1759267867.1147864
0.08,0.18,-0.07,1759267867.1171768
0.08,0.18,-0.07,1759267867.1204507
0.08,0.18,-0.07,1759267867.1231823
0.08,0.18,-0.07,1759267867.124945
0.08,0.18,-0.07,1759267867.12798
0.08,0.18,-0.07,1759267867.1309884
0.08,0.18,-0.07,1759267867.133024
0.08,0.18,-0.07,1759267867.136478
0.08,0.18,-0.07,1759267867.139252
0.08,0.18,-0.07,1759267867.1423483
0.08,0.18,-0.07,1759267867.1452165
0.08,0.18,-0.07,1759267867.1475346
0.08,0.18,-0.07,1759267867.1500714
0.08,0.18,-0.07,1759267867.1523771
0.08,0.18,-0.07,1759267867.1550574
0.08,0.18,-0.07,1759267867.158905
0.08,0.18,-0.07,1759267867.1612484
0.08,0.18,-0.07,1759267867.164412
0.08,0.18,-0.07,1759267867.167042
0.08,0.18,-0.07,1759267867.17056
0.08,0.18,-0.07,1759267867.1725986
0.08,0.18,-0.07,1759267867.1759436
0.08,0.18,-0.07,1759267867.1789682
0.08,0.18,-0.07,1759267867.181313
0.08,0.18,-0.07,1759267867.1847494
0.08,0.18,-0.07,1759267867.1880696
0.08,0.18,-0.07,1759267867.1905077
0.08,0.18,-0.07,1759267867.1926708
0.08,0.18,-0.07,1759267867.1964772
0.08,0.18,-0.07,1759267867.1994877
0.08,0.18,-0.07,1759267867.202127
0.08,0.18,-0.07,1759267867.204836
0.08,0.18,-0.06,1759267867.207455
0.08,0.18,-0.06,1759267867.2100582
0.08,0.18,-0.06,1759267867.2127452
0.08,0.18,-0.06,1759267867.2167528
0.08,0.18,-0.06,1759267867.2198355
0.08,0.18,-0.06,1759267867.2232003
0.08,0.18,-0.06,1759267867.226261
0.08,0.18,-0.06,1759267867.23013
0.08,0.18,-0.06,1759267867.2333486
0.08,0.18,-0.06,1759267867.2360778
0.08,0.18,-0.06,1759267867.2385664
0.08,0.18,-0.06,1759267867.2402518
0.07,0.18,-0.06,1759267867.2427945
0.08,0.18,-0.06,1759267867.2447584
0.08,0.18,-0.06,1759267867.247828
0.08,0.18,-0.06,1759267867.2508423
0.08,0.18,-0.06,1759267867.2530322
0.08,0.18,-0.06,1759267867.25569
0.08,0.18,-0.06,1759267867.2584438
0.08,0.18,-0.06,1759267867.2603784
0.08,0.19,-0.06,1759267867.2628524
0.08,0.19,-0.06,1759267867.26534
0.07,0.19,-0.06,1759267867.2682652
0.07,0.19,-0.06,1759267867.271841
0.07,0.19,-0.06,1759267867.2749336
0.07,0.19,-0.06,1759267867.2770045
0.07,0.18,-0.06,1759267867.280347
0.07,0.18,-0.06,1759267867.284109
0.07,0.18,-0.06,1759267867.2879517
0.07,0.18,-0.06,1759267867.2912664
0.07,0.18,-0.06,1759267867.2947738
0.07,0.18,-0.06,1759267867.2973278
0.07,0.18,-0.06,1759267867.300675
0.07,0.18,-0.06,1759267867.3040812
0.07,0.18,-0.06,1759267867.3075297
0.07,0.18,-0.06,1759267867.3105583
0.07,0.18,-0.06,1759267867.3131144
0.07,0.18,-0.06,1759267867.3163023
0.07,0.18,-0.06,1759267867.3184316
0.07,0.18,-0.06,1759267867.32072
0.07,0.18,-0.06,1759267867.324088
0.07,0.18,-0.06,1759267867.327022
0.07,0.18,-0.06,1759267867.33033
0.07,0.18,-0.06,1759267867.332662
0.07,0.18,-0.06,1759267867.336613
0.07,0.18,-0.06,1759267867.3393886
0.07,0.18,-0.06,1759267867.3425786
0.07,0.18,-0.06,1759267867.346336
0.07,0.18,-0.06,1759267867.349218
0.07,0.18,-0.06,1759267867.3532066
0.07,0.18,-0.06,1759267867.3569124
0.07,0.18,-0.06,1759267867.360845
0.07,0.18,-0.06,1759267867.3644395
0.07,0.18,-0.06,1759267867.368123
0.07,0.18,-0.06,1759267867.371662
0.07,0.18,-0.06,1759267867.374594
0.07,0.18,-0.06,1759267867.3769753
0.07,0.18,-0.06,1759267867.3794284
0.07,0.18,-0.06,1759267867.3818777
0.07,0.18,-0.06,1759267867.3841872
0.07,0.18,-0.06,1759267867.3867967
0.07,0.18,-0.06,1759267867.3897612
0.07,0.18,-0.06,1759267867.392209
0.07,0.18,-0.06,1759267867.3941753
0.07,0.18,-0.06,1759267867.397301
0.07,0.18,-0.06,1759267867.4010763
0.07,0.18,-0.06,1759267867.4041214
0.07,0.18,-0.06,1759267867.4070995
0.07,0.18,-0.06,1759267867.4092188
0.07,0.18,-0.06,1759267867.4119534
0.07,0.19,-0.06,1759267867.4144232
0.07,0.19,-0.06,1759267867.416808
0.07,0.19,-0.06,1759267867.4190657
0.07,0.19,-0.06,1759267867.4210484
0.07,0.19,-0.06,1759267867.4235065
0.07,0.19,-0.06,1759267867.427101
0.07,0.19,-0.06,1759267867.4294949
0.07,0.19,-0.06,1759267867.432717
0.07,0.19,-0.06,1759267867.4350822
0.07,0.19,-0.06,1759267867.4372284
0.07,0.19,-0.06,1759267867.4394944
0.07,0.19,-0.06,1759267867.4412737
0.07,0.19,-0.06,1759267867.4439604
0.07,0.19,-0.06,1759267867.4466016
0.07,0.19,-0.06,1759267867.4492304
0.07,0.19,-0.06,1759267867.451393
0.07,0.19,-0.06,1759267867.4536262
0.07,0.19,-0.06,1759267867.4556644
0.07,0.19,-0.06,1759267867.4576943
0.07,0.19,-0.06,1759267867.4595478
0.07,0.19,-0.06,1759267867.4618976
0.07,0.19,-0.06,1759267867.4638114
0.07,0.19,-0.06,1759267867.4658828
0.07,0.19,-0.06,1759267867.4682343
0.07,0.19,-0.06,1759267867.4708054
0.07,0.19,-0.06,1759267867.473928
0.07,0.19,-0.06,1759267867.4759202
0.07,0.19,-0.06,1759267867.4776626
0.07,0.19,-0.06,1759267867.4793856
0.07,0.19,-0.06,1759267867.4811113
0.07,0.19,-0.06,1759267867.4829772
0.07,0.19,-0.06,1759267867.485513
0.07,0.19,-0.06,1759267867.48784
0.07,0.19,-0.06,1759267867.4905298
0.07,0.19,-0.06,1759267867.4924562
0.07,0.19,-0.06,1759267867.4941926
0.07,0.19,-0.06,1759267867.496466
0.07,0.19,-0.06,1759267867.4984436
0.07,0.19,-0.06,1759267867.5011234
0.07,0.19,-0.06,1759267867.5033972
0.07,0.19,-0.06,1759267867.5059204
0.07,0.19,-0.06,1759267867.5081697
0.07,0.19,-0.06,1759267867.5105984
0.07,0.19,-0.06,1759267867.5127306
0.07,0.19,-0.06,1759267867.5148003
0.07,0.19,-0.06,1759267867.5165625
0.07,0.19,-0.06,1759267867.5188365
0.07,0.19,-0.06,1759267867.5209858
0.07,0.19,-0.06,1759267867.5230925
0.07,0.19,-0.06,1759267867.5248797
0.07,0.19,-0.06,1759267867.5266604
0.07,0.19,-0.06,1759267867.5284169
0.07,0.19,-0.06,1759267867.5302544
0.07,0.19,-0.06,1759267867.5323713
0.07,0.19,-0.06,1759267867.534145
0.07,0.19,-0.06,1759267867.5360346
0.07,0.19,-0.06,1759267867.5377867
0.07,0.19,-0.06,1759267867.5395544
0.07,0.19,-0.06,1759267867.5413096
0.07,0.19,-0.06,1759267867.543132
0.07,0.19,-0.06,1759267867.5452695
0.07,0.19,-0.06,1759267867.5470512
0.07,0.19,-0.06,1759267867.5489497
0.07,0.19,-0.06,1759267867.550942
0.07,0.19,-0.06,1759267867.5529032
0.07,0.19,-0.06,1759267867.555028
0.07,0.19,-0.06,1759267867.557249
0.07,0.19,-0.06,1759267867.559296
0.07,0.19,-0.06,1759267867.5610616
0.07,0.19,-0.06,1759267867.562833
0.07,0.19,-0.06,1759267867.5648513
0.07,0.19,-0.06,1759267867.5666888
0.07,0.19,-0.06,1759267867.5686166
0.07,0.19,-0.06,1759267867.5705605
0.07,0.19,-0.06,1759267867.572516
0.07,0.19,-0.06,1759267867.5745878
0.07,0.19,-0.06,1759267867.5764313
0.07,0.19,-0.06,1759267867.5783844
0.07,0.19,-0.06,1759267867.580326
0.07,0.19,-0.06,1759267867.5823426
0.07,0.19,-0.06,1759267867.5842588
0.07,0.19,-0.06,1759267867.5863032
0.07,0.19,-0.06,1759267867.5881896
0.07,0.19,-0.06,1759267867.590168
0.07,0.19,-0.06,1759267867.5922728
0.07,0.19,-0.06,1759267867.5940711
0.07,0.19,-0.06,1759267867.596066
0.07,0.19,-0.06,1759267867.5979905
0.07,0.19,-0.06,1759267867.5999925
0.07,0.19,-0.06,1759267867.601883
0.07,0.19,-0.06,1759267867.6038632
0.07,0.19,-0.06,1759267867.6060588
0.07,0.19,-0.06,1759267867.6078758
0.07,0.19,-0.06,1759267867.609758
0.07,0.19,-0.06,1759267867.611696
0.07,0.19,-0.06,1759267867.613685
0.07,0.19,-0.06,1759267867.61596
0.07,0.19,-0.06,1759267867.6177316
0.07,0.19,-0.06,1759267867.619532
0.07,0.19,-0.06,1759267867.621547
0.07,0.19,-0.06,1759267867.6234827
0.07,0.19,-0.06,1759267867.6255732
0.07,0.19,-0.06,1759267867.6273465
0.07,0.19,-0.06,1759267867.6293788
0.07,0.19,-0.06,1759267867.6313128
0.07,0.19,-0.06,1759267867.6339362
0.07,0.19,-0.06,1759267867.6358776
0.07,0.19,-0.06,1759267867.6376638
0.07,0.19,-0.06,1759267867.6394577
0.07,0.19,-0.06,1759267867.641264
0.07,0.19,-0.06,1759267867.6430635
0.07,0.19,-0.06,1759267867.6455636
0.07,0.19,-0.06,1759267867.647364
0.07,0.19,-0.06,1759267867.649114
0.07,0.19,-0.06,1759267867.6508975
0.07,0.19,-0.06,1759267867.6528983
0.08,0.19,-0.06,1759267867.6549506
0.08,0.19,-0.06,1759267867.6568775
0.08,0.19,-0.06,1759267867.6587796
0.08,0.19,-0.06,1759267867.6607416
0.08,0.19,-0.06,1759267867.662709
0.08,0.19,-0.06,1759267867.6647606
0.08,0.19,-0.06,1759267867.6665485
0.08,0.19,-0.06,1759267867.668646
0.08,0.19,-0.06,1759267867.6705678
0.07,0.19,-0.06,1759267867.6725042
0.07,0.19,-0.06,1759267867.674849
0.08,0.19,-0.06,1759267867.6766484
0.08,0.19,-0.06,1759267867.6784084
0.08,0.19,-0.06,1759267867.6803434
0.08,0.19,-0.06,1759267867.6823304
0.08,0.19,-0.07,1759267867.6842542
0.07,0.19,-0.07,1759267867.6863225
0.07,0.19,-0.07,1759267867.6881883
0.07,0.19,-0.07,1759267867.690144
0.07,0.19,-0.07,1759267867.692274
0.07,0.19,-0.07,1759267867.6940174
0.07,0.19,-0.07,1759267867.6961305
0.07,0.19,-0.07,1759267867.6979747
0.07,0.19,-0.07,1759267867.6999688
0.07,0.19,-0.07,1759267867.701894
0.07,0.19,-0.07,1759267867.7038646
0.07,0.19,-0.07,1759267867.706116
0.07,0.19,-0.07,1759267867.7078838
0.07,0.19,-0.07,1759267867.7106354
0.07,0.19,-0.07,1759267867.7123833
0.07,0.19,-0.07,1759267867.7141962
0.07,0.19,-0.07,1759267867.7162466
0.07,0.19,-0.07,1759267867.718012
0.07,0.19,-0.07,1759267867.7197928
0.07,0.19,-0.07,1759267867.7215433
0.07,0.19,-0.07,1759267867.723487
0.07,0.19,-0.07,1759267867.72545
0.07,0.19,-0.07,1759267867.7274675
0.07,0.19,-0.07,1759267867.7293546
0.07,0.19,-0.07,1759267867.7313468
0.07,0.19,-0.07,1759267867.7350774
0.07,0.19,-0.07,1759267867.736887
0.07,0.19,-0.07,1759267867.738655
0.07,0.19,-0.07,1759267867.7404308
0.07,0.19,-0.07,1759267867.742202
0.07,0.19,-0.07,1759267867.7439842
0.07,0.19,-0.07,1759267867.7458963
0.07,0.19,-0.07,1759267867.7476869
0.07,0.19,-0.07,1759267867.7494478
0.07,0.19,-0.07,1759267867.7512093
0.07,0.19,-0.07,1759267867.7529943
0.07,0.19,-0.07,1759267867.7549293
0.07,0.19,-0.07,1759267867.756782
0.07,0.19,-0.07,1759267867.7587578
0.07,0.19,-0.07,1759267867.7632835
0.07,0.19,-0.07,1759267867.7651663
0.07,0.19,-0.07,1759267867.7673335
0.07,0.19,-0.07,1759267867.7691605
0.07,0.19,-0.07,1759267867.7718663
0.07,0.19,-0.07,1759267867.7747326
0.07,0.19,-0.07,1759267867.778314
0.07,0.19,-0.07,1759267867.780099
0.07,0.19,-0.07,1759267867.782597
0.07,0.19,-0.07,1759267867.7865567
0.07,0.19,-0.07,1759267867.7883072
0.07,0.19,-0.07,1759267867.791331
0.07,0.19,-0.07,1759267867.7930963
0.07,0.19,-0.07,1759267867.7965903
0.07,0.19,-0.07,1759267867.7993968
0.07,0.19,-0.07,1759267867.801149
0.07,0.19,-0.07,1759267867.8037748
0.07,0.19,-0.07,1759267867.8064046
0.07,0.19,-0.07,1759267867.8081975
0.07,0.19,-0.07,1759267867.8106189
0.07,0.19,-0.07,1759267867.8124151
0.07,0.19,-0.07,1759267867.8152604
0.07,0.19,-0.07,1759267867.8170495
0.07,0.19,-0.07,1759267867.819481
0.07,0.19,-0.07,1759267867.8228316
0.07,0.19,-0.07,1759267867.825812
0.07,0.19,-0.07,1759267867.8292418
0.07,0.19,-0.07,1759267867.8333936
0.07,0.19,-0.07,1759267867.8364148
0.07,0.19,-0.07,1759267867.8402176
0.07,0.19,-0.07,1759267867.8431644
0.07,0.19,-0.07,1759267867.8463218
0.07,0.19,-0.07,1759267867.8481736
0.07,0.19,-0.07,1759267867.8502555
0.07,0.19,-0.07,1759267867.8523085
0.07,0.19,-0.07,1759267867.8544102
0.07,0.19,-0.07,1759267867.8569512
0.07,0.19,-0.07,1759267867.8597455
0.07,0.19,-0.07,1759267867.86206
0.07,0.19,-0.07,1759267867.8642292
0.07,0.19,-0.07,1759267867.8666496
0.07,0.19,-0.07,1759267867.868611
0.07,0.19,-0.07,1759267867.871162
0.07,0.19,-0.07,1759267867.8737876
0.07,0.19,-0.06,1759267867.8765223
0.07,0.19,-0.06,1759267867.8794792
0.07,0.19,-0.06,1759267867.8820553
0.07,0.19,-0.06,1759267867.8848703
0.07,0.19,-0.06,1759267867.887491
0.07,0.19,-0.06,1759267867.8893893
0.07,0.19,-0.06,1759267867.891715
0.07,0.19,-0.06,1759267867.893874
0.07,0.19,-0.06,1759267867.895835
0.07,0.19,-0.06,1759267867.8986309
0.07,0.19,-0.06,1759267867.901468
0.07,0.19,-0.06,1759267867.904078
0.07,0.19,-0.06,1759267867.9061403
0.07,0.19,-0.06,1759267867.9082527
0.07,0.19,-0.06,1759267867.910089
0.07,0.19,-0.06,1759267867.912937
0.07,0.19,-0.06,1759267867.9159672
0.07,0.19,-0.06,1759267867.9182236
0.07,0.19,-0.06,1759267867.921331
0.07,0.19,-0.06,1759267867.924267
0.07,0.19,-0.06,1759267867.92755
0.07,0.19,-0.06,1759267867.9302793
0.07,0.19,-0.06,1759267867.9336183
0.07,0.19,-0.06,1759267867.9371617
0.07,0.19,-0.06,1759267867.9400358
0.07,0.19,-0.06,1759267867.9429135
0.07,0.19,-0.06,1759267867.945846
0.07,0.19,-0.06,1759267867.9491048
0.07,0.19,-0.06,1759267867.9523995
0.07,0.19,-0.06,1759267867.955747
0.07,0.19,-0.06,1759267867.9590528
0.07,0.19,-0.06,1759267867.9611142
0.07,0.19,-0.06,1759267867.963055
0.07,0.19,-0.06,1759267867.966079
0.07,0.19,-0.06,1759267867.969149
0.07,0.19,-0.06,1759267867.9718163
0.07,0.19,-0.06,1759267867.9748902
0.07,0.19,-0.06,1759267867.977172
0.07,0.19,-0.06,1759267867.9791148
0.07,0.19,-0.06,1759267867.9814234
0.07,0.19,-0.06,1759267867.9833882
0.07,0.19,-0.06,1759267867.9859474
0.07,0.19,-0.06,1759267867.9893622
0.07,0.19,-0.06,1759267867.9920857
0.07,0.19,-0.06,1759267867.994697
0.07,0.19,-0.06,1759267867.9972482
0.07,0.19,-0.06,1759267867.998901
0.07,0.19,-0.06,1759267868.0011003
0.07,0.19,-0.06,1759267868.0029917
0.07,0.19,-0.06,1759267868.0048492
0.07,0.19,-0.06,1759267868.0068264
0.07,0.19,-0.06,1759267868.0088542
0.07,0.19,-0.06,1759267868.011419
0.07,0.19,-0.06,1759267868.0137434
0.07,0.19,-0.06,1759267868.0165138
0.07,0.19,-0.06,1759267868.018293
0.07,0.19,-0.06,1759267868.019924
0.07,0.19,-0.06,1759267868.02156
0.07,0.19,-0.06,1759267868.0248723
0.07,0.19,-0.06,1759267868.0269768
0.07,0.19,-0.06,1759267868.0287154
0.07,0.19,-0.06,1759267868.0314045
0.07,0.19,-0.06,1759267868.0330615
0.07,0.19,-0.06,1759267868.0347643
0.07,0.19,-0.06,1759267868.0370362
0.07,0.19,-0.06,1759267868.039218
0.07,0.19,-0.06,1759267868.0415657
0.07,0.19,-0.06,1759267868.0440838
0.07,0.19,-0.06,1759267868.0464666
0.07,0.19,-0.06,1759267868.048689
0.07,0.19,-0.06,1759267868.0513568
0.07,0.19,-0.06,1759267868.0536382
0.07,0.19,-0.06,1759267868.0557578
0.07,0.19,-0.06,1759267868.0573993
0.07,0.19,-0.06,1759267868.0595937
0.07,0.19,-0.06,1759267868.0614648
0.07,0.19,-0.06,1759267868.0649529
0.07,0.19,-0.06,1759267868.0682647
0.07,0.19,-0.06,1759267868.0709732
0.07,0.19,-0.06,1759267868.0730207
0.07,0.19,-0.06,1759267868.075634
0.07,0.19,-0.06,1759267868.0787344
0.07,0.19,-0.06,1759267868.0817568
0.07,0.19,-0.06,1759267868.0856214
0.07,0.19,-0.06,1759267868.0893166
0.07,0.19,-0.06,1759267868.092475
0.07,0.19,-0.06,1759267868.0953045
0.07,0.19,-0.06,1759267868.0970287
0.07,0.19,-0.06,1759267868.0991702
0.07,0.19,-0.06,1759267868.1010823
0.07,0.19,-0.06,1759267868.102966
0.07,0.19,-0.06,1759267868.1072674
0.07,0.19,-0.06,1759267868.1089957
0.07,0.19,-0.06,1759267868.11172
0.07,0.19,-0.06,1759267868.113519
0.07,0.19,-0.06,1759267868.1159918
0.07,0.19,-0.06,1759267868.117788
0.07,0.19,-0.06,1759267868.119663
0.07,0.19,-0.06,1759267868.121464
0.07,0.19,-0.06,1759267868.1233904
0.07,0.19,-0.06,1759267868.1257784
0.07,0.19,-0.06,1759267868.1280916
0.07,0.19,-0.06,1759267868.1299543
0.07,0.19,-0.06,1759267868.132102
0.07,0.19,-0.06,1759267868.1338298
0.07,0.19,-0.06,1759267868.1362164
0.07,0.19,-0.06,1759267868.1379435
0.07,0.19,-0.06,1759267868.140025
0.07,0.19,-0.06,1759267868.141904
0.07,0.19,-0.06,1759267868.144168
0.07,0.19,-0.06,1759267868.146027
0.07,0.19,-0.06,1759267868.148051
0.07,0.19,-0.06,1759267868.149793
0.07,0.19,-0.06,1759267868.1519222
0.07,0.19,-0.06,1759267868.1536255
0.07,0.19,-0.06,1759267868.1556952
0.07,0.19,-0.06,1759267868.1576269
0.07,0.19,-0.06,1759267868.1596737
0.07,0.19,-0.06,1759267868.1614134
0.07,0.19,-0.06,1759267868.1631389
0.07,0.19,-0.06,1759267868.16529
0.07,0.19,-0.06,1759267868.167106
0.07,0.19,-0.06,1759267868.16882
0.07,0.19,-0.06,1759267868.1706808
0.07,0.19,-0.06,1759267868.174818
0.07,0.19,-0.06,1759267868.1771455
0.07,0.19,-0.06,1759267868.1788683
0.07,0.19,-0.06,1759267868.1808827
0.07,0.19,-0.06,1759267868.1826108
0.07,0.19,-0.06,1759267868.1847315
0.07,0.19,-0.06,1759267868.1870515
0.07,0.19,-0.06,1759267868.1895084
0.07,0.19,-0.06,1759267868.1912534
0.07,0.19,-0.06,1759267868.1936617
0.07,0.19,-0.06,1759267868.1962962
0.07,0.19,-0.06,1759267868.1985106
0.07,0.19,-0.06,1759267868.2006693
0.07,0.19,-0.06,1759267868.2035985
0.07,0.19,-0.06,1759267868.2061567
0.07,0.19,-0.06,1759267868.209007
0.07,0.19,-0.06,1759267868.2112494
0.07,0.19,-0.06,1759267868.2134044
0.07,0.19,-0.06,1759267868.215835
0.07,0.19,-0.06,1759267868.2179673
0.07,0.19,-0.06,1759267868.220622
0.07,0.19,-0.06,1759267868.2224708
0.07,0.19,-0.06,1759267868.2255166
0.07,0.19,-0.06,1759267868.2286825
0.07,0.19,-0.06,1759267868.2317264
0.07,0.19,-0.06,1759267868.2342808
0.07,0.19,-0.06,1759267868.2365272
0.07,0.19,-0.06,1759267868.238564
0.07,0.19,-0.06,1759267868.2414274
0.07,0.19,-0.06,1759267868.2436037
0.07,0.19,-0.06,1759267868.2464051
0.07,0.19,-0.06,1759267868.2489324
0.07,0.19,-0.06,1759267868.2528198
0.07,0.19,-0.06,1759267868.2558484
0.07,0.19,-0.06,1759267868.2595992
0.07,0.19,-0.06,1759267868.2618628
0.07,0.19,-0.06,1759267868.2651713
0.07,0.19,-0.06,1759267868.268876
0.07,0.19,-0.06,1759267868.2711186
0.07,0.19,-0.06,1759267868.2731004
0.07,0.19,-0.06,1759267868.2751882
0.07,0.19,-0.06,1759267868.2776768
0.07,0.19,-0.06,1759267868.2798426
0.07,0.19,-0.06,1759267868.2817707
0.07,0.19,-0.06,1759267868.284049
0.07,0.19,-0.06,1759267868.2889087
0.07,0.19,-0.06,1759267868.2918258
0.07,0.19,-0.06,1759267868.2941976
0.07,0.19,-0.06,1759267868.2968326
0.07,0.19,-0.06,1759267868.2991962
0.07,0.19,-0.06,1759267868.301602
0.07,0.19,-0.06,1759267868.303352
0.07,0.19,-0.06,1759267868.3059108
0.07,0.19,-0.06,1759267868.3077023
0.07,0.19,-0.06,1759267868.310645
0.07,0.19,-0.06,1759267868.3137517
0.07,0.19,-0.06,1759267868.3160856
0.07,0.19,-0.06,1759267868.3177755
0.07,0.19,-0.06,1759267868.3198905
0.07,0.19,-0.06,1759267868.3226037
0.07,0.19,-0.06,1759267868.32524
0.07,0.19,-0.06,1759267868.3273346
0.07,0.19,-0.06,1759267868.330528
0.07,0.19,-0.06,1759267868.3329978
0.07,0.19,-0.06,1759267868.336015
0.07,0.19,-0.06,1759267868.3385303
0.07,0.19,-0.06,1759267868.3415904
0.07,0.19,-0.06,1759267868.3441682
0.07,0.19,-0.06,1759267868.3474202
0.07,0.19,-0.06,1759267868.349746
0.07,0.19,-0.06,1759267868.351918
0.07,0.19,-0.06,1759267868.354065
0.07,0.19,-0.06,1759267868.3564894
0.07,0.19,-0.06,1759267868.358874
0.07,0.19,-0.06,1759267868.3610132
0.07,0.19,-0.06,1759267868.363437
0.07,0.19,-0.06,1759267868.3658197
0.07,0.19,-0.06,1759267868.36789
0.07,0.19,-0.06,1759267868.370125
0.07,0.19,-0.06,1759267868.372058
0.07,0.19,-0.06,1759267868.3739283
0.07,0.19,-0.06,1759267868.3767223
0.07,0.19,-0.06,1759267868.379938
0.07,0.19,-0.06,1759267868.382159
0.07,0.19,-0.06,1759267868.3838928
0.07,0.19,-0.06,1759267868.3873284
0.07,0.19,-0.06,1759267868.3899307
0.07,0.19,-0.06,1759267868.3928266
0.07,0.19,-0.06,1759267868.395298
0.07,0.19,-0.06,1759267868.3973143
0.07,0.19,-0.06,1759267868.3996298
0.07,0.19,-0.06,1759267868.4020574
0.07,0.19,-0.06,1759267868.4039333
0.07,0.19,-0.06,1759267868.4061544
0.07,0.19,-0.06,1759267868.4083436
0.07,0.19,-0.06,1759267868.4105194
0.07,0.19,-0.06,1759267868.4123735
0.07,0.19,-0.06,1759267868.414971
0.07,0.19,-0.06,1759267868.4184108
0.07,0.19,-0.06,1759267868.4206629
0.07,0.19,-0.06,1759267868.4230278
0.07,0.19,-0.06,1759267868.425373
0.07,0.19,-0.06,1759267868.4276128
0.07,0.19,-0.06,1759267868.4295585
0.07,0.19,-0.06,1759267868.4312973
0.07,0.19,-0.06,1759267868.433251
0.07,0.19,-0.06,1759267868.4354384
0.07,0.19,-0.06,1759267868.437924
0.07,0.19,-0.06,1759267868.4403205
0.07,0.19,-0.06,1759267868.4421964
0.07,0.19,-0.06,1759267868.4446826
0.07,0.19,-0.06,1759267868.4465592
0.07,0.19,-0.06,1759267868.4484692
0.07,0.19,-0.06,1759267868.4509077
0.07,0.19,-0.06,1759267868.452773
0.07,0.19,-0.06,1759267868.455198
0.07,0.19,-0.06,1759267868.458015
0.07,0.19,-0.06,1759267868.4607778
0.07,0.19,-0.06,1759267868.4632392
0.07,0.19,-0.06,1759267868.4652894
0.07,0.19,-0.06,1759267868.4676468
0.07,0.19,-0.06,1759267868.4695246
0.07,0.19,-0.06,1759267868.4713633
0.07,0.19,-0.06,1759267868.473553
0.07,0.19,-0.06,1759267868.475428
0.07,0.19,-0.06,1759267868.4775145
0.07,0.19,-0.06,1759267868.4802146
0.07,0.19,-0.06,1759267868.4823043
0.07,0.19,-0.06,1759267868.484559
0.07,0.19,-0.06,1759267868.4863083
0.07,0.19,-0.06,1759267868.4888551
0.07,0.19,-0.06,1759267868.490987
0.07,0.19,-0.06,1759267868.4932392
0.07,0.19,-0.06,1759267868.4957452
0.07,0.19,-0.06,1759267868.497958
0.07,0.19,-0.06,1759267868.50019
0.07,0.19,-0.06,1759267868.502117
0.07,0.19,-0.06,1759267868.5041535
0.07,0.19,-0.06,1759267868.506815
0.07,0.19,-0.06,1759267868.509147
0.07,0.19,-0.06,1759267868.5112474
0.07,0.19,-0.06,1759267868.513529
0.07,0.19,-0.06,1759267868.5157604
0.07,0.19,-0.06,1759267868.518445
0.07,0.19,-0.06,1759267868.5208182
0.07,0.19,-0.06,1759267868.522931
0.07,0.19,-0.06,1759267868.5255363
0.07,0.19,-0.06,1759267868.5279489
0.07,0.19,-0.06,1759267868.5297887
0.07,0.19,-0.06,1759267868.5322502
0.07,0.19,-0.06,1759267868.5352588
0.07,0.19,-0.06,1759267868.538952
0.07,0.19,-0.06,1759267868.5416634
0.07,0.19,-0.06,1759267868.544452
0.07,0.19,-0.06,1759267868.5473828
0.07,0.19,-0.06,1759267868.5500286
0.07,0.19,-0.06,1759267868.5519726
0.07,0.19,-0.06,1759267868.5543103
0.07,0.19,-0.06,1759267868.5568674
0.07,0.19,-0.06,1759267868.559598
0.07,0.19,-0.06,1759267868.5620515
0.07,0.19,-0.06,1759267868.564367
0.07,0.19,-0.06,1759267868.5680494
0.07,0.19,-0.06,1759267868.5706012
0.07,0.19,-0.06,1759267868.5731578
0.07,0.19,-0.06,1759267868.5756664
0.07,0.19,-0.06,1759267868.578551
0.07,0.19,-0.06,1759267868.5817232
0.07,0.19,-0.06,1759267868.5849004
0.07,0.19,-0.06,1759267868.5877192
0.07,0.19,-0.06,1759267868.590454
0.07,0.19,-0.06,1759267868.593068
0.07,0.19,-0.06,1759267868.5956273
0.07,0.19,-0.06,1759267868.5977936
0.07,0.19,-0.06,1759267868.600802
0.07,0.19,-0.06,1759267868.6033497
0.07,0.19,-0.06,1759267868.605541
0.07,0.19,-0.06,1759267868.6079862
0.07,0.19,-0.06,1759267868.6112273
0.07,0.19,-0.06,1759267868.6140313
0.07,0.19,-0.06,1759267868.6166337
0.07,0.19,-0.06,1759267868.6187863
0.07,0.19,-0.06,1759267868.6208673
0.07,0.19,-0.06,1759267868.622994
0.07,0.19,-0.06,1759267868.6252818
0.07,0.19,-0.06,1759267868.6273124
0.07,0.19,-0.06,1759267868.6294537
0.07,0.19,-0.06,1759267868.631842
0.07,0.19,-0.06,1759267868.634957
0.07,0.19,-0.06,1759267868.6379638
0.07,0.19,-0.06,1759267868.6404457
0.07,0.19,-0.06,1759267868.6427364
0.07,0.19,-0.06,1759267868.6446824
0.07,0.19,-0.06,1759267868.646702
0.07,0.19,-0.06,1759267868.6502414
0.07,0.19,-0.06,1759267868.652995
0.07,0.19,-0.06,1759267868.6554682
0.07,0.19,-0.06,1759267868.6577828
0.07,0.19,-0.06,1759267868.6597311
0.07,0.19,-0.06,1759267868.6619658
0.07,0.19,-0.06,1759267868.665136
0.07,0.19,-0.06,1759267868.6676393
0.07,0.19,-0.06,1759267868.670027
0.07,0.19,-0.06,1759267868.6721103
0.07,0.19,-0.06,1759267868.6740687
0.07,0.19,-0.06,1759267868.6765516
0.07,0.19,-0.06,1759267868.6800213
0.07,0.19,-0.06,1759267868.682678
0.07,0.19,-0.06,1759267868.68539
0.07,0.19,-0.06,1759267868.688375
0.07,0.19,-0.06,1759267868.690709
0.07,0.19,-0.06,1759267868.6932876
0.07,0.19,-0.06,1759267868.6954937
0.07,0.19,-0.06,1759267868.6989353
0.07,0.19,-0.06,1759267868.701176
0.07,0.19,-0.06,1759267868.7034683
0.07,0.19,-0.06,1759267868.705661
0.07,0.19,-0.06,1759267868.7077944
0.07,0.19,-0.06,1759267868.7101307
0.07,0.19,-0.06,1759267868.7124746
0.07,0.19,-0.06,1759267868.714384
0.07,0.19,-0.06,1759267868.716734
0.07,0.19,-0.06,1759267868.7194707
0.07,0.19,-0.06,1759267868.7224216
0.07,0.19,-0.06,1759267868.7254689
0.07,0.19,-0.06,1759267868.7281797
0.07,0.19,-0.06,1759267868.7316158
0.07,0.19,-0.06,1759267868.7343462
0.07,0.19,-0.06,1759267868.7363603
0.07,0.19,-0.06,1759267868.7390082
0.07,0.19,-0.06,1759267868.7411416
0.07,0.19,-0.06,1759267868.743369
0.07,0.19,-0.06,1759267868.7466123
0.07,0.19,-0.06,1759267868.7488728
0.07,0.19,-0.06,1759267868.751691
0.07,0.19,-0.06,1759267868.7547565
0.07,0.19,-0.06,1759267868.7575634
0.07,0.19,-0.06,1759267868.760099
0.07,0.19,-0.06,1759267868.761979
0.07,0.19,-0.06,1759267868.7640169
0.07,0.19,-0.06,1759267868.7660568
0.07,0.19,-0.06,1759267868.7677684
0.07,0.19,-0.06,1759267868.769528
0.07,0.19,-0.06,1759267868.7714064
0.07,0.19,-0.06,1759267868.7739725
0.07,0.19,-0.06,1759267868.7761457
0.07,0.19,-0.06,1759267868.7782354
0.07,0.19,-0.06,1759267868.780614
0.07,0.19,-0.06,1759267868.7831793
0.07,0.19,-0.06,1759267868.785966
0.07,0.19,-0.06,1759267868.7885249
0.07,0.19,-0.06,1759267868.790578
0.07,0.19,-0.06,1759267868.7925403
0.07,0.19,-0.06,1759267868.7952728
0.07,0.19,-0.06,1759267868.7972455
0.07,0.19,-0.06,1759267868.7992826
0.07,0.19,-0.06,1759267868.8017683
0.07,0.19,-0.06,1759267868.8049192
0.07,0.19,-0.06,1759267868.8077877
0.07,0.19,-0.06,1759267868.809852
0.07,0.19,-0.06,1759267868.811685
0.07,0.19,-0.06,1759267868.814333
0.07,0.19,-0.06,1759267868.816727
0.07,0.19,-0.06,1759267868.8192203
0.07,0.19,-0.06,1759267868.8216405
0.07,0.19,-0.06,1759267868.823588
0.07,0.19,-0.06,1759267868.825711
0.07,0.19,-0.06,1759267868.8279622
0.07,0.19,-0.06,1759267868.830238
0.07,0.19,-0.06,1759267868.8322752
0.07,0.19,-0.06,1759267868.8341908
0.07,0.19,-0.06,1759267868.837224
0.07,0.19,-0.06,1759267868.8393288
0.07,0.19,-0.06,1759267868.8413749
0.07,0.19,-0.06,1759267868.8435152
0.07,0.19,-0.06,1759267868.8457625
0.07,0.19,-0.06,1759267868.848204
0.07,0.19,-0.06,1759267868.850886
0.07,0.19,-0.06,1759267868.8541746
0.07,0.19,-0.06,1759267868.8575828
0.07,0.19,-0.06,1759267868.8602197
0.07,0.19,-0.06,1759267868.862059
0.07,0.19,-0.06,1759267868.864257
0.07,0.19,-0.06,1759267868.866809
0.07,0.19,-0.06,1759267868.86913
0.07,0.19,-0.06,1759267868.871348
0.07,0.19,-0.06,1759267868.8735275
0.07,0.19,-0.06,1759267868.8764367
0.07,0.19,-0.06,1759267868.8786712
0.07,0.19,-0.06,1759267868.880692
0.07,0.19,-0.06,1759267868.8825693
0.07,0.19,-0.06,1759267868.884904
0.07,0.19,-0.06,1759267868.8867197
0.07,0.19,-0.06,1759267868.8883362
0.07,0.19,-0.06,1759267868.8900294
0.07,0.19,-0.06,1759267868.8920095
0.07,0.19,-0.06,1759267868.8939676
0.07,0.19,-0.06,1759267868.8959863
0.07,0.19,-0.06,1759267868.897867
0.07,0.19,-0.06,1759267868.8998635
0.07,0.19,-0.06,1759267868.901842
0.07,0.19,-0.06,1759267868.904864
0.07,0.19,-0.06,1759267868.906619
0.07,0.19,-0.06,1759267868.9082942
0.07,0.19,-0.06,1759267868.9099298
0.07,0.19,-0.06,1759267868.912233
0.07,0.19,-0.06,1759267868.9150217
0.07,0.19,-0.06,1759267868.917108
0.07,0.19,-0.06,1759267868.9191792
0.07,0.19,-0.06,1759267868.921556
0.07,0.19,-0.06,1759267868.9240055
0.07,0.19,-0.06,1759267868.926601
0.07,0.19,-0.06,1759267868.9287565
0.07,0.19,-0.06,1759267868.931026
0.07,0.19,-0.06,1759267868.933445
0.07,0.19,-0.06,1759267868.9352112
0.07,0.19,-0.06,1759267868.9368732
0.07,0.19,-0.06,1759267868.938737
0.07,0.19,-0.06,1759267868.940432
0.07,0.19,-0.06,1759267868.9421885
0.07,0.19,-0.06,1759267868.943789
0.07,0.19,-0.06,1759267868.9454672
0.07,0.19,-0.06,1759267868.9472656
0.07,0.19,-0.06,1759267868.9493756
0.07,0.19,-0.06,1759267868.9512994
0.07,0.19,-0.06,1759267868.9532175
0.07,0.19,-0.06,1759267868.955513
0.07,0.19,-0.06,1759267868.957817
0.07,0.19,-0.06,1759267868.9595482
0.07,0.19,-0.06,1759267868.9618568
0.07,0.19,-0.06,1759267868.9636507
0.07,0.19,-0.06,1759267868.9656413
0.07,0.19,-0.06,1759267868.9678729
0.07,0.19,-0.06,1759267868.9702446
0.07,0.19,-0.06,1759267868.9725332
0.07,0.19,-0.06,1759267868.974814
0.07,0.19,-0.06,1759267868.9771726
0.07,0.19,-0.06,1759267868.9795213
0.07,0.19,-0.06,1759267868.9817903
0.07,0.19,-0.06,1759267868.9840243
0.07,0.19,-0.06,1759267868.9865844
0.07,0.19,-0.06,1759267868.988906
0.07,0.19,-0.06,1759267868.9913409
0.07,0.19,-0.06,1759267868.993741
0.07,0.19,-0.06,1759267868.9963496
0.07,0.19,-0.06,1759267868.998697
0.07,0.19,-0.06,1759267869.0010426
0.07,0.19,-0.06,1759267869.0034804
0.07,0.19,-0.06,1759267869.005802
0.07,0.19,-0.06,1759267869.0081062
0.07,0.19,-0.06,1759267869.0104053
0.07,0.19,-0.06,1759267869.0130248
0.07,0.19,-0.06,1759267869.0153866
0.07,0.19,-0.06,1759267869.017785
0.07,0.19,-0.06,1759267869.020104
0.07,0.19,-0.06,1759267869.0224426
0.07,0.19,-0.06,1759267869.0249305
0.07,0.19,-0.06,1759267869.0272386
0.07,0.19,-0.06,1759267869.029513
0.07,0.19,-0.06,1759267869.0318203
0.07,0.19,-0.06,1759267869.0341468
0.07,0.19,-0.06,1759267869.036523
0.07,0.19,-0.06,1759267869.0395162
0.07,0.19,-0.06,1759267869.0420914
0.07,0.19,-0.06,1759267869.0452442
0.07,0.19,-0.06,1759267869.0475905
0.07,0.19,-0.06,1759267869.0498602
0.07,0.19,-0.06,1759267869.052207
0.07,0.19,-0.06,1759267869.0544462
0.07,0.19,-0.06,1759267869.0568566
0.07,0.19,-0.06,1759267869.0594497
0.07,0.19,-0.06,1759267869.0623477
0.07,0.19,-0.06,1759267869.065418
0.07,0.19,-0.06,1759267869.0686662
0.07,0.19,-0.06,1759267869.071028
0.07,0.19,-0.06,1759267869.073469
0.07,0.19,-0.06,1759267869.076328
0.07,0.19,-0.06,1759267869.079702
0.07,0.19,-0.06,1759267869.0827029
0.07,0.19,-0.06,1759267869.0860772
0.07,0.19,-0.06,1759267869.0888865
0.07,0.19,-0.06,1759267869.091718
0.07,0.19,-0.06,1759267869.0943446
0.07,0.19,-0.06,1759267869.096821
0.07,0.19,-0.06,1759267869.099431
0.07,0.19,-0.06,1759267869.1021233
0.07,0.19,-0.06,1759267869.1044018
0.07,0.19,-0.06,1759267869.106791
0.07,0.19,-0.06,1759267869.1090972
0.07,0.19,-0.06,1759267869.111407
0.07,0.19,-0.06,1759267869.1137087
0.07,0.19,-0.06,1759267869.1162584
0.07,0.19,-0.06,1759267869.1185837
0.07,0.19,-0.06,1759267869.1208918
0.07,0.19,-0.06,1759267869.1235766
0.07,0.19,-0.06,1759267869.1263452
0.07,0.19,-0.06,1759267869.1298597
0.07,0.19,-0.06,1759267869.1323576
0.07,0.19,-0.06,1759267869.1347375
0.07,0.19,-0.06,1759267869.137199
0.07,0.19,-0.06,1759267869.1395502
0.07,0.19,-0.06,1759267869.141923
0.07,0.19,-0.06,1759267869.14388
0.07,0.19,-0.06,1759267869.1461537
0.07,0.19,-0.06,1759267869.1487734
0.07,0.19,-0.06,1759267869.1511607
0.07,0.19,-0.06,1759267869.1534593
0.07,0.19,-0.06,1759267869.1560037
0.07,0.19,-0.06,1759267869.1584327
0.07,0.19,-0.06,1759267869.160686
0.07,0.19,-0.06,1759267869.1630297
0.07,0.19,-0.06,1759267869.1653514
0.07,0.19,-0.06,1759267869.1676452
0.07,0.19,-0.06,1759267869.169965
0.07,0.19,-0.06,1759267869.1722498
0.07,0.19,-0.06,1759267869.1748064
0.07,0.19,-0.06,1759267869.1771452
0.07,0.19,-0.06,1759267869.179531
0.07,0.19,-0.06,1759267869.1818194
0.07,0.19,-0.06,1759267869.1841142
0.07,0.19,-0.06,1759267869.1866553
0.07,0.19,-0.06,1759267869.189179
0.07,0.19,-0.06,1759267869.1912532
0.07,0.19,-0.06,1759267869.194417
0.07,0.19,-0.06,1759267869.197173
0.07,0.19,-0.06,1759267869.2003367
0.07,0.19,-0.06,1759267869.2033074
0.07,0.19,-0.06,1759267869.2063332
0.07,0.19,-0.06,1759267869.2090006
0.07,0.19,-0.06,1759267869.2114136
0.07,0.19,-0.06,1759267869.2135096
0.07,0.19,-0.06,1759267869.2162478
0.07,0.19,-0.06,1759267869.219524
0.07,0.19,-0.06,1759267869.222199
0.07,0.19,-0.06,1759267869.224969
0.07,0.19,-0.06,1759267869.22732
0.07,0.19,-0.06,1759267869.229812
0.07,0.19,-0.06,1759267869.2327082
0.07,0.19,-0.06,1759267869.2358997
0.07,0.19,-0.06,1759267869.2391603
0.07,0.19,-0.06,1759267869.2421494
0.07,0.19,-0.06,1759267869.244944
0.07,0.19,-0.06,1759267869.2474358
0.07,0.19,-0.06,1759267869.249805
0.07,0.19,-0.06,1759267869.2528012
0.07,0.19,-0.06,1759267869.2554202
0.07,0.19,-0.06,1759267869.257739
0.07,0.19,-0.06,1759267869.260079
0.07,0.19,-0.06,1759267869.2624052
0.07,0.19,-0.06,1759267869.2649128
0.07,0.19,-0.06,1759267869.2672343
0.07,0.19,-0.06,1759267869.2696066
0.07,0.19,-0.06,1759267869.2724133
0.07,0.19,-0.06,1759267869.274753
0.07,0.19,-0.06,1759267869.2772212
0.07,0.19,-0.06,1759267869.2795632
0.07,0.19,-0.06,1759267869.2820191
0.07,0.19,-0.06,1759267869.284402
0.07,0.19,-0.06,1759267869.2870634
0.07,0.19,-0.06,1759267869.2894342
0.07,0.19,-0.06,1759267869.291684
0.07,0.19,-0.06,1759267869.2940197
0.07,0.19,-0.06,1759267869.2964888
0.07,0.19,-0.06,1759267869.298926
0.07,0.19,-0.06,1759267869.3013172
0.07,0.19,-0.06,1759267869.303644
0.07,0.19,-0.06,1759267869.306059
0.07,0.19,-0.06,1759267869.3085322
0.07,0.19,-0.06,1759267869.310831
0.07,0.19,-0.06,1759267869.31316
0.07,0.19,-0.06,1759267869.3156557
0.07,0.19,-0.06,1759267869.3179896
0.07,0.19,-0.06,1759267869.3204885
0.07,0.19,-0.06,1759267869.3229177
0.07,0.19,-0.06,1759267869.3252256
0.07,0.19,-0.06,1759267869.327719
0.07,0.19,-0.06,1759267869.3295338
0.07,0.19,-0.06,1759267869.3317776
0.07,0.19,-0.06,1759267869.3341053
0.07,0.19,-0.06,1759267869.3366356
0.07,0.19,-0.06,1759267869.3391054
0.07,0.19,-0.06,1759267869.341334
0.07,0.19,-0.06,1759267869.3436165
0.07,0.19,-0.06,1759267869.3459787
0.07,0.19,-0.06,1759267869.348429
0.07,0.19,-0.06,1759267869.350775
0.07,0.19,-0.06,1759267869.353181
0.07,0.19,-0.06,1759267869.3558092
0.07,0.19,-0.06,1759267869.358238
0.07,0.19,-0.06,1759267869.36069
0.07,0.19,-0.06,1759267869.363047
0.07,0.19,-0.06,1759267869.3655522
0.07,0.19,-0.06,1759267869.3679454
0.07,0.19,-0.06,1759267869.3702378
0.07,0.19,-0.06,1759267869.3726096
0.07,0.19,-0.06,1759267869.3751292
0.07,0.19,-0.05,1759267869.3772347
0.07,0.19,-0.05,1759267869.380036
0.07,0.19,-0.05,1759267869.3823304
0.07,0.19,-0.05,1759267869.3846457
0.07,0.19,-0.05,1759267869.38737
0.07,0.19,-0.05,1759267869.390023
0.07,0.19,-0.05,1759267869.392794
0.07,0.19,-0.05,1759267869.3953898
0.07,0.19,-0.05,1759267869.398542
0.07,0.19,-0.05,1759267869.401286
0.07,0.19,-0.05,1759267869.404628
0.07,0.19,-0.05,1759267869.4064674
0.07,0.19,-0.05,1759267869.4085343
0.07,0.19,-0.05,1759267869.4118748
0.07,0.19,-0.05,1759267869.415044
0.07,0.19,-0.05,1759267869.4180431
0.07,0.19,-0.05,1759267869.4210005
0.07,0.19,-0.05,1759267869.4238696
0.07,0.19,-0.05,1759267869.4266124
0.07,0.19,-0.05,1759267869.428897
0.07,0.19,-0.05,1759267869.4316344
0.07,0.19,-0.05,1759267869.4349797
0.07,0.19,-0.05,1759267869.438131
0.07,0.19,-0.05,1759267869.4408717
0.07,0.19,-0.05,1759267869.4437592
0.07,0.19,-0.05,1759267869.4463696
0.07,0.19,-0.05,1759267869.4490936
0.07,0.19,-0.05,1759267869.4515347
0.07,0.19,-0.05,1759267869.454639
0.07,0.19,-0.05,1759267869.4577749
0.07,0.19,-0.05,1759267869.459736
0.07,0.19,-0.05,1759267869.4622595
0.07,0.19,-0.05,1759267869.4649117
0.07,0.19,-0.05,1759267869.4672804
0.07,0.19,-0.05,1759267869.46972
0.07,0.19,-0.05,1759267869.4722807
0.07,0.19,-0.05,1759267869.4744442
0.07,0.19,-0.05,1759267869.4768927
0.07,0.19,-0.05,1759267869.4794235
0.07,0.19,-0.05,1759267869.4818616
0.07,0.19,-0.05,1759267869.484027
0.07,0.19,-0.05,1759267869.4870875
0.07,0.19,-0.05,1759267869.4904983
0.07,0.19,-0.05,1759267869.4929678
0.07,0.19,-0.05,1759267869.4957385
0.07,0.19,-0.05,1759267869.4989676
0.07,0.19,-0.05,1759267869.5013978
0.07,0.19,-0.05,1759267869.5040224
0.07,0.19,-0.05,1759267869.5069363
0.07,0.19,-0.05,1759267869.5096292
0.07,0.19,-0.05,1759267869.5120068
0.07,0.19,-0.05,1759267869.51439
0.07,0.19,-0.05,1759267869.5167687
0.07,0.19,-0.05,1759267869.5191135
0.07,0.19,-0.05,1759267869.521417
0.07,0.19,-0.05,1759267869.523734
0.07,0.19,-0.05,1759267869.5263827
0.07,0.19,-0.05,1759267869.5293958
0.07,0.19,-0.05,1759267869.5320137
0.07,0.19,-0.05,1759267869.5342965
0.07,0.19,-0.05,1759267869.5370536
0.07,0.19,-0.05,1759267869.539667
0.07,0.19,-0.05,1759267869.5447774
0.07,0.19,-0.05,1759267869.547365
0.07,0.19,-0.05,1759267869.5508895
0.07,0.19,-0.05,1759267869.5537498
0.07,0.19,-0.05,1759267869.5592384
0.07,0.19,-0.05,1759267869.562175
0.07,0.19,-0.05,1759267869.5650766
0.07,0.19,-0.05,1759267869.567773
0.07,0.19,-0.05,1759267869.5707915
0.07,0.19,-0.05,1759267869.5746546
0.07,0.19,-0.05,1759267869.5784562
0.07,0.19,-0.05,1759267869.581373
0.07,0.19,-0.05,1759267869.5840707
0.07,0.19,-0.05,1759267869.5869217
0.07,0.19,-0.05,1759267869.5896864
0.07,0.19,-0.05,1759267869.5923278
0.07,0.19,-0.05,1759267869.5958724
0.07,0.19,-0.05,1759267869.599557
0.07,0.19,-0.05,1759267869.6024077
0.07,0.19,-0.05,1759267869.605048
0.07,0.19,-0.05,1759267869.6080587
0.07,0.19,-0.05,1759267869.6108308
0.07,0.19,-0.05,1759267869.6134708
0.07,0.19,-0.05,1759267869.6163764
0.07,0.19,-0.05,1759267869.6198666
0.07,0.19,-0.05,1759267869.6224246
0.07,0.19,-0.05,1759267869.6252365
0.07,0.19,-0.05,1759267869.627778
0.07,0.19,-0.05,1759267869.630459
0.07,0.19,-0.05,1759267869.6331787
0.07,0.19,-0.05,1759267869.635801
0.07,0.19,-0.05,1759267869.6383207
0.07,0.19,-0.05,1759267869.6408932
0.07,0.19,-0.05,1759267869.6434982
0.07,0.19,-0.05,1759267869.646245
0.07,0.19,-0.05,1759267869.6488714
0.07,0.19,-0.05,1759267869.6526017
0.07,0.19,-0.05,1759267869.6554525
0.07,0.19,-0.05,1759267869.6580646
0.07,0.19,-0.05,1759267869.6608944
0.07,0.19,-0.05,1759267869.664082
0.07,0.19,-0.05,1759267869.666944
0.07,0.19,-0.05,1759267869.669785
0.07,0.19,-0.05,1759267869.672501
0.07,0.19,-0.05,1759267869.6764572
0.07,0.19,-0.05,1759267869.6802428
0.07,0.19,-0.05,1759267869.6830757
0.07,0.19,-0.05,1759267869.6858766
0.07,0.19,-0.05,1759267869.6890802
0.07,0.19,-0.05,1759267869.691536
0.07,0.19,-0.05,1759267869.6949737
0.07,0.19,-0.05,1759267869.698047
0.07,0.19,-0.05,1759267869.7018592
0.07,0.19,-0.05,1759267869.7046454
0.07,0.19,-0.05,1759267869.7077923
0.07,0.19,-0.05,1759267869.7103071
0.07,0.19,-0.05,1759267869.7133102
0.07,0.19,-0.05,1759267869.7159312
0.07,0.19,-0.05,1759267869.7218912
0.07,0.19,-0.05,1759267869.7247274
0.07,0.19,-0.05,1759267869.7271512
0.07,0.19,-0.05,1759267869.7299728
0.07,0.19,-0.05,1759267869.732756
0.07,0.19,-0.05,1759267869.7347343
0.07,0.19,-0.05,1759267869.737131
0.07,0.19,-0.05,1759267869.7406936
0.07,0.19,-0.05,1759267869.7432988
0.07,0.19,-0.05,1759267869.7459228
0.07,0.19,-0.05,1759267869.748149
0.07,0.19,-0.05,1759267869.7517805
0.07,0.19,-0.05,1759267869.755183
0.07,0.19,-0.05,1759267869.7577274
0.07,0.19,-0.05,1759267869.760357
0.07,0.19,-0.05,1759267869.7629645
0.07,0.19,-0.05,1759267869.7659943
0.07,0.19,-0.05,1759267869.76881
0.07,0.19,-0.05,1759267869.7715137
0.07,0.19,-0.05,1759267869.77485
0.07,0.19,-0.05,1759267869.7792363
0.07,0.19,-0.05,1759267869.7820258
0.07,0.19,-0.05,1759267869.7852485
0.07,0.19,-0.05,1759267869.7888136
0.07,0.19,-0.05,1759267869.7928593
0.07,0.19,-0.05,1759267869.7958856
0.07,0.19,-0.05,1759267869.7993543
0.07,0.19,-0.05,1759267869.802106
0.07,0.19,-0.05,1759267869.804735
0.07,0.19,-0.05,1759267869.8074932
0.07,0.19,-0.05,1759267869.8109734
0.07,0.19,-0.05,1759267869.8145444
0.07,0.19,-0.05,1759267869.8173387
0.07,0.19,-0.05,1759267869.8206654
0.07,0.19,-0.05,1759267869.8247974
0.07,0.19,-0.05,1759267869.82815
0.07,0.19,-0.05,1759267869.831908
0.07,0.19,-0.05,1759267869.8357625
0.07,0.19,-0.05,1759267869.8390195
0.07,0.19,-0.05,1759267869.8427207
0.07,0.19,-0.05,1759267869.8451245
0.07,0.19,-0.05,1759267869.8504725
0.07,0.19,-0.05,1759267869.8528693
0.07,0.19,-0.05,1759267869.8563898
0.07,0.19,-0.05,1759267869.860249
0.07,0.19,-0.05,1759267869.8632944
0.07,0.19,-0.05,1759267869.8666008
0.07,0.19,-0.05,1759267869.870077
0.07,0.19,-0.05,1759267869.8732302
0.07,0.19,-0.05,1759267869.8770208
0.07,0.19,-0.05,1759267869.8803585
0.07,0.19,-0.05,1759267869.883827
0.07,0.19,-0.05,1759267869.8870108
0.07,0.19,-0.05,1759267869.8891954
0.07,0.19,-0.05,1759267869.8914702
0.07,0.19,-0.05,1759267869.8935163
0.07,0.19,-0.05,1759267869.8960483
0.07,0.19,-0.05,1759267869.8981757
0.07,0.19,-0.05,1759267869.9015126
0.07,0.19,-0.05,1759267869.9035635
0.07,0.19,-0.05,1759267869.9058657
0.07,0.19,-0.05,1759267869.9081924
0.07,0.19,-0.05,1759267869.911098
0.07,0.19,-0.05,1759267869.9134693
0.07,0.19,-0.05,1759267869.9159758
0.07,0.19,-0.05,1759267869.918475
0.07,0.19,-0.05,1759267869.9207897
0.07,0.19,-0.05,1759267869.9229782
0.07,0.19,-0.05,1759267869.9258797
0.07,0.19,-0.05,1759267869.928476
0.07,0.19,-0.05,1759267869.9316225
0.07,0.19,-0.05,1759267869.9344196
0.07,0.19,-0.05,1759267869.9375248
0.07,0.19,-0.05,1759267869.940302
0.07,0.19,-0.05,1759267869.9439273
0.07,0.19,-0.05,1759267869.94601
0.07,0.19,-0.05,1759267869.94895
0.07,0.19,-0.05,1759267869.950812
0.07,0.19,-0.05,1759267869.9534078
0.07,0.19,-0.05,1759267869.9557042
0.07,0.19,-0.05,1759267869.9574554
0.07,0.19,-0.05,1759267869.959499
0.07,0.19,-0.05,1759267869.9615183
0.07,0.19,-0.05,1759267869.9635785
0.07,0.19,-0.05,1759267869.9661818
0.07,0.19,-0.05,1759267869.96833
0.07,0.19,-0.05,1759267869.971506
0.07,0.19,-0.05,1759267869.9742174
0.07,0.19,-0.05,1759267869.9768748
0.07,0.19,-0.05,1759267869.9790776
0.07,0.19,-0.05,1759267869.9813554
0.07,0.19,-0.05,1759267869.9835608
0.07,0.19,-0.05,1759267869.9857535
0.07,0.19,-0.05,1759267869.9875796
0.07,0.19,-0.05,1759267869.9893336
0.07,0.19,-0.05,1759267869.991074
0.07,0.19,-0.05,1759267869.9930532
0.07,0.19,-0.05,1759267869.9951537
0.07,0.19,-0.05,1759267869.9978104
0.07,0.19,-0.05,1759267869.9995146
0.07,0.19,-0.05,1759267870.0013528
0.07,0.19,-0.05,1759267870.003698
0.07,0.19,-0.05,1759267870.006145
0.07,0.19,-0.05,1759267870.00797
0.07,0.19,-0.05,1759267870.0096233
0.07,0.19,-0.05,1759267870.0118668
0.07,0.19,-0.05,1759267870.013585
0.07,0.19,-0.05,1759267870.0162308
0.07,0.19,-0.05,1759267870.0186057
0.07,0.19,-0.05,1759267870.0209246
0.07,0.19,-0.05,1759267870.0235825
0.07,0.19,-0.05,1759267870.025849
0.07,0.2,-0.05,1759267870.0276654
0.07,0.2,-0.05,1759267870.0293813
0.07,0.19,-0.05,1759267870.031233
0.07,0.19,-0.05,1759267870.0330794
0.07,0.19,-0.05,1759267870.0351748
0.07,0.19,-0.05,1759267870.0372636
0.07,0.19,-0.05,1759267870.0390449
0.07,0.19,-0.05,1759267870.0407977
0.07,0.19,-0.05,1759267870.0428767
0.07,0.19,-0.05,1759267870.0450375
0.07,0.19,-0.05,1759267870.047093
0.07,0.19,-0.05,1759267870.049082
0.07,0.19,-0.05,1759267870.0510375
0.07,0.19,-0.05,1759267870.053548
0.07,0.19,-0.05,1759267870.055539
0.07,0.19,-0.05,1759267870.058113
0.07,0.19,-0.05,1759267870.0604942
0.07,0.19,-0.05,1759267870.0635264
0.07,0.19,-0.05,1759267870.0661666
0.07,0.19,-0.05,1759267870.0690186
0.07,0.19,-0.05,1759267870.0713177
0.07,0.19,-0.05,1759267870.073785
0.07,0.19,-0.05,1759267870.076156
0.07,0.19,-0.05,1759267870.0797994
0.07,0.19,-0.05,1759267870.0837317
0.07,0.19,-0.05,1759267870.0875232
0.07,0.19,-0.05,1759267870.0905414
0.07,0.19,-0.05,1759267870.0944085
0.07,0.19,-0.05,1759267870.0975852
0.07,0.19,-0.05,1759267870.1014843
0.07,0.19,-0.05,1759267870.1045828
0.07,0.19,-0.05,1759267870.1085238
0.07,0.19,-0.05,1759267870.1115005
0.07,0.19,-0.05,1759267870.1151412
0.07,0.19,-0.05,1759267870.1179194
0.07,0.19,-0.05,1759267870.1211638
0.07,0.19,-0.05,1759267870.1241202
0.07,0.19,-0.05,1759267870.1268733
0.07,0.19,-0.05,1759267870.130243
0.07,0.19,-0.05,1759267870.1326585
0.07,0.19,-0.05,1759267870.1366944
0.07,0.19,-0.05,1759267870.1397514
0.07,0.19,-0.05,1759267870.1416705
0.07,0.19,-0.05,1759267870.143649
0.07,0.19,-0.05,1759267870.146732
0.07,0.19,-0.05,1759267870.1490464
0.07,0.19,-0.05,1759267870.151553
0.07,0.19,-0.05,1759267870.1545248
0.07,0.19,-0.05,1759267870.1571405
0.07,0.19,-0.05,1759267870.1600008
0.07,0.19,-0.05,1759267870.162536
0.07,0.19,-0.05,1759267870.165335
0.07,0.19,-0.05,1759267870.167988
0.07,0.19,-0.05,1759267870.1705606
0.07,0.19,-0.05,1759267870.1734364
0.07,0.19,-0.05,1759267870.176083
0.07,0.19,-0.05,1759267870.1790144
0.07,0.19,-0.05,1759267870.1818385
0.07,0.19,-0.05,1759267870.184368
0.07,0.19,-0.05,1759267870.1871705
0.07,0.19,-0.05,1759267870.1897185
0.07,0.19,-0.05,1759267870.1926465
0.07,0.19,-0.05,1759267870.1954026
0.07,0.19,-0.05,1759267870.1982005
0.07,0.19,-0.05,1759267870.2008908
0.07,0.19,-0.05,1759267870.2038572
0.07,0.19,-0.05,1759267870.206501
0.07,0.19,-0.05,1759267870.2093625
0.07,0.19,-0.05,1759267870.2122457
0.07,0.19,-0.05,1759267870.2152731
0.07,0.19,-0.05,1759267870.2180295
0.07,0.19,-0.05,1759267870.221043
0.07,0.19,-0.05,1759267870.224083
0.07,0.19,-0.05,1759267870.2266502
0.07,0.19,-0.05,1759267870.2291186
0.07,0.19,-0.05,1759267870.2326226
0.07,0.19,-0.05,1759267870.2353983
0.07,0.19,-0.05,1759267870.2380571
0.07,0.19,-0.05,1759267870.241213
0.07,0.19,-0.05,1759267870.2443264
0.07,0.19,-0.05,1759267870.247332
0.07,0.19,-0.05,1759267870.2500196
0.07,0.19,-0.05,1759267870.2535963
0.07,0.2,-0.05,1759267870.256846
0.07,0.2,-0.05,1759267870.2607589
0.07,0.19,-0.05,1759267870.2636564
0.07,0.19,-0.05,1759267870.266699
0.07,0.19,-0.05,1759267870.2693613
0.07,0.19,-0.05,1759267870.2724156
0.07,0.19,-0.05,1759267870.2754772
0.07,0.19,-0.05,1759267870.2788508
0.07,0.19,-0.05,1759267870.2815034
0.07,0.19,-0.05,1759267870.2846606
0.07,0.19,-0.05,1759267870.2875912
0.07,0.19,-0.05,1759267870.2907948
0.07,0.2,-0.05,1759267870.2941968
0.07,0.2,-0.05,1759267870.2986746
0.07,0.2,-0.05,1759267870.302949
0.07,0.2,-0.05,1759267870.3064854
0.07,0.2,-0.05,1759267870.3095767
0.07,0.2,-0.05,1759267870.3117054
0.07,0.19,-0.05,1759267870.3138068
0.07,0.19,-0.05,1759267870.3162231
0.07,0.19,-0.05,1759267870.318357
0.07,0.19,-0.05,1759267870.3212483
0.07,0.19,-0.05,1759267870.3233528
0.07,0.19,-0.05,1759267870.326299
0.07,0.19,-0.05,1759267870.3291922
0.07,0.19,-0.05,1759267870.3310478
0.07,0.19,-0.05,1759267870.3329756
0.07,0.19,-0.05,1759267870.334876
0.07,0.19,-0.05,1759267870.3370135
0.07,0.19,-0.05,1759267870.3394215
0.07,0.19,-0.05,1759267870.3412693
0.07,0.19,-0.05,1759267870.3433764
0.07,0.2,-0.05,1759267870.345507
0.07,0.2,-0.05,1759267870.3475382
0.07,0.2,-0.05,1759267870.350265
0.07,0.2,-0.05,1759267870.3530138
0.07,0.2,-0.05,1759267870.3560638
0.07,0.2,-0.05,1759267870.358643
0.07,0.2,-0.05,1759267870.3616168
0.07,0.2,-0.05,1759267870.3652627
0.07,0.2,-0.05,1759267870.3677056
0.07,0.2,-0.05,1759267870.370082
0.07,0.2,-0.05,1759267870.3733168
0.07,0.2,-0.05,1759267870.3760216
0.07,0.2,-0.05,1759267870.3784971
0.07,0.2,-0.05,1759267870.3811913
0.07,0.2,-0.05,1759267870.3838232
0.07,0.19,-0.05,1759267870.386237
0.07,0.19,-0.05,1759267870.389685
0.07,0.19,-0.05,1759267870.3924909
0.07,0.19,-0.05,1759267870.3943844
0.07,0.19,-0.05,1759267870.3965456
0.07,0.2,-0.05,1759267870.3996103
0.07,0.2,-0.05,1759267870.4025068
0.07,0.19,-0.05,1759267870.4046476
0.07,0.19,-0.05,1759267870.4065194
0.07,0.2,-0.05,1759267870.4085662
0.07,0.2,-0.05,1759267870.4105337
0.07,0.2,-0.05,1759267870.4128492
0.07,0.2,-0.05,1759267870.4149413
0.07,0.19,-0.05,1759267870.4173748
0.07,0.2,-0.05,1759267870.4193523
0.07,0.2,-0.05,1759267870.4217124
0.07,0.2,-0.05,1759267870.4237187
0.07,0.2,-0.05,1759267870.4263425
0.07,0.2,-0.05,1759267870.4280777
0.07,0.2,-0.05,1759267870.4317434
0.07,0.2,-0.05,1759267870.435866
0.07,0.2,-0.05,1759267870.4391646
0.07,0.2,-0.05,1759267870.4436636
0.07,0.2,-0.05,1759267870.4460063
0.07,0.2,-0.05,1759267870.4477682
0.07,0.2,-0.05,1759267870.4503343
0.07,0.2,-0.05,1759267870.452304
0.07,0.2,-0.05,1759267870.4546018
0.07,0.2,-0.05,1759267870.456467
0.07,0.2,-0.05,1759267870.4586442
0.07,0.2,-0.05,1759267870.460408
0.07,0.2,-0.05,1759267870.4626088
0.07,0.2,-0.05,1759267870.4647093
0.07,0.2,-0.05,1759267870.4670167
0.07,0.2,-0.05,1759267870.4690266
0.07,0.2,-0.05,1759267870.4712665
0.07,0.2,-0.05,1759267870.4734073
0.07,0.2,-0.05,1759267870.4761407
0.07,0.2,-0.05,1759267870.4781077
0.07,0.2,-0.05,1759267870.4802036
0.07,0.19,-0.05,1759267870.4823077
0.07,0.2,-0.05,1759267870.4839504
0.07,0.19,-0.05,1759267870.4871814
0.07,0.2,-0.05,1759267870.4896512
0.07,0.19,-0.05,1759267870.4916809
0.07,0.19,-0.05,1759267870.4933877
0.07,0.2,-0.05,1759267870.4966023
0.07,0.2,-0.05,1759267870.4988878
0.07,0.2,-0.05,1759267870.500562
0.07,0.2,-0.05,1759267870.5022428
0.07,0.2,-0.05,1759267870.50595
0.07,0.2,-0.05,1759267870.508299
0.07,0.2,-0.05,1759267870.5105393
0.07,0.2,-0.05,1759267870.5127013
0.07,0.2,-0.05,1759267870.515294
0.07,0.2,-0.05,1759267870.5173316
0.07,0.2,-0.05,1759267870.5198123
0.07,0.2,-0.05,1759267870.5220845
0.07,0.2,-0.05,1759267870.5238447
0.07,0.2,-0.05,1759267870.5266995
0.07,0.2,-0.05,1759267870.5287957
0.07,0.2,-0.05,1759267870.531352
0.07,0.2,-0.05,1759267870.5337634
0.07,0.2,-0.05,1759267870.5361922
0.07,0.2,-0.05,1759267870.5393631
0.07,0.2,-0.05,1759267870.5424733
0.07,0.2,-0.05,1759267870.5450242
0.07,0.2,-0.05,1759267870.547578
0.07,0.2,-0.05,1759267870.5506709
0.07,0.2,-0.05,1759267870.5533135
0.07,0.2,-0.05,1759267870.5565095
0.07,0.2,-0.05,1759267870.559296
0.07,0.2,-0.05,1759267870.562339
0.07,0.2,-0.05,1759267870.566364
0.07,0.2,-0.05,1759267870.5685503
0.07,0.2,-0.05,1759267870.57194
0.07,0.2,-0.05,1759267870.5756304
0.07,0.2,-0.05,1759267870.5779836
0.07,0.2,-0.05,1759267870.5806606
0.07,0.2,-0.05,1759267870.5826912
0.07,0.2,-0.05,1759267870.5861745
0.07,0.2,-0.05,1759267870.5896263
0.07,0.2,-0.05,1759267870.5931654
0.07,0.2,-0.05,1759267870.5968225
0.07,0.2,-0.05,1759267870.598535
0.07,0.2,-0.05,1759267870.601903
0.07,0.2,-0.05,1759267870.6043751
0.07,0.2,-0.05,1759267870.606843
0.07,0.2,-0.05,1759267870.608833
0.07,0.2,-0.05,1759267870.6112888
0.07,0.2,-0.05,1759267870.6133597
0.07,0.2,-0.05,1759267870.6172068
0.07,0.2,-0.05,1759267870.6196349
0.07,0.2,-0.05,1759267870.6218574
0.07,0.2,-0.05,1759267870.623975
0.07,0.2,-0.05,1759267870.6274102
0.07,0.2,-0.05,1759267870.6299767
0.07,0.2,-0.05,1759267870.632732
0.07,0.2,-0.05,1759267870.6355162
0.07,0.2,-0.05,1759267870.63758
0.07,0.2,-0.05,1759267870.639239
0.07,0.2,-0.05,1759267870.641546
0.07,0.2,-0.05,1759267870.6436155
0.07,0.2,-0.05,1759267870.646108
0.07,0.2,-0.05,1759267870.6481192
0.07,0.2,-0.05,1759267870.6499972
0.07,0.2,-0.05,1759267870.6519682
0.07,0.2,-0.05,1759267870.6538415
0.07,0.2,-0.05,1759267870.6570437
0.07,0.2,-0.05,1759267870.658712
0.07,0.2,-0.05,1759267870.6612585
0.07,0.2,-0.05,1759267870.663015
0.07,0.2,-0.05,1759267870.6663132
0.07,0.2,-0.05,1759267870.6691658
0.07,0.2,-0.05,1759267870.6719944
0.07,0.2,-0.05,1759267870.6742084
0.07,0.2,-0.05,1759267870.6770916
0.07,0.2,-0.05,1759267870.6796603
0.07,0.2,-0.05,1759267870.6820512
0.07,0.2,-0.05,1759267870.6839428
0.07,0.2,-0.05,1759267870.6863692
0.07,0.2,-0.05,1759267870.687999
0.07,0.2,-0.05,1759267870.6895933
0.07,0.2,-0.05,1759267870.6911762
0.07,0.2,-0.05,1759267870.6929264
0.07,0.2,-0.05,1759267870.6949704
0.07,0.2,-0.05,1759267870.69787
0.07,0.2,-0.05,1759267870.699552
0.07,0.2,-0.05,1759267870.701209
0.07,0.2,-0.05,1759267870.7029305
0.07,0.2,-0.05,1759267870.7066588
0.07,0.2,-0.05,1759267870.7093678
0.07,0.2,-0.05,1759267870.712351
0.07,0.2,-0.05,1759267870.714615
0.07,0.2,-0.05,1759267870.716714
0.07,0.2,-0.05,1759267870.7185504
0.07,0.2,-0.05,1759267870.7210157
0.07,0.2,-0.05,1759267870.7236536
0.07,0.2,-0.05,1759267870.7253475
0.07,0.2,-0.05,1759267870.7269435
0.07,0.2,-0.05,1759267870.7285268
0.07,0.2,-0.05,1759267870.7301896
0.07,0.2,-0.05,1759267870.7330153
0.07,0.2,-0.05,1759267870.7347794
0.07,0.2,-0.05,1759267870.7364163
0.07,0.2,-0.05,1759267870.7380798
0.07,0.2,-0.05,1759267870.740082
0.07,0.2,-0.05,1759267870.7419193
0.07,0.2,-0.05,1759267870.7438931
0.07,0.2,-0.05,1759267870.747159
0.07,0.2,-0.05,1759267870.7489932
0.07,0.2,-0.05,1759267870.7506394
0.07,0.2,-0.05,1759267870.7522771
0.07,0.2,-0.05,1759267870.7540717
0.07,0.2,-0.05,1759267870.7568424
0.07,0.2,-0.05,1759267870.7586832
0.07,0.2,-0.05,1759267870.7603407
0.07,0.2,-0.05,1759267870.762611
0.07,0.2,-0.05,1759267870.7652807
0.07,0.2,-0.05,1759267870.7669284
0.07,0.2,-0.05,1759267870.768567
0.07,0.2,-0.05,1759267870.7713995
0.07,0.2,-0.05,1759267870.7730565
0.07,0.2,-0.05,1759267870.7748058
0.07,0.2,-0.05,1759267870.7772
0.07,0.2,-0.05,1759267870.7791033
0.07,0.2,-0.05,1759267870.781238
0.07,0.2,-0.05,1759267870.7829287
0.07,0.2,-0.05,1759267870.7869835
0.07,0.2,-0.05,1759267870.7900066
0.07,0.2,-0.05,1759267870.793377
0.07,0.2,-0.05,1759267870.7961087
0.07,0.2,-0.05,1759267870.798103
0.07,0.2,-0.05,1759267870.7998717
0.07,0.2,-0.05,1759267870.8024962
0.07,0.2,-0.05,1759267870.8044274
0.07,0.2,-0.05,1759267870.807078
0.07,0.2,-0.05,1759267870.8088124
0.07,0.2,-0.05,1759267870.8114803
0.07,0.2,-0.05,1759267870.814539
0.07,0.2,-0.05,1759267870.8164525
0.07,0.2,-0.05,1759267870.8182387
0.07,0.2,-0.05,1759267870.8207612
0.07,0.2,-0.05,1759267870.8225389
0.07,0.2,-0.05,1759267870.8251598
0.07,0.2,-0.05,1759267870.8296747
0.07,0.2,-0.05,1759267870.8329515
0.07,0.2,-0.05,1759267870.8376756
0.07,0.2,-0.05,1759267870.8409631
0.07,0.2,-0.05,1759267870.8448255
0.07,0.2,-0.05,1759267870.846899
0.07,0.2,-0.05,1759267870.848789
0.07,0.2,-0.05,1759267870.8511665
0.07,0.2,-0.05,1759267870.853927
0.07,0.2,-0.05,1759267870.8573742
0.07,0.2,-0.05,1759267870.8603282
0.07,0.2,-0.05,1759267870.8636763
0.07,0.2,-0.05,1759267870.866312
0.07,0.2,-0.05,1759267870.868827
0.07,0.2,-0.05,1759267870.870995
0.07,0.2,-0.05,1759267870.8727405
0.07,0.2,-0.05,1759267870.874364
0.07,0.2,-0.05,1759267870.876824
0.07,0.2,-0.05,1759267870.8793216
0.07,0.2,-0.05,1759267870.8829029
0.07,0.2,-0.05,1759267870.885383
0.07,0.2,-0.05,1759267870.8886046
0.07,0.2,-0.05,1759267870.8910658
0.07,0.2,-0.05,1759267870.8937602
0.07,0.2,-0.05,1759267870.897095
0.07,0.2,-0.05,1759267870.901469
0.07,0.2,-0.05,1759267870.9034412
0.07,0.2,-0.05,1759267870.9070177
0.07,0.2,-0.05,1759267870.9100444
0.07,0.2,-0.05,1759267870.9139452
0.07,0.2,-0.05,1759267870.9170763
0.07,0.2,-0.05,1759267870.9212162
0.07,0.2,-0.05,1759267870.9247112
0.07,0.2,-0.05,1759267870.927762
0.07,0.2,-0.05,1759267870.9308147
0.07,0.2,-0.05,1759267870.934104
0.07,0.2,-0.05,1759267870.9373825
0.07,0.2,-0.05,1759267870.9410255
0.07,0.2,-0.05,1759267870.943987
0.07,0.2,-0.05,1759267870.9464262
0.07,0.2,-0.05,1759267870.9500847
0.07,0.2,-0.05,1759267870.9531157
0.07,0.2,-0.05,1759267870.9559588
0.07,0.2,-0.05,1759267870.9591448
0.07,0.2,-0.05,1759267870.9620156
0.07,0.2,-0.05,1759267870.9651537
0.07,0.2,-0.05,1759267870.9678524
0.07,0.2,-0.05,1759267870.970571
0.07,0.2,-0.05,1759267870.9742055
0.07,0.2,-0.05,1759267870.977884
0.07,0.2,-0.05,1759267870.9809916
0.07,0.2,-0.05,1759267870.9834778
0.07,0.2,-0.05,1759267870.987319
0.07,0.2,-0.05,1759267870.9900217
0.07,0.2,-0.05,1759267870.992912
0.07,0.2,-0.05,1759267870.9957535
0.07,0.2,-0.05,1759267870.9981773
0.07,0.2,-0.05,1759267871.0017698
0.07,0.2,-0.05,1759267871.004819
0.07,0.2,-0.05,1759267871.0072012
0.07,0.2,-0.05,1759267871.009887
0.07,0.2,-0.05,1759267871.0122075
0.07,0.2,-0.05,1759267871.0150723
0.07,0.2,-0.05,1759267871.017281
0.07,0.2,-0.05,1759267871.0198803
0.07,0.2,-0.05,1759267871.022019
0.07,0.2,-0.05,1759267871.023838
0.07,0.2,-0.05,1759267871.0264895
0.07,0.2,-0.05,1759267871.029615
0.07,0.2,-0.05,1759267871.0322886
0.07,0.2,-0.05,1759267871.0349212
0.07,0.2,-0.05,1759267871.037248
0.07,0.2,-0.05,1759267871.039497
0.07,0.2,-0.05,1759267871.0422325
0.07,0.2,-0.05,1759267871.0443408
0.07,0.2,-0.05,1759267871.0467515
0.07,0.2,-0.05,1759267871.0488193
0.07,0.2,-0.05,1759267871.0514731
0.07,0.2,-0.05,1759267871.053615
0.07,0.2,-0.05,1759267871.055884
0.07,0.2,-0.05,1759267871.0579886
0.07,0.2,-0.05,1759267871.0598917
0.07,0.2,-0.05,1759267871.0618603
0.07,0.2,-0.05,1759267871.0637643
0.07,0.2,-0.05,1759267871.0662124
0.07,0.2,-0.05,1759267871.0689695
0.07,0.2,-0.05,1759267871.0715003
0.07,0.2,-0.05,1759267871.0736303
0.07,0.2,-0.05,1759267871.0757558
0.07,0.2,-0.05,1759267871.077854
0.07,0.2,-0.05,1759267871.079908
0.07,0.2,-0.05,1759267871.0820105
0.07,0.2,-0.05,1759267871.0838234
0.07,0.2,-0.05,1759267871.0859294
0.07,0.2,-0.05,1759267871.088342
0.07,0.2,-0.05,1759267871.090601
0.07,0.2,-0.05,1759267871.0927167
0.07,0.2,-0.05,1759267871.0950377
0.07,0.2,-0.05,1759267871.0974896
0.07,0.2,-0.05,1759267871.10008
0.07,0.2,-0.05,1759267871.1035411
0.07,0.2,-0.05,1759267871.1060529
0.07,0.2,-0.05,1759267871.1088796
0.07,0.2,-0.05,1759267871.111314
0.07,0.2,-0.05,1759267871.113399
0.07,0.2,-0.05,1759267871.115527
0.07,0.2,-0.05,1759267871.117618
0.07,0.2,-0.05,1759267871.1206226
0.07,0.2,-0.05,1759267871.1230905
0.07,0.2,-0.05,1759267871.1252415
0.07,0.2,-0.05,1759267871.1273646
0.07,0.2,-0.05,1759267871.1295438
0.07,0.2,-0.05,1759267871.1317213
0.07,0.2,-0.05,1759267871.134
0.07,0.2,-0.05,1759267871.1368666
0.07,0.2,-0.05,1759267871.1393626
0.07,0.2,-0.05,1759267871.1415286
0.07,0.2,-0.05,1759267871.1436048
0.07,0.2,-0.05,1759267871.1457016
0.07,0.2,-0.05,1759267871.1475072
0.07,0.2,-0.05,1759267871.1496456
0.07,0.2,-0.05,1759267871.1514173
0.07,0.2,-0.05,1759267871.153734
0.07,0.2,-0.05,1759267871.1563983
0.07,0.2,-0.05,1759267871.158211
0.07,0.2,-0.05,1759267871.1611264
0.07,0.2,-0.05,1759267871.163808
0.07,0.2,-0.05,1759267871.1666188
0.07,0.2,-0.05,1759267871.168788
0.07,0.2,-0.05,1759267871.1709015
0.07,0.2,-0.05,1759267871.172937
0.07,0.2,-0.05,1759267871.1751163
0.07,0.2,-0.05,1759267871.1772163
0.07,0.2,-0.05,1759267871.1793237
0.07,0.2,-0.05,1759267871.181129
0.07,0.2,-0.05,1759267871.182924
0.07,0.2,-0.05,1759267871.185438
0.07,0.2,-0.05,1759267871.1875875
0.07,0.2,-0.05,1759267871.1901789
0.07,0.2,-0.05,1759267871.1923025
0.07,0.2,-0.05,1759267871.194916
0.07,0.2,-0.05,1759267871.1970568
0.07,0.2,-0.05,1759267871.1992557
0.07,0.2,-0.05,1759267871.2013452
0.07,0.2,-0.05,1759267871.2034492
0.07,0.2,-0.05,1759267871.2057867
0.07,0.2,-0.05,1759267871.2078812
0.07,0.2,-0.05,1759267871.2099893
0.07,0.2,-0.05,1759267871.2122571
0.07,0.2,-0.05,1759267871.214387
0.07,0.2,-0.05,1759267871.2166383
0.07,0.2,-0.05,1759267871.2187614
0.07,0.2,-0.05,1759267871.2208743
0.07,0.2,-0.05,1759267871.2227948
0.07,0.2,-0.05,1759267871.2249875
0.07,0.2,-0.05,1759267871.2271352
0.07,0.2,-0.05,1759267871.2291272
0.07,0.2,-0.05,1759267871.231389
0.07,0.2,-0.05,1759267871.2335017
0.07,0.2,-0.05,1759267871.2355516
0.07,0.2,-0.05,1759267871.2376876
0.07,0.2,-0.05,1759267871.2401907
0.07,0.2,-0.05,1759267871.242116
0.07,0.2,-0.05,1759267871.2442677
0.07,0.2,-0.05,1759267871.2465763
0.07,0.2,-0.05,1759267871.2487178
0.07,0.2,-0.05,1759267871.2508252
0.07,0.2,-0.05,1759267871.2528768
0.07,0.2,-0.05,1759267871.255222
0.07,0.2,-0.05,1759267871.257198
0.07,0.2,-0.05,1759267871.2595055
0.07,0.2,-0.05,1759267871.2615154
0.07,0.2,-0.05,1759267871.264056
0.07,0.2,-0.05,1759267871.266001
0.07,0.2,-0.05,1759267871.2681265
0.07,0.2,-0.05,1759267871.2705142
0.07,0.2,-0.05,1759267871.2727137
0.07,0.2,-0.05,1759267871.2758236
0.07,0.2,-0.05,1759267871.2795682
0.07,0.2,-0.05,1759267871.282699
0.07,0.2,-0.05,1759267871.285747
0.07,0.2,-0.05,1759267871.289441
0.07,0.2,-0.05,1759267871.2918186
0.07,0.2,-0.05,1759267871.2949808
0.07,0.2,-0.05,1759267871.2973456
0.07,0.2,-0.05,1759267871.2996876
0.07,0.2,-0.05,1759267871.3025708
0.07,0.2,-0.05,1759267871.3048017
0.07,0.2,-0.05,1759267871.3072453
0.07,0.2,-0.05,1759267871.309376
0.07,0.2,-0.05,1759267871.3117173
0.07,0.2,-0.05,1759267871.3146572
0.07,0.2,-0.05,1759267871.316646
0.07,0.2,-0.05,1759267871.3189676
0.07,0.2,-0.05,1759267871.3216398
0.07,0.2,-0.04,1759267871.3240273
0.07,0.2,-0.04,1759267871.326836
0.07,0.2,-0.04,1759267871.329646
0.07,0.2,-0.04,1759267871.3320513
0.07,0.2,-0.04,1759267871.3344047
0.07,0.2,-0.04,1759267871.3371544
0.07,0.2,-0.04,1759267871.3392458
0.07,0.2,-0.04,1759267871.3413482
0.07,0.2,-0.04,1759267871.344031
0.07,0.2,-0.04,1759267871.346244
0.07,0.2,-0.04,1759267871.3483603
0.07,0.2,-0.04,1759267871.350471
0.07,0.2,-0.04,1759267871.352588
0.07,0.2,-0.04,1759267871.3549068
0.07,0.2,-0.04,1759267871.3570397
0.07,0.2,-0.04,1759267871.3592684
0.07,0.2,-0.04,1759267871.3614142
0.07,0.2,-0.04,1759267871.363536
0.07,0.2,-0.04,1759267871.3657484
0.07,0.2,-0.04,1759267871.3686123
0.07,0.2,-0.04,1759267871.371366
0.07,0.2,-0.04,1759267871.3737378
0.07,0.2,-0.04,1759267871.3760438
0.07,0.2,-0.04,1759267871.3781855
0.07,0.2,-0.04,1759267871.3802824
0.07,0.2,-0.04,1759267871.3824046
0.07,0.2,-0.04,1759267871.3846388
0.07,0.2,-0.04,1759267871.387496
0.07,0.2,-0.04,1759267871.3896787
0.07,0.2,-0.04,1759267871.3917882
0.07,0.2,-0.04,1759267871.393886
0.07,0.2,-0.04,1759267871.3960805
0.07,0.2,-0.04,1759267871.3981724
0.07,0.2,-0.04,1759267871.4002645
0.07,0.2,-0.04,1759267871.4024236
0.07,0.2,-0.04,1759267871.404855
0.07,0.2,-0.04,1759267871.4070578
0.07,0.2,-0.04,1759267871.4096072
0.07,0.2,-0.04,1759267871.412407
0.07,0.2,-0.04,1759267871.4150825
0.07,0.2,-0.04,1759267871.4173918
0.07,0.2,-0.04,1759267871.4192245
0.07,0.2,-0.04,1759267871.4219687
0.07,0.2,-0.04,1759267871.424714
0.07,0.2,-0.04,1759267871.4266205
0.07,0.2,-0.04,1759267871.4291828
0.07,0.2,-0.04,1759267871.4322886
0.07,0.2,-0.04,1759267871.434687
0.07,0.2,-0.04,1759267871.4368112
0.07,0.2,-0.04,1759267871.43897
0.07,0.2,-0.04,1759267871.4410975
0.07,0.2,-0.04,1759267871.4434602
0.07,0.2,-0.04,1759267871.4457629
0.07,0.2,-0.04,1759267871.4479098
0.07,0.2,-0.04,1759267871.4500318
0.07,0.2,-0.04,1759267871.4529805
0.07,0.2,-0.04,1759267871.4562972
0.07,0.2,-0.04,1759267871.4587083
0.07,0.2,-0.04,1759267871.4607155
0.07,0.2,-0.04,1759267871.4631393
0.07,0.2,-0.04,1759267871.465368
0.07,0.2,-0.04,1759267871.467441
0.07,0.2,-0.04,1759267871.4695828
0.07,0.2,-0.04,1759267871.4720256
0.07,0.2,-0.04,1759267871.4742222
0.07,0.2,-0.04,1759267871.4767642
0.07,0.2,-0.04,1759267871.479758
0.07,0.2,-0.04,1759267871.482237
0.07,0.2,-0.04,1759267871.484672
0.07,0.2,-0.04,1759267871.4874997
0.07,0.2,-0.04,1759267871.4902816
0.07,0.2,-0.04,1759267871.4923873
0.07,0.2,-0.04,1759267871.4947848
0.07,0.2,-0.04,1759267871.4969115
0.07,0.2,-0.04,1759267871.4990926
0.07,0.2,-0.04,1759267871.5013344
0.07,0.2,-0.04,1759267871.5041895
0.07,0.2,-0.04,1759267871.5073538
0.07,0.2,-0.04,1759267871.510375
0.07,0.2,-0.04,1759267871.5133166
0.07,0.2,-0.04,1759267871.5160775
0.07,0.2,-0.04,1759267871.519268
0.07,0.2,-0.04,1759267871.5223982
0.07,0.2,-0.04,1759267871.5257795
0.07,0.2,-0.04,1759267871.5279086
0.07,0.2,-0.04,1759267871.5301075
0.07,0.2,-0.04,1759267871.532887
0.07,0.2,-0.04,1759267871.5355186
0.07,0.2,-0.04,1759267871.5373654
0.07,0.2,-0.04,1759267871.5391374
0.07,0.2,-0.04,1759267871.5421035
0.07,0.2,-0.04,1759267871.544214
0.07,0.2,-0.04,1759267871.5461729
0.07,0.2,-0.04,1759267871.5478935
0.07,0.2,-0.04,1759267871.5496106
0.07,0.2,-0.04,1759267871.5519044
0.07,0.2,-0.04,1759267871.5537827
0.07,0.2,-0.04,1759267871.555894
0.07,0.2,-0.04,1759267871.5578322
0.07,0.2,-0.04,1759267871.5604546
0.07,0.2,-0.04,1759267871.562516
0.07,0.2,-0.04,1759267871.5642014
0.07,0.2,-0.04,1759267871.5674431
0.07,0.2,-0.04,1759267871.5694206
0.07,0.2,-0.04,1759267871.5722
0.07,0.2,-0.04,1759267871.574786
0.07,0.2,-0.04,1759267871.5771482
0.07,0.2,-0.04,1759267871.5792663
0.07,0.2,-0.04,1759267871.582242
0.07,0.2,-0.04,1759267871.58499
0.07,0.2,-0.04,1759267871.588077
0.07,0.2,-0.04,1759267871.590595
0.07,0.2,-0.04,1759267871.5934567
0.07,0.2,-0.04,1759267871.5963063
0.07,0.2,-0.04,1759267871.5988293
0.07,0.2,-0.04,1759267871.6013262
0.07,0.2,-0.04,1759267871.604071
0.07,0.2,-0.04,1759267871.6066954
0.07,0.2,-0.04,1759267871.6091805
0.07,0.2,-0.04,1759267871.6117177
0.07,0.2,-0.04,1759267871.614715
0.07,0.2,-0.04,1759267871.617667
0.07,0.2,-0.04,1759267871.6201637
0.07,0.2,-0.04,1759267871.623012
0.07,0.2,-0.04,1759267871.6255684
0.07,0.2,-0.04,1759267871.6282585
0.07,0.2,-0.04,1759267871.6310358
0.07,0.2,-0.04,1759267871.634023
0.07,0.2,-0.04,1759267871.6370983
0.07,0.2,-0.04,1759267871.6399553
0.07,0.2,-0.04,1759267871.6424916
0.07,0.2,-0.04,1759267871.644852
0.07,0.2,-0.04,1759267871.6478937
0.07,0.2,-0.04,1759267871.6499655
0.07,0.2,-0.04,1759267871.6529813
0.07,0.2,-0.04,1759267871.656832
0.07,0.2,-0.04,1759267871.6592877
0.07,0.2,-0.04,1759267871.6621523
0.07,0.2,-0.04,1759267871.6643174
0.07,0.2,-0.04,1759267871.667141
0.07,0.2,-0.04,1759267871.669958
0.07,0.2,-0.04,1759267871.6736846
0.07,0.2,-0.04,1759267871.6756172
0.07,0.2,-0.04,1759267871.67888
0.07,0.2,-0.04,1759267871.6822412
0.07,0.2,-0.04,1759267871.685807
0.07,0.2,-0.04,1759267871.6890435
0.07,0.2,-0.04,1759267871.691715
0.07,0.2,-0.04,1759267871.695056
0.07,0.2,-0.04,1759267871.6980472
0.07,0.2,-0.04,1759267871.701104
0.07,0.2,-0.04,1759267871.7041788
0.07,0.2,-0.04,1759267871.7069466
0.07,0.2,-0.04,1759267871.710243
0.07,0.2,-0.04,1759267871.713078
0.07,0.2,-0.04,1759267871.7161846
0.07,0.2,-0.04,1759267871.7192926
0.07,0.2,-0.04,1759267871.7230618
0.07,0.2,-0.04,1759267871.7257917
0.07,0.2,-0.04,1759267871.728521
0.07,0.2,-0.04,1759267871.7316377
0.07,0.2,-0.04,1759267871.7355435
0.07,0.2,-0.04,1759267871.7382689
0.07,0.2,-0.04,1759267871.741233
0.07,0.2,-0.04,1759267871.743881
0.07,0.2,-0.04,1759267871.7467852
0.07,0.2,-0.04,1759267871.7493634
0.07,0.2,-0.04,1759267871.75225
0.07,0.2,-0.04,1759267871.755064
0.07,0.2,-0.04,1759267871.7578132
0.07,0.2,-0.04,1759267871.760379
0.07,0.2,-0.04,1759267871.763466
0.07,0.2,-0.04,1759267871.765875
0.07,0.2,-0.04,1759267871.7681775
0.07,0.2,-0.04,1759267871.770983
0.07,0.2,-0.04,1759267871.7738369
0.07,0.2,-0.04,1759267871.7768002
0.07,0.2,-0.04,1759267871.7795937
0.07,0.2,-0.04,1759267871.7824862
0.07,0.2,-0.04,1759267871.787277
0.07,0.2,-0.04,1759267871.789919
0.07,0.2,-0.04,1759267871.7936742
0.07,0.2,-0.04,1759267871.797458
0.07,0.2,-0.04,1759267871.801162
0.07,0.2,-0.04,1759267871.805022
0.07,0.2,-0.04,1759267871.8088274
0.07,0.2,-0.04,1759267871.812443
0.07,0.2,-0.04,1759267871.8158476
0.07,0.2,-0.04,1759267871.8186903
0.07,0.2,-0.04,1759267871.8216183
0.07,0.2,-0.04,1759267871.8249352
0.07,0.2,-0.04,1759267871.827536
0.07,0.2,-0.04,1759267871.8303134
0.07,0.2,-0.04,1759267871.8332453
0.07,0.2,-0.04,1759267871.8377633
0.07,0.2,-0.04,1759267871.8405352
0.07,0.2,-0.04,1759267871.8440218
0.07,0.2,-0.04,1759267871.8468378
0.07,0.2,-0.04,1759267871.850319
0.07,0.2,-0.04,1759267871.8530598
0.07,0.2,-0.04,1759267871.8572943
0.07,0.2,-0.04,1759267871.8612764
0.07,0.2,-0.04,1759267871.8649044
0.07,0.2,-0.04,1759267871.8681474
0.07,0.2,-0.04,1759267871.8712828
0.07,0.2,-0.04,1759267871.8745227
0.07,0.2,-0.04,1759267871.8773727
0.07,0.2,-0.04,1759267871.8802748
0.07,0.2,-0.04,1759267871.8831294
0.07,0.2,-0.04,1759267871.886031
0.07,0.2,-0.04,1759267871.8890517
0.07,0.2,-0.04,1759267871.8918989
0.07,0.2,-0.04,1759267871.8950446
0.07,0.2,-0.04,1759267871.897949
0.07,0.2,-0.04,1759267871.900738
0.07,0.2,-0.04,1759267871.9035425
0.07,0.2,-0.04,1759267871.9063544
0.07,0.2,-0.04,1759267871.9093049
0.07,0.2,-0.04,1759267871.9120038
0.07,0.2,-0.04,1759267871.9146757
0.07,0.2,-0.04,1759267871.9172456
0.07,0.2,-0.04,1759267871.9201994
0.07,0.2,-0.04,1759267871.9229548
0.07,0.2,-0.04,1759267871.9261813
0.07,0.2,-0.04,1759267871.929071
0.07,0.2,-0.04,1759267871.9328427
0.07,0.2,-0.04,1759267871.935463
0.07,0.2,-0.04,1759267871.9391727
0.07,0.2,-0.04,1759267871.9420578
0.07,0.2,-0.04,1759267871.944726
0.07,0.2,-0.04,1759267871.9478328
0.07,0.2,-0.04,1759267871.95036
0.07,0.2,-0.04,1759267871.953411
0.07,0.2,-0.04,1759267871.956291
0.07,0.2,-0.04,1759267871.959022
0.07,0.2,-0.04,1759267871.961381
0.07,0.2,-0.04,1759267871.9640138
0.07,0.2,-0.04,1759267871.9665596
0.07,0.2,-0.04,1759267871.9694943
0.07,0.2,-0.04,1759267871.9719346
0.07,0.2,-0.04,1759267871.9752452
0.07,0.2,-0.04,1759267871.977698
0.07,0.2,-0.04,1759267871.980623
0.07,0.2,-0.04,1759267871.9830952
0.07,0.2,-0.04,1759267871.9859557
0.07,0.2,-0.04,1759267871.989087
0.07,0.2,-0.04,1759267871.991525
0.07,0.2,-0.04,1759267871.9939458
0.07,0.2,-0.04,1759267871.9971404
0.07,0.2,-0.04,1759267871.9995673
0.07,0.2,-0.04,1759267872.0027726
0.07,0.2,-0.04,1759267872.005542
0.07,0.2,-0.04,1759267872.0080512
0.07,0.2,-0.04,1759267872.0105894
0.07,0.2,-0.04,1759267872.0133898
0.07,0.2,-0.04,1759267872.0165954
0.07,0.2,-0.04,1759267872.019072
0.07,0.2,-0.04,1759267872.0219696
0.07,0.2,-0.04,1759267872.024714
0.07,0.2,-0.04,1759267872.026917
0.07,0.2,-0.04,1759267872.0289035
0.07,0.2,-0.04,1759267872.0307176
0.07,0.2,-0.04,1759267872.032828
0.07,0.2,-0.04,1759267872.0347557
0.07,0.2,-0.04,1759267872.036728
0.07,0.2,-0.04,1759267872.0386405
0.07,0.2,-0.04,1759267872.040782
0.07,0.2,-0.04,1759267872.0425994
0.07,0.2,-0.04,1759267872.0450342
0.07,0.2,-0.04,1759267872.046898
0.07,0.2,-0.04,1759267872.0488665
0.07,0.2,-0.04,1759267872.0507224
0.07,0.2,-0.04,1759267872.052825
0.07,0.2,-0.04,1759267872.054828
0.07,0.2,-0.04,1759267872.0572288
0.07,0.2,-0.04,1759267872.059033
0.07,0.2,-0.04,1759267872.061302
0.07,0.2,-0.04,1759267872.0631435
0.07,0.2,-0.04,1759267872.0655549
0.07,0.2,-0.04,1759267872.0675278
0.07,0.2,-0.04,1759267872.0699673
0.07,0.2,-0.04,1759267872.0718098
0.07,0.2,-0.04,1759267872.074158
0.07,0.2,-0.04,1759267872.0769916
0.07,0.2,-0.04,1759267872.0797234
0.07,0.2,-0.04,1759267872.082225
0.07,0.2,-0.04,1759267872.0841906
0.07,0.2,-0.04,1759267872.0866475
0.07,0.2,-0.04,1759267872.088993
0.07,0.2,-0.04,1759267872.0919108
0.07,0.2,-0.04,1759267872.0938945
0.07,0.2,-0.04,1759267872.0968895
0.07,0.2,-0.04,1759267872.098946
0.07,0.2,-0.04,1759267872.1017327
0.07,0.2,-0.04,1759267872.1036818
0.07,0.2,-0.04,1759267872.1065805
0.07,0.2,-0.04,1759267872.108892
0.07,0.2,-0.04,1759267872.1111264
0.07,0.2,-0.04,1759267872.1137335
0.07,0.2,-0.04,1759267872.117049
0.07,0.2,-0.04,1759267872.1189897
0.07,0.2,-0.04,1759267872.1215107
0.07,0.2,-0.04,1759267872.1237504
0.07,0.2,-0.04,1759267872.126408
0.07,0.2,-0.04,1759267872.1290977
0.07,0.2,-0.04,1759267872.1313326
0.07,0.2,-0.04,1759267872.1335447
0.07,0.2,-0.04,1759267872.1360068
0.07,0.2,-0.04,1759267872.1389782
0.07,0.2,-0.04,1759267872.140846
0.07,0.2,-0.04,1759267872.1430569
0.07,0.2,-0.04,1759267872.1456454
0.07,0.2,-0.04,1759267872.1486444
0.07,0.2,-0.04,1759267872.1505086
0.07,0.2,-0.04,1759267872.1527026
0.07,0.2,-0.04,1759267872.15527
0.07,0.2,-0.04,1759267872.15779
0.07,0.2,-0.04,1759267872.1601834
0.07,0.2,-0.04,1759267872.1624055
0.07,0.2,-0.04,1759267872.1654763
0.07,0.2,-0.04,1759267872.167475
0.07,0.2,-0.04,1759267872.1697688
0.07,0.2,-0.04,1759267872.1719322
0.07,0.2,-0.04,1759267872.1753757
0.07,0.2,-0.04,1759267872.177389
0.07,0.2,-0.04,1759267872.1796987
0.07,0.2,-0.04,1759267872.1823115
0.07,0.2,-0.04,1759267872.185227
0.07,0.2,-0.04,1759267872.1872084
0.07,0.2,-0.04,1759267872.189331
0.07,0.2,-0.04,1759267872.192621
0.07,0.2,-0.04,1759267872.195074
0.07,0.2,-0.04,1759267872.197067
0.07,0.2,-0.04,1759267872.199726
0.07,0.2,-0.04,1759267872.202709
0.07,0.2,-0.04,1759267872.2047782
0.07,0.2,-0.04,1759267872.2073774
0.07,0.2,-0.04,1759267872.2097394
0.07,0.2,-0.04,1759267872.2119334
0.07,0.2,-0.04,1759267872.2149885
0.07,0.2,-0.04,1759267872.2169194
0.07,0.2,-0.04,1759267872.2195747
0.07,0.2,-0.04,1759267872.221774
0.07,0.2,-0.04,1759267872.2243352
0.07,0.2,-0.04,1759267872.226572
0.07,0.2,-0.04,1759267872.228833
0.07,0.2,-0.04,1759267872.2319105
0.07,0.2,-0.04,1759267872.2340906
0.07,0.2,-0.04,1759267872.2368486
0.07,0.2,-0.04,1759267872.2391098
0.07,0.2,-0.04,1759267872.242
0.07,0.2,-0.04,1759267872.2439744
0.07,0.2,-0.04,1759267872.246235
0.07,0.2,-0.04,1759267872.2488143
0.07,0.2,-0.04,1759267872.2518146
0.07,0.2,-0.04,1759267872.2540588
0.07,0.2,-0.04,1759267872.257054
0.07,0.2,-0.04,1759267872.259256
0.07,0.2,-0.04,1759267872.261888
0.07,0.2,-0.04,1759267872.2646284
0.07,0.2,-0.04,1759267872.2669344
0.07,0.2,-0.04,1759267872.2693224
0.07,0.2,-0.04,1759267872.2718997
0.07,0.2,-0.04,1759267872.2750237
0.07,0.2,-0.04,1759267872.2776608
0.07,0.2,-0.04,1759267872.2800424
0.07,0.2,-0.04,1759267872.2825422
0.07,0.2,-0.04,1759267872.28484
0.07,0.2,-0.04,1759267872.2879944
0.07,0.2,-0.04,1759267872.289976
0.07,0.2,-0.04,1759267872.2921915
0.07,0.2,-0.04,1759267872.2951834
0.07,0.2,-0.04,1759267872.2975411
0.07,0.2,-0.04,1759267872.300039
0.07,0.2,-0.04,1759267872.3031092
0.07,0.2,-0.04,1759267872.305243
0.07,0.2,-0.04,1759267872.3084297
0.07,0.2,-0.04,1759267872.3104591
0.07,0.2,-0.04,1759267872.3133955
0.07,0.2,-0.04,1759267872.315464
0.07,0.2,-0.04,1759267872.3183272
0.07,0.2,-0.04,1759267872.3206685
0.07,0.2,-0.04,1759267872.323106
0.07,0.2,-0.04,1759267872.3250625
0.07,0.2,-0.04,1759267872.327323
0.07,0.2,-0.04,1759267872.329899
0.07,0.2,-0.04,1759267872.3327975
0.07,0.2,-0.04,1759267872.3348873
0.07,0.2,-0.04,1759267872.337818
0.07,0.2,-0.04,1759267872.3397608
0.07,0.2,-0.04,1759267872.3420365
0.07,0.2,-0.04,1759267872.3446674
0.07,0.2,-0.04,1759267872.347612
0.07,0.2,-0.04,1759267872.3495429
0.07,0.2,-0.04,1759267872.3524635
0.07,0.2,-0.04,1759267872.3548274
0.07,0.2,-0.04,1759267872.357384
0.07,0.2,-0.04,1759267872.3597414
0.07,0.2,-0.04,1759267872.3623683
0.07,0.2,-0.04,1759267872.36425
0.07,0.2,-0.04,1759267872.3671353
0.07,0.2,-0.04,1759267872.3697338
0.07,0.2,-0.04,1759267872.3716743
0.07,0.2,-0.04,1759267872.3742995
0.07,0.2,-0.04,1759267872.3772364
0.07,0.2,-0.04,1759267872.379607
0.07,0.2,-0.04,1759267872.3818936
0.07,0.2,-0.04,1759267872.3847473
0.07,0.2,-0.04,1759267872.387604
0.07,0.2,-0.04,1759267872.3896396
0.07,0.2,-0.04,1759267872.3922143
0.07,0.2,-0.04,1759267872.3952005
0.07,0.2,-0.04,1759267872.397706
0.07,0.2,-0.04,1759267872.3997176
0.07,0.2,-0.04,1759267872.402605
0.07,0.2,-0.04,1759267872.40501
0.07,0.2,-0.04,1759267872.4069498
0.07,0.2,-0.04,1759267872.4101253
0.07,0.2,-0.04,1759267872.4129567
0.07,0.2,-0.04,1759267872.415656
0.07,0.2,-0.04,1759267872.4177537
0.07,0.2,-0.04,1759267872.420473
0.07,0.2,-0.04,1759267872.423189
0.07,0.2,-0.04,1759267872.4255247
0.07,0.2,-0.04,1759267872.4280236
0.07,0.2,-0.04,1759267872.430334
0.07,0.2,-0.04,1759267872.4327853
0.07,0.2,-0.04,1759267872.4349046
0.07,0.2,-0.04,1759267872.437743
0.07,0.2,-0.04,1759267872.4400878
0.07,0.2,-0.04,1759267872.442659
0.07,0.2,-0.04,1759267872.4449856
0.07,0.2,-0.04,1759267872.4476244
0.07,0.2,-0.04,1759267872.4499662
0.07,0.2,-0.04,1759267872.4522493
0.07,0.2,-0.04,1759267872.4552834
0.07,0.2,-0.04,1759267872.4579325
0.07,0.2,-0.04,1759267872.4599874
0.07,0.2,-0.04,1759267872.4622288
0.07,0.2,-0.04,1759267872.4652014
0.07,0.2,-0.04,1759267872.4675536
0.07,0.2,-0.04,1759267872.4702184
0.07,0.2,-0.04,1759267872.4722347
0.07,0.2,-0.04,1759267872.474441
0.07,0.2,-0.04,1759267872.4772162
0.07,0.2,-0.04,1759267872.479603
0.07,0.2,-0.04,1759267872.4821503
0.07,0.2,-0.04,1759267872.4851477
0.07,0.2,-0.04,1759267872.4886897
0.07,0.2,-0.04,1759267872.4910166
0.07,0.2,-0.04,1759267872.493753
0.07,0.2,-0.04,1759267872.4965415
0.07,0.2,-0.04,1759267872.4992898
0.07,0.2,-0.04,1759267872.5015583
0.07,0.2,-0.04,1759267872.50423
0.07,0.2,-0.04,1759267872.506732
0.07,0.2,-0.04,1759267872.51003
0.07,0.2,-0.04,1759267872.5129857
0.07,0.2,-0.04,1759267872.5159786
0.07,0.2,-0.04,1759267872.518603
0.07,0.2,-0.04,1759267872.520932
0.07,0.2,-0.04,1759267872.5233085
0.07,0.2,-0.04,1759267872.526469
0.07,0.2,-0.04,1759267872.5287173
0.07,0.2,-0.04,1759267872.5316513
0.07,0.2,-0.04,1759267872.53433
0.07,0.2,-0.04,1759267872.537187
0.07,0.2,-0.04,1759267872.5401244
0.07,0.2,-0.04,1759267872.5426614
0.07,0.2,-0.04,1759267872.5453756
0.07,0.2,-0.04,1759267872.5483873
0.07,0.2,-0.04,1759267872.551223
0.07,0.2,-0.04,1759267872.553695
0.07,0.2,-0.04,1759267872.5566072
0.07,0.2,-0.04,1759267872.5594623
0.07,0.2,-0.04,1759267872.5622668
0.07,0.2,-0.04,1759267872.5652096
0.07,0.2,-0.04,1759267872.567977
0.07,0.2,-0.04,1759267872.5708108
0.07,0.2,-0.04,1759267872.5737574
0.07,0.2,-0.04,1759267872.575718
0.07,0.2,-0.04,1759267872.5781076
0.07,0.2,-0.04,1759267872.579754
0.07,0.2,-0.04,1759267872.581828
0.07,0.2,-0.04,1759267872.583766
0.07,0.2,-0.04,1759267872.5861971
0.07,0.2,-0.04,1759267872.588029
0.07,0.2,-0.04,1759267872.5896811
0.07,0.2,-0.04,1759267872.5918682
0.07,0.2,-0.04,1759267872.5939443
0.07,0.2,-0.04,1759267872.5956886
0.07,0.2,-0.04,1759267872.5975738
0.07,0.2,-0.04,1759267872.5994644
0.07,0.2,-0.04,1759267872.6017218
0.07,0.2,-0.04,1759267872.6033487
0.07,0.2,-0.04,1759267872.6068094
0.07,0.2,-0.04,1759267872.6100905
0.07,0.2,-0.04,1759267872.6123748
0.07,0.2,-0.04,1759267872.6146147
0.07,0.2,-0.04,1759267872.6167274
0.07,0.2,-0.04,1759267872.6188354
0.07,0.2,-0.04,1759267872.6214638
0.07,0.2,-0.04,1759267872.6232142
0.07,0.2,-0.04,1759267872.626252
0.07,0.2,-0.04,1759267872.6287985
0.07,0.2,-0.04,1759267872.6308107
0.07,0.2,-0.04,1759267872.633256
0.07,0.2,-0.04,1759267872.635142
0.07,0.2,-0.04,1759267872.6372128
0.07,0.2,-0.04,1759267872.6394663
0.07,0.2,-0.04,1759267872.6427295
0.07,0.2,-0.04,1759267872.6452456
0.07,0.2,-0.04,1759267872.64807
0.07,0.2,-0.04,1759267872.650967
0.07,0.2,-0.04,1759267872.6538868
0.07,0.2,-0.04,1759267872.656358
0.07,0.2,-0.04,1759267872.6589928
0.07,0.2,-0.04,1759267872.6615632
0.07,0.2,-0.04,1759267872.663808
0.07,0.2,-0.04,1759267872.6664124
0.07,0.2,-0.04,1759267872.6690676
0.07,0.2,-0.04,1759267872.6717715
0.07,0.2,-0.04,1759267872.675115
0.07,0.2,-0.04,1759267872.6772635
0.07,0.2,-0.04,1759267872.680259
0.07,0.2,-0.04,1759267872.683355
0.07,0.2,-0.04,1759267872.6860943
0.07,0.2,-0.04,1759267872.6879106
0.07,0.2,-0.04,1759267872.690217
0.07,0.2,-0.04,1759267872.6924665
0.07,0.2,-0.04,1759267872.6948647
0.07,0.2,-0.04,1759267872.6971364
0.07,0.2,-0.04,1759267872.6998425
0.07,0.2,-0.04,1759267872.7020776
0.07,0.2,-0.04,1759267872.7045865
0.07,0.2,-0.04,1759267872.7063012
0.07,0.2,-0.04,1759267872.7094743
0.07,0.2,-0.04,1759267872.7112024
0.07,0.2,-0.04,1759267872.7142718
0.07,0.2,-0.04,1759267872.716372
0.07,0.2,-0.04,1759267872.7189105
0.07,0.2,-0.04,1759267872.7210586
0.07,0.2,-0.04,1759267872.7235026
0.07,0.2,-0.04,1759267872.7258244
0.07,0.2,-0.04,1759267872.728288
0.07,0.2,-0.04,1759267872.7311945
0.07,0.2,-0.04,1759267872.733487
0.07,0.2,-0.04,1759267872.7364094
0.07,0.2,-0.04,1759267872.7387686
0.07,0.2,-0.04,1759267872.7413914
0.07,0.2,-0.04,1759267872.7436664
0.07,0.2,-0.04,1759267872.7457435
0.07,0.2,-0.04,1759267872.74813
0.07,0.2,-0.04,1759267872.7499022
0.07,0.2,-0.04,1759267872.7525568
0.07,0.2,-0.04,1759267872.7548745
0.07,0.2,-0.04,1759267872.7571368
0.07,0.2,-0.04,1759267872.7589998
0.07,0.2,-0.04,1759267872.7614532
0.07,0.2,-0.04,1759267872.7633114
0.07,0.2,-0.04,1759267872.7659276
0.07,0.2,-0.04,1759267872.7686665
0.07,0.2,-0.04,1759267872.7706065
0.07,0.2,-0.04,1759267872.7723985
0.07,0.2,-0.04,1759267872.7773125
0.07,0.2,-0.04,1759267872.78171
0.07,0.2,-0.04,1759267872.7838056
0.07,0.2,-0.04,1759267872.7860987
0.07,0.2,-0.04,1759267872.7887514
0.07,0.2,-0.04,1759267872.7904963
0.07,0.2,-0.04,1759267872.7927043
0.07,0.2,-0.04,1759267872.7951636
0.07,0.19,-0.04,1759267872.7972069
0.07,0.19,-0.04,1759267872.7996826
0.07,0.2,-0.04,1759267872.8022242
0.07,0.2,-0.04,1759267872.8053415
0.07,0.2,-0.04,1759267872.8075817
0.07,0.2,-0.04,1759267872.8100145
0.07,0.2,-0.04,1759267872.8118348
0.07,0.2,-0.04,1759267872.815006
0.07,0.2,-0.04,1759267872.8173249
0.07,0.2,-0.04,1759267872.8191338
0.07,0.2,-0.04,1759267872.8224616
0.07,0.2,-0.04,1759267872.8246908
0.07,0.2,-0.04,1759267872.8264053
0.07,0.2,-0.04,1759267872.8280778
0.07,0.2,-0.04,1759267872.830391
0.07,0.2,-0.04,1759267872.8320825
0.07,0.2,-0.04,1759267872.833944
0.07,0.2,-0.04,1759267872.8373249
0.07,0.2,-0.04,1759267872.8397114
0.07,0.2,-0.04,1759267872.8418696
0.07,0.2,-0.04,1759267872.8440518
0.07,0.2,-0.04,1759267872.8461237
0.07,0.2,-0.04,1759267872.8486283
0.07,0.2,-0.04,1759267872.8506782
0.07,0.2,-0.04,1759267872.8532984
0.07,0.2,-0.04,1759267872.8555024
0.07,0.2,-0.04,1759267872.8580575
0.07,0.2,-0.04,1759267872.8602989
0.07,0.2,-0.04,1759267872.863016
0.07,0.2,-0.04,1759267872.86552
0.07,0.2,-0.04,1759267872.8675752
0.07,0.2,-0.04,1759267872.8697278
0.07,0.2,-0.04,1759267872.8717778
0.07,0.2,-0.04,1759267872.8742628
0.07,0.2,-0.04,1759267872.8770146
0.07,0.2,-0.04,1759267872.8791702
0.07,0.2,-0.04,1759267872.881879
0.07,0.2,-0.04,1759267872.883855
0.07,0.2,-0.04,1759267872.8867588
0.07,0.2,-0.04,1759267872.8890214
0.07,0.2,-0.04,1759267872.8914554
0.07,0.2,-0.04,1759267872.8937216
0.07,0.2,-0.04,1759267872.8964472
0.07,0.2,-0.04,1759267872.8990936
0.07,0.2,-0.04,1759267872.9008806
0.07,0.2,-0.04,1759267872.9026089
0.07,0.2,-0.04,1759267872.9051058
0.07,0.2,-0.04,1759267872.9070184
0.07,0.2,-0.04,1759267872.9099786
0.07,0.2,-0.04,1759267872.9117825
0.07,0.2,-0.04,1759267872.9148967
0.07,0.2,-0.04,1759267872.9167912
0.07,0.2,-0.04,1759267872.918975
0.07,0.2,-0.04,1759267872.92062
0.07,0.2,-0.04,1759267872.9230793
0.07,0.2,-0.04,1759267872.9256728
0.07,0.2,-0.04,1759267872.927884
0.07,0.2,-0.04,1759267872.930163
0.07,0.2,-0.04,1759267872.9328148
0.07,0.2,-0.04,1759267872.934909
0.07,0.2,-0.04,1759267872.9372227
0.07,0.2,-0.04,1759267872.9391007
0.07,0.2,-0.04,1759267872.9415395
0.07,0.2,-0.04,1759267872.9436402
0.07,0.2,-0.04,1759267872.946874
0.07,0.2,-0.04,1759267872.9493675
0.07,0.2,-0.04,1759267872.951409
0.07,0.2,-0.04,1759267872.953481
0.07,0.2,-0.04,1759267872.956144
0.07,0.2,-0.04,1759267872.957975
0.07,0.2,-0.04,1759267872.9608006
0.07,0.2,-0.04,1759267872.962772
0.07,0.2,-0.04,1759267872.9659276
0.07,0.2,-0.04,1759267872.9682128
0.07,0.2,-0.04,1759267872.970652
0.07,0.2,-0.04,1759267872.9727266
0.07,0.2,-0.04,1759267872.975203
0.07,0.2,-0.04,1759267872.9775016
0.07,0.2,-0.04,1759267872.979731
0.07,0.2,-0.04,1759267872.982665
0.07,0.2,-0.04,1759267872.985191
0.07,0.2,-0.04,1759267872.986906
0.07,0.2,-0.04,1759267872.989776
0.07,0.2,-0.04,1759267872.9915628
0.07,0.2,-0.04,1759267872.9942098
0.07,0.2,-0.04,1759267872.996714
0.07,0.2,-0.04,1759267872.999264
0.07,0.2,-0.04,1759267873.0011806
0.07,0.2,-0.04,1759267873.003759
0.07,0.2,-0.04,1759267873.00619
0.07,0.2,-0.04,1759267873.0090086
0.07,0.2,-0.04,1759267873.011306
0.07,0.2,-0.04,1759267873.0139844
0.07,0.2,-0.04,1759267873.0169532
0.07,0.2,-0.04,1759267873.0191455
0.07,0.2,-0.04,1759267873.021349
0.07,0.2,-0.04,1759267873.0239382
0.07,0.2,-0.04,1759267873.026623
0.07,0.2,-0.04,1759267873.028953
0.07,0.2,-0.04,1759267873.031273
0.07,0.2,-0.04,1759267873.03364
0.07,0.2,-0.04,1759267873.0362234
0.07,0.2,-0.04,1759267873.0387845
0.07,0.2,-0.04,1759267873.0411053
0.07,0.2,-0.04,1759267873.0438445
0.07,0.2,-0.04,1759267873.0457988
0.07,0.2,-0.04,1759267873.048384
0.07,0.2,-0.04,1759267873.0507102
0.07,0.2,-0.04,1759267873.0533798
0.07,0.2,-0.04,1759267873.05564
0.07,0.2,-0.04,1759267873.0581002
0.07,0.2,-0.04,1759267873.0600426
0.07,0.2,-0.04,1759267873.0624485
0.07,0.2,-0.04,1759267873.06439
0.07,0.2,-0.04,1759267873.0669928
0.07,0.2,-0.04,1759267873.0693295
0.07,0.2,-0.04,1759267873.0720067
0.07,0.2,-0.04,1759267873.074352
0.07,0.2,-0.04,1759267873.0769978
0.07,0.2,-0.04,1759267873.079843
0.07,0.2,-0.04,1759267873.0819576
0.07,0.2,-0.04,1759267873.0844424
0.07,0.2,-0.04,1759267873.0873315
0.07,0.2,-0.04,1759267873.0895565
0.07,0.2,-0.04,1759267873.0917728
0.07,0.2,-0.04,1759267873.094106
0.07,0.2,-0.04,1759267873.096712
0.07,0.2,-0.04,1759267873.0990849
0.07,0.2,-0.04,1759267873.1016357
0.07,0.2,-0.04,1759267873.1035645
0.07,0.2,-0.04,1759267873.10651
0.07,0.2,-0.04,1759267873.108895
0.07,0.2,-0.04,1759267873.110843
0.07,0.2,-0.04,1759267873.1135385
0.07,0.2,-0.04,1759267873.1158235
0.07,0.2,-0.03,1759267873.118077
0.07,0.2,-0.03,1759267873.1203945
0.07,0.2,-0.03,1759267873.1227827
0.07,0.2,-0.03,1759267873.125463
0.07,0.2,-0.03,1759267873.1277978
0.07,0.2,-0.03,1759267873.1300063
0.07,0.2,-0.03,1759267873.131909
0.07,0.2,-0.03,1759267873.1344442
0.07,0.2,-0.03,1759267873.1365082
0.07,0.2,-0.03,1759267873.1385531
0.07,0.2,-0.03,1759267873.1405475
0.07,0.2,-0.03,1759267873.1429467
0.07,0.2,-0.03,1759267873.1452143
0.07,0.2,-0.03,1759267873.1476476
0.07,0.2,-0.03,1759267873.1499624
0.07,0.2,-0.03,1759267873.1524022
0.07,0.2,-0.03,1759267873.1547503
0.07,0.2,-0.03,1759267873.157123
0.07,0.2,-0.03,1759267873.1593373
0.07,0.2,-0.03,1759267873.1620586
0.07,0.2,-0.03,1759267873.1643405
0.07,0.2,-0.03,1759267873.166952
0.07,0.2,-0.03,1759267873.1693654
0.07,0.2,-0.03,1759267873.172042
0.07,0.2,-0.03,1759267873.1737838
0.07,0.2,-0.03,1759267873.1760948
0.07,0.2,-0.03,1759267873.1787906
0.07,0.2,-0.03,1759267873.1808572
0.07,0.2,-0.03,1759267873.183964
0.07,0.2,-0.03,1759267873.1866548
0.07,0.2,-0.03,1759267873.1893551
0.07,0.2,-0.03,1759267873.191277
0.07,0.2,-0.03,1759267873.1937397
0.07,0.2,-0.03,1759267873.196075
0.07,0.2,-0.03,1759267873.199182
0.07,0.2,-0.03,1759267873.2015097
0.07,0.2,-0.03,1759267873.2032852
0.07,0.2,-0.03,1759267873.2060795
0.07,0.2,-0.03,1759267873.2084146
0.07,0.2,-0.03,1759267873.211246
0.07,0.2,-0.03,1759267873.2134397
0.07,0.2,-0.03,1759267873.2160923
0.07,0.2,-0.03,1759267873.2186506
0.07,0.2,-0.03,1759267873.2209897
0.07,0.2,-0.03,1759267873.2233963
0.07,0.2,-0.03,1759267873.2257602
0.07,0.2,-0.03,1759267873.228106
0.07,0.2,-0.03,1759267873.230374
0.07,0.2,-0.03,1759267873.2329214
0.07,0.2,-0.03,1759267873.2352412
0.07,0.2,-0.03,1759267873.2379012
0.07,0.2,-0.03,1759267873.2401392
0.07,0.2,-0.03,1759267873.2424366
0.07,0.2,-0.03,1759267873.2453651
0.07,0.2,-0.03,1759267873.2476337
0.07,0.2,-0.03,1759267873.2496517
0.07,0.2,-0.03,1759267873.251677
0.07,0.2,-0.03,1759267873.253732
0.07,0.2,-0.03,1759267873.255838
0.07,0.2,-0.03,1759267873.2579005
0.07,0.2,-0.03,1759267873.2598064
0.07,0.2,-0.03,1759267873.2618296
0.07,0.2,-0.03,1759267873.2639437
0.07,0.2,-0.03,1759267873.2660005
0.07,0.2,-0.03,1759267873.2681725
0.07,0.2,-0.03,1759267873.2702675
0.07,0.2,-0.03,1759267873.2722542
0.07,0.2,-0.03,1759267873.2743456
0.07,0.2,-0.03,1759267873.276429
0.07,0.2,-0.03,1759267873.2784688
0.07,0.2,-0.03,1759267873.2804844
0.07,0.2,-0.03,1759267873.282496
0.07,0.2,-0.03,1759267873.2854357
0.07,0.2,-0.03,1759267873.2871313
0.07,0.2,-0.03,1759267873.289916
0.07,0.2,-0.03,1759267873.2919147
0.07,0.2,-0.03,1759267873.2936566
0.07,0.2,-0.03,1759267873.295966
0.07,0.2,-0.03,1759267873.2983415
0.07,0.2,-0.03,1759267873.3007672
0.07,0.2,-0.03,1759267873.3029735
0.07,0.2,-0.03,1759267873.3054202
0.07,0.2,-0.03,1759267873.3073409
0.07,0.2,-0.03,1759267873.3099992
0.07,0.2,-0.03,1759267873.3121428
0.07,0.2,-0.03,1759267873.3144116
0.07,0.2,-0.03,1759267873.3169355
0.07,0.2,-0.03,1759267873.319598
0.07,0.2,-0.03,1759267873.3222048
0.07,0.2,-0.03,1759267873.3249192
0.07,0.2,-0.03,1759267873.3270166
0.07,0.2,-0.03,1759267873.3293226
0.07,0.2,-0.03,1759267873.331766
0.07,0.2,-0.03,1759267873.3341205
0.07,0.2,-0.03,1759267873.3359308
0.07,0.2,-0.03,1759267873.338209
0.07,0.2,-0.03,1759267873.3414435
0.07,0.2,-0.03,1759267873.3434944
0.07,0.2,-0.03,1759267873.3459833
0.07,0.2,-0.03,1759267873.347836
0.07,0.2,-0.03,1759267873.3502822
0.07,0.2,-0.03,1759267873.353268
0.07,0.2,-0.03,1759267873.3556168
0.07,0.2,-0.03,1759267873.3579316
0.07,0.2,-0.03,1759267873.3606305
0.07,0.2,-0.03,1759267873.3624847
0.07,0.2,-0.03,1759267873.3650143
0.07,0.2,-0.03,1759267873.367067
0.07,0.2,-0.03,1759267873.3691163
0.07,0.2,-0.03,1759267873.371283
0.07,0.2,-0.03,1759267873.3739417
0.07,0.2,-0.03,1759267873.376156
0.07,0.2,-0.03,1759267873.378647
0.07,0.2,-0.03,1759267873.3805518
0.07,0.2,-0.03,1759267873.3829708
0.07,0.2,-0.03,1759267873.3859756
0.07,0.2,-0.03,1759267873.3880644
0.07,0.2,-0.03,1759267873.3905227
0.07,0.2,-0.03,1759267873.392267
0.07,0.2,-0.03,1759267873.3942292
0.07,0.2,-0.03,1759267873.3965056
0.07,0.2,-0.03,1759267873.398241
0.07,0.2,-0.03,1759267873.4001863
0.07,0.2,-0.03,1759267873.401988
0.07,0.2,-0.03,1759267873.4038556
0.07,0.2,-0.03,1759267873.4059572
0.07,0.2,-0.03,1759267873.4076614
0.07,0.2,-0.03,1759267873.410368
0.07,0.2,-0.03,1759267873.4129057
0.07,0.2,-0.03,1759267873.4151826
0.07,0.2,-0.03,1759267873.4177537
0.07,0.2,-0.03,1759267873.4199903
0.07,0.2,-0.03,1759267873.4218256
0.07,0.2,-0.03,1759267873.4239311
0.07,0.2,-0.03,1759267873.4262486
0.07,0.2,-0.03,1759267873.428413
0.07,0.2,-0.03,1759267873.430146
0.07,0.2,-0.03,1759267873.4326234
0.07,0.2,-0.03,1759267873.4349394
0.07,0.2,-0.03,1759267873.4381995
0.07,0.2,-0.03,1759267873.4406009
0.07,0.2,-0.03,1759267873.443105
0.07,0.2,-0.03,1759267873.4456103
0.07,0.2,-0.03,1759267873.4480298
0.07,0.2,-0.03,1759267873.450441
0.07,0.2,-0.03,1759267873.4528725
0.07,0.2,-0.03,1759267873.4551067
0.07,0.2,-0.03,1759267873.4571245
0.07,0.2,-0.03,1759267873.4598415
0.07,0.2,-0.03,1759267873.462278
0.07,0.2,-0.03,1759267873.464519
0.07,0.2,-0.03,1759267873.4662125
0.07,0.2,-0.03,1759267873.468361
0.07,0.2,-0.03,1759267873.4712777
0.07,0.2,-0.03,1759267873.4732864
0.07,0.2,-0.03,1759267873.4768493
0.07,0.2,-0.03,1759267873.4793737
0.07,0.2,-0.03,1759267873.4815
0.07,0.2,-0.03,1759267873.4838684
0.07,0.2,-0.03,1759267873.4864554
0.07,0.2,-0.03,1759267873.4889553
0.07,0.2,-0.03,1759267873.491107
0.07,0.2,-0.03,1759267873.4937124
0.07,0.2,-0.03,1759267873.4962134
0.07,0.2,-0.03,1759267873.4990358
0.07,0.2,-0.03,1759267873.5015862
0.07,0.2,-0.03,1759267873.504001
0.07,0.2,-0.03,1759267873.506913
0.07,0.2,-0.03,1759267873.509602
0.07,0.2,-0.03,1759267873.512853
0.07,0.2,-0.03,1759267873.515942
0.07,0.2,-0.03,1759267873.5183427
0.07,0.2,-0.03,1759267873.5210917
0.07,0.2,-0.03,1759267873.524137
0.07,0.2,-0.03,1759267873.526403
0.07,0.2,-0.03,1759267873.5290973
0.07,0.2,-0.03,1759267873.5315473
0.07,0.2,-0.03,1759267873.5339315
0.07,0.2,-0.03,1759267873.5360856
0.07,0.2,-0.03,1759267873.538227
0.07,0.2,-0.03,1759267873.5403514
0.07,0.2,-0.03,1759267873.5426416
0.07,0.2,-0.03,1759267873.5447247
0.07,0.2,-0.03,1759267873.5471883
0.07,0.2,-0.03,1759267873.5492773
0.07,0.2,-0.03,1759267873.5515454
0.07,0.2,-0.03,1759267873.5537815
0.07,0.2,-0.03,1759267873.5566182
0.07,0.2,-0.03,1759267873.5597205
0.07,0.2,-0.03,1759267873.5619075
0.07,0.2,-0.03,1759267873.5645645
0.07,0.2,-0.03,1759267873.5667348
0.07,0.2,-0.03,1759267873.5702243
0.07,0.2,-0.03,1759267873.5726433
0.07,0.2,-0.03,1759267873.575133
0.07,0.2,-0.03,1759267873.5771213
0.07,0.2,-0.03,1759267873.580305
0.07,0.2,-0.03,1759267873.5823908
0.07,0.2,-0.03,1759267873.5868022
0.07,0.2,-0.03,1759267873.5888505
0.07,0.2,-0.03,1759267873.591402
0.07,0.2,-0.03,1759267873.5953376
0.07,0.2,-0.03,1759267873.5992343
0.07,0.2,-0.03,1759267873.6034498
0.07,0.2,-0.03,1759267873.6069815
0.07,0.2,-0.03,1759267873.610603
0.07,0.2,-0.03,1759267873.613479
0.07,0.2,-0.03,1759267873.6170576
0.07,0.2,-0.03,1759267873.619465
0.07,0.2,-0.03,1759267873.621344
0.07,0.2,-0.03,1759267873.622998
0.07,0.2,-0.03,1759267873.6267006
0.07,0.2,-0.03,1759267873.6306336
0.07,0.2,-0.03,1759267873.6341383
0.07,0.2,-0.03,1759267873.63612
0.07,0.2,-0.03,1759267873.6396432
0.07,0.2,-0.03,1759267873.6423812
0.07,0.2,-0.03,1759267873.644579
0.07,0.2,-0.03,1759267873.6473818
0.07,0.2,-0.03,1759267873.6501007
0.07,0.2,-0.03,1759267873.6520584
0.07,0.2,-0.03,1759267873.654982
0.07,0.2,-0.03,1759267873.658134
0.07,0.2,-0.03,1759267873.6597974
0.07,0.2,-0.03,1759267873.6624458
0.07,0.2,-0.03,1759267873.664121
0.07,0.2,-0.03,1759267873.666983
0.07,0.2,-0.03,1759267873.6701577
0.07,0.2,-0.03,1759267873.6718311
0.07,0.2,-0.03,1759267873.6741192
0.07,0.2,-0.03,1759267873.6761749
0.07,0.2,-0.03,1759267873.678981
0.07,0.2,-0.03,1759267873.681029
0.07,0.2,-0.03,1759267873.6837745
0.07,0.2,-0.03,1759267873.686912
0.07,0.2,-0.03,1759267873.6901512
0.07,0.2,-0.03,1759267873.6924849
0.07,0.2,-0.03,1759267873.695572
0.07,0.2,-0.03,1759267873.698131
0.07,0.2,-0.03,1759267873.7001455
0.07,0.2,-0.03,1759267873.7028732
0.07,0.2,-0.03,1759267873.7057564
0.07,0.2,-0.03,1759267873.7077296
0.07,0.2,-0.03,1759267873.7103994
0.07,0.2,-0.03,1759267873.712042
0.07,0.2,-0.03,1759267873.7148068
0.07,0.2,-0.03,1759267873.7182171
0.07,0.2,-0.03,1759267873.7199535
0.07,0.2,-0.03,1759267873.7228878
0.07,0.2,-0.03,1759267873.7264566
0.07,0.2,-0.03,1759267873.728233
0.07,0.2,-0.03,1759267873.730825
0.07,0.2,-0.03,1759267873.7327833
0.07,0.2,-0.03,1759267873.7357614
0.07,0.2,-0.03,1759267873.7392268
0.07,0.2,-0.03,1759267873.7423382
0.07,0.2,-0.03,1759267873.744161
0.07,0.2,-0.03,1759267873.747274
0.07,0.2,-0.03,1759267873.74991
0.07,0.2,-0.03,1759267873.751879
0.07,0.2,-0.03,1759267873.7555523
0.07,0.2,-0.03,1759267873.7583058
0.07,0.2,-0.03,1759267873.7604177
0.07,0.2,-0.03,1759267873.7632046
0.07,0.2,-0.03,1759267873.765904
0.07,0.2,-0.03,1759267873.7678874
0.07,0.2,-0.03,1759267873.770281
0.07,0.2,-0.03,1759267873.77365
0.07,0.2,-0.03,1759267873.7761197
0.07,0.2,-0.03,1759267873.7806516
0.07,0.2,-0.03,1759267873.7835448
0.07,0.2,-0.03,1759267873.787253
0.07,0.2,-0.03,1759267873.7900867
0.07,0.2,-0.03,1759267873.7923582
0.07,0.2,-0.03,1759267873.7953851
0.07,0.2,-0.03,1759267873.7982814
0.07,0.2,-0.03,1759267873.8004682
0.07,0.2,-0.03,1759267873.8040788
0.07,0.2,-0.03,1759267873.8074646
0.07,0.2,-0.03,1759267873.8107328
0.07,0.2,-0.03,1759267873.8139572
0.07,0.2,-0.03,1759267873.8165393
0.07,0.2,-0.03,1759267873.819875
0.07,0.2,-0.03,1759267873.8231122
0.07,0.2,-0.03,1759267873.8265882
0.07,0.2,-0.03,1759267873.8298032
0.07,0.2,-0.03,1759267873.8323529
0.07,0.2,-0.03,1759267873.8358912
0.07,0.2,-0.03,1759267873.8387852
0.07,0.2,-0.03,1759267873.8424
0.07,0.2,-0.03,1759267873.845636
0.07,0.2,-0.03,1759267873.8496046
0.07,0.2,-0.03,1759267873.8520925
0.07,0.2,-0.03,1759267873.854885
0.07,0.2,-0.03,1759267873.8575358
0.07,0.2,-0.03,1759267873.8591762
0.07,0.2,-0.03,1759267873.8616903
0.07,0.2,-0.03,1759267873.863311
0.07,0.2,-0.03,1759267873.865155
0.07,0.2,-0.03,1759267873.8672128
0.07,0.2,-0.03,1759267873.869069
0.07,0.2,-0.03,1759267873.8710313
0.07,0.2,-0.03,1759267873.8732271
0.07,0.2,-0.03,1759267873.8749907
0.07,0.2,-0.03,1759267873.8769395
0.07,0.2,-0.03,1759267873.8788953
0.07,0.2,-0.03,1759267873.8808303
0.07,0.2,-0.03,1759267873.8828063
0.07,0.2,-0.03,1759267873.8851123
0.07,0.2,-0.03,1759267873.8871129
0.07,0.2,-0.03,1759267873.8887951
0.07,0.2,-0.03,1759267873.8907728
0.07,0.2,-0.03,1759267873.892598
0.07,0.2,-0.03,1759267873.895458
0.07,0.2,-0.03,1759267873.8970935
0.07,0.2,-0.03,1759267873.8987973
0.07,0.2,-0.03,1759267873.9004123
0.07,0.2,-0.03,1759267873.9024086
0.07,0.2,-0.03,1759267873.9043653
0.07,0.2,-0.03,1759267873.9063346
0.07,0.2,-0.03,1759267873.9082963
0.07,0.2,-0.03,1759267873.9102795
0.07,0.2,-0.03,1759267873.9127378
0.07,0.2,-0.03,1759267873.9149966
0.07,0.2,-0.03,1759267873.9167078
0.07,0.2,-0.03,1759267873.918321
0.07,0.2,-0.03,1759267873.9204967
0.07,0.2,-0.03,1759267873.9222488
0.07,0.2,-0.03,1759267873.923978
0.07,0.2,-0.03,1759267873.9260008
0.07,0.2,-0.03,1759267873.927907
0.07,0.2,-0.03,1759267873.9298632
0.07,0.2,-0.03,1759267873.9318097
0.07,0.2,-0.03,1759267873.9342785
0.07,0.2,-0.03,1759267873.9361427
0.07,0.2,-0.03,1759267873.937791
0.07,0.2,-0.03,1759267873.9396455
0.07,0.2,-0.03,1759267873.9416282
0.07,0.2,-0.03,1759267873.9435475
0.07,0.2,-0.03,1759267873.945597
0.07,0.2,-0.03,1759267873.9474905
0.07,0.2,-0.03,1759267873.949858
0.07,0.2,-0.03,1759267873.9514942
0.07,0.2,-0.03,1759267873.953411
0.07,0.2,-0.03,1759267873.955352
0.07,0.2,-0.03,1759267873.957645
0.07,0.2,-0.03,1759267873.9593067
0.07,0.2,-0.03,1759267873.961226
0.07,0.2,-0.03,1759267873.9631884
0.07,0.2,-0.03,1759267873.965167
0.07,0.2,-0.03,1759267873.967119
0.07,0.2,-0.03,1759267873.969057
0.07,0.2,-0.03,1759267873.9710324
0.07,0.2,-0.03,1759267873.972988
0.07,0.2,-0.03,1759267873.9751673
0.07,0.2,-0.03,1759267873.9769073
0.07,0.2,-0.03,1759267873.9788804
0.07,0.2,-0.03,1759267873.9808395
0.07,0.2,-0.03,1759267873.9828029
0.07,0.2,-0.03,1759267873.9847932
0.07,0.2,-0.03,1759267873.986703
0.07,0.2,-0.03,1759267873.9886763
0.07,0.2,-0.03,1759267873.9906435
0.07,0.2,-0.03,1759267873.9932263
0.07,0.2,-0.03,1759267873.994969
0.07,0.2,-0.03,1759267873.9966016
0.07,0.2,-0.03,1759267873.998485
0.07,0.2,-0.03,1759267874.0004516
0.07,0.2,-0.03,1759267874.0023887
0.07,0.2,-0.03,1759267874.0043657
0.07,0.2,-0.03,1759267874.0063305
0.07,0.2,-0.03,1759267874.0082989
0.07,0.2,-0.03,1759267874.0103936
0.07,0.2,-0.03,1759267874.0122294
0.07,0.2,-0.03,1759267874.0141635
0.07,0.2,-0.03,1759267874.0161264
0.07,0.2,-0.03,1759267874.0180812
0.07,0.2,-0.03,1759267874.0200765
0.07,0.2,-0.03,1759267874.0221546
0.07,0.2,-0.03,1759267874.0239823
0.07,0.2,-0.03,1759267874.0259886
0.07,0.2,-0.03,1759267874.027899
0.07,0.2,-0.03,1759267874.0298567
0.07,0.2,-0.03,1759267874.0318005
0.07,0.2,-0.03,1759267874.0337515
0.07,0.2,-0.03,1759267874.036132
0.07,0.2,-0.03,1759267874.037768
0.07,0.2,-0.03,1759267874.0398936
0.07,0.2,-0.03,1759267874.0424318
0.07,0.2,-0.03,1759267874.0442455
0.07,0.2,-0.03,1759267874.0459342
0.07,0.2,-0.03,1759267874.047577
0.07,0.2,-0.03,1759267874.0500033
0.07,0.2,-0.03,1759267874.052128
0.07,0.2,-0.03,1759267874.0539267
0.07,0.2,-0.03,1759267874.0555992
0.07,0.2,-0.03,1759267874.0574737
0.07,0.2,-0.03,1759267874.059273
0.07,0.2,-0.03,1759267874.061235
0.07,0.2,-0.03,1759267874.0631766
0.07,0.2,-0.03,1759267874.06515
0.07,0.2,-0.03,1759267874.0673256
0.07,0.2,-0.03,1759267874.0690722
0.07,0.2,-0.03,1759267874.071025
0.07,0.2,-0.03,1759267874.0730226
0.07,0.2,-0.03,1759267874.0750074
0.07,0.2,-0.03,1759267874.0769272
0.07,0.2,-0.03,1759267874.0788715
0.07,0.2,-0.03,1759267874.0808346
0.07,0.2,-0.03,1759267874.082773
0.07,0.2,-0.03,1759267874.084904
0.07,0.2,-0.03,1759267874.086718
0.07,0.2,-0.03,1759267874.0886714
0.07,0.2,-0.03,1759267874.090644
0.07,0.2,-0.03,1759267874.0926511
0.07,0.2,-0.03,1759267874.0946217
0.07,0.2,-0.03,1759267874.0965111
0.07,0.2,-0.03,1759267874.0984695
0.07,0.2,-0.03,1759267874.1004312
0.07,0.2,-0.03,1759267874.1024148
0.07,0.2,-0.03,1759267874.10437
0.07,0.2,-0.03,1759267874.106397
0.07,0.2,-0.03,1759267874.1082714
0.07,0.2,-0.03,1759267874.1111443
0.07,0.2,-0.03,1759267874.1127818
0.07,0.2,-0.03,1759267874.1148062
0.07,0.2,-0.03,1759267874.1165257
0.07,0.2,-0.03,1759267874.1185992
0.07,0.2,-0.03,1759267874.1207943
0.07,0.2,-0.03,1759267874.122499
0.07,0.2,-0.03,1759267874.1249182
0.07,0.2,-0.03,1759267874.1277304
0.07,0.2,-0.03,1759267874.1297815
0.07,0.2,-0.03,1759267874.131885
0.07,0.2,-0.03,1759267874.134356
0.07,0.2,-0.03,1759267874.1361258
0.07,0.2,-0.03,1759267874.1384766
0.07,0.2,-0.03,1759267874.1401036
0.07,0.2,-0.03,1759267874.1420565
0.07,0.2,-0.03,1759267874.1439588
0.07,0.2,-0.03,1759267874.145975
0.07,0.2,-0.03,1759267874.1479402
0.07,0.2,-0.03,1759267874.1498904
0.07,0.2,-0.03,1759267874.151845
0.07,0.2,-0.03,1759267874.1538014
0.07,0.2,-0.03,1759267874.1558592
0.07,0.2,-0.03,1759267874.1581938
0.07,0.2,-0.03,1759267874.160536
0.07,0.2,-0.03,1759267874.162893
0.07,0.2,-0.03,1759267874.165298
0.07,0.2,-0.03,1759267874.1671448
0.07,0.2,-0.03,1759267874.1687694
0.07,0.2,-0.03,1759267874.1706026
0.07,0.2,-0.03,1759267874.1722286
0.07,0.2,-0.03,1759267874.173853
0.07,0.2,-0.03,1759267874.1755416
0.07,0.2,-0.03,1759267874.1773338
0.07,0.2,-0.03,1759267874.1792853
0.07,0.2,-0.03,1759267874.1812136
0.07,0.2,-0.03,1759267874.1832287
0.07,0.2,-0.03,1759267874.1853356
0.07,0.2,-0.03,1759267874.1873322
0.07,0.2,-0.03,1759267874.1893165
0.07,0.2,-0.03,1759267874.1914208
0.07,0.2,-0.03,1759267874.1931849
0.07,0.2,-0.03,1759267874.1958392
0.07,0.2,-0.03,1759267874.199081
0.07,0.2,-0.03,1759267874.2014935
0.07,0.2,-0.03,1759267874.2033093
0.07,0.2,-0.03,1759267874.2054842
0.07,0.2,-0.03,1759267874.207683
0.07,0.2,-0.03,1759267874.2099602
0.07,0.2,-0.03,1759267874.2191842
0.07,0.2,-0.03,1759267874.221357
0.07,0.2,-0.03,1759267874.2234793
0.07,0.2,-0.03,1759267874.225449
0.07,0.2,-0.03,1759267874.2275074
0.07,0.2,-0.03,1759267874.2296054
0.07,0.2,-0.03,1759267874.23165
0.07,0.2,-0.03,1759267874.233776
0.07,0.2,-0.03,1759267874.235964
0.07,0.2,-0.03,1759267874.23798
0.07,0.2,-0.03,1759267874.2398086
0.07,0.2,-0.03,1759267874.241938
0.07,0.2,-0.03,1759267874.2440462
0.07,0.2,-0.03,1759267874.2461576
0.07,0.2,-0.03,1759267874.2481563
0.07,0.2,-0.03,1759267874.25021
0.07,0.2,-0.03,1759267874.2522771
0.07,0.2,-0.03,1759267874.2543805
0.07,0.2,-0.03,1759267874.2565198
0.07,0.2,-0.03,1759267874.2586985
0.07,0.2,-0.03,1759267874.260666
0.07,0.2,-0.03,1759267874.2627523
0.07,0.2,-0.03,1759267874.2650428
0.07,0.2,-0.03,1759267874.2671788
0.07,0.2,-0.03,1759267874.269194
0.07,0.2,-0.03,1759267874.2712796
0.07,0.2,-0.03,1759267874.273356
0.07,0.2,-0.03,1759267874.2751424
0.07,0.2,-0.03,1759267874.2772243
0.07,0.2,-0.03,1759267874.2792077
0.07,0.2,-0.03,1759267874.2812128
0.07,0.2,-0.03,1759267874.283199
0.07,0.2,-0.03,1759267874.285151
0.07,0.2,-0.03,1759267874.2873616
0.07,0.2,-0.03,1759267874.2893343
0.07,0.2,-0.03,1759267874.2915418
0.07,0.2,-0.03,1759267874.294439
0.07,0.2,-0.03,1759267874.2966924
0.07,0.2,-0.03,1759267874.2988598
0.07,0.2,-0.03,1759267874.3011615
0.07,0.2,-0.03,1759267874.3035684
0.07,0.2,-0.03,1759267874.3056612
0.07,0.2,-0.03,1759267874.307636
0.07,0.2,-0.03,1759267874.3095891
0.07,0.2,-0.03,1759267874.3115065
0.07,0.2,-0.03,1759267874.313612
0.07,0.2,-0.03,1759267874.316003
0.07,0.2,-0.03,1759267874.3182397
0.07,0.2,-0.03,1759267874.3204691
0.07,0.2,-0.03,1759267874.3224435
0.07,0.2,-0.03,1759267874.324667
0.07,0.2,-0.03,1759267874.326618
0.07,0.2,-0.03,1759267874.3286405
0.07,0.2,-0.03,1759267874.330682
0.07,0.2,-0.03,1759267874.332622
0.07,0.2,-0.03,1759267874.3352108
0.07,0.2,-0.03,1759267874.337402
0.07,0.2,-0.03,1759267874.3396602
0.07,0.2,-0.03,1759267874.3419733
0.07,0.2,-0.03,1759267874.344292
0.07,0.2,-0.03,1759267874.3466682
0.07,0.2,-0.03,1759267874.3489094
0.07,0.2,-0.03,1759267874.3512232
0.07,0.2,-0.03,1759267874.353562
0.07,0.2,-0.03,1759267874.356135
0.07,0.2,-0.03,1759267874.3584702
0.07,0.2,-0.03,1759267874.3608065
0.07,0.2,-0.03,1759267874.3629377
0.07,0.2,-0.03,1759267874.3656518
0.07,0.2,-0.03,1759267874.3679166
0.07,0.2,-0.03,1759267874.3701758
0.07,0.2,-0.03,1759267874.372495
0.07,0.2,-0.03,1759267874.3748767
0.07,0.2,-0.03,1759267874.37733
0.07,0.2,-0.03,1759267874.3801613
0.07,0.2,-0.03,1759267874.3836195
0.07,0.2,-0.03,1759267874.386525
0.07,0.2,-0.03,1759267874.3892057
0.07,0.2,-0.03,1759267874.3921947
0.07,0.2,-0.03,1759267874.3952198
0.07,0.2,-0.03,1759267874.3976817
0.07,0.2,-0.03,1759267874.3999052
0.07,0.2,-0.03,1759267874.402248
0.07,0.2,-0.03,1759267874.4050858
0.07,0.2,-0.03,1759267874.4082787
0.07,0.2,-0.03,1759267874.4117477
0.07,0.2,-0.03,1759267874.41463
0.07,0.2,-0.03,1759267874.4173408
0.07,0.2,-0.03,1759267874.4200904
0.07,0.2,-0.03,1759267874.4223793
0.07,0.2,-0.03,1759267874.4249284
0.07,0.2,-0.03,1759267874.4271057
0.07,0.2,-0.03,1759267874.4296064
0.07,0.2,-0.03,1759267874.431951
0.07,0.2,-0.03,1759267874.4343424
0.07,0.2,-0.03,1759267874.4372566
0.07,0.2,-0.03,1759267874.439885
0.07,0.2,-0.03,1759267874.4421442
0.07,0.2,-0.03,1759267874.4444342
0.07,0.2,-0.03,1759267874.447539
0.07,0.2,-0.03,1759267874.4497929
0.07,0.2,-0.03,1759267874.4528413
0.07,0.2,-0.03,1759267874.4560058
0.07,0.2,-0.03,1759267874.458262
0.07,0.2,-0.03,1759267874.460529
0.07,0.2,-0.03,1759267874.4627934
0.07,0.2,-0.03,1759267874.465082
0.07,0.2,-0.03,1759267874.4674609
0.07,0.2,-0.03,1759267874.4696138
0.07,0.2,-0.03,1759267874.4718928
0.07,0.2,-0.03,1759267874.4741096
0.07,0.2,-0.03,1759267874.4764645
0.07,0.2,-0.03,1759267874.4789734
0.07,0.2,-0.03,1759267874.4813223
0.07,0.2,-0.03,1759267874.4839635
0.07,0.2,-0.03,1759267874.4863992
0.07,0.2,-0.03,1759267874.4892676
0.07,0.2,-0.03,1759267874.491583
0.07,0.2,-0.03,1759267874.494392
0.07,0.2,-0.03,1759267874.49693
0.07,0.2,-0.03,1759267874.4992516
0.07,0.2,-0.03,1759267874.5019932
0.07,0.2,-0.03,1759267874.5042677
0.07,0.2,-0.03,1759267874.5073366
0.07,0.2,-0.03,1759267874.5103838
0.07,0.2,-0.03,1759267874.5133753
0.07,0.2,-0.03,1759267874.5160704
0.07,0.2,-0.03,1759267874.5186763
0.07,0.2,-0.03,1759267874.5209737
0.07,0.2,-0.03,1759267874.5241067
0.07,0.2,-0.03,1759267874.5271535
0.07,0.2,-0.03,1759267874.530238
0.07,0.2,-0.03,1759267874.5326889
0.07,0.2,-0.03,1759267874.5350869
0.07,0.2,-0.03,1759267874.5374126
0.07,0.2,-0.03,1759267874.5396345
0.07,0.2,-0.03,1759267874.5416467
0.07,0.2,-0.03,1759267874.5440557
0.07,0.2,-0.03,1759267874.546365
0.07,0.2,-0.03,1759267874.5482647
0.07,0.2,-0.03,1759267874.5504415
0.07,0.2,-0.03,1759267874.5526383
0.07,0.2,-0.03,1759267874.5548828
0.07,0.2,-0.03,1759267874.5570283
0.07,0.2,-0.03,1759267874.5592184
0.07,0.2,-0.03,1759267874.5611212
0.07,0.2,-0.03,1759267874.5693822
0.07,0.2,-0.03,1759267874.5716305
0.07,0.2,-0.03,1759267874.5738325
0.07,0.2,-0.03,1759267874.5767317
0.07,0.2,-0.03,1759267874.5790756
0.07,0.2,-0.03,1759267874.5813372
0.07,0.2,-0.03,1759267874.5841212
0.07,0.2,-0.03,1759267874.5872142
0.07,0.2,-0.03,1759267874.590508
0.07,0.2,-0.03,1759267874.5928311
0.07,0.2,-0.03,1759267874.59542
0.07,0.2,-0.03,1759267874.598698
0.07,0.2,-0.03,1759267874.6018426
0.07,0.2,-0.03,1759267874.6054783
0.07,0.2,-0.03,1759267874.608333
0.07,0.2,-0.03,1759267874.6114671
0.07,0.2,-0.03,1759267874.6143832
0.07,0.2,-0.03,1759267874.6166687
0.07,0.2,-0.03,1759267874.618978
0.07,0.2,-0.03,1759267874.6210804
0.07,0.2,-0.03,1759267874.6233516
0.07,0.2,-0.03,1759267874.6257763
0.07,0.2,-0.03,1759267874.6281571
0.07,0.2,-0.03,1759267874.6303446
0.07,0.2,-0.03,1759267874.63263
0.07,0.2,-0.03,1759267874.6349137
0.07,0.2,-0.03,1759267874.6371071
0.07,0.2,-0.03,1759267874.6400664
0.07,0.2,-0.03,1759267874.6424267
0.07,0.2,-0.03,1759267874.6448157
0.07,0.2,-0.03,1759267874.6468315
0.07,0.2,-0.03,1759267874.6491685
0.07,0.2,-0.03,1759267874.6513758
0.07,0.2,-0.03,1759267874.6535916
0.07,0.2,-0.03,1759267874.6559165
0.07,0.2,-0.03,1759267874.658252
0.07,0.2,-0.03,1759267874.6605513
0.07,0.2,-0.03,1759267874.66267
0.07,0.2,-0.03,1759267874.6656983
0.07,0.2,-0.03,1759267874.668961
0.07,0.2,-0.03,1759267874.671827
0.07,0.2,-0.03,1759267874.6747055
0.07,0.2,-0.03,1759267874.6775646
0.07,0.2,-0.03,1759267874.680668
0.07,0.2,-0.03,1759267874.6839294
0.07,0.2,-0.03,1759267874.6878538
0.07,0.2,-0.03,1759267874.692574
0.07,0.2,-0.03,1759267874.695072
0.07,0.2,-0.03,1759267874.7008166
0.07,0.2,-0.03,1759267874.7028253
0.07,0.2,-0.03,1759267874.7048256
0.07,0.2,-0.03,1759267874.7071197
0.07,0.2,-0.03,1759267874.7094083
0.07,0.2,-0.03,1759267874.7116892
0.07,0.2,-0.03,1759267874.7141223
0.07,0.2,-0.03,1759267874.7164884
0.07,0.2,-0.03,1759267874.7186594
0.07,0.2,-0.03,1759267874.7209144
0.07,0.2,-0.03,1759267874.7231832
0.07,0.2,-0.03,1759267874.7254689
0.07,0.2,-0.03,1759267874.7277608
0.07,0.2,-0.03,1759267874.7299917
0.07,0.2,-0.03,1759267874.7322712
0.07,0.2,-0.03,1759267874.7346165
0.07,0.2,-0.03,1759267874.7366314
0.07,0.2,-0.03,1759267874.7387884
0.07,0.2,-0.03,1759267874.7410288
0.07,0.2,-0.03,1759267874.7430265
0.07,0.2,-0.03,1759267874.7453778
0.07,0.2,-0.03,1759267874.7474256
0.07,0.2,-0.03,1759267874.7494104
0.07,0.2,-0.03,1759267874.7514992
0.07,0.2,-0.03,1759267874.7535255
0.07,0.2,-0.03,1759267874.7638924
0.07,0.2,-0.03,1759267874.766333
0.07,0.2,-0.03,1759267874.7701013
0.07,0.2,-0.03,1759267874.772414
0.07,0.2,-0.03,1759267874.7748976
0.07,0.2,-0.03,1759267874.7789774
0.07,0.2,-0.03,1759267874.7819235
0.07,0.2,-0.03,1759267874.7841215
0.07,0.2,-0.03,1759267874.7868347
0.07,0.2,-0.03,1759267874.7919755
0.07,0.2,-0.03,1759267874.7948391
0.07,0.2,-0.03,1759267874.796826
0.07,0.2,-0.03,1759267874.799096
0.07,0.2,-0.03,1759267874.80228
0.07,0.2,-0.02,1759267874.8052752
0.07,0.2,-0.02,1759267874.8074868
0.07,0.2,-0.02,1759267874.8094049
0.07,0.2,-0.02,1759267874.8121195
0.07,0.2,-0.02,1759267874.8150537
0.07,0.2,-0.02,1759267874.8199148
0.07,0.2,-0.02,1759267874.8237777
0.07,0.2,-0.02,1759267874.8268943
0.07,0.2,-0.02,1759267874.8304124
0.07,0.2,-0.02,1759267874.833973
0.07,0.2,-0.02,1759267874.8390803
0.07,0.2,-0.02,1759267874.8422165
0.07,0.2,-0.02,1759267874.8468962
0.07,0.2,-0.02,1759267874.85087
0.07,0.2,-0.02,1759267874.8556778
0.07,0.2,-0.02,1759267874.8593087
0.07,0.2,-0.02,1759267874.8624406
0.07,0.2,-0.02,1759267874.865822
0.07,0.2,-0.02,1759267874.869467
0.07,0.2,-0.02,1759267874.8727772
0.07,0.2,-0.02,1759267874.8753426
0.07,0.2,-0.02,1759267874.8789766
0.07,0.2,-0.02,1759267874.8829737
0.07,0.2,-0.02,1759267874.886685
0.07,0.2,-0.02,1759267874.890536
0.07,0.2,-0.02,1759267874.894371
0.07,0.2,-0.02,1759267874.8978271
0.07,0.2,-0.02,1759267874.9010916
0.07,0.2,-0.02,1759267874.9057992
0.07,0.2,-0.02,1759267874.9086468
0.07,0.2,-0.02,1759267874.9127183
0.07,0.2,-0.02,1759267874.9169834
0.07,0.2,-0.02,1759267874.9225936
0.07,0.2,-0.02,1759267874.926904
0.07,0.2,-0.02,1759267874.9325256
0.07,0.2,-0.02,1759267874.9365366
0.07,0.2,-0.02,1759267874.9421237
0.07,0.2,-0.02,1759267874.9460704
0.07,0.2,-0.02,1759267874.9517243
0.07,0.2,-0.02,1759267874.9555326
0.07,0.2,-0.02,1759267874.9597037
0.07,0.2,-0.02,1759267874.9624
0.07,0.2,-0.02,1759267874.9647825
0.07,0.2,-0.02,1759267874.968177
0.07,0.2,-0.02,1759267874.971394
0.07,0.2,-0.02,1759267874.9736693
0.07,0.2,-0.02,1759267874.97797
0.07,0.2,-0.02,1759267874.982038
0.07,0.2,-0.02,1759267874.9858968
0.07,0.2,-0.02,1759267874.989653
0.07,0.2,-0.02,1759267874.991735
0.07,0.2,-0.02,1759267874.99535
0.07,0.2,-0.02,1759267874.9991398
0.07,0.2,-0.02,1759267875.0024574
0.07,0.2,-0.02,1759267875.0046468
0.07,0.2,-0.02,1759267875.0069797
0.07,0.2,-0.02,1759267875.009833
0.07,0.2,-0.02,1759267875.012747
0.07,0.2,-0.02,1759267875.0150204
0.07,0.2,-0.02,1759267875.0174975
0.07,0.2,-0.02,1759267875.023306
0.07,0.2,-0.02,1759267875.025932
0.07,0.2,-0.02,1759267875.0291705
0.07,0.2,-0.02,1759267875.0309567
0.07,0.2,-0.02,1759267875.0326388
0.07,0.2,-0.02,1759267875.0343852
0.07,0.2,-0.02,1759267875.0361433
0.07,0.2,-0.02,1759267875.0378728
0.07,0.2,-0.02,1759267875.0412848
0.07,0.2,-0.02,1759267875.04457
0.07,0.2,-0.02,1759267875.047468
0.07,0.2,-0.02,1759267875.0509934
0.07,0.2,-0.02,1759267875.0548716
0.07,0.2,-0.02,1759267875.0572736
0.07,0.2,-0.02,1759267875.0594563
0.07,0.2,-0.02,1759267875.0616095
0.07,0.2,-0.02,1759267875.0637746
0.07,0.2,-0.02,1759267875.0659626
0.07,0.2,-0.02,1759267875.0681946
0.07,0.2,-0.02,1759267875.070361
0.07,0.2,-0.02,1759267875.0725155
0.07,0.2,-0.02,1759267875.0747416
0.07,0.2,-0.02,1759267875.076924
0.07,0.2,-0.02,1759267875.0788069
0.07,0.2,-0.02,1759267875.0810697
0.07,0.2,-0.02,1759267875.0829835
0.07,0.2,-0.02,1759267875.0851448
0.07,0.2,-0.02,1759267875.0873082
0.07,0.2,-0.02,1759267875.0894606
0.07,0.2,-0.02,1759267875.0915947
0.07,0.2,-0.02,1759267875.0937638
0.07,0.2,-0.02,1759267875.0960078
0.07,0.2,-0.02,1759267875.0984795
0.07,0.2,-0.02,1759267875.1007116
0.07,0.2,-0.02,1759267875.1028843
0.07,0.2,-0.02,1759267875.1051912
0.07,0.2,-0.02,1759267875.1073954
0.07,0.2,-0.02,1759267875.109547
0.07,0.2,-0.02,1759267875.111693
0.07,0.2,-0.02,1759267875.1139832
0.07,0.2,-0.02,1759267875.1162407
0.07,0.2,-0.02,1759267875.1184363
0.07,0.2,-0.02,1759267875.1205926
0.07,0.2,-0.02,1759267875.1227643
0.07,0.2,-0.02,1759267875.125432
0.07,0.2,-0.02,1759267875.127644
0.07,0.2,-0.02,1759267875.1297948
0.07,0.2,-0.02,1759267875.13194
0.07,0.2,-0.02,1759267875.1340983
0.07,0.2,-0.02,1759267875.1363025
0.07,0.2,-0.02,1759267875.1384852
0.07,0.2,-0.02,1759267875.140613
0.07,0.2,-0.02,1759267875.1425164
0.07,0.2,-0.02,1759267875.1447406
0.07,0.2,-0.02,1759267875.146954
0.07,0.2,-0.02,1759267875.1488495
0.07,0.2,-0.02,1759267875.1510203
0.07,0.2,-0.02,1759267875.1532092
0.07,0.2,-0.02,1759267875.155387
0.07,0.2,-0.02,1759267875.157596
0.07,0.2,-0.02,1759267875.1594677
0.07,0.2,-0.02,1759267875.161754
0.07,0.2,-0.02,1759267875.1637225
0.07,0.2,-0.02,1759267875.1656537
0.07,0.2,-0.02,1759267875.1678214
0.07,0.2,-0.02,1759267875.1697266
0.07,0.2,-0.02,1759267875.1717198
0.07,0.2,-0.02,1759267875.1739025
0.07,0.2,-0.02,1759267875.176241
0.07,0.2,-0.02,1759267875.1781025
0.07,0.2,-0.02,1759267875.1804333
0.07,0.2,-0.02,1759267875.1825914
0.07,0.2,-0.02,1759267875.184782
0.07,0.2,-0.02,1759267875.1869495
0.07,0.2,-0.02,1759267875.1891062
0.07,0.2,-0.02,1759267875.1912591
0.07,0.2,-0.02,1759267875.1934202
0.07,0.2,-0.02,1759267875.1956186
0.07,0.2,-0.02,1759267875.197485
0.07,0.2,-0.02,1759267875.2009485
0.07,0.2,-0.02,1759267875.2033522
0.07,0.2,-0.02,1759267875.2058532
0.07,0.2,-0.02,1759267875.2079744
0.07,0.2,-0.02,1759267875.210139
0.07,0.2,-0.02,1759267875.2121947
0.07,0.2,-0.02,1759267875.2144318
0.07,0.2,-0.02,1759267875.2166734
0.07,0.2,-0.02,1759267875.2188392
0.07,0.2,-0.02,1759267875.2210252
0.07,0.2,-0.02,1759267875.2232127
0.07,0.2,-0.02,1759267875.225403
0.07,0.2,-0.02,1759267875.2276096
0.07,0.2,-0.02,1759267875.2297926
0.07,0.2,-0.02,1759267875.231921
0.07,0.2,-0.02,1759267875.2340648
0.07,0.2,-0.02,1759267875.2363896
0.07,0.2,-0.02,1759267875.238556
0.07,0.2,-0.02,1759267875.2407105
0.07,0.2,-0.02,1759267875.2428668
0.07,0.2,-0.02,1759267875.245404
0.07,0.2,-0.02,1759267875.2475662
0.07,0.2,-0.02,1759267875.2502794
0.07,0.2,-0.02,1759267875.252581
0.07,0.2,-0.02,1759267875.25477
0.07,0.2,-0.02,1759267875.256954
0.07,0.2,-0.02,1759267875.2591338
0.07,0.2,-0.02,1759267875.2612689
0.07,0.2,-0.02,1759267875.2633953
0.07,0.2,-0.02,1759267875.2661555
0.07,0.2,-0.02,1759267875.2684605
0.07,0.2,-0.02,1759267875.270788
0.07,0.2,-0.02,1759267875.273065
0.07,0.2,-0.02,1759267875.2752302
0.07,0.2,-0.02,1759267875.2774267
0.07,0.2,-0.02,1759267875.279546
0.07,0.2,-0.02,1759267875.2817469
0.07,0.2,-0.02,1759267875.2840142
0.07,0.2,-0.02,1759267875.2862575
0.07,0.2,-0.02,1759267875.2884407
0.07,0.2,-0.02,1759267875.2905986
0.07,0.2,-0.02,1759267875.2930276
0.07,0.2,-0.02,1759267875.2951932
0.07,0.2,-0.02,1759267875.297417
0.07,0.2,-0.02,1759267875.3009355
0.07,0.2,-0.02,1759267875.3032107
0.07,0.2,-0.02,1759267875.305827
0.07,0.2,-0.02,1759267875.3080423
0.07,0.2,-0.02,1759267875.310672
0.07,0.2,-0.02,1759267875.3135488
0.07,0.2,-0.02,1759267875.316331
0.07,0.2,-0.02,1759267875.318851
0.07,0.2,-0.02,1759267875.321611
0.07,0.2,-0.02,1759267875.323846
0.07,0.2,-0.02,1759267875.3264334
0.07,0.2,-0.02,1759267875.3286293
0.07,0.2,-0.02,1759267875.330799
0.07,0.2,-0.02,1759267875.33298
0.07,0.2,-0.02,1759267875.3355415
0.07,0.2,-0.02,1759267875.337509
0.07,0.2,-0.02,1759267875.3396182
0.07,0.2,-0.02,1759267875.341648
0.07,0.2,-0.02,1759267875.343647
0.07,0.2,-0.02,1759267875.3456404
0.07,0.2,-0.02,1759267875.347693
0.07,0.2,-0.02,1759267875.349717
0.07,0.2,-0.02,1759267875.3517218
0.07,0.2,-0.02,1759267875.3537233
0.07,0.2,-0.02,1759267875.3557296
0.07,0.2,-0.02,1759267875.3577747
0.07,0.2,-0.02,1759267875.359788
0.07,0.2,-0.02,1759267875.361827
0.07,0.2,-0.02,1759267875.3638487
0.07,0.2,-0.02,1759267875.3659296
0.07,0.2,-0.02,1759267875.3678658
0.07,0.2,-0.02,1759267875.3699045
0.07,0.2,-0.02,1759267875.3719122
0.07,0.2,-0.02,1759267875.3739324
0.07,0.2,-0.02,1759267875.3761327
0.07,0.2,-0.02,1759267875.3781383
0.07,0.2,-0.02,1759267875.380115
0.07,0.2,-0.02,1759267875.3820982
0.07,0.2,-0.02,1759267875.384102
0.07,0.2,-0.02,1759267875.3861458
0.07,0.2,-0.02,1759267875.388198
0.07,0.2,-0.02,1759267875.390263
0.07,0.2,-0.02,1759267875.3923025
0.07,0.2,-0.02,1759267875.3943248
0.07,0.2,-0.02,1759267875.3963428
0.07,0.2,-0.02,1759267875.3986664
0.07,0.2,-0.02,1759267875.401189
0.07,0.2,-0.02,1759267875.4032395
0.07,0.2,-0.02,1759267875.4053965
0.07,0.2,-0.02,1759267875.4074678
0.07,0.2,-0.02,1759267875.4095085
0.07,0.2,-0.02,1759267875.4115834
0.07,0.2,-0.02,1759267875.4136496
0.07,0.2,-0.02,1759267875.4160624
0.07,0.2,-0.02,1759267875.4181702
0.07,0.2,-0.02,1759267875.420236
0.07,0.2,-0.02,1759267875.421968
0.07,0.2,-0.02,1759267875.4242325
0.07,0.2,-0.02,1759267875.4263563
0.07,0.2,-0.02,1759267875.428483
0.07,0.2,-0.02,1759267875.4307575
0.07,0.2,-0.02,1759267875.4328315
0.07,0.2,-0.02,1759267875.434941
0.07,0.2,-0.02,1759267875.437043
0.07,0.2,-0.02,1759267875.4391818
0.07,0.2,-0.02,1759267875.4412105
0.07,0.2,-0.02,1759267875.443226
0.07,0.2,-0.02,1759267875.445564
0.07,0.2,-0.02,1759267875.4481895
0.07,0.2,-0.02,1759267875.4502096
0.07,0.2,-0.02,1759267875.4523354
0.07,0.2,-0.02,1759267875.455063
0.07,0.2,-0.02,1759267875.457544
0.07,0.2,-0.02,1759267875.4599278
0.07,0.2,-0.02,1759267875.46197
0.07,0.2,-0.02,1759267875.464183
0.07,0.2,-0.02,1759267875.4661176
0.07,0.2,-0.02,1759267875.4689903
0.07,0.2,-0.02,1759267875.471131
0.07,0.2,-0.02,1759267875.4733877
0.07,0.2,-0.02,1759267875.4759958
0.07,0.2,-0.02,1759267875.4780543
0.07,0.2,-0.02,1759267875.480288
0.07,0.2,-0.02,1759267875.4823256
0.07,0.2,-0.02,1759267875.4843645
0.07,0.2,-0.02,1759267875.4861543
0.07,0.2,-0.02,1759267875.4882216
0.07,0.2,-0.02,1759267875.490266
0.07,0.2,-0.02,1759267875.4920688
0.07,0.2,-0.02,1759267875.494104
0.07,0.2,-0.02,1759267875.496231
0.07,0.2,-0.02,1759267875.498281
0.07,0.2,-0.02,1759267875.5004234
0.07,0.2,-0.02,1759267875.5034025
0.07,0.2,-0.02,1759267875.5058594
0.07,0.2,-0.02,1759267875.5079153
0.07,0.2,-0.02,1759267875.509975
0.07,0.2,-0.02,1759267875.5120275
0.07,0.2,-0.02,1759267875.514024
0.07,0.2,-0.02,1759267875.5163555
0.07,0.2,-0.02,1759267875.518597
0.07,0.2,-0.02,1759267875.520641
0.07,0.2,-0.02,1759267875.522686
0.07,0.2,-0.02,1759267875.524804
0.07,0.2,-0.02,1759267875.5271204
0.07,0.2,-0.02,1759267875.5295658
0.07,0.2,-0.02,1759267875.531768
0.07,0.2,-0.02,1759267875.5338197
0.07,0.2,-0.02,1759267875.5361075
0.07,0.2,-0.02,1759267875.538157
0.07,0.2,-0.02,1759267875.5411105
0.07,0.2,-0.02,1759267875.5441494
0.07,0.2,-0.02,1759267875.5468917
0.07,0.2,-0.02,1759267875.548939
0.07,0.2,-0.02,1759267875.5507123
0.07,0.2,-0.02,1759267875.552757
0.07,0.2,-0.02,1759267875.5550995
0.07,0.2,-0.02,1759267875.557154
0.07,0.2,-0.02,1759267875.5592086
0.07,0.2,-0.02,1759267875.5612342
0.07,0.2,-0.02,1759267875.5632684
0.07,0.2,-0.02,1759267875.5653155
0.07,0.2,-0.02,1759267875.5670538
0.07,0.2,-0.02,1759267875.5691893
0.07,0.2,-0.02,1759267875.5712135
0.07,0.2,-0.02,1759267875.5735655
0.07,0.2,-0.02,1759267875.575672
0.07,0.2,-0.02,1759267875.577872
0.07,0.2,-0.02,1759267875.579907
0.07,0.2,-0.02,1759267875.5819535
0.07,0.2,-0.02,1759267875.5840106
0.07,0.2,-0.02,1759267875.5861006
0.07,0.2,-0.02,1759267875.588132
0.07,0.2,-0.02,1759267875.5901673
0.07,0.2,-0.02,1759267875.5921826
0.07,0.2,-0.02,1759267875.5942342
0.07,0.2,-0.02,1759267875.596531
0.07,0.2,-0.02,1759267875.598264
0.07,0.2,-0.02,1759267875.6004975
0.07,0.2,-0.02,1759267875.602661
0.07,0.2,-0.02,1759267875.604869
0.07,0.2,-0.02,1759267875.6073172
0.07,0.2,-0.02,1759267875.6093934
0.07,0.2,-0.02,1759267875.6114454
0.07,0.2,-0.02,1759267875.6134832
0.07,0.2,-0.02,1759267875.6159787
0.07,0.2,-0.02,1759267875.6181402
0.07,0.2,-0.02,1759267875.6203463
0.07,0.2,-0.02,1759267875.622538
0.07,0.2,-0.02,1759267875.624882
0.07,0.2,-0.02,1759267875.627395
0.07,0.2,-0.02,1759267875.63002
0.07,0.2,-0.02,1759267875.6329863
0.07,0.2,-0.02,1759267875.6359131
0.07,0.2,-0.02,1759267875.638792
0.07,0.2,-0.02,1759267875.641183
0.07,0.2,-0.02,1759267875.6434188
0.07,0.2,-0.02,1759267875.6455295
0.07,0.2,-0.02,1759267875.6476038
0.07,0.2,-0.02,1759267875.6497245
0.07,0.2,-0.02,1759267875.651785
0.07,0.2,-0.02,1759267875.6539752
0.07,0.2,-0.02,1759267875.6562026
0.07,0.2,-0.02,1759267875.658514
0.07,0.2,-0.02,1759267875.6606374
0.07,0.2,-0.02,1759267875.662704
0.07,0.2,-0.02,1759267875.664791
0.07,0.2,-0.02,1759267875.6670058
0.07,0.2,-0.02,1759267875.669211
0.07,0.2,-0.02,1759267875.6714482
0.07,0.2,-0.02,1759267875.673404
0.07,0.2,-0.02,1759267875.6755266
0.07,0.2,-0.02,1759267875.6776197
0.07,0.2,-0.02,1759267875.6798086
0.07,0.2,-0.02,1759267875.6818926
0.07,0.2,-0.02,1759267875.683972
0.07,0.2,-0.02,1759267875.686044
0.07,0.2,-0.02,1759267875.68805
0.07,0.2,-0.02,1759267875.6897595
0.07,0.2,-0.02,1759267875.6917727
0.07,0.2,-0.02,1759267875.693807
0.07,0.2,-0.02,1759267875.6956038
0.07,0.2,-0.02,1759267875.6978142
0.07,0.2,-0.02,1759267875.700267
0.07,0.2,-0.02,1759267875.703114
0.07,0.2,-0.02,1759267875.7051072
0.07,0.2,-0.02,1759267875.7071717
0.07,0.2,-0.02,1759267875.7092843
0.07,0.2,-0.02,1759267875.711614
0.07,0.2,-0.02,1759267875.7135184
0.07,0.2,-0.02,1759267875.715728
0.07,0.2,-0.02,1759267875.7176795
0.07,0.2,-0.02,1759267875.7194996
0.07,0.2,-0.02,1759267875.721401
0.07,0.2,-0.02,1759267875.7236145
0.07,0.2,-0.02,1759267875.7256866
0.07,0.2,-0.02,1759267875.728254
0.07,0.2,-0.02,1759267875.730399
0.07,0.2,-0.02,1759267875.7321756
0.07,0.2,-0.02,1759267875.7346675
0.07,0.2,-0.02,1759267875.736399
0.07,0.2,-0.02,1759267875.7393925
0.07,0.2,-0.02,1759267875.7422628
0.07,0.2,-0.02,1759267875.7448971
0.07,0.2,-0.02,1759267875.747229
0.07,0.2,-0.02,1759267875.7500272
0.07,0.2,-0.02,1759267875.7520664
0.07,0.2,-0.02,1759267875.753831
0.07,0.2,-0.02,1759267875.7561076
0.07,0.2,-0.02,1759267875.7579772
0.07,0.2,-0.02,1759267875.7602117
0.07,0.2,-0.02,1759267875.761933
0.07,0.2,-0.02,1759267875.7640977
0.07,0.2,-0.02,1759267875.766297
0.07,0.2,-0.02,1759267875.7683983
0.07,0.2,-0.02,1759267875.7707136
0.07,0.2,-0.02,1759267875.772729
0.07,0.2,-0.02,1759267875.774772
0.07,0.2,-0.02,1759267875.7772644
0.07,0.2,-0.02,1759267875.779879
0.07,0.2,-0.02,1759267875.7827792
0.07,0.2,-0.02,1759267875.7850847
0.07,0.2,-0.02,1759267875.7872746
0.07,0.2,-0.02,1759267875.7896614
0.07,0.2,-0.02,1759267875.7918348
0.07,0.2,-0.02,1759267875.793985
0.07,0.2,-0.02,1759267875.7963977
0.07,0.2,-0.02,1759267875.79958
0.07,0.2,-0.02,1759267875.8020785
0.07,0.2,-0.02,1759267875.8044133
0.07,0.2,-0.02,1759267875.806625
0.07,0.2,-0.02,1759267875.8087306
0.07,0.2,-0.02,1759267875.8107414
0.07,0.2,-0.02,1759267875.81315
0.07,0.2,-0.02,1759267875.8157089
0.07,0.2,-0.02,1759267875.8178663
0.07,0.2,-0.02,1759267875.8206766
0.07,0.2,-0.02,1759267875.823531
0.07,0.2,-0.02,1759267875.8259175
0.07,0.2,-0.02,1759267875.8278153
0.07,0.2,-0.02,1759267875.8296654
0.07,0.2,-0.02,1759267875.831771
0.07,0.2,-0.02,1759267875.8335738
0.07,0.2,-0.02,1759267875.835814
0.07,0.2,-0.02,1759267875.8375
0.07,0.2,-0.02,1759267875.83994
0.07,0.2,-0.02,1759267875.8419473
0.07,0.2,-0.02,1759267875.8439424
0.07,0.2,-0.02,1759267875.8460543
0.07,0.2,-0.02,1759267875.8480608
0.07,0.2,-0.02,1759267875.8501608
0.07,0.2,-0.02,1759267875.852184
0.07,0.2,-0.02,1759267875.854198
0.07,0.2,-0.02,1759267875.8564975
0.07,0.2,-0.02,1759267875.85852
0.07,0.2,-0.02,1759267875.860486
0.07,0.2,-0.02,1759267875.8625731
0.07,0.2,-0.02,1759267875.8647552
0.07,0.2,-0.02,1759267875.8666158
0.07,0.2,-0.02,1759267875.868472
0.07,0.2,-0.02,1759267875.8707252
0.07,0.2,-0.02,1759267875.8726938
0.07,0.2,-0.02,1759267875.8747878
0.07,0.2,-0.02,1759267875.8768785
0.07,0.2,-0.02,1759267875.87904
0.07,0.2,-0.02,1759267875.8812072
0.07,0.2,-0.02,1759267875.8832552
0.07,0.2,-0.02,1759267875.8852584
0.07,0.2,-0.02,1759267875.887267
0.07,0.2,-0.02,1759267875.889258
0.07,0.2,-0.02,1759267875.891261
0.07,0.2,-0.02,1759267875.8932345
0.07,0.2,-0.02,1759267875.8952813
0.07,0.2,-0.02,1759267875.8973184
0.07,0.2,-0.02,1759267875.899362
0.07,0.2,-0.02,1759267875.9014578
0.07,0.2,-0.02,1759267875.9034624
0.07,0.2,-0.02,1759267875.9054642
0.07,0.2,-0.02,1759267875.9075384
0.07,0.2,-0.02,1759267875.9095516
0.07,0.2,-0.02,1759267875.9115863
0.07,0.2,-0.02,1759267875.9136872
0.07,0.2,-0.02,1759267875.9159362
0.07,0.2,-0.02,1759267875.917982
0.07,0.2,-0.02,1759267875.9199574
0.07,0.2,-0.02,1759267875.921987
0.07,0.2,-0.02,1759267875.9239998
0.07,0.2,-0.02,1759267875.926092
0.07,0.2,-0.02,1759267875.928238
0.07,0.2,-0.02,1759267875.9303603
0.07,0.2,-0.02,1759267875.9327447
0.07,0.2,-0.02,1759267875.934785
0.07,0.2,-0.02,1759267875.9368024
0.07,0.2,-0.02,1759267875.9388402
0.07,0.2,-0.02,1759267875.9408882
0.07,0.2,-0.02,1759267875.9428806
0.07,0.2,-0.02,1759267875.946147
0.07,0.2,-0.02,1759267875.9486153
0.07,0.2,-0.02,1759267875.9513907
0.07,0.2,-0.02,1759267875.953399
0.07,0.2,-0.02,1759267875.9555516
0.07,0.2,-0.02,1759267875.957866
0.07,0.2,-0.02,1759267875.9599931
0.07,0.2,-0.02,1759267875.961727
0.07,0.2,-0.02,1759267875.9640307
0.07,0.2,-0.02,1759267875.9660668
0.07,0.2,-0.02,1759267875.968052
0.07,0.2,-0.02,1759267875.9701078
0.07,0.2,-0.02,1759267875.972167
0.07,0.2,-0.02,1759267875.9739678
0.07,0.2,-0.02,1759267875.9764326
0.07,0.2,-0.02,1759267875.980224
0.07,0.2,-0.02,1759267875.9829752
0.07,0.2,-0.02,1759267875.9857216
0.07,0.2,-0.02,1759267875.9879494
0.07,0.2,-0.02,1759267875.9905517
0.07,0.2,-0.02,1759267875.9929583
0.07,0.2,-0.02,1759267875.9954925
0.07,0.2,-0.02,1759267875.9973657
0.07,0.2,-0.02,1759267875.9994934
0.07,0.2,-0.02,1759267876.0018702
0.07,0.2,-0.02,1759267876.0042353
0.07,0.2,-0.02,1759267876.0068605
0.07,0.2,-0.02,1759267876.0095189
0.07,0.2,-0.02,1759267876.0117805
0.07,0.2,-0.02,1759267876.0139728
0.07,0.2,-0.02,1759267876.016539
0.07,0.2,-0.02,1759267876.0187476
0.07,0.2,-0.02,1759267876.020787
0.07,0.2,-0.02,1759267876.0230284
0.07,0.2,-0.02,1759267876.025665
0.07,0.2,-0.02,1759267876.0280006
0.07,0.2,-0.02,1759267876.030045
0.07,0.2,-0.02,1759267876.0320473
0.07,0.2,-0.02,1759267876.0340483
0.07,0.2,-0.02,1759267876.0373554
0.07,0.2,-0.02,1759267876.0395432
0.07,0.2,-0.02,1759267876.0420506
0.07,0.2,-0.02,1759267876.04501
0.07,0.2,-0.02,1759267876.0477617
0.07,0.2,-0.02,1759267876.0500982
0.07,0.2,-0.02,1759267876.0525963
0.07,0.2,-0.02,1759267876.05505
0.07,0.2,-0.02,1759267876.0569322
0.07,0.2,-0.02,1759267876.0586655
0.07,0.2,-0.02,1759267876.0606585
0.07,0.2,-0.02,1759267876.0629354
0.07,0.2,-0.02,1759267876.0645986
0.07,0.2,-0.02,1759267876.066484
0.07,0.2,-0.02,1759267876.0683196
0.07,0.2,-0.02,1759267876.0702913
0.07,0.2,-0.02,1759267876.072146
0.07,0.2,-0.02,1759267876.0740218
0.07,0.2,-0.02,1759267876.0759623
0.07,0.2,-0.02,1759267876.0778615
0.07,0.2,-0.02,1759267876.0797231
0.07,0.2,-0.02,1759267876.0813088
0.07,0.2,-0.02,1759267876.0831983
0.07,0.2,-0.02,1759267876.0850935
0.07,0.2,-0.02,1759267876.086943
0.07,0.2,-0.02,1759267876.0889826
0.07,0.2,-0.02,1759267876.0905764
0.07,0.2,-0.02,1759267876.0927372
0.07,0.2,-0.02,1759267876.095105
0.07,0.2,-0.02,1759267876.097002
0.07,0.2,-0.02,1759267876.0988605
0.07,0.2,-0.02,1759267876.1017635
0.07,0.2,-0.02,1759267876.1045778
0.07,0.2,-0.02,1759267876.106532
0.07,0.2,-0.02,1759267876.1086228
0.07,0.2,-0.02,1759267876.1111934
0.07,0.2,-0.02,1759267876.1131294
0.07,0.2,-0.02,1759267876.1152115
0.07,0.2,-0.02,1759267876.117766
0.07,0.2,-0.02,1759267876.1207416
0.07,0.2,-0.02,1759267876.1240797
0.07,0.2,-0.02,1759267876.1266973
0.07,0.2,-0.02,1759267876.128555
0.07,0.2,-0.02,1759267876.130577
0.07,0.2,-0.02,1759267876.1325374
0.07,0.2,-0.02,1759267876.134602
0.07,0.2,-0.02,1759267876.1364129
0.07,0.2,-0.02,1759267876.138547
0.07,0.2,-0.02,1759267876.1404202
0.07,0.2,-0.02,1759267876.142979
0.07,0.2,-0.02,1759267876.145299
0.07,0.2,-0.02,1759267876.1477177
0.07,0.2,-0.02,1759267876.1500845
0.07,0.2,-0.02,1759267876.1522503
0.07,0.2,-0.02,1759267876.1548064
0.07,0.2,-0.02,1759267876.1571662
0.07,0.2,-0.02,1759267876.159018
0.07,0.2,-0.02,1759267876.1610117
0.07,0.2,-0.02,1759267876.1629264
0.07,0.2,-0.02,1759267876.1652718
0.07,0.2,-0.02,1759267876.1671991
0.07,0.2,-0.02,1759267876.169258
0.07,0.2,-0.02,1759267876.1716173
0.07,0.2,-0.02,1759267876.1741743
0.07,0.2,-0.02,1759267876.1769278
0.07,0.2,-0.02,1759267876.1791606
0.07,0.2,-0.02,1759267876.1813104
0.07,0.2,-0.02,1759267876.1835277
0.07,0.2,-0.02,1759267876.185107
0.07,0.2,-0.02,1759267876.1869552
0.07,0.2,-0.02,1759267876.188805
0.07,0.2,-0.02,1759267876.190683
0.07,0.2,-0.02,1759267876.1925647
0.07,0.2,-0.02,1759267876.1946037
0.07,0.2,-0.02,1759267876.1964943
0.07,0.2,-0.02,1759267876.1983292
0.07,0.2,-0.02,1759267876.199901
0.07,0.2,-0.02,1759267876.2016685
0.07,0.2,-0.02,1759267876.203563
0.07,0.2,-0.02,1759267876.2053325
0.07,0.2,-0.02,1759267876.2077594
0.07,0.2,-0.02,1759267876.2096589
0.07,0.2,-0.02,1759267876.2118146
0.07,0.2,-0.02,1759267876.214187
0.07,0.2,-0.02,1759267876.2177458
0.07,0.2,-0.02,1759267876.2197502
0.07,0.2,-0.02,1759267876.2220895
0.07,0.2,-0.02,1759267876.2239823
0.07,0.2,-0.02,1759267876.2265213
0.07,0.2,-0.02,1759267876.228537
0.07,0.2,-0.02,1759267876.230655
0.07,0.2,-0.02,1759267876.232547
0.07,0.2,-0.02,1759267876.23444
0.07,0.2,-0.02,1759267876.23638
0.07,0.2,-0.02,1759267876.2382374
0.07,0.2,-0.02,1759267876.2401268
0.07,0.2,-0.02,1759267876.2427034
0.07,0.2,-0.02,1759267876.2452824
0.07,0.2,-0.02,1759267876.2471802
0.07,0.2,-0.02,1759267876.2495272
0.07,0.2,-0.02,1759267876.2514074
0.07,0.2,-0.02,1759267876.2532892
0.07,0.2,-0.02,1759267876.254962
0.07,0.2,-0.02,1759267876.2570329
0.07,0.2,-0.02,1759267876.2589867
0.07,0.2,-0.02,1759267876.2609503
0.07,0.2,-0.02,1759267876.2629397
0.07,0.2,-0.02,1759267876.2653117
0.07,0.2,-0.02,1759267876.2673242
0.07,0.2,-0.02,1759267876.2694736
0.07,0.2,-0.02,1759267876.2714312
0.07,0.2,-0.02,1759267876.2736554
0.07,0.2,-0.02,1759267876.2753863
0.07,0.2,-0.02,1759267876.2770712
0.07,0.2,-0.02,1759267876.278967
0.07,0.2,-0.02,1759267876.280558
0.07,0.2,-0.02,1759267876.2825022
0.07,0.2,-0.02,1759267876.2846322
0.07,0.2,-0.02,1759267876.2872794
0.07,0.2,-0.02,1759267876.2900028
0.07,0.2,-0.02,1759267876.292705
0.07,0.2,-0.02,1759267876.295184
0.07,0.2,-0.02,1759267876.2975965
0.07,0.2,-0.02,1759267876.2998471
0.07,0.2,-0.02,1759267876.301896
0.07,0.2,-0.02,1759267876.3042822
0.07,0.2,-0.02,1759267876.306252
0.07,0.2,-0.02,1759267876.3083534
0.07,0.2,-0.02,1759267876.3102646
0.07,0.2,-0.02,1759267876.312108
0.07,0.2,-0.02,1759267876.3139346
0.07,0.2,-0.02,1759267876.316188
0.07,0.2,-0.02,1759267876.318238
0.07,0.2,-0.02,1759267876.3201191
0.07,0.2,-0.02,1759267876.322132
0.07,0.2,-0.02,1759267876.324633
0.07,0.2,-0.02,1759267876.3263912
0.07,0.2,-0.02,1759267876.328319
0.07,0.2,-0.02,1759267876.3310864
0.07,0.2,-0.02,1759267876.3329954
0.07,0.2,-0.02,1759267876.335187
0.07,0.2,-0.02,1759267876.3372428
0.07,0.2,-0.02,1759267876.3399415
0.07,0.2,-0.02,1759267876.3415644
0.07,0.2,-0.02,1759267876.344626
0.07,0.2,-0.02,1759267876.346309
0.07,0.2,-0.02,1759267876.3490243
0.07,0.2,-0.02,1759267876.3509548
0.07,0.2,-0.02,1759267876.3529143
0.07,0.2,-0.02,1759267876.3553374
0.07,0.2,-0.02,1759267876.3578672
0.07,0.2,-0.02,1759267876.3597567
0.07,0.2,-0.02,1759267876.3619473
0.07,0.2,-0.02,1759267876.364202
0.07,0.2,-0.02,1759267876.3665335
0.07,0.2,-0.02,1759267876.369075
0.07,0.2,-0.02,1759267876.3715222
0.07,0.2,-0.02,1759267876.3745954
0.07,0.2,-0.02,1759267876.3763757
0.07,0.2,-0.02,1759267876.3779438
0.07,0.2,-0.02,1759267876.3800185
0.07,0.2,-0.02,1759267876.3824832
0.07,0.2,-0.02,1759267876.385378
0.07,0.2,-0.02,1759267876.3878412
0.07,0.2,-0.02,1759267876.3904998
0.07,0.2,-0.02,1759267876.39282
0.07,0.2,-0.02,1759267876.3950577
0.07,0.2,-0.02,1759267876.39677
0.07,0.2,-0.02,1759267876.3985648
0.07,0.2,-0.02,1759267876.400129
0.07,0.2,-0.02,1759267876.402451
0.07,0.2,-0.02,1759267876.4040172
0.07,0.2,-0.02,1759267876.4058108
0.07,0.2,-0.02,1759267876.4076614
0.07,0.2,-0.02,1759267876.4092588
0.07,0.2,-0.02,1759267876.4114
0.07,0.2,-0.02,1759267876.4129786
0.07,0.2,-0.02,1759267876.41539
0.07,0.2,-0.02,1759267876.4170918
0.07,0.2,-0.02,1759267876.4189172
0.07,0.2,-0.02,1759267876.4211671
0.07,0.2,-0.02,1759267876.4228244
0.07,0.2,-0.02,1759267876.4250884
0.07,0.2,-0.02,1759267876.4268334
0.07,0.2,-0.02,1759267876.4298165
0.07,0.2,-0.02,1759267876.4318545
0.07,0.2,-0.02,1759267876.4338293
0.07,0.2,-0.02,1759267876.4356034
0.07,0.2,-0.02,1759267876.4373822
0.07,0.2,-0.02,1759267876.4389424
0.07,0.2,-0.02,1759267876.4406366
0.07,0.2,-0.01,1759267876.442698
0.07,0.2,-0.01,1759267876.4444082
0.07,0.2,-0.01,1759267876.4466136
0.07,0.2,-0.01,1759267876.4486203
0.07,0.2,-0.01,1759267876.450478
0.07,0.2,-0.01,1759267876.452502
0.07,0.2,-0.01,1759267876.4548576
0.07,0.2,-0.01,1759267876.4567306
0.07,0.2,-0.01,1759267876.4586892
0.07,0.2,-0.01,1759267876.4605553
0.07,0.2,-0.01,1759267876.4627442
0.07,0.2,-0.01,1759267876.4647288
0.07,0.2,-0.01,1759267876.4664245
0.07,0.2,-0.01,1759267876.4687295
0.07,0.2,-0.01,1759267876.470676
0.07,0.2,-0.01,1759267876.472512
0.07,0.2,-0.01,1759267876.4742332
0.07,0.2,-0.01,1759267876.476401
0.07,0.2,-0.01,1759267876.47825
0.07,0.2,-0.01,1759267876.4798644
0.07,0.2,-0.01,1759267876.481909
0.07,0.2,-0.01,1759267876.4838932
0.07,0.2,-0.01,1759267876.4867506
0.07,0.2,-0.01,1759267876.489105
0.07,0.2,-0.01,1759267876.49115
0.07,0.2,-0.01,1759267876.4940035
0.07,0.2,-0.01,1759267876.4960835
0.07,0.2,-0.01,1759267876.4984322
0.07,0.2,-0.01,1759267876.501216
0.07,0.2,-0.01,1759267876.5035696
0.07,0.2,-0.01,1759267876.506169
0.07,0.2,-0.01,1759267876.5080066
0.07,0.2,-0.01,1759267876.5107622
0.07,0.2,-0.01,1759267876.513096
0.07,0.2,-0.01,1759267876.5157306
0.07,0.2,-0.01,1759267876.518221
0.07,0.2,-0.01,1759267876.5203109
0.07,0.2,-0.01,1759267876.5232189
0.07,0.2,-0.01,1759267876.5253377
0.07,0.2,-0.01,1759267876.5286396
0.07,0.2,-0.01,1759267876.5313118
0.07,0.2,-0.01,1759267876.533779
0.07,0.2,-0.01,1759267876.537006
0.07,0.2,-0.01,1759267876.5395782
0.07,0.2,-0.01,1759267876.541978
0.07,0.2,-0.01,1759267876.5456247
0.07,0.2,-0.01,1759267876.548636
0.07,0.2,-0.01,1759267876.55104
0.07,0.2,-0.01,1759267876.5533748
0.07,0.2,-0.01,1759267876.556086
0.07,0.2,-0.01,1759267876.5591302
0.07,0.2,-0.01,1759267876.5613463
0.07,0.2,-0.01,1759267876.5645645
0.07,0.2,-0.01,1759267876.5670416
0.07,0.2,-0.01,1759267876.5698123
0.07,0.2,-0.01,1759267876.572272
0.07,0.2,-0.01,1759267876.5756814
0.07,0.2,-0.01,1759267876.578992
0.07,0.2,-0.01,1759267876.5810504
0.07,0.2,-0.01,1759267876.5851605
0.07,0.2,-0.01,1759267876.5873084
0.07,0.2,-0.01,1759267876.590576
0.07,0.2,-0.01,1759267876.5931752
0.07,0.2,-0.01,1759267876.595595
0.07,0.2,-0.01,1759267876.5980372
0.07,0.2,-0.01,1759267876.600391
0.07,0.2,-0.01,1759267876.602841
0.07,0.2,-0.01,1759267876.605189
0.07,0.2,-0.01,1759267876.6079686
0.07,0.2,-0.01,1759267876.6115396
0.07,0.2,-0.01,1759267876.615353
0.07,0.2,-0.01,1759267876.6178195
0.07,0.2,-0.01,1759267876.6203845
0.07,0.2,-0.01,1759267876.6237335
0.07,0.2,-0.01,1759267876.626037
0.07,0.2,-0.01,1759267876.6284297
0.07,0.2,-0.01,1759267876.6314876
0.07,0.2,-0.01,1759267876.633818
0.07,0.2,-0.01,1759267876.6361628
0.07,0.2,-0.01,1759267876.6385026
0.07,0.2,-0.01,1759267876.6411598
0.07,0.2,-0.01,1759267876.6431673
0.07,0.2,-0.01,1759267876.6459396
0.07,0.2,-0.01,1759267876.6485164
0.07,0.2,-0.01,1759267876.651197
0.07,0.2,-0.01,1759267876.654544
0.07,0.2,-0.01,1759267876.65665
0.07,0.2,-0.01,1759267876.6591065
0.07,0.2,-0.01,1759267876.6621084
0.07,0.2,-0.01,1759267876.6647718
0.07,0.2,-0.01,1759267876.6675024
0.07,0.2,-0.01,1759267876.6703398
0.07,0.2,-0.01,1759267876.6726463
0.07,0.2,-0.01,1759267876.67507
0.07,0.2,-0.01,1759267876.6783586
0.07,0.2,-0.01,1759267876.6805725
0.07,0.2,-0.01,1759267876.6838148
0.07,0.2,-0.01,1759267876.686336
0.07,0.2,-0.01,1759267876.6890657
0.07,0.2,-0.01,1759267876.691177
0.07,0.2,-0.01,1759267876.693379
0.07,0.2,-0.01,1759267876.6953986
0.07,0.2,-0.01,1759267876.6976566
0.07,0.2,-0.01,1759267876.6999598
0.07,0.2,-0.01,1759267876.702738
0.07,0.2,-0.01,1759267876.7050705
0.07,0.2,-0.01,1759267876.7073743
0.07,0.2,-0.01,1759267876.709965
0.07,0.2,-0.01,1759267876.7123108
0.07,0.2,-0.01,1759267876.714334
0.07,0.2,-0.01,1759267876.716842
0.07,0.2,-0.01,1759267876.7196026
0.07,0.2,-0.01,1759267876.7221043
0.07,0.2,-0.01,1759267876.7252543
0.07,0.2,-0.01,1759267876.7277634
0.07,0.2,-0.01,1759267876.7298355
0.07,0.2,-0.01,1759267876.7321813
0.07,0.2,-0.01,1759267876.7347145
0.07,0.2,-0.01,1759267876.7370827
0.07,0.2,-0.01,1759267876.739427
0.07,0.2,-0.01,1759267876.741451
0.07,0.2,-0.01,1759267876.7437422
0.07,0.2,-0.01,1759267876.7471297
0.07,0.2,-0.01,1759267876.7496364
0.07,0.2,-0.01,1759267876.7528827
0.07,0.2,-0.01,1759267876.7550275
0.07,0.2,-0.01,1759267876.757498
0.07,0.2,-0.01,1759267876.7600646
0.07,0.2,-0.01,1759267876.7623742
0.07,0.2,-0.01,1759267876.7650287
0.07,0.2,-0.01,1759267876.767073
0.07,0.2,-0.01,1759267876.7694654
0.07,0.2,-0.01,1759267876.771867
0.07,0.2,-0.01,1759267876.7742229
0.07,0.2,-0.01,1759267876.7766151
0.07,0.2,-0.01,1759267876.7786782
0.07,0.2,-0.01,1759267876.7810037
0.07,0.2,-0.01,1759267876.783072
0.07,0.2,-0.01,1759267876.7851307
0.07,0.2,-0.01,1759267876.7871656
0.07,0.2,-0.01,1759267876.789235
0.07,0.2,-0.01,1759267876.7912874
0.07,0.2,-0.01,1759267876.7936492
0.07,0.2,-0.01,1759267876.7960696
0.07,0.2,-0.01,1759267876.7983887
0.07,0.2,-0.01,1759267876.8004863
0.07,0.2,-0.01,1759267876.8029408
0.07,0.2,-0.01,1759267876.8056405
0.07,0.2,-0.01,1759267876.8081002
0.07,0.2,-0.01,1759267876.8107758
0.07,0.2,-0.01,1759267876.8129678
0.07,0.2,-0.01,1759267876.8159
0.07,0.2,-0.01,1759267876.8194628
0.07,0.2,-0.01,1759267876.821997
0.07,0.2,-0.01,1759267876.8249166
0.07,0.2,-0.01,1759267876.8281205
0.07,0.2,-0.01,1759267876.831859
0.07,0.2,-0.01,1759267876.8345385
0.07,0.2,-0.01,1759267876.836198
0.07,0.2,-0.01,1759267876.837815
0.07,0.2,-0.01,1759267876.8398118
0.07,0.2,-0.01,1759267876.8417454
0.07,0.2,-0.01,1759267876.8436618
0.07,0.2,-0.01,1759267876.8455892
0.07,0.2,-0.01,1759267876.8476825
0.07,0.2,-0.01,1759267876.8496764
0.07,0.2,-0.01,1759267876.8524067
0.07,0.2,-0.01,1759267876.8551917
0.07,0.2,-0.01,1759267876.8578763
0.07,0.2,-0.01,1759267876.8601491
0.07,0.2,-0.01,1759267876.862352
0.07,0.2,-0.01,1759267876.8650558
0.07,0.2,-0.01,1759267876.8673697
0.07,0.2,-0.01,1759267876.8696814
0.07,0.2,-0.01,1759267876.8716984
0.07,0.2,-0.01,1759267876.8740597
0.07,0.2,-0.01,1759267876.8762772
0.07,0.2,-0.01,1759267876.8787374
0.07,0.2,-0.01,1759267876.880971
0.07,0.2,-0.01,1759267876.8831527
0.07,0.2,-0.01,1759267876.8852837
0.07,0.2,-0.01,1759267876.8875134
0.07,0.2,-0.01,1759267876.889887
0.07,0.2,-0.01,1759267876.8921826
0.07,0.2,-0.01,1759267876.8942754
0.07,0.2,-0.01,1759267876.8965406
0.07,0.2,-0.01,1759267876.8984957
0.07,0.2,-0.01,1759267876.9006493
0.07,0.2,-0.01,1759267876.902837
0.07,0.2,-0.01,1759267876.9049067
0.07,0.2,-0.01,1759267876.9070704
0.07,0.2,-0.01,1759267876.9090753
0.07,0.2,-0.01,1759267876.9111438
0.07,0.2,-0.01,1759267876.9135077
0.07,0.2,-0.01,1759267876.915574
0.07,0.2,-0.01,1759267876.9178813
0.07,0.2,-0.01,1759267876.919881
0.07,0.2,-0.01,1759267876.9221914
0.07,0.2,-0.01,1759267876.9242206
0.07,0.2,-0.01,1759267876.926293
0.07,0.2,-0.01,1759267876.9282455
0.07,0.2,-0.01,1759267876.9302654
0.07,0.2,-0.01,1759267876.9323387
0.07,0.2,-0.01,1759267876.9343512
0.07,0.2,-0.01,1759267876.936623
0.07,0.2,-0.01,1759267876.938619
0.07,0.2,-0.01,1759267876.9407024
0.07,0.2,-0.01,1759267876.9428918
0.07,0.2,-0.01,1759267876.944972
0.07,0.2,-0.01,1759267876.9469726
0.07,0.2,-0.01,1759267876.9492283
0.07,0.2,-0.01,1759267876.9512815
0.07,0.2,-0.01,1759267876.9533684
0.07,0.2,-0.01,1759267876.9555562
0.07,0.2,-0.01,1759267876.95772
0.07,0.2,-0.01,1759267876.9596822
0.07,0.2,-0.01,1759267876.9616785
0.07,0.2,-0.01,1759267876.9637892
0.07,0.2,-0.01,1759267876.9659014
0.07,0.2,-0.01,1759267876.9676597
0.07,0.2,-0.01,1759267876.9697154
0.07,0.2,-0.01,1759267876.9716327
0.07,0.2,-0.01,1759267876.9741335
0.07,0.2,-0.01,1759267876.976558
0.07,0.2,-0.01,1759267876.9786022
0.07,0.2,-0.01,1759267876.9806285
0.07,0.2,-0.01,1759267876.9826424
0.07,0.2,-0.01,1759267876.9848688
0.07,0.2,-0.01,1759267876.986851
0.07,0.2,-0.01,1759267876.9887657
0.07,0.2,-0.01,1759267876.990772
0.07,0.2,-0.01,1759267876.992772
0.07,0.2,-0.01,1759267876.994773
0.07,0.2,-0.01,1759267876.9969108
0.07,0.2,-0.01,1759267876.9986997
0.07,0.2,-0.01,1759267877.0006526
0.07,0.2,-0.01,1759267877.0026774
0.07,0.2,-0.01,1759267877.0052023
0.07,0.2,-0.01,1759267877.0072355
0.07,0.2,-0.01,1759267877.0093842
0.07,0.2,-0.01,1759267877.0114284
0.07,0.2,-0.01,1759267877.0133972
0.07,0.2,-0.01,1759267877.0156982
0.07,0.2,-0.01,1759267877.018065
0.07,0.2,-0.01,1759267877.020284
0.07,0.2,-0.01,1759267877.022606
0.07,0.2,-0.01,1759267877.024779
0.07,0.2,-0.01,1759267877.0269718
0.07,0.2,-0.01,1759267877.0292723
0.07,0.2,-0.01,1759267877.0313127
0.07,0.2,-0.01,1759267877.0336366
0.07,0.2,-0.01,1759267877.0359497
0.07,0.2,-0.01,1759267877.038234
0.07,0.2,-0.01,1759267877.0405753
0.07,0.2,-0.01,1759267877.0428555
0.07,0.2,-0.01,1759267877.045179
0.07,0.2,-0.01,1759267877.0475
0.07,0.2,-0.01,1759267877.049964
0.07,0.2,-0.01,1759267877.052149
0.07,0.2,-0.01,1759267877.0544145
0.07,0.2,-0.01,1759267877.0566795
0.07,0.2,-0.01,1759267877.0588503
0.07,0.2,-0.01,1759267877.0611496
0.07,0.2,-0.01,1759267877.0634518
0.07,0.2,-0.01,1759267877.0656357
0.07,0.2,-0.01,1759267877.0680008
0.07,0.2,-0.01,1759267877.0703292
0.07,0.2,-0.01,1759267877.0725665
0.07,0.2,-0.01,1759267877.074809
0.07,0.2,-0.01,1759267877.0769958
0.07,0.2,-0.01,1759267877.0795145
0.07,0.2,-0.01,1759267877.081777
0.07,0.2,-0.01,1759267877.0839064
0.07,0.2,-0.01,1759267877.0862796
0.07,0.2,-0.01,1759267877.0884476
0.07,0.2,-0.01,1759267877.090593
0.07,0.2,-0.01,1759267877.0928037
0.07,0.2,-0.01,1759267877.0954657
0.07,0.2,-0.01,1759267877.097893
0.07,0.2,-0.01,1759267877.1000626
0.07,0.2,-0.01,1759267877.102499
0.07,0.2,-0.01,1759267877.104794
0.07,0.2,-0.01,1759267877.107127
0.07,0.2,-0.01,1759267877.1094458
0.07,0.2,-0.01,1759267877.1116488
0.07,0.2,-0.01,1759267877.1138947
0.07,0.2,-0.01,1759267877.1162176
0.07,0.2,-0.01,1759267877.1182964
0.07,0.2,-0.01,1759267877.12068
0.07,0.2,-0.01,1759267877.1225488
0.07,0.2,-0.01,1759267877.1252935
0.07,0.2,-0.01,1759267877.1275375
0.07,0.2,-0.01,1759267877.129937
0.07,0.2,-0.01,1759267877.1322346
0.07,0.2,-0.01,1759267877.1345766
0.07,0.2,-0.01,1759267877.136943
0.07,0.2,-0.01,1759267877.139021
0.07,0.2,-0.01,1759267877.141248
0.07,0.2,-0.01,1759267877.1436975
0.07,0.2,-0.01,1759267877.1463175
0.07,0.2,-0.01,1759267877.1485825
0.07,0.2,-0.01,1759267877.151044
0.07,0.2,-0.01,1759267877.153199
0.07,0.2,-0.01,1759267877.1554446
0.07,0.2,-0.01,1759267877.1577554
0.07,0.2,-0.01,1759267877.1600769
0.07,0.2,-0.01,1759267877.1621654
0.07,0.2,-0.01,1759267877.1647756
0.07,0.2,-0.01,1759267877.1668868
0.07,0.2,-0.01,1759267877.1692655
0.07,0.2,-0.01,1759267877.171459
0.07,0.2,-0.01,1759267877.1739004
0.07,0.2,-0.01,1759267877.1765747
0.07,0.2,-0.01,1759267877.179488
0.07,0.2,-0.01,1759267877.181797
0.07,0.2,-0.01,1759267877.1841404
0.07,0.2,-0.01,1759267877.1867838
0.07,0.2,-0.01,1759267877.1888895
0.07,0.2,-0.01,1759267877.1914034
0.07,0.2,-0.01,1759267877.1935956
0.07,0.2,-0.01,1759267877.1956716
0.07,0.2,-0.01,1759267877.1979966
0.07,0.2,-0.01,1759267877.1997364
0.07,0.2,-0.01,1759267877.2018256
0.07,0.2,-0.01,1759267877.2040129
0.07,0.2,-0.01,1759267877.2062504
0.07,0.2,-0.01,1759267877.2082596
0.07,0.2,-0.01,1759267877.2101903
0.07,0.2,-0.01,1759267877.2121537
0.07,0.2,-0.01,1759267877.2143097
0.07,0.2,-0.01,1759267877.216607
0.07,0.2,-0.01,1759267877.218794
0.07,0.2,-0.01,1759267877.2212043
0.07,0.2,-0.01,1759267877.2232487
0.07,0.2,-0.01,1759267877.2254362
0.07,0.2,-0.01,1759267877.227338
0.07,0.2,-0.01,1759267877.2295115
0.07,0.2,-0.01,1759267877.2316024
0.07,0.2,-0.01,1759267877.2335756
0.07,0.2,-0.01,1759267877.235553
0.07,0.2,-0.01,1759267877.237669
0.07,0.2,-0.01,1759267877.2395818
0.07,0.2,-0.01,1759267877.2416644
0.07,0.2,-0.01,1759267877.243683
0.07,0.2,-0.01,1759267877.2460268
0.07,0.2,-0.01,1759267877.248235
0.07,0.2,-0.01,1759267877.2503595
0.07,0.2,-0.01,1759267877.2523968
0.07,0.2,-0.01,1759267877.254394
0.07,0.2,-0.01,1759267877.2566693
0.07,0.2,-0.01,1759267877.258731
0.07,0.2,-0.01,1759267877.2609828
0.07,0.2,-0.01,1759267877.2630577
0.07,0.2,-0.01,1759267877.265556
0.07,0.2,-0.01,1759267877.2678585
0.07,0.2,-0.01,1759267877.270005
0.07,0.2,-0.01,1759267877.2721777
0.07,0.2,-0.01,1759267877.2742412
0.07,0.2,-0.01,1759267877.2766027
0.07,0.2,-0.01,1759267877.278442
0.07,0.2,-0.01,1759267877.2808535
0.07,0.2,-0.01,1759267877.2829428
0.07,0.2,-0.01,1759267877.2851708
0.07,0.2,-0.01,1759267877.2872443
0.07,0.2,-0.01,1759267877.289288
0.07,0.2,-0.01,1759267877.2912683
0.07,0.2,-0.01,1759267877.29343
0.07,0.2,-0.01,1759267877.2958288
0.07,0.2,-0.01,1759267877.298503
0.07,0.2,-0.01,1759267877.3009284
0.07,0.2,-0.01,1759267877.3038323
