cR,cP,cY,timestamp
-0.02301796011047436,-0.052370448020720044,-0.005975512607589985,1759343146.9218075
-0.02184879954676474,-0.05273661243313829,-0.0054502516328595076,1759343146.9358788
-0.022436070513290638,-0.05218877774574461,-0.0055897661564174765,1759343146.9561317
-0.022533035974745486,-0.05321916478616103,-0.0060019217665023585,1759343146.9780562
-0.02161317186978555,-0.05433702355856838,-0.005903601337568109,1759343147.0127783
-0.02163816408893955,-0.05269287179229382,-0.0051990327577066345,1759343147.0501094
-0.023257536976561567,-0.052817922928760065,-0.005974871956421001,1759343147.0727503
-0.022127641694519768,-0.055616750789182864,-0.006085444180845642,1759343147.090782
-0.021989542602547263,-0.052832829003840336,-0.005430605992752992,1759343147.1332245
-0.022169592297117277,-0.05432224294353072,-0.006453864965858829,1759343147.1515613
-0.022079974325521837,-0.053863940202941454,-0.00544297454338566,1759343147.1706276
-0.0223440834492347,-0.054527106705009126,-0.005518566198479323,1759343147.1833758
-0.020794179875312967,-0.0588745130942398,-0.00681781910092963,1759343147.1961808
-0.023540479388812912,-0.05092726821287312,-0.005378678783749131,1759343147.2145095
-0.02202852318945342,-0.05277489848533811,-0.005733193763037899,1759343147.237672
-0.021606097742534254,-0.05567762702301676,-0.00580706529683482,1759343147.2548738
-0.021482338568018282,-0.052949218103003785,-0.005475421622847532,1759343147.274075
-0.022673124718037795,-0.0533353335565889,-0.006087491601791576,1759343147.291719
-0.02341259531150613,-0.05418294190545342,-0.006286378514326219,1759343147.3088806
-0.021803724340112886,-0.05518935924142468,-0.0057679091496638715,1759343147.322671
-0.021632512118162556,-0.05292026554526165,-0.00512762070670628,1759343147.3363824
-0.022423346447405172,-0.053254827072488735,-0.005511590908416831,1759343147.3485606
-0.022138368904034696,-0.05172116528288927,-0.005716698430610006,1759343147.3598962
-0.02268699266757329,-0.055117416434701,-0.0060952110709322415,1759343147.3710058
-0.022492253313278632,-0.05326100696689778,-0.005719142728709711,1759343147.3830228
-0.02109169137315891,-0.05389369499597956,-0.005589593069737877,1759343147.3952737
-0.02247152533969597,-0.051524027518922065,-0.005214676242197137,1759343147.4101603
-0.022214194942649035,-0.05530127735125871,-0.006117737688035838,1759343147.4248524
-0.023448860155589685,-0.05125671521945745,-0.0058752528586482325,1759343147.4371471
-0.022849324612684102,-0.054399844812160064,-0.00633959167899902,1759343147.45557
-0.02203914365948714,-0.0526502357732096,-0.005785784726689725,1759343147.4715064
-0.019143171491653954,-0.05266775710611732,-0.005062932582420178,1759343147.4887934
-0.02250957741727496,-0.054709119888340596,-0.005735925202661605,1759343147.502282
-0.023680082027913853,-0.05425905566570025,-0.006154026782756856,1759343147.5169332
-0.022491172427916737,-0.054009368017908746,-0.006057725122136041,1759343147.5305994
-0.023105456213927074,-0.056049020771481835,-0.006550384364795693,1759343147.5426414
-0.02268010889385111,-0.05577962296703861,-0.006107788937140604,1759343147.5594685
-0.02199583564866842,-0.0551301758758978,-0.00576870383603261,1759343147.572148
-0.022484188956164896,-0.05128649288819226,-0.0051792103324505056,1759343147.585179
-0.02200956996224421,-0.05260017848593403,-0.005747652249352642,1759343147.5983496
-0.021799985337119916,-0.054265798362082056,-0.006167451429390113,1759343147.6176877
-0.022428031589175588,-0.0537436003173278,-0.005984468257714256,1759343147.6341865
-0.02096062289900381,-0.054007791587538705,-0.0056926148922966015,1759343147.6510184
-0.02231296287334869,-0.05381998090208031,-0.005434399447299369,1759343147.6669214
-0.02157570515556888,-0.05273443254242646,-0.005656259355525783,1759343147.6814249
-0.022177971231870666,-0.05309887774297569,-0.0057821071228459885,1759343147.7000654
-0.022234678943494842,-0.049782309029920355,-0.004819183825616797,1759343147.7172446
-0.021113966875470062,-0.05577376400472416,-0.005816938737584504,1759343147.7378798
-0.022772892789139063,-0.053802112895390705,-0.00582471327149903,1759343147.75203
-0.023074175855077015,-0.052499903784594584,-0.005734895683633264,1759343147.7654665
-0.022446540789982372,-0.05427556604340234,-0.0063695265159053535,1759343147.7823417
-0.021507725595565085,-0.05470123825909973,-0.006043181768552695,1759343147.7963638
-0.020905547479713512,-0.055016010113931264,-0.0057739482140311445,1759343147.8089762
-0.021794486972914633,-0.05346112278127878,-0.0056577081565637255,1759343147.824438
-0.02248045700208332,-0.05180024084336817,-0.005450592895724656,1759343147.8376794
-0.023510278804084822,-0.05418922822510668,-0.0061221767927901755,1759343147.850246
-0.02240203528958708,-0.05425648975863363,-0.0060986020378961826,1759343147.871975
-0.022096035490045747,-0.05362316435540883,-0.00528385473974811,1759343147.8888366
-0.02115716239026193,-0.055461010828601116,-0.0056252200077359935,1759343147.9036467
-0.02256271537413184,-0.05242805767133184,-0.005459092363923778,1759343147.9162028
-0.02333220838526625,-0.05460732820314644,-0.0064352839999318075,1759343147.929056
-0.02306138339642719,-0.05436663914836124,-0.006218185497033844,1759343147.9434395
-0.02259187242555571,-0.05855172841476637,-0.006770325621805913,1759343147.9627883
-0.02198843065897543,-0.052663828057425345,-0.005320832612733703,1759343147.9822314
-0.0223385703970343,-0.053694777791768136,-0.005595841144926558,1759343148.0056243
-0.023874258967552565,-0.05462477874491201,-0.006502633597710974,1759343148.0199
-0.022413043386771754,-0.05399493422119332,-0.005885757680510147,1759343148.0364056
-0.02195983681649967,-0.05489108518646831,-0.005768007652543482,1759343148.055736
-0.023267727920973914,-0.053716746446346934,-0.005761797803740406,1759343148.0819168
-0.022617110999087784,-0.05339871956691391,-0.0061484265817494145,1759343148.102062
-0.022626691066472044,-0.05574779489320069,-0.0064142390599450025,1759343148.1202712
-0.021533086573150836,-0.05397172829626812,-0.005634811861315662,1759343148.1370263
-0.0214377902867525,-0.05385954018525108,-0.005860293615550405,1759343148.156281
-0.02349111406303342,-0.05237569683246854,-0.005720349443318091,1759343148.1809084
-0.024273065833709848,-0.052459324085693274,-0.005974141119987117,1759343148.2033522
-0.02148247120227547,-0.05402029245557626,-0.005542997504210911,1759343148.2177973
-0.022780973388008618,-0.05411223438587458,-0.005704880362376683,1759343148.2380707
-0.02302568613168513,-0.05394352925372103,-0.006216531364002165,1759343148.2678194
-0.02177678786028215,-0.05492075847235025,-0.005951060964719977,1759343148.2969294
-0.022833001161535103,-0.05517146545162171,-0.005809194816716143,1759343148.329169
-0.02320176382332911,-0.05385149621620527,-0.006324319519515754,1759343148.3488326
-0.021867187801570213,-0.054293882548022504,-0.005755646742475123,1759343148.379594
-0.022290168105731388,-0.05203619097272304,-0.005575809334289887,1759343148.4106753
-0.022923928854715368,-0.053210166632190956,-0.005924716196717359,1759343148.4310694
-0.021319540974901442,-0.05424021792277347,-0.005502917350557401,1759343148.4691384
-0.022740530812425025,-0.05310161222740607,-0.005549924683337796,1759343148.4947877
-0.02292725287111867,-0.05395921212646565,-0.006117734217872945,1759343148.5220373
-0.02194894477160079,-0.050904518427642986,-0.004982629266291396,1759343148.5496156
-0.023077507508143875,-0.05353987705845528,-0.006075284270627412,1759343148.5726252
-0.02233512589171097,-0.05367032278692858,-0.005948163370497145,1759343148.6048806
-0.02127834247510454,-0.05494691422476806,-0.005464531011695278,1759343148.6222713
-0.02310871764430063,-0.05156055044898167,-0.005367144373281822,1759343148.6611753
-0.022619453911933665,-0.05303103469647328,-0.005885827137230193,1759343148.691272
-0.02156146029839003,-0.053628424111505285,-0.005637744788140856,1759343148.7344184
-0.023055267343488988,-0.054535329991450374,-0.006477439210832847,1759343148.762681
-0.02126394863121571,-0.05572461716995677,-0.005672221176262266,1759343148.7892888
-0.021559639685711916,-0.05407898444408979,-0.00583674679722358,1759343148.83276
-0.022531640451758716,-0.05397477951310412,-0.0060226385274749095,1759343148.8676577
-0.021683639766170493,-0.05308920862636479,-0.005736021268003005,1759343148.914441
-0.02313734591776317,-0.054167804340943024,-0.006090446986052869,1759343148.944097
-0.02166764883769168,-0.053510063477700875,-0.005156797204651328,1759343148.9648328
-0.02449584284676636,-0.05319482623579063,-0.00594116132118074,1759343148.9899614
-0.022512054925062572,-0.05522128404634762,-0.006117749313877356,1759343149.0046916
-0.02208537053570617,-0.05308855062290782,-0.005392263727022794,1759343149.020875
-0.02242993703984561,-0.05498852588080947,-0.006326954655840074,1759343149.034965
-0.02315950265642252,-0.05454979277646954,-0.006488974820295886,1759343149.0490606
-0.022226793810240505,-0.05499453534655557,-0.006306860622430067,1759343149.062557
-0.02285776607359513,-0.054236851990897575,-0.005984501308803712,1759343149.077912
-0.021853855793929813,-0.053963035473207924,-0.00552021287375617,1759343149.0914009
-0.0214759325539644,-0.05450892582113704,-0.005796096429414187,1759343149.107541
-0.02234942047597224,-0.05397849423703278,-0.005933551808438606,1759343149.1211877
-0.022602038000636673,-0.05256123183273563,-0.00572672260617803,1759343149.17043
-0.02161007638742937,-0.05328834558502155,-0.005503928160539714,1759343149.2035065
-0.02283279360008276,-0.054471003453200606,-0.006323146783724762,1759343149.226339
-0.02296290036730664,-0.05513257280513517,-0.0064810115699116665,1759343149.2444775
-0.022211318539214674,-0.05235796726399921,-0.005392622970619307,1759343149.2811062
-0.022794955945210065,-0.05172961174480283,-0.005474020012089496,1759343149.2977843
-0.02378994159093923,-0.05305127960181177,-0.006296646097554624,1759343149.308745
-0.0223819873170844,-0.054554313734488796,-0.005790637160869442,1759343149.3209054
-0.022076128261202498,-0.053629079689472926,-0.005656151437579558,1759343149.3312106
-0.020946033079256472,-0.05265331763205845,-0.0054360449790256315,1759343149.3467116
-0.022386902988982337,-0.05293471720224313,-0.005718067756850184,1759343149.3607142
-0.023722100451516532,-0.05320428892000246,-0.006318685139045152,1759343149.3800411
-0.022227220972527436,-0.05487743337264066,-0.006208594782344574,1759343149.3920617
-0.02279730086652319,-0.05348150269028143,-0.005732741991528195,1759343149.4109006
-0.021222203979455474,-0.054495413492673,-0.005789327613983849,1759343149.437966
-0.022301004205700293,-0.052716700197831166,-0.005815877964993744,1759343149.4597058
-0.023680467356971668,-0.054835654146397725,-0.006205829283249814,1759343149.4881196
-0.021537902052070783,-0.05463854435061752,-0.00558808760609602,1759343149.5180268
-0.022822795647715558,-0.05499220872442851,-0.006467459956488473,1759343149.541412
-0.023018789615222045,-0.05389844623038205,-0.006014940450500307,1759343149.561795
-0.021395311890595622,-0.05531090103314685,-0.005965858026649633,1759343149.583653
-0.02182919198108033,-0.052607613260938206,-0.005481614588443203,1759343149.6058486
-0.02297215127867433,-0.05306032651068982,-0.006179152415762567,1759343149.6199305
-0.022767915377257142,-0.05450834081637421,-0.005957890689308717,1759343149.6351717
-0.0217921395067144,-0.05363489424953917,-0.005764517101494145,1759343149.6470263
-0.0212017562929331,-0.05479350326608183,-0.005946720977042317,1759343149.6619031
-0.0218731054678661,-0.05420406136990537,-0.00587103238834434,1759343149.6750968
-0.021884696883179823,-0.054408420473696616,-0.006364491748923161,1759343149.688623
-0.023192305574685625,-0.05089901656694257,-0.005640337641912274,1759343149.7044115
-0.021797606182916877,-0.056044494382496104,-0.00625845108865481,1759343149.7217703
-0.021983505556069656,-0.0526011038494014,-0.005206574963497761,1759343149.744029
-0.02274569970786641,-0.053809179054126285,-0.005861029136181413,1759343149.7679417
-0.022689503889995553,-0.053188335965372986,-0.006146389794728089,1759343149.781293
-0.022139685503166067,-0.054008403641303646,-0.006211784545726724,1759343149.7986722
-0.022674803706022303,-0.05261580456637357,-0.0054155779250025255,1759343149.8218288
-0.022176494654118386,-0.05350323175417294,-0.005787695312627634,1759343149.839378
-0.022410889525251956,-0.053021849593114304,-0.006124120081902804,1759343149.8582363
-0.02214336636291612,-0.05719991823704445,-0.00672837130010032,1759343149.8785007
-0.0215957229495906,-0.05402974730303152,-0.005726748683101367,1759343149.9046433
-0.021802556235682013,-0.05159603665915257,-0.005198986854788894,1759343149.9300933
-0.022533186727849694,-0.05386347814047701,-0.006270237690984484,1759343149.9527888
-0.022567497245586546,-0.05364119384838599,-0.0057608758425036705,1759343149.9705422
-0.020735809387697368,-0.050664067070316184,-0.0048528690736320814,1759343150.0020528
-0.022555026243493967,-0.055054090184952324,-0.006383040942677109,1759343150.03504
-0.02228214203181227,-0.054116747342845134,-0.00581920941175167,1759343150.0604217
-0.021295217218388625,-0.05476497139590698,-0.005393561461779997,1759343150.0795565
-0.022619179429861358,-0.05081279346322215,-0.00558009588807963,1759343150.1080952
-0.02285200589389988,-0.05361414711568094,-0.00584258920900436,1759343150.128853
-0.02133563936318437,-0.053376742328733025,-0.005533812012277119,1759343150.1468823
-0.023083961556987605,-0.05407336568326919,-0.006153639830349805,1759343150.163483
-0.02262843599653599,-0.052107087960679914,-0.005789217483698236,1759343150.178995
-0.023343909182816987,-0.05469328577545364,-0.006076278948621117,1759343150.1923854
-0.02170947801554039,-0.05411497954119591,-0.005908031492473223,1759343150.212845
-0.02209382975618256,-0.053077116370949876,-0.005296290818154314,1759343150.2336564
-0.022268216202819296,-0.05208486779145915,-0.005480838612385874,1759343150.2524707
-0.023158856856123122,-0.05488516084362252,-0.006437702503079747,1759343150.2733912
-0.021251422038855928,-0.05388915266391179,-0.0056617617071581545,1759343150.2899506
-0.0207552326312872,-0.052807620380694344,-0.005497235968086603,1759343150.3087227
-0.021739815737474362,-0.05434803084567653,-0.0060415390697852,1759343150.3353553
-0.022619078047110757,-0.054800493615100594,-0.006435892372071206,1759343150.3713882
-0.02160522849962529,-0.05404646724632322,-0.00548495477512678,1759343150.3950071
-0.023211561196146775,-0.05323776013426416,-0.006003528579736699,1759343150.4115074
-0.023357482853248682,-0.0520344057449124,-0.005688185129201293,1759343150.4467256
-0.021554321810350996,-0.05264632567003053,-0.005273431855875364,1759343150.4704113
-0.02319214289640903,-0.05406979356083215,-0.00621932228763621,1759343150.516816
-0.022619662775418256,-0.05253708866753007,-0.005378928187350639,1759343150.552491
-0.022984289676398525,-0.0519747265808192,-0.005486525925072878,1759343150.5884223
-0.022253704626075694,-0.05383416652818186,-0.006012585186612338,1759343150.6196203
-0.022069509569793408,-0.053638873329836446,-0.005356634610286994,1759343150.6471083
-0.02336088012995475,-0.05243451035254087,-0.00603931386420803,1759343150.6658022
-0.022533482219397546,-0.05232354869890518,-0.00576283415531363,1759343150.684698
-0.021542334104286038,-0.052925512095528836,-0.00533280917814773,1759343150.7149394
-0.021794859762854564,-0.05506048649169084,-0.006760761233862329,1759343150.7349775
-0.023399651322645165,-0.054234480953368976,-0.007799106981941148,1759343150.75748
-0.02279994739820011,-0.055423634028138144,-0.008464640643212635,1759343150.7836468
-0.021291653990202778,-0.05283242121698727,-0.00863060543215368,1759343150.813301
-0.02367208295260743,-0.054568771225851825,-0.010630695741824072,1759343150.843891
-0.022420583134685694,-0.05447922273708871,-0.01041312874014896,1759343150.8636117
-0.02027646342613515,-0.053410548246686555,-0.01029328741699153,1759343150.8924365
-0.014733233881996873,-0.052892938836769744,-0.017098489484361615,1759343150.921936
-0.0058821805516308875,-0.04558708545542112,-0.02350311938229215,1759343150.9491773
-0.0035290815908372297,-0.04209192148879693,-0.026572847315666767,1759343150.974782
0.0020287486578449664,-0.03437923408310581,-0.036519931446448786,1759343150.9981377
-0.006418811361988084,-0.03960149825266149,-0.0385802253724168,1759343151.017559
-0.01901336514043313,-0.03736035092071952,-0.04449503068259132,1759343151.0395036
-0.0224474764137087,-0.025210792436526214,-0.050116582821764094,1759343151.061967
-0.03546597142954767,-0.018704481955743167,-0.040300856028095675,1759343151.080527
-0.05741533631605291,-0.017071244727577605,-0.04212938864465492,1759343151.1035123
-0.07811095790479067,-0.0072898507578205915,-0.03027415294748252,1759343151.1231942
-0.08266318510320558,-0.012576395141331197,-0.012786123272173372,1759343151.1433382
-0.12338248828921831,-0.00246499824083668,0.007198241796968222,1759343151.1635952
-0.14408711998054502,0.005513077933979892,0.03271516817153877,1759343151.1847415
-0.1719640265588887,0.011764494914218993,0.06268436511955008,1759343151.206766
-0.15846845378108868,-0.0019570146370675133,0.0763781868321446,1759343151.236338
-0.1796652779979478,-0.007494143047097394,0.09909370874252564,1759343151.2695212
-0.25461981641818643,0.020872857544997427,0.20228792488775815,1759343151.29724
-0.24278093649913615,0.03063617472380322,0.20746899434434504,1759343151.3309405
-0.21904591006102586,0.03637977930606397,0.20049018406186206,1759343151.3590612
-0.17279031539802542,0.0122852605714555,0.14871132246865457,1759343151.3787267
-0.1578699506305048,0.009864020120207675,0.1470227604903816,1759343151.4058845
-0.13187423680692106,0.015480695473130144,0.15591632276763234,1759343151.4263198
-0.10177575004185306,0.007054202083503026,0.11859455100310762,1759343151.4553554
-0.06697801695551833,0.017572665410159817,0.12865869729154109,1759343151.4729896
-0.046131919288314664,0.009922686486545776,0.10776810357434648,1759343151.499712
0.003532905016585791,0.0057765453827891035,0.09657578939517382,1759343151.5214295
-0.007704453108976175,-0.001739396770263888,0.08384949908043086,1759343151.5475786
0.014628588299015102,-0.0058560992206479175,0.08343200749994469,1759343151.5721917
0.11478641173558411,-0.006833521690900663,0.09672517621014917,1759343151.5955226
0.11453719870115234,-0.011334208749635956,0.1017336644545209,1759343151.6319256
0.15705343710753697,-0.006343734156785568,0.11360207930592142,1759343151.6616223
0.21724268324796708,-0.004410744303076015,0.13197860090516655,1759343151.685891
0.22341439457990814,-0.03457293469480632,0.12123398386628953,1759343151.7108662
0.11959947134092881,-0.01960838627069645,0.10083298831919016,1759343151.7396426
0.1576335661506014,-0.03592277729722418,0.0990586194616363,1759343151.7783318
0.1949278750659868,-0.04067974788906536,0.09233994588514459,1759343151.8025064
0.10256939977879073,-0.042774794429571925,0.09051190438135505,1759343151.819299
0.08846693208905715,-0.04613836079522167,0.08362172676369393,1759343151.8368444
0.053993953549405546,-0.03749290063351064,0.07339299944813275,1759343151.854973
0.02139047543570082,-0.03151072760881353,0.06886615986333294,1759343151.876934
-0.01171290355185936,-0.03275686869536349,0.059960293868009724,1759343151.9001577
-0.049640432366339506,-0.032095319475607065,0.052437350482668406,1759343151.9367094
-0.08675037912822989,-0.0335884090213414,0.04327872269475001,1759343151.9528651
-0.1114349979886124,-0.0326664045123252,0.030303989787542257,1759343151.9801044
-0.21668253255113787,-0.0395889609080161,-0.014774636822125153,1759343151.9962378
-0.1389528973920519,-0.026556292014098988,0.020523666879242404,1759343152.0142198
-0.28039955527337546,-0.024936061999670772,-0.03004029333800784,1759343152.038674
-0.2799242355275123,-0.013240125491907184,-0.02553434705509524,1759343152.0573015
-0.21341344524443825,-0.022492697950996357,0.006819625943471547,1759343152.077468
-0.29601042182337783,-0.008483079179606749,0.0009300833936123701,1759343152.097815
-0.2203780564321273,-0.005735218594666117,0.03152863880556827,1759343152.1167274
-0.19093104001365802,-0.008241252945011442,0.054331773213635866,1759343152.1351955
-0.16868836714054652,-0.001182093294442993,0.06939387700318086,1759343152.1481764
-0.2018577594317995,0.019371959540601072,0.10261117831420849,1759343152.1609433
-0.1527094681401847,0.017378447101404536,0.10208253162645511,1759343152.1769848
-0.14267045537305326,0.024544132597609944,0.10417583375980125,1759343152.1940866
-0.14798965359206656,0.05930031233388444,0.13767235345149476,1759343152.2068317
-0.11586780884016164,0.04567049056552419,0.12148980379810265,1759343152.224038
-0.09495606498066106,0.0394689831540722,0.11887294611819665,1759343152.2431762
-0.05684235119575017,0.07660398404611742,0.17472719152351285,1759343152.254512
-0.03755037317606493,0.05012062038060451,0.14440314750615763,1759343152.266491
-0.022463658326803665,0.041771343438926314,0.14124465079560555,1759343152.2777853
-0.027210533299586843,0.025766440243774953,0.12712700123098747,1759343152.288671
-0.022312762530760248,0.0219490974506838,0.12574559103273744,1759343152.3010523
0.021362668060236886,0.0354079533778678,0.1538718946939286,1759343152.3122485
0.04345832137169098,0.033464199834192895,0.15609075306214265,1759343152.3238864
0.0182991080622307,0.02154075264137715,0.1342925227450863,1759343152.3369422
0.05718891387517598,0.024195678134418922,0.14668775153885144,1759343152.3505106
0.08349483893200117,0.02592794272922392,0.1520632283209551,1759343152.362506
0.05095138011397377,0.017787919041121196,0.1353993660355179,1759343152.374668
0.05753229131605162,0.011091886658031614,0.13305697160032393,1759343152.3859253
0.2108241910908283,0.012785892143712372,0.1718026987409912,1759343152.3974998
0.09948809765270653,0.005536964873193296,0.13209609927846158,1759343152.412599
0.227506496539361,-0.006138591858496884,0.15953864688400782,1759343152.4250996
0.19203335854848136,-0.024981337813423404,0.13952429504043645,1759343152.437829
0.11428116312248056,-0.017816752709642784,0.12149971560307074,1759343152.4505992
0.24935321749260275,-0.04225814097668003,0.13658419120145104,1759343152.462048
0.066054512265017,-0.013929892487255529,0.10959565805529388,1759343152.4760609
0.23179543852901052,-0.06285726955233457,0.11472763686838193,1759343152.5072172
0.16733193764465312,-0.055593377504449,0.10734426824282665,1759343152.5370924
0.2573697413616219,-0.10437882645295456,0.10759428879609793,1759343152.5609877
0.21714389670661988,-0.1107448283095164,0.12451463996922835,1759343152.577172
0.1116016498432659,-0.07845621372834942,0.12877052645255863,1759343152.5902958
0.07954133240424954,-0.058277727604982184,0.1239370559276246,1759343152.605623
0.07694435707152515,-0.06401575447425326,0.13937588174016202,1759343152.6281772
0.06332696748732294,-0.05097201566687408,0.1341478618506754,1759343152.6447177
0.0255960986319462,-0.08658857025439223,0.18387248521374022,1759343152.6610663
-0.014701288483747604,-0.04125186808813622,0.1292012644592923,1759343152.683741
-0.07651345225128953,-0.02298688632815403,0.1156099223161357,1759343152.7035587
-0.11558641479688339,-0.004901954147683987,0.0912502502057279,1759343152.7207923
-0.1362883589281716,0.0046193615770065526,0.07571907029687336,1759343152.7375402
-0.1337466158830434,0.006982591396938673,0.06738512590012763,1759343152.752318
-0.025184293137824814,-0.016765326384696945,0.09568887994089005,1759343152.7688184
-0.1826981116156158,0.008903761777613109,0.04574246272328052,1759343152.7836545
-0.22017275099863992,0.007789460375146967,0.03598852952575078,1759343152.8011615
-0.29072431543788485,-0.0034537590140627204,0.003068514255269064,1759343152.815178
-0.2614260902549892,0.0025662607777908464,0.014582213762609236,1759343152.8276272
-0.1982951540941328,-0.004092123220270222,0.038987260383660426,1759343152.8412302
-0.16508098697797083,-0.011530855937952193,0.048431436158443475,1759343152.854643
-0.2880721849926253,-0.006446449243662005,0.012819960852980136,1759343152.8660672
-0.1872090741414718,-0.005467752834588302,0.046519484005944675,1759343152.879254
-0.17741226871890192,-0.004654192739905676,0.050997600881775955,1759343152.8934815
-0.29583409527240456,0.004206077064052079,0.019066992777452385,1759343152.906675
-0.1674836574717827,-0.0031613242063344826,0.05493212185278862,1759343152.9218905
-0.2352981933543944,0.0108300584199215,0.04292531890451222,1759343152.9346468
-0.1902967802693184,0.005743046257066727,0.06009912640108054,1759343152.9665222
-0.23154112337482313,0.0352443869397141,0.07099031537833851,1759343152.9901378
-0.22228667390412735,0.0813328746119664,0.09961417650561799,1759343153.01263
-0.11739601900776299,0.10920197031706982,0.15064480473122782,1759343153.0713403
-0.052367035758379255,0.06477453896488838,0.1622951974864434,1759343153.0884948
0.007950919920253166,0.07134403856130525,0.2129168756768198,1759343153.102806
0.017428695537290054,0.04759561937577513,0.20100523803907844,1759343153.1224556
0.02840534654386935,0.03878138731445989,0.19060208733178932,1759343153.1483395
0.09612265683570369,0.03102521713468584,0.21025794249398833,1759343153.183512
0.22020357132519486,0.012963306465777289,0.2231755332803324,1759343153.201779
0.3383192173408222,-0.04305499618182,0.23553008213126397,1759343153.221041
0.28282275991655215,-0.044444906927437966,0.1956805801563719,1759343153.2375357
0.20805744597204437,-0.05068667144909983,0.16986892693971464,1759343153.2527535
0.22020808680852744,-0.051621951508071744,0.16905374804334042,1759343153.2730925
0.3292043312573678,-0.08534196463262952,0.1673156065375449,1759343153.297989
0.32737946880588586,-0.10844937319214082,0.15973053434860968,1759343153.3114457
0.1550322309993973,-0.04651601138732653,0.1435106317244786,1759343153.3297844
0.3311167689780735,-0.11390840728265461,0.14210914443654962,1759343153.3535223
0.1802878406860341,-0.05259590301337297,0.13732679841955736,1759343153.368012
0.2543386823046336,-0.09498501136602709,0.14143684753979502,1759343153.3879144
0.21411673007699683,-0.1102563455050472,0.15616512019943074,1759343153.4045308
0.195158607108902,-0.12112470162770982,0.17907321136415427,1759343153.4328983
0.1973679463078942,-0.14310612636151399,0.20781554668104374,1759343153.448617
0.11282069996487136,-0.0806998968109599,0.1796547709305163,1759343153.467537
0.07706968862324771,-0.09755114121727422,0.19428431846764188,1759343153.4829874
0.05266688134626644,-0.08214823456953292,0.19102101407642516,1759343153.5081663
0.013689224571250366,-0.06209001708989155,0.1786798420908195,1759343153.5281613
-0.045203403210245005,-0.03642928296541514,0.15923908737515366,1759343153.542622
-0.0067677688279036835,-0.027126192061732946,0.14563645445261256,1759343153.563527
-0.05300147626233592,-0.015376484822494887,0.13320393647908693,1759343153.5807147
-0.11079381672917403,-0.005626371003552413,0.11239000076610219,1759343153.596528
-0.12941361412687777,-0.009214766390840849,0.10172446670344946,1759343153.608795
-0.1030889708492369,-0.005662074436030888,0.10022702838678116,1759343153.625838
-0.1926179522576018,0.024957886015317926,0.07117351832174054,1759343153.6432903
-0.2590271821351699,0.04478372974801405,0.05586147195732377,1759343153.6587508
-0.22796340820581645,0.032258193657379086,0.07909525432444674,1759343153.6757662
-0.21840339810673406,0.038970532255354656,0.09109958601546965,1759343153.699632
-0.29707903682717185,0.07094267656670458,0.085162239367751,1759343153.717503
-0.25507465194628437,0.0740208507677485,0.09931564423651014,1759343153.7297986
-0.20020568531008848,0.05695112187986655,0.11035929641835879,1759343153.7435431
-0.16410072432726241,0.042245625182555216,0.11735269131504139,1759343153.7560835
-0.11646716680996358,0.030923693045304526,0.12358465702820413,1759343153.7716897
-0.15926061840324635,0.047907849186763135,0.12265875125407476,1759343153.7855997
-0.1583262814147472,0.04877179463338109,0.12440351136643961,1759343153.8026202
-0.14849918367046824,0.05791785160252267,0.11739516893327609,1759343153.8391943
-0.14403898072416596,0.07645526339755626,0.08868410835330968,1759343153.870162
-0.08075342293330921,0.03370050212857637,0.06675338221323164,1759343153.887144
-0.058409730163094045,0.006369058506379535,0.07908036278312455,1759343153.9029129
-0.04481804063845542,-0.004408889286336923,0.07041924774593578,1759343153.9220192
-0.030425867673096366,-0.014946237149818915,0.060665079523217966,1759343153.9468582
-0.01989158383150519,-0.021603612078969943,0.055158176748804924,1759343153.9642954
-0.01661829083106886,-0.027080889649387634,0.06250647716277785,1759343153.9846127
-0.007671974715166424,-0.030399455886734168,0.06637539130176452,1759343153.99993
-0.006576253255258471,-0.032958726912782906,0.07382398980387228,1759343154.0145826
-0.029135951510569632,-0.015441442907907272,0.09304048594042652,1759343154.0455906
0.033479443088340055,-0.055293070168474956,0.090689713820743,1759343154.0685022
0.027645373724339714,-0.04172478643812855,0.12014359334081737,1759343154.0911207
0.024663852668999398,-0.03246754020998035,0.13759275199321971,1759343154.1136844
0.023434586863749204,-0.029749600612249488,0.14629594017952696,1759343154.1347194
0.02898718526050133,-0.02498908522501965,0.15979004405580718,1759343154.1773553
0.0523476717051177,-0.024958939708228704,0.18766701691269838,1759343154.1998825
0.033849859007650834,-0.02121317929163192,0.16849854598952804,1759343154.2156708
0.0312005124400926,-0.0236727106070577,0.16222692842978303,1759343154.232581
0.03187061501604661,-0.025048431883925373,0.16120138263256328,1759343154.2461166
0.027099622564472993,-0.024558108915531812,0.15801590015859432,1759343154.2614532
0.01596849768030234,-0.02205483975118411,0.148396752742439,1759343154.2764935
0.025743173420121036,-0.026413531499323975,0.15489403065913862,1759343154.2903795
0.010011393708128287,-0.022468144117119945,0.1421158648503842,1759343154.3060474
0.004395597830581261,-0.019513428002119075,0.13755792995007657,1759343154.3219764
-0.003827571265209739,-0.019649493132565414,0.13343595352508242,1759343154.3409555
-0.01411056207306633,-0.021208465247684674,0.1292935990161616,1759343154.3570142
-0.017923544070011205,-0.01656652243357874,0.12479971255116765,1759343154.3717935
-0.030262402120618485,-0.016244204678451588,0.11614821615592408,1759343154.3861935
-0.0274280964118031,-0.015592348535460874,0.11647222190355921,1759343154.405208
-0.0393089422633247,-0.017653746484888613,0.10576250390365553,1759343154.428636
-0.03727341205370272,-0.01979847314583086,0.10477305093652721,1759343154.4534223
-0.04202505877868044,-0.023056812615158826,0.09969494126679397,1759343154.475081
-0.04621381548068601,-0.024695398004934716,0.09429742930143531,1759343154.5047622
-0.053446723335058274,-0.03014174994499669,0.09371955132485305,1759343154.5282297
-0.05806703682613719,-0.030667112122829653,0.09706901785009568,1759343154.5546436
-0.06425875057328459,-0.028015737588674653,0.09931299092809859,1759343154.5755827
-0.06894879277485319,-0.019973113475218324,0.10563758832529313,1759343154.5963993
-0.057840342030937436,-0.008705173777447847,0.11570109781016465,1759343154.6144755
-0.06458410753026504,0.011118001007166135,0.1316726458792843,1759343154.626654
-0.054226571418215186,0.032274210449944475,0.15742727790619865,1759343154.6437428
-0.02767682845742757,0.04661333455689936,0.17350511661613421,1759343154.6561022
0.037205541812579596,0.0642624305267734,0.22057408008025176,1759343154.691828
0.09590863414653841,0.0766962793552301,0.25866549172865433,1759343154.713341
0.22280852184796615,0.11069726277192721,0.37189177326901834,1759343154.7418957
0.30044857193971847,0.05466829570965019,0.3423561276475038,1759343154.7609785
0.41414407975522527,0.024447757843253003,0.32499950646866005,1759343154.7817175
0.33261486191900425,-0.021858164033629897,0.24289708169225288,1759343154.802419
0.42905555212050833,-0.09073135612809918,0.23067526452886333,1759343154.8213162
0.3649633030890852,-0.11653159927555648,0.20602971471317105,1759343154.8403018
0.36506116122038845,-0.14371213195839513,0.17690754254681273,1759343154.857063
0.24132063123773512,-0.10739245431655856,0.17284466404543214,1759343154.8717494
0.17428936653500532,-0.0613048812171173,0.17558304182408085,1759343154.8873804
0.24903211825764146,-0.10961772529112361,0.19452323496974777,1759343154.9086285
0.12070556016888619,-0.05581412700425825,0.18513293136909972,1759343154.9295578
0.05852474761689592,-0.0834917892318498,0.22251772353792876,1759343154.945969
0.09951927328432648,-0.033186538190726984,0.1870950793507406,1759343154.9652562
0.04387685961319383,-0.0459236823073763,0.2199592977690911,1759343154.9949648
-0.0014925255174189633,-0.021583168017497368,0.2338611899159629,1759343155.0126836
-0.01564116444147451,-0.0030499707451969,0.22514662352546227,1759343155.0412312
0.014238337727951661,-0.013128188877455902,0.20090630535164594,1759343155.0670905
-0.3356511596017666,0.07960944434704993,0.22259398229224514,1759343155.08464
-0.08478470109786199,0.049295507747958496,0.17708263450658798,1759343155.1003003
-0.03277545802306519,0.035705566763154964,0.18030854662901438,1759343155.1209154
-0.12455774699597622,0.07206631397442856,0.16448512504775747,1759343155.1397796
-0.08416380949716765,0.0289378909227329,0.16721237568891667,1759343155.1849668
-0.1729628356189415,0.049568134486129116,0.1366213234013013,1759343155.2000484
-0.043972995762812196,0.012835606741162669,0.15923051918242795,1759343155.2318225
-0.07381280917412361,0.010253384427052835,0.14713477235877148,1759343155.2492976
-0.045441844706431055,0.004153260493810137,0.1574978260457108,1759343155.2651896
-0.02129210274562838,0.000916859882845253,0.1639587617865359,1759343155.2848916
-0.04294576898817037,0.0005233373210338696,0.14775253078075654,1759343155.3031714
-0.0206316785103996,0.005261013688993032,0.14975698888388517,1759343155.3171196
-0.008098470380655557,-0.0007119213388315766,0.15319565607387053,1759343155.359471
-0.004175338659827965,-0.006205698639187588,0.13208998463827315,1759343155.385584
0.006198197440805614,-0.019977217924340658,0.13338595150594182,1759343155.4056273
0.0055397303032420995,-0.016520304445981383,0.1471705640947016,1759343155.4270785
0.01742414299419189,-0.02959688899120719,0.1352125614614647,1759343155.447159
0.018702145630885694,-0.021018335500994346,0.14642179973385322,1759343155.4839656
0.016152585282878867,-0.023610864295255527,0.15248959832289938,1759343155.5171754
0.01042144067011289,-0.01497710926398469,0.15808528667961969,1759343155.534958
0.005061277111522324,-0.013412505906616343,0.15999600001159034,1759343155.5518413
0.0011946148346481762,-0.011978713983078294,0.16383253446483934,1759343155.568733
-0.000593726630387701,-0.012857797517955231,0.16478096181524995,1759343155.5899284
0.0016578463459003684,-0.010991164480483881,0.16522540584602746,1759343155.6088405
0.0012794529403708167,-0.012972668327030196,0.16784088639610908,1759343155.6273096
-0.004914899035390967,-0.018736083625629098,0.1726224009862341,1759343155.6509287
-0.002300337660890141,-0.014651235866535172,0.16981987814952249,1759343155.671653
-0.0019442411903237132,-0.013484846028389176,0.17028824449155153,1759343155.692233
-0.0013031524613590334,-0.010927722591241328,0.16719837366232596,1759343155.7241845
-0.009329012803094415,-0.01206029181063448,0.17022910889963,1759343155.7683165
-0.019962646563706086,-0.010062283226315446,0.1631407613462666,1759343155.8037882
-0.018546715114690457,-0.006737281815461396,0.15743230198784536,1759343155.833989
-0.020996725070335502,-0.005621004008220822,0.15182638280216973,1759343155.8596935
-0.01869754238397262,-0.007237332192620694,0.15128695245140672,1759343155.8799438
-0.029375255778679887,-0.005931917143659024,0.13816214656879305,1759343155.9031177
-0.023624328161048282,-0.00764706621313044,0.14098588384517843,1759343155.9297
-0.03801440798699931,-0.010179492025400416,0.1286203251850874,1759343155.9560592
-0.04055355510326146,-0.008524556853828602,0.13221127518949782,1759343155.979524
-0.033577440565845294,-0.005274068435717576,0.14124173117365157,1759343155.9999382
-0.05059269136209882,0.006656897641716845,0.14193333629876284,1759343156.0167274
-0.03523710058572538,0.008326723619967821,0.15952684106396212,1759343156.037785
-0.02867580172674069,0.03448273113860009,0.18822962471081758,1759343156.0577335
0.016081486239333757,0.055319868439302956,0.2260078840210124,1759343156.078756
0.04701211508355165,0.044198246755147344,0.23198959188729196,1759343156.0991733
0.11849814131633864,0.04507939430729384,0.2768340353451325,1759343156.1211653
0.2103747241844952,0.028467031702210967,0.31390814105537956,1759343156.143203
0.2843610696911394,-0.0058841219673598285,0.31925810936972265,1759343156.1598148
0.26761498107673565,-0.022743147179341214,0.2707035810395513,1759343156.1773946
0.35658571738517,-0.04044884832866808,0.26527032689495667,1759343156.1958525
0.29650301535325585,-0.04987746792764467,0.2340230750428086,1759343156.214014
0.25312585667952764,-0.06122252705905971,0.21724056212013926,1759343156.230255
0.4061405713451143,-0.13547848238171625,0.19274928770484673,1759343156.248188
0.20038174978544715,-0.06808992337848968,0.18525296927038484,1759343156.2678268
0.25047431144164056,-0.11096693945514247,0.17263926524488485,1759343156.283821
0.21931449117138202,-0.10777494413138607,0.17843954992770925,1759343156.3046632
0.18033894261965489,-0.0938164619892439,0.19737954913172379,1759343156.3218265
0.10070003358031704,-0.06336132129261172,0.19833184887567074,1759343156.3351903
0.06088680120032077,-0.03775029901838162,0.19975492924572955,1759343156.3518236
0.04127189846101868,-0.04292609992740337,0.21286473625939062,1759343156.3697157
0.03528035813899273,-0.05112024929250071,0.23108935292510568,1759343156.3906531
0.021161157227611638,-0.03600902132387619,0.23258127764239517,1759343156.4110928
0.01886021992525916,-0.028982221294828716,0.23699799767236984,1759343156.428258
-0.034133235621398236,-0.010394751141012286,0.24092575041664166,1759343156.4416575
-0.012863236737642683,-0.017287627350356605,0.22379269817087039,1759343156.4709628
-0.2349065689403252,0.040929922484755805,0.2179274269948871,1759343156.491442
-0.1562565021149293,0.05820511300386344,0.17834975970636735,1759343156.514181
-0.10601497019763186,0.0529247152459855,0.1727706748456902,1759343156.53276
-0.06638405426979832,0.02504117049411478,0.17901876101507064,1759343156.5510457
-0.1460032775029346,0.039647362085998075,0.16136087074773314,1759343156.5692794
-0.24976411452072372,0.07783592392647883,0.1365283299379436,1759343156.587863
-0.15955474201146821,0.037136897688571785,0.14900945555169914,1759343156.6058104
-0.18590658354271358,0.04472016511754232,0.1382253899637788,1759343156.6265905
-0.12397717650968026,0.02371756771831778,0.158153498157441,1759343156.6448166
-0.11976103104017705,0.0169227347857124,0.16241099198586512,1759343156.665373
-0.07242050141043209,0.01465384358248975,0.17274977972758093,1759343156.6847098
-0.19107279963167997,0.05723285153643575,0.12077066385763818,1759343156.702515
-0.09392047911621587,0.03296947635930539,0.13828683957357218,1759343156.7246497
-0.08789147152553295,0.027977432949724237,0.13246470566275756,1759343156.7426355
-0.0928497653841786,0.026626305373416172,0.10326925554380245,1759343156.762452
-0.07236674096418355,0.005826879998616425,0.1046654440219595,1759343156.782374
-0.054329357662364644,-0.00722836153535052,0.0934733136585659,1759343156.801329
-0.036294086037579984,-0.019835814224765748,0.10841483149191407,1759343156.832702
-0.026478299335633563,-0.012249057536340723,0.12712480120708508,1759343156.8636713
-0.005061645775437822,-0.02653315693103213,0.10883356124855006,1759343156.891176
-0.0070083228949030935,-0.017977816995690173,0.12282160206281814,1759343156.9163182
-0.005768352249121148,-0.018417646650168512,0.12267751130258617,1759343156.94056
-0.004781934585258985,-0.019909230938901512,0.12466097211008824,1759343156.9620416
0.007992641159611985,-0.02422218471323733,0.12189399168262827,1759343156.9803128
-0.014563241654323987,-0.013958137390729054,0.13944181160442762,1759343157.0336254
0.0018679743597215144,-0.027921758706581104,0.13438082102917312,1759343157.053874
-0.009901128275315724,-0.01775602245017057,0.14687586789850426,1759343157.070583
-0.013570141091595293,-0.01685187161723793,0.1496729101519413,1759343157.0876503
-0.015034079019657396,-0.014981764984493648,0.1509930345566985,1759343157.1089928
-0.014089950010902543,-0.013887687809088667,0.15623776332847042,1759343157.1257114
-0.01813368776990279,-0.014351674623358807,0.15570748917317043,1759343157.1467855
-0.020598609854115157,-0.014409952362348351,0.1605675407251655,1759343157.162585
-0.022635798383000522,-0.011534542837824138,0.1559188712933005,1759343157.1812105
-0.023276424303737175,-0.01103858242170084,0.1570897798435535,1759343157.2033184
-0.028685035079526907,-0.009017255070579608,0.16148333005309068,1759343157.2218122
-0.028079724639169506,-0.009086571280966523,0.15733510984378696,1759343157.245541
-0.03372596517095706,-0.006452922926882961,0.16422161144212152,1759343157.2626865
-0.028963733031195458,-0.006500538012319715,0.15854109264187932,1759343157.281056
-0.03370235692168759,-0.0022547086875140364,0.1657731263130374,1759343157.298503
-0.03163781609375775,0.0010697533397146762,0.1664037832476366,1759343157.3148954
-0.03469113968692717,0.0058213241469944645,0.1729477600704215,1759343157.330115
-0.03698103148567934,0.011961654411455086,0.1806638828652995,1759343157.3450117
-0.033458137974015825,0.011004919333944587,0.179228173503027,1759343157.3606603
-0.036251856505517675,0.02891820750595765,0.20549016027537448,1759343157.377305
-0.03376668953446647,0.03735034094840713,0.22333389877194051,1759343157.3933277
-0.024162633812103068,0.03274612408887441,0.22294832785341073,1759343157.409111
-0.002375874774592425,0.04543644810469908,0.23804792857017354,1759343157.4267845
0.01752994320969262,0.041268741372569966,0.23856174251145426,1759343157.4436662
0.06925503024250651,0.05229772537177702,0.27003518430674645,1759343157.4688215
0.17648447344827833,0.0556386833702528,0.31026477623214516,1759343157.491928
0.21344390984514372,0.026841980247814097,0.2665617481345718,1759343157.513717
0.33219453149250244,-0.002667254902936749,0.27192406805021313,1759343157.5374017
0.3282878029426346,-0.03067487086527554,0.20520819809785196,1759343157.5605607
0.3951981461067656,-0.06419637032059786,0.1605667509108211,1759343157.5986483
0.4474871136642389,-0.108978367001352,0.12742814273619954,1759343157.6344533
0.3674326784253162,-0.12513640562325545,0.16091055873520205,1759343157.650499
0.22901922971660985,-0.08664189059638358,0.19416187099876786,1759343157.667537
0.19870538165711302,-0.09322888065563067,0.21386620380406696,1759343157.7004402
0.11034868126754566,-0.06232685873425739,0.22548150595950345,1759343157.726286
0.03152658994592611,-0.017258952858912012,0.23093586516172263,1759343157.748434
0.0007563412438598566,-0.033238745474274856,0.25909237353407794,1759343157.7742388
0.007180150426272305,-0.029153581667555294,0.25173948103670024,1759343157.8025
-0.06499038116677536,-0.001127087827765414,0.2503994037763317,1759343157.8300283
-0.21516014618232268,0.02369829053147467,0.24714452364195968,1759343157.8530364
-0.07154828995857274,0.018608911705605777,0.2062929187798431,1759343157.86921
-0.12492225908661755,0.05070692134647188,0.19473785010376793,1759343157.886768
-0.13265905408577164,0.04548176498432214,0.18626090139508059,1759343157.8985271
-0.12651641324055107,0.04826164654333415,0.180192723437264,1759343157.9099789
-0.12462728924489827,0.045857707086345206,0.17670511360523442,1759343157.9224775
-0.05350296317249872,0.019769926768947378,0.18737915447715706,1759343157.9413006
-0.14687476081312936,0.03741263845019319,0.16936914458920094,1759343157.9552536
-0.09192670718990566,0.026749764286055615,0.17281389680357662,1759343157.9718614
-0.11024836276413472,0.027899250579305375,0.1614774606389684,1759343157.9854715
-0.09994957521099121,0.022063403300466064,0.15638301224026138,1759343158.0050085
-0.10028575924235181,0.018372543838006884,0.14447902930870332,1759343158.0254445
-0.11486244369125066,0.012813734104899225,0.12477235893865081,1759343158.0451
-0.05252515577611517,0.004624000246820585,0.14504793746380523,1759343158.068079
-0.05492369538761089,0.007944521513966608,0.12479982172223589,1759343158.092409
-0.06718121666873803,0.009849922734516913,0.08841806797837164,1759343158.1133358
-0.027740967087640254,0.0014806752601450022,0.12275838684825582,1759343158.164279
-0.034936150792922505,-0.02411271344664402,0.033074614693761994,1759343158.189823
-0.0114742845108489,-0.02332074281894561,0.09919403289911109,1759343158.2108853
-0.008375085528008612,-0.027277729304646253,0.08326021077534006,1759343158.24779
-0.0008250882923865922,-0.020781001121056797,0.1097486593758679,1759343158.268017
-0.00012819728258942932,-0.03570464676280085,0.09878525469791094,1759343158.297554
0.0073272552406836704,-0.035153328706228976,0.10910131374596735,1759343158.3274045
0.00880076735292999,-0.03871836735996457,0.1227176286720223,1759343158.3448217
-0.001983315614292696,-0.025737709299284567,0.14178221084557918,1759343158.3684194
-0.003748172026375871,-0.025057967527009728,0.14894696856389275,1759343158.3924134
-0.0068796573159198605,-0.025278103651252423,0.15993109588309995,1759343158.4115598
-0.011415794869729576,-0.02128246915394299,0.16745998821983082,1759343158.4330022
-0.01592824875568146,-0.01876615960427592,0.16906791336309668,1759343158.4640546
-0.017209861135785317,-0.016006504228796983,0.17226619025515474,1759343158.4876792
-0.019560359468877166,-0.014343328504093093,0.17551400325477748,1759343158.5115905
-0.022422792686993463,-0.012794176666949411,0.17679598092564613,1759343158.5324318
-0.023549662669810147,-0.007226806589560948,0.18037744350772741,1759343158.5642326
-0.021446289840364938,-0.003602945115832491,0.18146058053735958,1759343158.5874732
-0.018803317087842594,0.0030993018618846752,0.18106079294933622,1759343158.617066
-0.012126568283721283,0.009874750319786378,0.1843460176095648,1759343158.631436
-0.0019275747331831614,0.019045038398113834,0.192022268387357,1759343158.651447
0.018627355693407205,0.024845932451993066,0.19528174513689717,1759343158.673658
0.04116850569575082,0.022874698460687275,0.19423547532739605,1759343158.6940365
0.06196272639096552,0.019410301785654074,0.19826584871695457,1759343158.7160945
0.12912498118985544,0.01889513461763314,0.21581365673235908,1759343158.7303278
0.13826589093973063,0.01335347182068371,0.2080551419518581,1759343158.7439115
0.1346309589889328,0.0019336187676326742,0.2044693769230449,1759343158.7572286
0.15478217058153002,0.00012371110874381894,0.20262405668676103,1759343158.7698014
0.18933000239068806,-0.014720566412705948,0.2107636180593806,1759343158.7820344
0.20133668540134836,0.015865006997071166,0.1918543424938542,1759343158.794248
0.3359061515896114,0.013532351369034674,0.2107151574985867,1759343158.8063302
0.34713971998445053,0.0029621552573328904,0.21651499345858588,1759343158.8192554
0.2944377836041799,-0.02619758472139877,0.21067219711012206,1759343158.8313446
0.18720164533079436,-0.019012581246341698,0.19741959239384252,1759343158.8476188
0.33081143220396,-0.031985762963157395,0.2079151481865961,1759343158.863563
0.21970808192629115,-0.024555661809720367,0.1942058148443742,1759343158.879244
0.4453149787242613,-0.07592683495222953,0.20827813038805285,1759343158.8926778
0.30274923149088184,-0.0554432503277208,0.18987077059995947,1759343158.9097817
0.2240134687175689,-0.04274091797477696,0.17840399159088752,1759343158.9250607
0.21181818055124002,-0.05066291587860098,0.17164103817315646,1759343158.9426873
0.16220723797608091,-0.036084420853371685,0.1731287198663306,1759343158.9615283
0.15795132619656635,-0.042244409576047186,0.17267078789671048,1759343158.9776676
0.1466364868751602,-0.09796059671191684,0.17465616463411185,1759343158.996035
0.0813353714120805,-0.058542962633554976,0.18122602935512236,1759343159.009513
0.04884782988408434,-0.054598178451885304,0.19361561898601118,1759343159.0260172
0.03367478644193128,-0.040968760886013075,0.19319424197237145,1759343159.0398428
0.022712786897823342,-0.0321273981529445,0.1963152275335747,1759343159.0551603
0.012577847979304183,-0.0256882273827748,0.18978137378026963,1759343159.0687356
-0.04610043741947474,-0.03638415588252316,0.19181582089694182,1759343159.080913
-0.0700291026801395,-0.023335565173121967,0.17411814648392732,1759343159.0917022
-0.08531663404071219,-0.011742887119978167,0.16464944778973215,1759343159.1041036
-0.06143569702001109,-0.01335610760380102,0.16033865456919427,1759343159.116378
-0.03684816397873278,-0.014707055575866804,0.16454817176077957,1759343159.1280048
-0.16081779952285172,0.00854049227273214,0.13997419315564824,1759343159.142378
-0.0853759458196074,-0.004214413893432495,0.15301641203038843,1759343159.1618514
-0.08189968167274862,-0.00025786274409812793,0.15167757737541024,1759343159.1824255
-0.16681591935986864,0.01649386484389591,0.13448074381508934,1759343159.2012212
-0.16332017119383513,0.026310658136756728,0.1341347634199035,1759343159.217438
-0.09599551913767573,0.00797549860158355,0.14849130598935248,1759343159.2401228
-0.16553953416071834,0.02576640382349143,0.13510445449742592,1759343159.2561364
-0.14671454519444038,0.028762459362947308,0.13661655282064333,1759343159.2780252
-0.0762368062711391,0.009334881328357733,0.151215104097979,1759343159.2984192
-0.05442724777844639,0.002307368845305616,0.15664621717804006,1759343159.3134704
-0.022202790691872934,-0.004840975564121249,0.1624024008299421,1759343159.343623
-0.18552838442234132,0.011830086507539087,0.1385342099910749,1759343159.3740754
-0.27154137319983734,0.02839724609986708,0.0905048230147007,1759343159.4016814
-0.10375082451524638,0.0030222099536246017,0.10854898134273946,1759343159.4159305
-0.07929291717296783,0.001748373090179508,0.0923753946871255,1759343159.4301455
-0.05659214490908405,-0.006454283082777811,0.11858762107983092,1759343159.4470592
-0.059895150511486264,-0.014222714500632295,0.10688107288184745,1759343159.460724
-0.05012134994166233,-0.023157206921762066,0.09643455377867263,1759343159.475313
-0.0398304143518973,-0.025986571900137173,0.10266842576775768,1759343159.488912
-0.03663395258499513,-0.02642700549646608,0.10816383063486822,1759343159.507207
-0.030590035709401664,-0.03866161788528293,0.08898490607216805,1759343159.527015
-0.020214995540246423,-0.02987249877405048,0.0993321654113866,1759343159.548309
-0.017783622153916982,-0.02661015995380668,0.10763026618700966,1759343159.5687618
-0.013988537094581324,-0.03298962614145374,0.10642004156270328,1759343159.5906403
-0.00037874958106594997,-0.033969291097374545,0.10603437157670101,1759343159.612007
-0.0017910853735869196,-0.029896297022401076,0.11859562672941411,1759343159.632228
-0.01018734574372641,-0.02628394209867413,0.12667848962653075,1759343159.6455772
-0.008030197721261956,-0.02397459264957938,0.12946330048400945,1759343159.6604545
-0.0001965165415321532,-0.026021447533835982,0.13227347523889352,1759343159.6740887
-0.007101164852939514,-0.02211123966389298,0.13631792899567158,1759343159.6876574
-0.006346253085769624,-0.021420906964296483,0.13970861323650033,1759343159.7004275
-0.0061557457723164025,-0.01972357780402459,0.14268687714918207,1759343159.715482
-0.007449455259225319,-0.01843010697167862,0.14470082899818468,1759343159.7297208
-0.001459891542306361,-0.016799274884851414,0.15130245901695835,1759343159.744167
-0.007075951960793712,-0.013598902573134284,0.15142607918771764,1759343159.760208
-0.0013738978165909362,-0.01252557047385125,0.15876427017172534,1759343159.7762945
-0.0012217205816858687,-0.01074413005648367,0.1624080438355039,1759343159.791998
0.0021971173383367806,-0.007744659223858994,0.16784831539897024,1759343159.8062932
-0.0021543704970509725,-0.008654607880747314,0.16466258717285684,1759343159.8211968
0.0029671454802864955,-0.007752445502271641,0.17080333885273014,1759343159.834916
-0.0017188313984607961,-0.008849186480485396,0.1655346854549468,1759343159.862678
0.008825976453082533,-0.006261710472298139,0.17853356866298606,1759343159.8805306
0.011340779187004338,-0.007067285417426311,0.18033219915664386,1759343159.908279
0.012271284954117289,-0.008290364640030187,0.17601033070701386,1759343159.9273107
0.017136382666541897,-0.010808759524708764,0.17450982795992878,1759343159.9388373
0.005596736880563802,-0.017056236727479822,0.1579749331628303,1759343159.9589274
-0.005060324681742668,-0.021635075977458965,0.15002388203648215,1759343159.975561
-0.022076099385125426,-0.025748104181345353,0.14103769842663594,1759343160.018905
-0.09235139049557245,-0.029227079626335434,0.09666170658778137,1759343160.042084
-0.12919773591131226,-0.013529260867185467,0.08854509939687888,1759343160.059361
-0.14360116443074375,-0.009406701261848158,0.08891332051735765,1759343160.0835996
-0.16755731265644191,-0.006910959374549358,0.08732339358452554,1759343160.100602
-0.3442676526774051,0.008620470448548127,0.038512362188035165,1759343160.118476
-0.2557057697397124,0.006924331853967626,0.07884802078175143,1759343160.1541448
-0.3707343736702473,0.02618235493900515,0.07126160375869584,1759343160.1751597
-0.37824880758524715,0.03165089979776273,0.09333594885555624,1759343160.19344
-0.35113436679274085,0.02109113070020498,0.10571284724916459,1759343160.2198973
-0.4242315096964635,0.08863424001736918,0.1648874862629572,1759343160.2635777
-0.2908976054255717,0.06748448242612139,0.1803075291703882,1759343160.2832282
-0.27457464101754403,0.14225497539182827,0.25231591146121835,1759343160.3100228
-0.17866171585044663,0.07257132655963826,0.2315450422016867,1759343160.3306198
-0.1270425793928178,0.029332793066333247,0.18332575973899748,1759343160.346867
-0.10433876283672383,0.024643759789562535,0.19038347472343248,1759343160.3667383
-0.05652125471604706,0.0262435882886259,0.21229622941759352,1759343160.380927
-0.07266261710513407,0.019045500157295808,0.1862160061368401,1759343160.4036255
-0.07124487478110582,0.012061627500917355,0.16555276019568607,1759343160.4184074
-0.05721841101615588,0.007923149070331557,0.158347271657884,1759343160.432646
-0.03718791653810527,0.005807622899327963,0.15948484794580983,1759343160.4455054
-0.049059284367180836,0.002754038834780875,0.1547101277206635,1759343160.4608605
0.012067034614353378,-0.025594636538804644,0.15568440783457685,1759343160.4812825
0.008137135894806566,-0.047793958709757306,0.14585049680262946,1759343160.5021484
-0.018260598889171975,-0.03419338422747667,0.14335333846946202,1759343160.5243452
0.07214431256099392,-0.07466045255395104,0.12928592781237883,1759343160.5443246
0.01708046654162422,-0.04537148314638758,0.12716012980322294,1759343160.5632198
0.05534080053067994,-0.05189332113415241,0.12484887545807664,1759343160.5828738
0.07429144481962971,-0.05209085471638369,0.1345347515967396,1759343160.60167
0.02542552500273372,-0.036958638524771346,0.14359520582223534,1759343160.632571
0.05519588445108142,-0.03542970811121568,0.15466934108685038,1759343160.6548214
0.03058026185818391,-0.026707381933285618,0.16251755245750163,1759343160.679337
0.024758800585693963,-0.03081790869914492,0.1736689976145868,1759343160.708294
0.05220118538910788,-0.04035442189612051,0.20495462665590386,1759343160.733981
0.004669188787442789,-0.025937893747394566,0.1960561938681286,1759343160.764284
-0.005079035516292921,-0.027419696232180574,0.20686530987743293,1759343160.786867
-0.022269707150079476,-0.016022787215165712,0.19305728921845328,1759343160.8129146
-0.036919892599892215,-0.010947488366710932,0.17889756153997968,1759343160.8320875
-0.04495231568254016,-0.008389637221771443,0.1801480885383873,1759343160.8507009
-0.04478711315456369,-0.006770518645702413,0.16988586354530216,1759343160.873558
-0.048789397536417846,-0.005905692536709093,0.16514728435556747,1759343160.897215
-0.04886325123327354,-0.008807371868020903,0.1603584332694006,1759343160.9220915
-0.04923348005855252,-0.006114869337079901,0.15432403521311058,1759343160.9448977
-0.04595430536880164,-0.004947811670496879,0.1516794013350015,1759343160.9599617
-0.04486548326312623,-0.010671473981375218,0.15459510686494196,1759343160.987601
-0.04306852554083759,-0.007349733709183773,0.1417070035854855,1759343161.009851
-0.03682010341854928,-0.007556826285359943,0.13493916422568847,1759343161.047248
-0.03532937350689641,-0.0073484242325003515,0.14494426933059576,1759343161.0770705
-0.02627630532821954,-0.006203078419414051,0.1427275570306466,1759343161.1280391
-0.002928869311579617,-0.008419662887029665,0.1313474876294195,1759343161.173236
-0.027254061379332645,-0.02933728976401132,0.13248257844873096,1759343161.2166965
-0.09443681164387702,-0.045774228158080965,0.11613070411017898,1759343161.2571244
-0.23313992981678922,-0.059915675892983924,0.06831275356055651,1759343161.2846217
-0.23119679519148867,-0.04365465864452074,0.07932470652412472,1759343161.307381
-0.34432331705362285,-0.04951175114936418,0.04272861640113275,1759343161.328437
-0.3481446795553934,-0.026780734425169643,0.04563054511518637,1759343161.352414
-0.36384445354964523,0.008499276369314211,0.06512854116204576,1759343161.3730364
-0.3352281668910553,0.011110152930502045,0.08423154264827633,1759343161.3965049
-0.3663004278378287,0.022283083947082106,0.11334420799112692,1759343161.418534
-0.3001717931955262,0.03512300879086633,0.16106262452637746,1759343161.439747
-0.25575042176180524,0.05233452481472729,0.21092381228369983,1759343161.461699
-0.22384758007490718,0.08451663526260703,0.27836787344281405,1759343161.481713
-0.1813710476071056,0.078542042937047,0.2827279308481069,1759343161.500739
-0.14359399230599498,0.06362188066112004,0.24625335208581467,1759343161.5201738
-0.13696531736578113,0.027771434610481618,0.1870423472974659,1759343161.5419412
-0.08432518843213976,0.045059378338660326,0.2131659394900608,1759343161.5581112
0.05275257356172891,0.03622760909613318,0.20732392987906853,1759343161.5704937
-0.07808859634702295,0.0024335666471521408,0.1551911141552651,1759343161.5824437
-0.1053636348650553,0.0010413512287924965,0.15168908101245035,1759343161.5946178
-0.1442352693092823,0.006153677931670099,0.15512860499435663,1759343161.6077409
0.03573165522157237,-0.019287493086861625,0.14056957999078384,1759343161.6190054
-0.057139574144560445,-0.014051774457434288,0.14034335885061566,1759343161.6305451
0.5312027552443949,-0.1902113663466189,0.022345003535080538,1759343161.6412172
0.05837169315991994,-0.06344905442003365,0.1235598350786901,1759343161.6523905
0.010367140918648057,-0.05210450943493064,0.12673247924499453,1759343161.6642995
-0.07425590653878586,-0.018483739469605652,0.14193180990118334,1759343161.6931384
0.23662990627439823,-0.1206694650393542,0.1014750519946078,1759343161.7069592
0.023417314992766308,-0.045563649494939545,0.13764025739793456,1759343161.7341125
0.203459368258704,-0.09681500961555817,0.13100993820835347,1759343161.767345
0.2116843731131285,-0.04750299000320672,0.18361896655133153,1759343161.791722
0.04527025212459762,-0.01872317780360748,0.19272304392981976,1759343161.8296404
0.02402580966379525,-0.04606486002388666,0.21055245188275418,1759343161.8496256
0.004622234580484507,-0.029816036248878807,0.2397224454843906,1759343161.866753
-0.025199114899525813,-0.03162614743241428,0.23565934813962444,1759343161.8849373
-0.03972197515986285,-0.023962490156310117,0.22000875206912454,1759343161.9032395
-0.04806745140696303,-0.014072167171944514,0.22186893665075608,1759343161.9224014
-0.05323482608391222,-0.009625228060237164,0.204158967760456,1759343161.9401174
-0.06788587266749325,-0.008065905269352157,0.2005940716127187,1759343161.9585965
-0.06517439519986767,-0.007151537233529957,0.18705347028818245,1759343161.9811306
-0.06758403556129794,-0.00799030987607124,0.1740454109843195,1759343162.0003057
-0.06116971630009685,-0.009447827408746667,0.16523780902034937,1759343162.033648
-0.06235343287700845,-0.01196980297292926,0.15217621922345895,1759343162.059617
-0.0634855206940651,-0.013484484656687862,0.1257535188945307,1759343162.082446
-0.05408724107529391,-0.018257053809083115,0.11296322725710897,1759343162.116883
-0.04713251662266873,-0.018095545864761906,0.11445587541044926,1759343162.1364334
-0.04253552652443471,-0.020417221806889978,0.13739198099343952,1759343162.155304
-0.04091907410854363,-0.019083229078234405,0.11334253735742689,1759343162.1873977
-0.03757425579514191,-0.005330794366527385,0.12050047231523588,1759343162.210095
-0.034709035111981944,0.026955921105915673,0.12204508025232272,1759343162.2398157
-0.030819908408680215,0.05429532420942855,0.1371677406823802,1759343162.2655115
-0.025213113661236727,0.11489759941657349,0.14629922843810136,1759343162.2970188
-0.013789575921700582,0.23902364591235237,0.15840705336360072,1759343162.3206174
-0.006675224973661707,0.30792522342972617,0.17124050888203712,1759343162.350711
-0.019072168558239726,0.3090973355617113,0.19429600829958676,1759343162.3807762
-0.00957928284030021,0.38348844371530805,0.22945437459889312,1759343162.4033618
-0.02408919789079704,0.3353668869553331,0.2393722045733913,1759343162.422908
-0.09668646567227929,0.4262345790580451,0.31679741500848196,1759343162.4448571
-0.08720162582051423,0.30298869075372803,0.26064318420614296,1759343162.4633248
-0.12038157323019763,0.34102927844064224,0.29568089527410585,1759343162.5202503
-0.1116618223728136,0.27560768649095524,0.2726468129809867,1759343162.5436492
-0.13711279145763197,0.19311550099305497,0.24034163538810893,1759343162.586146
-0.11296651922483783,0.1023052376537453,0.18307628239350418,1759343162.6201787
-0.15546719573795548,0.0321824639286421,0.14984292553924153,1759343162.648431
-0.1225481444290372,0.028321168091653207,0.0968532339620401,1759343162.6841173
-0.10308998446670402,0.005607411748753871,0.08113725519832643,1759343162.7176049
-0.07849776035911432,-0.13945032897753418,-0.03261899803316706,1759343162.7382169
-0.022573213837008388,-0.12609265105594625,-0.004884834852558834,1759343162.771946
-0.0315430215570823,-0.054011890690288916,0.0641503001745003,1759343162.8058765
0.0009446989745531681,-0.09262974716087749,0.04542769972903121,1759343162.8376348
0.09865371938227757,-0.2222029157177943,-0.023600033564953146,1759343162.8599882
0.03080107213833265,-0.08217912632105909,0.06300666137821406,1759343162.8825474
0.05627924038083237,-0.11228628191253358,0.05677540611886901,1759343162.896763
0.024091738582935653,-0.05245937842859838,0.08817771949982627,1759343162.9088647
0.03179261897982632,-0.05598962055082528,0.0902639633322046,1759343162.923499
0.019227509453300137,-0.03632824883072461,0.0988361886101748,1759343162.9375012
0.05809273065843889,-0.07414823191256559,0.0961717363022428,1759343162.951882
-0.0011531420408984645,-0.013749615605360213,0.11480683818132359,1759343162.96362
0.03686886800701237,-0.05434913788983334,0.11946936790082979,1759343162.977775
0.03875528081286271,-0.044495115375104505,0.12970043517840066,1759343162.9932303
0.04593573006201107,-0.04412209787274447,0.15186004143007828,1759343163.0048587
0.0019830546202245225,-0.010806916530212724,0.1339696725991185,1759343163.015678
0.03109350355204851,-0.022890197510499585,0.16801937835332564,1759343163.0265758
-0.001420926788113782,-0.0016289313000929506,0.143619309295374,1759343163.036687
-0.0034489405883412344,-0.002783072375829542,0.1443857041745591,1759343163.049048
-0.007234192956781429,0.0037939696713566342,0.15978667207954,1759343163.0757215
-0.010945154835296216,0.017930781017051735,0.20297717191717404,1759343163.086716
-0.025126832286877992,0.014460010444940453,0.16070875244456906,1759343163.0976377
-0.024481689397132113,0.014020341515403906,0.14638741132401145,1759343163.1116009
-0.04041681591441161,0.02421064550663974,0.17881794205251972,1759343163.123026
-0.03690825766263987,0.022906388447181465,0.16185397637331742,1759343163.1340272
-0.034644341682113625,0.016999464560952575,0.15105703222743758,1759343163.148596
-0.03758484759071638,0.025123816551357758,0.15335565937574572,1759343163.162779
-0.0453667219746549,0.021842280498341023,0.14968154448627,1759343163.1776285
-0.05278958387607666,0.01893939676885581,0.14632678611753383,1759343163.1911452
-0.04448825322867775,0.015173435176030012,0.13713086610946654,1759343163.207513
-0.03951086196324213,0.021390236844523965,0.12849941003249463,1759343163.2247362
-0.03358548363977695,0.016615547775459656,0.1266092370709715,1759343163.2407951
-0.03820752976527653,0.025244326723993977,0.1214988566601628,1759343163.254505
-0.04444198545597734,0.04491502471131533,0.10952542622285108,1759343163.2666824
-0.036067678285190266,0.043619424663079415,0.11262341557088512,1759343163.285129
-0.0358111399060823,0.08985529038098894,0.09002267221147707,1759343163.3022015
-0.03995333599028829,0.10426282824532378,0.09380307579065966,1759343163.3206828
-0.040844242092516136,0.1334442409416576,0.09355653737078648,1759343163.335177
-0.0296479641837783,0.09526268679971296,0.1103058252860025,1759343163.3460748
-0.03648634827567099,0.255511140510779,0.09558308588472021,1759343163.3638203
-0.019714254511945497,0.21672780562521504,0.11487883894404985,1759343163.388608
0.0033709264303676927,0.31525931422424436,0.13724911149994345,1759343163.4107966
-0.0029733490693936576,0.3753676274916964,0.17946663913774913,1759343163.431272
-0.014041549840707759,0.33215820247796624,0.1865357852832648,1759343163.449813
-0.023224737527762072,0.31998914586174976,0.19401366381399998,1759343163.4760146
-0.051651927103556046,0.2755055315817666,0.20412583877403967,1759343163.4975867
-0.1065195890118211,0.35823607199239704,0.2592770706830376,1759343163.5147414
-0.08119795217245879,0.2607190396472385,0.21557347006000482,1759343163.5389514
-0.0671336588518223,0.2176781193263157,0.20011508154881785,1759343163.5599933
-0.06691630698335846,0.19111934163719305,0.19672649921557359,1759343163.5812404
-0.0772790383145289,0.16961726638092975,0.19549264627289406,1759343163.60383
-0.06253798909579301,0.11029421921282984,0.15659127490911934,1759343163.6220682
-0.055251838154641866,0.09991506342683043,0.1419831173325865,1759343163.641439
-0.059814858129882784,0.04441720351638531,0.1100498835091308,1759343163.664388
-0.051169509738444155,0.013669611723768349,0.08789619985457886,1759343163.6836736
-0.05127825181522966,0.011286474030811386,0.09496363249046239,1759343163.699951
-0.03987971471597369,0.0006117939668017491,0.08583623335861443,1759343163.714086
-0.019718176419801087,-0.049781740853940354,0.0530845070017867,1759343163.7291512
-0.023316619210117913,-0.019155086003142474,0.07591830292224908,1759343163.7432246
-0.030388790555022603,-0.01281508060289649,0.08127739025667638,1759343163.7624428
-0.009758728112862096,-0.08507035377412049,0.038081495183000705,1759343163.7766666
0.007071577837129653,-0.09350110446495984,0.02708056910234531,1759343163.804715
0.0017180980736961962,-0.04124211536612009,0.059102420784298226,1759343163.8273704
0.052621877032617156,-0.22709296528337336,-0.024226665483772128,1759343163.8521802
0.07681495926102792,-0.1921036594940769,-0.001245604745518783,1759343163.873864
0.040933932110605115,-0.06282101164563367,0.06691350333561633,1759343163.8931258
0.044428689246098566,-0.0655671134724308,0.07146886513663869,1759343163.9116333
0.03055885706466097,-0.03651755417661992,0.08047304035263299,1759343163.9277482
0.031109095259383802,-0.031939589709631844,0.08328620168010438,1759343163.9549243
0.06187697263653,-0.06402358241745389,0.08448665812042637,1759343163.971434
0.03201774311964888,-0.02679500058417905,0.09793444229918535,1759343163.9859471
0.026672369407153285,-0.01442616674265653,0.10456879524436716,1759343164.013486
0.04566488320744838,-0.02050528565433618,0.12251261765835235,1759343164.0309553
0.018524439146937025,-0.005601583947391818,0.12222253127714545,1759343164.0531943
0.01901674898558172,-0.003352083379174777,0.1361184640634827,1759343164.0754323
0.012444915120050734,0.006847438170980502,0.13261058893593505,1759343164.0920064
0.00718600061242329,0.014984042614849067,0.14830297917605526,1759343164.107978
-0.0013275476906475258,0.017604609986823658,0.14110086739266103,1759343164.1255362
-0.007359127534969581,0.026463711300430175,0.14691702748197188,1759343164.145576
-0.009903435554725705,0.026545132617399346,0.13494623061773,1759343164.1656425
-0.016118257065695862,0.03345024428680553,0.1290897284699831,1759343164.1869185
-0.019587527590501887,0.03421141373090361,0.12226468911168706,1759343164.2043302
-0.018735931856845876,0.04161450666798801,0.11421801769195493,1759343164.2264087
-0.017963337823714846,0.056710322791589184,0.10177988806228462,1759343164.2485735
-0.01691544410331107,0.06188307702651934,0.0998132927590238,1759343164.2724545
-0.02701077234784056,0.1172865435764055,0.08617111461325247,1759343164.293578
-0.03617698849290913,0.19228752591802767,0.06328093744001537,1759343164.3112972
-0.032842563221575666,0.2155669561738646,0.07409303150552632,1759343164.328532
-0.05359928444267141,0.2979886396613014,0.09602728292013038,1759343164.3443742
-0.04846850721857331,0.29664094722504974,0.1217870164602926,1759343164.364981
-0.037807496880333906,0.38640783714640436,0.14433104769392205,1759343164.3897924
-0.0538163920830228,0.3985054703594306,0.19252148692782514,1759343164.4135308
-0.07552446467925651,0.365655271311046,0.22506442183746111,1759343164.440477
-0.0844095992455957,0.2949025513672554,0.21824401207709948,1759343164.462094
-0.09941227885206336,0.2915131958380761,0.23964572931821512,1759343164.48122
-0.08068777139824564,0.2609323061593913,0.21820296385072613,1759343164.502231
-0.07959393119946236,0.2773285976850707,0.2364929194292893,1759343164.5200448
-0.046802628130911746,0.1677133721654265,0.1754171607920232,1759343164.5398817
-0.03586582024768413,0.14082499424294367,0.14764075995042397,1759343164.5682998
-0.03522758698601495,0.09734809983123863,0.1197820088351119,1759343164.5919423
-0.043595693278716846,0.07162786587022364,0.10425194162226566,1759343164.610206
-0.04078578992778918,0.05590299966959375,0.08668328977485348,1759343164.6289232
-0.025375400970355157,0.040277645465044795,0.06537818484568281,1759343164.6545622
-0.023909800884826124,0.041854091130942545,0.07429807999907558,1759343164.670875
-0.016154048219296138,-0.011193396514014589,0.04922545697128805,1759343164.6979694
0.018241763286611763,-0.09973292498782657,0.0002631094824440544,1759343164.7180498
0.01269596583826382,-0.04598630789345584,0.0441808452004028,1759343164.7530448
0.025088993431213038,-0.08419725586202863,0.021115453899180334,1759343164.7757554
0.07047888453388604,-0.2167820143368115,-0.03822032084667289,1759343164.7934756
0.06805092146599631,-0.13919484754303385,-0.007219012803060448,1759343164.8127491
0.03991935850150166,-0.0406349881782724,0.04601135475163128,1759343164.8328953
0.0694058561266393,-0.0928809215074714,0.028759637953505043,1759343164.8528771
0.06377275889592397,-0.08721574700488102,0.03853253923350576,1759343164.8718166
0.05122894111868429,-0.06170302901206148,0.04708294131187849,1759343164.8987882
0.06528234235339674,-0.06390434232653112,0.048326384673355954,1759343164.924619
0.07384358686986442,-0.06787318674353109,0.06190736342087032,1759343164.944317
0.06497809709699436,-0.04991141159558182,0.0744773832451956,1759343164.962808
0.06387084260823826,-0.04964811424066598,0.08071712975799938,1759343164.979592
0.05832374179148546,-0.04267442120220932,0.09311349700433354,1759343164.998116
0.038885672636018935,-0.014616072345545114,0.09497271833131307,1759343165.0123158
0.03479505588929012,-0.011791152027664358,0.10230578806702267,1759343165.027858
0.02463677887420757,0.00234236318011378,0.09604605873032815,1759343165.0428498
0.020936686739371456,0.007743246482725317,0.10200023787312795,1759343165.067696
0.011188164672345673,0.01272594883487538,0.10724643180894249,1759343165.081866
0.004650309025772233,0.020928183074118697,0.10939326959000277,1759343165.0960903
0.0003442431026978651,0.028066459025934222,0.10931711750088967,1759343165.1129558
0.009096684710546754,0.01936514393339569,0.0957456867789934,1759343165.1289625
-0.014157655648041126,0.040792052790123406,0.12250469353173116,1759343165.1431725
-0.05559414031865485,0.08808218989197827,0.14547100536988777,1759343165.1565738
-0.022389609416422537,0.04600087980242312,0.11198043395483694,1759343165.168336
-0.010541832232987118,0.03891340192304939,0.10360104308583074,1759343165.179819
-0.020169094410424707,0.053108038950027914,0.1076661167467601,1759343165.1917608
-0.029146841518014097,0.06640915518971592,0.11037270277205465,1759343165.2045772
-0.030001043164610573,0.0754173970133439,0.1097981727058937,1759343165.2174516
-0.04591188927448243,0.11987586036531053,0.1087078352038563,1759343165.2351522
-0.04206325340142316,0.12185884503961496,0.10620560150391951,1759343165.2471418
-0.05831715708557049,0.16968992766853258,0.10797008728912369,1759343165.2625604
-0.08732458010409071,0.2774271765125413,0.12233449388559672,1759343165.2787046
-0.0652180657029798,0.224305865075956,0.1269257904742698,1759343165.290856
-0.05013545598149351,0.23796236627612957,0.13203265043184642,1759343165.329858
-0.04673776817782964,0.41413577683533026,0.19004678565358896,1759343165.3490417
-0.0697701556792251,0.4197093303311885,0.26176911366873445,1759343165.3698792
-0.11047592969610845,0.49803236368319237,0.36711567297407943,1759343165.3931575
-0.10302853571152507,0.412584185666316,0.3657807686066695,1759343165.4146729
-0.07918159930056973,0.2808832492202069,0.28954362774966397,1759343165.430755
-0.06981441339922906,0.24882334262185732,0.2613647523801037,1759343165.447064
-0.06618962474409065,0.22508425079972066,0.24769538301255767,1759343165.4616437
-0.06003228694001502,0.18852165074080607,0.22033822936113592,1759343165.4837272
-0.06799946688014624,0.1663582256135943,0.2118976543448513,1759343165.502351
-0.10009579340776034,0.12798653007144373,0.2013906297138231,1759343165.516019
-0.09072752781776248,0.08641576423933245,0.14091097210156175,1759343165.5307114
-0.061701911629162255,0.12507880564647123,0.15371506321962025,1759343165.542872
-0.10979668140545666,0.04859849379061537,0.1128472894659506,1759343165.5588474
-0.07322252546794844,0.08746579397727997,0.11435166447316303,1759343165.582438
-0.10820808762687173,-0.08000207481238533,-0.03953941196438113,1759343165.6022213
-0.056631512444486436,0.06868822470896631,0.08985873828609711,1759343165.621305
-0.05339670561018236,0.00014790020638991153,0.02568622267348951,1759343165.6395493
-0.04968125832774368,-0.038150997658892016,0.01184446956961234,1759343165.6551473
-0.0424870945376021,-0.144483540755713,-0.05457029310376005,1759343165.6699758
-0.033950381521886605,-0.015831272743152172,0.03493637709048249,1759343165.689759
-0.027895596453842098,0.013057210412511414,0.05388884493958157,1759343165.7096002
0.006353978423478783,-0.09514097146591795,-0.03552094298764917,1759343165.7306962
-0.001916796377519417,-0.03551436589988162,0.003019829942408042,1759343165.7464345
0.020034692347193024,-0.0754735175018052,-0.034632517534284396,1759343165.7641218
0.03224185497264089,-0.07244676270405023,-0.034867293025681284,1759343165.781582
0.02695584124091671,-0.038746777744628355,0.001988422156495459,1759343165.8036444
0.07651908292855183,-0.10159322056231498,-0.05365405405507517,1759343165.829342
0.04335057451769543,-0.04634446630407014,0.0053826977401225246,1759343165.8527417
0.07914959352768634,-0.09425217880019698,-0.02464939133467843,1759343165.8679776
0.03041775586557545,-0.023751899249571704,0.026067712198925154,1759343165.8866348
0.01693640591202839,-0.004596967773612175,0.04082394851495566,1759343165.902338
0.038280675477388365,-0.03864775737842023,0.02656967544027375,1759343165.9299126
0.05352868498889575,-0.04936551165040642,0.024252517412651824,1759343165.9487572
0.07177261789048833,-0.06625751645396631,0.02791874971436708,1759343165.9765265
0.0479424363323242,-0.02131658812360755,0.047226934629119824,1759343166.0113397
0.03573959398481197,-0.0061612688737320565,0.06112983271520194,1759343166.03395
0.021423758144021116,0.018496687556326753,0.07205328297382704,1759343166.0684977
0.011872156244671483,0.03509984791028449,0.08213991724370658,1759343166.091128
0.0037848047876063427,0.06240947861669451,0.10760080909547572,1759343166.1073363
-0.0007561244160996117,0.05368928794368171,0.09088687729500267,1759343166.1264565
-0.007255707766777799,0.06104008763759826,0.09996945619989724,1759343166.1444783
-0.005519204568174804,0.05688466934876398,0.0934432630584903,1759343166.1573062
-0.015441048923908966,0.08177255172795066,0.11110383445680418,1759343166.1720235
-0.005797072101810428,0.05618390896123526,0.09043081688663518,1759343166.188724
-0.01451768811099867,0.07462699578960946,0.10583901208355245,1759343166.2069302
-0.016515028713003473,0.08576613944289446,0.1133115632835175,1759343166.220856
-0.011447583603986067,0.06591898464023846,0.10095260485235838,1759343166.244828
-0.025294020819159768,0.0888341911655477,0.12833069919596066,1759343166.2591703
-0.02093797141427154,0.06944079807394826,0.11689917290955859,1759343166.2712858
-0.01659319124701787,0.05754113009176007,0.11093787485849976,1759343166.2889383
-0.018214935524037627,0.039582192808832156,0.1031429006671102,1759343166.3053
-0.017870431362510437,0.005611819275922823,0.08825350498036147,1759343166.31783
-0.010485517868437138,-0.013785223831016359,0.06873805014517503,1759343166.3341484
-0.005702827167594182,-0.0485843948653528,0.044930953392623735,1759343166.351112
-0.003081487395268545,-0.050542456934593666,0.03724459038573812,1759343166.3679469
0.007639977628328821,-0.12180719196560286,-0.007785803811172512,1759343166.4018097
0.04333728873716303,-0.2779474368626105,-0.08064355699725331,1759343166.42824
0.07356138767776284,-0.45714155843661924,-0.10807097743312696,1759343166.454162
0.11058984013935748,-0.39317871435697743,-0.023172322915951546,1759343166.4766843
0.0719317022291666,-0.26740041921894714,0.019933144645083233,1759343166.4934037
0.10196135842381125,-0.23018527249863024,0.052721218779680765,1759343166.5063672
0.10057440866401507,-0.19552828911032083,0.06268720910051813,1759343166.522992
0.11661643704204017,-0.1900682130267205,0.0764493727082902,1759343166.5403566
0.16075730304982191,-0.21196859295937348,0.09911434325707197,1759343166.5595603
0.10749716340758185,-0.11648958311037483,0.06770707293486866,1759343166.5995784
0.14645757658234584,-0.0791795944728437,0.05428103627211359,1759343166.6229963
0.11604312400079955,-0.029158338149679504,0.03235429563865391,1759343166.639273
0.08955561568262775,-0.01732706781282961,0.02514119662373862,1759343166.6645188
0.07799568337301091,0.03081854715113637,0.002175481741252726,1759343166.6829796
0.0750286720178737,0.06815568603054756,0.006184151094779135,1759343166.7012663
0.06226356274692244,0.04623953753078294,0.030304922159943015,1759343166.7223632
0.018994729207725596,0.08754951569754324,0.028819354844146133,1759343166.7459917
0.004845781085987877,0.10665388523450475,0.03911452569049777,1759343166.7613225
-0.01114627418869147,0.10865080845288203,0.047703838228041,1759343166.7832603
-0.04566409821020498,0.11376006130049714,0.05984392788734441,1759343166.8002515
-0.05232930320609818,0.1236204223691314,0.06692622864845255,1759343166.8265278
-0.022873586777082684,0.07477236079732376,0.06217900985322561,1759343166.8428557
-0.063999585565433,0.11518086011263604,0.0855358267303053,1759343166.865474
-0.11106230660465455,0.1257016158135276,0.11896887774776055,1759343166.886279
-0.1113296696407295,0.12455471914572537,0.1384072232373703,1759343166.9021645
-0.050381400704633914,0.06144201083822167,0.09694831560476157,1759343166.921695
-0.0697042811412803,0.0692530521521575,0.10876153002477257,1759343166.937232
-0.08267079225168374,0.07542935522863792,0.1167500177275558,1759343166.961573
-0.05698646384327649,0.05699521226738072,0.1012689374569257,1759343166.9815874
-0.056844814003026246,0.04989871472160207,0.09943462152204424,1759343166.997443
-0.047586605915509804,0.03138932883001797,0.0892351026725436,1759343167.0230277
-0.022862327765676253,0.01999519294554265,0.07456026972716441,1759343167.042692
-0.002813953813556869,0.00847280572684323,0.06676724756154516,1759343167.0608428
0.011241968613295752,0.0018277663969828856,0.06510622241438405,1759343167.08277
0.014599003147272065,-0.0016034115352460514,0.06388084835251653,1759343167.1037576
0.03170982534074527,-0.011191759628259383,0.059889993317458694,1759343167.1338947
0.03687928573209405,-0.012308467165871872,0.05956734822391037,1759343167.149778
0.037900540994118395,-0.005136030171569116,0.05849410928970318,1759343167.1629148
0.04072198811517969,-0.0019358836371639945,0.057670912525712444,1759343167.177556
0.022440179079132413,0.004502917896531627,0.06194115079383855,1759343167.1930292
0.010816348626042104,0.006970800820427679,0.06463022795176768,1759343167.2098072
0.08095658442095288,-0.000964680880075822,0.04943553698262218,1759343167.2244773
0.03193568586531334,0.007858454162165095,0.05846781856502492,1759343167.2401948
0.024096360788361616,0.0062122202720344705,0.06261190294861571,1759343167.255658
0.026005523360642723,-0.007063611761060035,0.07100023213786545,1759343167.2697794
0.019456720275642738,-0.019791951802808648,0.07210448966387005,1759343167.285956
0.02412178479509332,-0.07728850159293461,0.07492223510347076,1759343167.3003674
0.020426362443241718,-0.18568971367133053,0.08592890662659354,1759343167.3129296
0.01141274082640186,-0.003610382555630058,0.06647307495062053,1759343167.3286543
0.005594115237742293,-0.325550602891537,0.07544674231971647,1759343167.3478973
0.009993044117732195,-0.24770629961950882,0.055507713036195505,1759343167.362855
0.0013385340916981514,-0.2708692226268027,0.047519135077750865,1759343167.376293
0.0010323250318672698,-0.3702165542353395,0.03421881807014037,1759343167.3883996
0.012919750509771392,-0.27639110490968627,0.04228463334052429,1759343167.4017377
0.008292791729329573,-0.2697504606049883,0.05310746583337961,1759343167.4168377
0.012607308025287747,-0.28013306121383935,0.05175489920522904,1759343167.4424694
0.04859717426019039,-0.44177130926019825,0.061886100802763216,1759343167.4585974
0.0435065950657693,-0.42015898438629395,0.04545803066793777,1759343167.4716437
0.03276283129329685,-0.20028490966781326,0.06207724290924372,1759343167.4903913
0.09670414259248246,-0.33404923014522664,0.1103542195773532,1759343167.5073795
0.07868749894322058,-0.1948492973023308,0.11713437260133822,1759343167.5210807
0.05679272861264144,-0.14105071647529224,0.10807610871246,1759343167.5339978
0.04877126278613181,-0.09522037726063844,0.08710271116354197,1759343167.5476522
0.04212908787211443,-0.05623827196286138,0.05479431125752078,1759343167.56657
0.0340278463683008,-0.031080060255753356,0.014437517878549015,1759343167.5809758
0.03582749551232497,-0.029159050290583577,0.014949622244850663,1759343167.596522
0.03022562604556994,-0.005180532369437885,-0.003980259255736501,1759343167.6121051
0.01015941071027208,-0.018883759350049115,-0.014365405267514161,1759343167.62601
0.007218477993004017,-0.02749069210353433,-0.0023132944868079278,1759343167.640006
-0.012381103101108633,0.04310549647558587,-0.047586091459131834,1759343167.653796
-0.009086856236201687,-0.008697433058642984,-0.011270349196301384,1759343167.666673
-0.010297860598972693,0.004344393308242739,-0.0040189229502743395,1759343167.682161
-0.03630713732018487,0.047741240195409276,-0.01740050830398695,1759343167.697694
-0.04267661220688376,0.037909430607128994,-0.004074107798881767,1759343167.7173514
-0.05995826684133894,0.10530555409607169,-0.001258005163600251,1759343167.7381277
-0.03728520750874732,0.047774728067712144,0.027211860790309163,1759343167.762217
-0.07033275384826147,0.10089279017599742,0.044064456439069505,1759343167.7832975
-0.12902837701555156,0.15447341451087376,0.07939263388716375,1759343167.8071885
-0.10480923627170377,0.10701975801947694,0.07859328046975422,1759343167.8312583
-0.08311593182860343,0.05446464122490369,0.06728339459649449,1759343167.848637
-0.06676452045402702,0.023648698054694765,0.061948882809297084,1759343167.871367
-0.05240944762192429,0.004948642937340316,0.059027680406924535,1759343167.8924294
-0.06602843290617857,0.0008239425533964166,0.06279631942591529,1759343167.9145577
-0.07119170845697836,-0.0170152614924522,0.06773837611939149,1759343167.9387455
-0.047212245937832714,-0.02240913062187861,0.055732360966913336,1759343167.9652832
-0.044102894472558815,-0.02704290018167428,0.05197550490477658,1759343167.9856036
-0.021969591816209822,-0.047188939064035026,0.05064904174291243,1759343168.004346
-0.004223929541660166,-0.052847854047444964,0.05165880136161297,1759343168.0245135
-0.0038733742990873926,-0.04643808420175302,0.05234095132269073,1759343168.0402498
-0.008027964142913234,-0.043873211784351974,0.05136928385240977,1759343168.055623
0.006689105170162898,-0.051557938835650144,0.050213840920082325,1759343168.07085
0.006986173674068355,-0.04367908032790026,0.050268704559849525,1759343168.0982118
0.024892222870217664,-0.04406418760886223,0.05223435416967157,1759343168.1235046
0.01785111063536698,-0.03699577481260569,0.053537924522881926,1759343168.1497984
0.02269405449403236,-0.03367074265299576,0.05621628674512105,1759343168.1756155
0.014490781301406196,-0.02915110192391712,0.05759955905476206,1759343168.195599
0.03050366412626141,-0.02138026116593971,0.06376032579793652,1759343168.212433
0.04137113928894145,-0.005782895238329467,0.07242448662230731,1759343168.227279
0.004292851237060636,-0.026297303959182214,0.06300134718799118,1759343168.2403262
0.0035958624201319796,-0.02390357621436559,0.07528825081631546,1759343168.256877
0.015483175840788448,-0.045272588884318024,0.07049352607203463,1759343168.271662
0.02559272102517771,-0.11932688776245431,0.05677553078086229,1759343168.2945938
0.012831964608994089,-0.15894434521098433,0.05033969116838448,1759343168.3112252
0.024426495487251364,-0.2526484303494152,0.021171485900965473,1759343168.333506
0.031881080695329814,-0.3228951393093221,-0.010577427672144514,1759343168.3491178
0.01379495171776735,-0.2881772597901589,-0.007422833236999861,1759343168.3655803
0.020310891963436502,-0.3915055774563696,-0.027501510552808917,1759343168.379324
0.022170500671377335,-0.3876401182833322,-0.0118087294074785,1759343168.3967276
0.021533016585380423,-0.32553504590618215,0.006535706984646783,1759343168.4068184
0.027058477910008337,-0.33191540923626967,0.011631622885615617,1759343168.4185498
0.039280923861632795,-0.28700442092412354,0.021314537506943218,1759343168.4304574
0.04821686615136643,-0.32094043215089063,0.024404549978987874,1759343168.446221
0.053977153726369465,-0.2720611389694234,0.04253108240268589,1759343168.4629278
0.06228273808012925,-0.23524577992744572,0.08228381842627824,1759343168.4800763
0.047576423814449514,-0.17313423964088404,0.08066159526892219,1759343168.4967756
0.09169607854502274,-0.18210578207094455,0.14519541124364763,1759343168.5121803
0.06390720834124465,-0.11868593685018497,0.1027455783191228,1759343168.5334651
0.06358746902366215,-0.06178811326975295,0.0644030426859433,1759343168.5482528
0.04404231820177117,-0.06767953041426257,0.03547793899305485,1759343168.5780146
0.0477228209571159,-0.017067026759935502,-0.000664894188796325,1759343168.6073575
0.027020764302962803,0.07115899726525386,-0.06586329114992194,1759343168.6353588
-0.005943429555657121,0.04757474013383062,-0.05325125104106023,1759343168.6630137
-0.023829504862390296,0.09146803833964436,-0.044968505323626874,1759343168.6806788
-0.035399114819919655,0.08493498221407594,-0.023433250346031175,1759343168.698676
-0.043613728020566706,0.0885173647514642,-0.013404182080633598,1759343168.7362287
-0.1005455571429303,0.18378600548363877,0.01728974617159056,1759343168.768443
-0.07598590246948325,0.14550167387029314,0.06592423435930522,1759343168.7953825
-0.05612732910923875,0.08654345858873484,0.08333063459352999,1759343168.8179502
-0.06264329631174335,0.054562864811354,0.1050662543988588,1759343168.84647
-0.05831504100661232,0.05001887633515839,0.10047557869975045,1759343168.874873
-0.06026393339562729,0.03559850068293663,0.09053253219660543,1759343168.9003334
-0.09708335892576059,0.033465123969203196,0.06863060796757528,1759343168.925951
-0.06552215126679832,0.007217812395394015,0.03716685211523396,1759343168.950181
-0.040949514175120716,-0.014859697657608946,0.0311046585262522,1759343168.9738686
-0.029878269406416573,-0.0442942909880672,0.019913527655479234,1759343168.9997053
-0.017954549294407915,-0.034289307071880326,0.028763337897717872,1759343169.031111
0.00883510810708903,-0.07809289467422544,0.005585672387405476,1759343169.0601387
0.010366096463529064,-0.04684814042962668,0.0157328714680106,1759343169.0893996
0.01532682277660706,-0.046716756192075735,0.0119529850377088,1759343169.1182203
0.023486510517633286,-0.04143803684197416,0.004319048136737998,1759343169.1464844
0.010838664012634282,-0.030499017220743305,0.012037955328284396,1759343169.174125
0.013188318832668381,-0.026862437898123523,0.010076667798184568,1759343169.1959295
0.0017958431405295308,-0.02513770953085919,0.022097340882415755,1759343169.2175703
-0.0004744090240779691,-0.04097588936750059,0.03285988726606462,1759343169.2408185
0.042781160035515214,-0.14578522990258452,0.024138458460564973,1759343169.2711833
0.04695413610822101,-0.263513921102796,0.01641868407830329,1759343169.2978115
0.0477451510110081,-0.336753385040079,-0.018213008359762747,1759343169.3163767
0.04831656323083262,-0.3450886331232039,-0.040148377365531715,1759343169.332927
0.03228698907675106,-0.3005976655597537,-0.0339670554793165,1759343169.3488853
0.0366371749757602,-0.25547799841847185,-0.018873628701139147,1759343169.368914
0.050363999632956326,-0.246549490587248,-0.007254820590009075,1759343169.3883257
0.038576508305857175,-0.22474384829676897,-0.014616600819075072,1759343169.4099689
0.056588353820553314,-0.26688214619113904,-0.02740717362187132,1759343169.4325433
0.0815103800614931,-0.25192127977049916,0.010899792810577794,1759343169.463464
0.07733909203964828,-0.17601901666473727,0.057328360507600824,1759343169.4906778
0.0648345198398456,-0.09155764383158688,0.05799380096909218,1759343169.5155163
0.04802589879996519,-0.03554789658449284,0.013450504463370174,1759343169.534721
0.031047813371995185,-0.05269413331402263,0.002023572641522354,1759343169.5606115
0.019999770421639744,-0.014679615301582988,-0.011574824333737289,1759343169.579729
-0.0046239795599939265,-0.008324415814301406,-0.020497983504654975,1759343169.5946834
-0.008731297477681109,-0.008453655058850928,-0.013708896102549304,1759343169.612971
-0.014712748731880932,0.004927622854083144,-0.011625760111266108,1759343169.6321452
-0.03129839739927867,0.03064772639921637,-0.011737442416292215,1759343169.6524878
-0.05522421147952619,0.06991469419071449,-0.003744071705355543,1759343169.6819966
-0.053244727578413455,0.07532386069766864,0.01831112187829166,1759343169.7012172
-0.04721787196100162,0.03897485238041866,0.026521145942221734,1759343169.7213998
-0.11733483994302271,0.10653479214095612,0.05342400208227603,1759343169.7400837
-0.07266018166752715,0.05171459762601749,0.046058172776397864,1759343169.7589424
-0.06558642434533567,0.03439138036239745,0.04021584149369103,1759343169.7805786
-0.09767507047209516,0.0582714697385222,0.04403753547777339,1759343169.7995503
-0.08326765609825482,0.020757953329375953,0.034077822865340716,1759343169.8146567
-0.07457063966312849,0.008993890227981895,0.03255323414964839,1759343169.82944
-0.07038654002898588,-0.0013724125979038201,0.032831469413389935,1759343169.8456342
-0.06795642609776459,-0.016939226296931634,0.032648519310657105,1759343169.8654747
-0.05161680892266982,-0.028211720661522076,0.02829054438588927,1759343169.888316
-0.05453104595475233,-0.03834297904827965,0.02529408246627008,1759343169.90249
-0.036096999984139296,-0.03933401631781914,0.018763506454495076,1759343169.9167397
-0.0275984877230629,-0.04276570893949392,0.013570710480045867,1759343169.9427
-0.01591796520613472,-0.05223905263923085,0.011292895168254333,1759343169.960247
-0.013336955779544694,-0.05501094071954671,0.012990312577192353,1759343169.983598
0.004137819317272889,-0.06845290646352502,0.010697270664414785,1759343170.0090044
0.008820660305187706,-0.0640995954191764,0.013066387537349684,1759343170.0311773
-0.002360869821837676,-0.052610267709247184,0.015621844388592656,1759343170.0597117
0.011343337819530931,-0.053114718443827716,0.012398317999460833,1759343170.083697
0.025350507439059033,-0.03806650835159197,0.013052721410651457,1759343170.101976
0.001255308861222772,-0.02733671015163244,0.021135696046275607,1759343170.1184127
-0.001413465116967291,-0.011490723720246395,0.027793932072150564,1759343170.1393864
-0.005817421823082632,0.016086362543046955,0.03874322561931337,1759343170.1654284
-0.003924013672439089,0.07324916386073946,0.05115589722153202,1759343170.1942167
-0.0007228062349458678,0.20486424143848042,0.07570752964445462,1759343170.2277546
-0.0097247229158889,0.14553148330059684,0.06590037414701425,1759343170.2437005
-0.004025425084365538,0.32492142616318953,0.12562520365133395,1759343170.2600598
0.002299508480267838,0.3116366809667362,0.12021273581047535,1759343170.2742894
0.005983967957305485,0.29601883693308606,0.12503001509547482,1759343170.2923896
-0.014550002335060644,0.31182385717886174,0.15759632038833077,1759343170.3099043
-0.027502785975750378,0.2990683767274482,0.17332352281045976,1759343170.3244398
-0.029741587185742144,0.35112321005803265,0.22285057381274614,1759343170.3379054
-0.038501228088883906,0.29863733391812114,0.22081324136268937,1759343170.3495188
-0.032411988920885086,0.17025077497438135,0.14040748073642256,1759343170.3601518
-0.06860115781542035,0.2363697370211224,0.21649997463776266,1759343170.375778
-0.06262236525931389,0.1818849224139953,0.16149846651449712,1759343170.389029
-0.04905043709494164,0.14790661794707657,0.126223767087033,1759343170.4034903
-0.07361957643953762,0.17496717378434395,0.14635158459939912,1759343170.4200246
-0.06420915672088483,0.154438703217245,0.12121130005456307,1759343170.4371448
-0.051612286341908904,0.12641972071647783,0.10035326006268931,1759343170.449143
-0.0687743576360606,0.11311413895084009,0.09436587753042454,1759343170.4617145
-0.05069576680560442,0.0946782829886488,0.07631274338823688,1759343170.4758945
-0.054233372332780215,0.06709715080198603,0.05176463350243095,1759343170.4874969
-0.043659538640472284,0.05846994845042025,0.05142677803608555,1759343170.497917
-0.03770748010162351,0.06209531721934247,0.054183137549712684,1759343170.510113
-0.03863402715914851,0.035419951977713963,0.03128440807099539,1759343170.5278504
-0.02952726985392165,-0.003567293980006353,-0.008275441403497535,1759343170.5425196
-0.016939964828878343,0.01858509164317447,0.008684346140092308,1759343170.5584154
-0.0006517848845029144,-0.028596211955336653,-0.0274920841441664,1759343170.5709417
0.0022185579929728735,-0.02485517486922785,-0.012915376433117465,1759343170.5882971
-0.0004555610740880414,-0.030461704043289822,-0.004577535640560057,1759343170.6051612
0.003633634667791749,-0.06290078101688826,-0.020240448731937463,1759343170.622678
0.0201324049134317,-0.14427216171655188,-0.06368783073324302,1759343170.6389933
0.02617960426565018,-0.07993181411177891,-0.03976096400097095,1759343170.6573677
0.05436911783281843,-0.12117959860221036,-0.061919631133362164,1759343170.684275
0.06350960690158809,-0.13377160720287978,-0.05561007696240575,1759343170.7138674
0.07830339675855107,-0.16580758354372221,-0.04826864791135278,1759343170.7400427
0.06294771051911059,-0.11113615143557132,-0.011497170410651375,1759343170.760901
0.04168626889876863,-0.05853101829521423,0.01070128977868223,1759343170.7916927
0.055292841315185665,-0.07382513465170436,0.01760250971997115,1759343170.81867
0.027536769342912232,-0.02548829172496964,0.03589810775178891,1759343170.849809
0.042657673128145654,-0.03258011787143412,0.08534308224563417,1759343170.8722172
0.019872627657608707,-0.009604710568174312,0.06833609454087415,1759343170.8942764
0.014473774420645819,0.003998287732979221,0.1109852726652236,1759343170.9171584
0.008201313871981464,0.007506551925986636,0.08945623089917693,1759343170.9377887
-0.0016499710199500417,0.017191234602197285,0.11170796701440033,1759343170.970966
-0.013703914973000315,0.020962414286843062,0.1193050175810726,1759343171.0023715
-0.006099266788568683,0.009272449694717265,0.09287378851934266,1759343171.0208127
-0.0013144005447307937,0.004941174902723112,0.07439468014161599,1759343171.0392303
-0.03174403986223264,0.018034212249915527,0.14233369614926536,1759343171.066324
-0.03139238194718389,0.014504033422574163,0.09838443791108252,1759343171.0929956
-0.04108115562300031,0.021029238244932198,0.07557123933484125,1759343171.1134684
-0.017945321722187345,0.01642686474736856,0.06033874733916564,1759343171.13598
-0.02119432193052902,0.042763389699055486,0.051373727287190515,1759343171.1554568
-0.022465131729555162,0.0763679327407601,0.04702713850141063,1759343171.1781104
-0.01634138525288952,0.07625002852414106,0.05579143493076699,1759343171.2008774
-0.02064503233366017,0.17829552284682493,0.06982830929488723,1759343171.2270195
-0.030146182719520718,0.22176037905994914,0.10189110805084672,1759343171.266293
-0.002308825740163061,0.33734286890637377,0.15496621281076767,1759343171.2849398
-0.0026993689780203415,0.24565104920953534,0.154401057740095,1759343171.3170023
-0.027413110613332965,0.20785947465238128,0.15771535355484517,1759343171.3385491
-0.0626607338785044,0.3638285281769851,0.25876917242370423,1759343171.3575
-0.041268962491221625,0.18113205629916457,0.14991070867397077,1759343171.3756034
-0.061373269564147376,0.181444711952173,0.1473479698195207,1759343171.3954828
-0.03558008546933472,0.10897395540743826,0.09781376120033153,1759343171.416397
-0.04176696245796999,0.05560944534269826,0.06479447067690433,1759343171.4378636
-0.026824248384275013,0.03000416915902354,0.04788162851718228,1759343171.4561636
-0.0079745901947886,-0.012214690297737446,0.011826714677813446,1759343171.4755232
0.010140940691249201,-0.03349654201984546,-0.0062332709246455675,1759343171.4908457
0.004645364544250897,-0.016090450148232557,0.016792305129115073,1759343171.504682
-0.002171491091750308,-0.019413399874988913,0.022827499559962723,1759343171.5179143
-0.0035113991465572612,-0.0002126501842174694,0.032350296302770545,1759343171.5304425
0.027835148000938222,-0.10323167122099212,-0.048077420559143824,1759343171.5442216
0.007396700920595923,0.007754618951822306,0.02434128677586435,1759343171.556246
0.057385437474448964,-0.10455416916441859,-0.06856787881939123,1759343171.5680404
0.051344649663417126,-0.07739190519100754,-0.04035011634141612,1759343171.5796854
0.02331439523980968,-0.015891149861253076,0.01182667311977581,1759343171.592219
0.06253205544130233,-0.11927164560103548,-0.04643757945409639,1759343171.606085
0.0565569284499043,-0.10357330948365463,-0.028800139008851658,1759343171.6217058
0.0513125671027079,-0.09064574856652512,-0.018894321469666346,1759343171.640386
0.05054778295644815,-0.07713521984970384,-0.01043203981470589,1759343171.6528175
0.049362488333194704,-0.06391593238640286,-0.0031380864242911144,1759343171.668913
0.04728002760982144,-0.062341327466806026,-9.13492934427676,1759343171.6858702
0.037443599216527214,-0.05022366154161419,0.011228157893689597,1759343171.6980295
0.033287477731092655,-0.05627300031698948,0.010707860920768877,1759343171.7113895
0.01733523759530087,-0.01718610703578415,0.028355032529669654,1759343171.7233288
0.016994162827408343,-0.022473380283760152,0.02781381484937887,1759343171.7351048
0.013745512197596678,-0.009359156678516358,0.03764784895907724,1759343171.7480338
0.01582069045675838,-0.014984101426514976,0.045017959007292135,1759343171.7609549
0.010622801973844204,0.0018196922274653898,0.04716739054150619,1759343171.7733614
0.012163020287817551,-0.0275880348494161,0.06736639033363387,1759343171.7890716
0.007345089568746304,-0.006556776269737757,0.06855072312299582,1759343171.804848
0.006901200777300554,-0.0023175892927524925,0.07241589654281179,1759343171.822065
-0.002413140122138212,-0.0013264149342076398,0.0880672525766011,1759343171.8345957
-0.003330194237794801,0.007332098590821688,0.08260348833142389,1759343171.8467617
-0.011039829593400777,0.005815197301400169,0.09467974165812082,1759343171.8596594
-0.007244040912941892,0.01170890346552656,0.08248045306334363,1759343171.872015
-0.013531849442624122,0.01884581786970663,0.09409259987417683,1759343171.885828
-0.013488008111617107,0.018749391617289696,0.08964816222314725,1759343171.898239
-0.02093330888667632,0.024164605660233002,0.09437442592014748,1759343171.913299
-0.016677252287648797,0.023066654547423758,0.08249076149241993,1759343171.931646
-0.0161728542702541,0.026194475322437426,0.08194662104012143,1759343171.958357
-0.025972553857826076,0.03785850662528266,0.08315399053452743,1759343171.987893
-0.02828893964657763,0.050128896700911196,0.06931087410804376,1759343172.0086317
-0.017402267794672285,0.06320184364380277,0.056839272558475346,1759343172.0394883
-0.025413832115384276,0.10160177992801843,0.04429841172127993,1759343172.0598476
-0.026808913023132167,0.12613737331212088,0.04414047134495944,1759343172.083483
-0.03788779737790314,0.20149228940443265,0.05448235323828502,1759343172.1130755
-0.03002508081457496,0.31634841150784604,0.09498138079625781,1759343172.1508615
-0.05074426668584069,0.2611739479014503,0.148403839372042,1759343172.187642
-0.0720216406899327,0.23753554243665392,0.20008999510810324,1759343172.2217717
-0.08106983648505997,0.16804587188711378,0.19346825759146058,1759343172.2430184
-0.06597398746962797,0.11395922352169431,0.14684990394713343,1759343172.2750938
-0.0631760765701087,0.06183589404757763,0.11034282557430132,1759343172.31735
-0.04781836564600038,-0.02461814411198303,0.0354792156366692,1759343172.343194
-0.030717644032056828,-0.051888656550592896,-0.006563762160657349,1759343172.369324
-0.012204745130177806,-0.08310548917182765,-0.03434109966977844,1759343172.39359
0.02181636597061835,-0.1104697869991943,-0.05484336960494411,1759343172.4318285
0.049195210919711255,-0.12705880188721025,-0.05444578082320179,1759343172.4556458
0.06070639945820478,-0.13237849701403775,-0.04370127574156052,1759343172.4903429
0.055328547053849375,-0.11395884892786678,-0.02545006389137877,1759343172.5211086
0.06343906860520675,-0.10119559560225486,-0.02172885923588829,1759343172.550231
0.053784216721078616,-0.0791603643350876,-0.012121527334444368,1759343172.574069
0.0524076769254977,-0.075838497987033,-0.008235597195929485,1759343172.5968237
0.023520303980704236,-0.022931452479248757,0.03060362670675867,1759343172.618199
0.02334956397582628,-0.027418564101517013,0.04461655691509244,1759343172.6347203
0.018054343304164236,-0.008173944730736965,0.05772063082399419,1759343172.647149
0.008859019954906431,-0.0053311148431320135,0.05886496042820151,1759343172.6591065
0.003762905833184159,-0.0021847358526164325,0.0663800323802958,1759343172.6780183
-0.0044499196625938,0.014565160560373325,0.06816594090262565,1759343172.7118366
-0.03579900433528141,0.05578241016789709,0.10793350692321715,1759343172.7557817
-0.03251735166992141,0.04639956875938501,0.0899058596650964,1759343172.780509
-0.03429712767389471,0.047126550865118313,0.0877845445235099,1759343172.7996085
-0.052128498290012246,0.07342345395451072,0.09877439231444968,1759343172.815069
-0.050546249889617374,0.08152183550205659,0.08684242078120244,1759343172.8268178
-0.016456512133621523,0.03039724566242399,0.06020091363624809,1759343172.8459306
-0.04275972279498581,0.08551526361028294,0.06904971189024425,1759343172.8585672
-0.030565224198354023,0.06717861291391347,0.05948157516311799,1759343172.8846428
-0.03275137655213058,0.08939554691202559,0.05271399451456866,1759343172.899636
-0.031569856029057174,0.10664564555479789,0.04832683308994231,1759343172.9147131
-0.02922054230194516,0.12945136063508864,0.03916946988884508,1759343172.9333715
-0.03328864928163449,0.21996619397101805,0.025196149221603868,1759343172.9493842
-0.028288470966074675,0.1920298371696014,0.03784361594040041,1759343172.9635985
-0.028792623192347155,0.18864846293740228,0.0467624105432233,1759343172.9747558
-0.03532816957420363,0.2113522200148598,0.05490838039709246,1759343172.987812
-0.05265952966752109,0.2874532464354376,0.07785824938395136,1759343173.0029235
-0.04778827092754667,0.2271440553108115,0.08747887558428959,1759343173.02455
-0.08046405711395242,0.36593787880679046,0.1586823455946935,1759343173.0408998
-0.06656447534861461,0.255721020423744,0.15329173764489581,1759343173.0579572
-0.09959840763994614,0.25541480398199623,0.20564380531757548,1759343173.0773473
-0.07990706471877312,0.18269265404915297,0.16496344324395823,1759343173.0956554
-0.08473687716297593,0.159878163253266,0.16731580775424232,1759343173.1163993
-0.08812263071559415,0.12622185929782342,0.1439116840087472,1759343173.1384096
-0.0972014057651133,0.10466709827548949,0.12397445152023977,1759343173.1517594
-0.07630811190441819,0.09085586599074032,0.0932603139926214,1759343173.1696472
-0.09610086722227681,0.052781903235158176,0.061249045436486876,1759343173.1867385
-0.07367828210804755,0.05034288074984436,0.03943016674317409,1759343173.1998055
-0.0682072636141719,0.026128437228194468,0.00896187487972612,1759343173.2126217
-0.053078194170748744,0.036699452763428196,0.014797140950303045,1759343173.2258408
-0.0497845155963022,-0.0037381120512032934,-0.027213417027865644,1759343173.2379298
-0.043010406770276,0.0002749498967299091,-0.01942374403007771,1759343173.2521534
-0.03738132568002523,-0.019234343211849136,-0.03502945659548941,1759343173.2651749
-0.02840902665585628,-0.05880213659193985,-0.0655620515962279,1759343173.28228
-0.010225602575796772,-0.12088682237250158,-0.12171636094059998,1759343173.2961483
-0.0059369382262089015,-0.05936464950043269,-0.06939057494013545,1759343173.311288
0.014238883234784318,-0.11363713863389124,-0.11376839951194824,1759343173.3339596
0.037381891125733854,-0.15967510532544657,-0.13676075401856172,1759343173.3500926
0.02680875874717068,-0.11780376730291763,-0.08585043929526552,1759343173.3665705
0.0749336091318298,-0.20131030656663487,-0.14770163962148458,1759343173.380743
0.08010866972571584,-0.17687377523347553,-0.11300993825216127,1759343173.393263
0.038760654276700765,-0.07736250205794203,-0.04351936611481804,1759343173.412845
0.052745257910712086,-0.10529806481673584,-0.0513665199782994,1759343173.43234
0.06615763077827357,-0.1195886998540926,-0.053578019658524614,1759343173.4526474
0.040635310113369884,-0.07268052011419196,-0.030369407246102476,1759343173.4738424
0.019243391260932823,-0.03788480763634599,-0.013272393983359308,1759343173.4897373
0.010127505744696414,-0.02318072034914546,-0.007654170490125321,1759343173.5132885
0.021365504475492667,-0.032829983968251306,-0.0063947467004972424,1759343173.5502486
0.013036260861408928,-0.0214700768638506,0.007362451333830081,1759343173.5708845
0.0029487904487510595,-0.005067252129021169,0.021746822504146408,1759343173.5827858
-0.005447385885323071,-0.004486044445538825,0.018914223261906938,1759343173.5951605
-0.018181647875247925,0.003182284720975812,0.03807782565947318,1759343173.6087773
-0.017306787736503692,0.009451433497356825,0.02850087437698821,1759343173.627837
-0.028303435772427003,0.018748386702993093,0.04133610893122619,1759343173.6487536
-0.025840489493595593,0.013424165741780354,0.03023102678603333,1759343173.6799505
-0.04246986404494889,0.042224201128943734,0.06800294876472093,1759343173.7069676
-0.04462516655461281,0.037258003630097646,0.06149341045072332,1759343173.7265522
-0.06219108197242907,0.04759650712475096,0.07364493738996228,1759343173.739543
-0.04033701483642281,0.030013443181003397,0.04935088442752342,1759343173.7681203
-0.04447051403728783,0.026295092932972025,0.05064531993715872,1759343173.792565
-0.034048589656765875,-0.004170989832434378,0.033306296332512045,1759343173.810085
-0.023259499910981207,-0.052003675613405125,0.009014741421081997,1759343173.827195
-0.01881323907910252,-0.0759377030304183,-0.02268514504081553,1759343173.8441958
-0.013929105285270534,-0.09054261940679391,-0.049496627821295075,1759343173.8682995
0.011766859388315752,-0.2131800491535395,-0.1537540698815274,1759343173.893078
0.01774146116179762,-0.239809998259491,-0.1507250193717669,1759343173.9281163
0.028611365381275938,-0.2599758386659233,-0.12333674889596206,1759343173.9494538
0.02961001978090269,-0.23656604677368318,-0.08350265030313543,1759343173.978806
0.06852184619924681,-0.2707097485691944,-0.07358357245814023,1759343173.99923
0.052830621827606956,-0.21931263000532278,-0.04316884272615684,1759343174.0259247
0.12432179497272491,-0.3452903563549768,-0.0018614077988900399,1759343174.0566494
0.09462924887519096,-0.1819469730056492,0.0323975637903281,1759343174.0827785
0.05739984410680715,-0.08125854047898044,0.0033124338137101306,1759343174.1057322
0.04537308019630183,-0.05552427939614352,-0.018088628968157917,1759343174.1331575
0.03436136528745438,-0.057004555999099184,-0.01828736969195765,1759343174.152167
0.05706303580453683,0.057089915715091796,-0.0324520853796053,1759343174.169208
0.014162531826871556,-0.035992538644940696,-0.029975542856016096,1759343174.188727
-0.008062654149057043,0.03235985952735311,-0.03592623489751251,1759343174.2006476
-0.04046300465056965,0.07464232007705918,-0.006857506167653597,1759343174.2279396
-0.010199756470739021,-0.019623200278233256,-0.008351407349266853,1759343174.243081
-0.05182578611545126,0.061668262535485616,0.0046416620388539526,1759343174.2547193
-0.04357361652644245,0.026984084491876642,0.009620544314056265,1759343174.2689664
-0.04126822958314939,0.031200945722877016,0.015751883874994946,1759343174.286222
-0.027668579351471295,0.005173551621558643,0.013047326663275717,1759343174.3066394
-0.05619585619873145,0.029529414651879422,0.03596674248833422,1759343174.3300292
-0.08071273219400592,0.044585129226160924,0.04845430447110419,1759343174.3502738
-0.07301166463431875,0.02753164578763946,0.028704303366648268,1759343174.3684208
-0.07651452850067243,0.014494832786275565,0.014415732818803926,1759343174.3837185
-0.046457314541739465,-0.019610965114094964,0.0026063904462174875,1759343174.4002092
-0.06490054699578508,-0.019077040430699476,0.00038332356277045055,1759343174.4175706
-0.04890786214448227,-0.0226708145064272,-0.0037824552528832292,1759343174.4335997
-0.04796339252752001,-0.029688686173147995,-0.009363989802436261,1759343174.4495847
-0.023438071911327865,-0.041600692909053945,-0.007484236262522316,1759343174.4707906
-0.01341469238967265,-0.04534962958864826,-0.005306479002995726,1759343174.4877777
-0.00414206358393049,-0.05137823177095569,-0.0010950390946271637,1759343174.5171769
0.007685994535216668,-0.060553054116381066,0.0065925771813631195,1759343174.5349083
0.010652068295909286,-0.053129125029828486,0.003867397158933484,1759343174.5654252
0.021053202513139788,-0.04630647342690754,0.004818376364019961,1759343174.588151
0.016939953609332467,-0.040588098195843116,0.003466007748107683,1759343174.6166928
0.019925826647005616,-0.03563593280955574,0.005369927026713446,1759343174.6435058
0.02092510294420981,-0.02740793104885795,0.008118525543748782,1759343174.6608024
0.013512893087978805,-0.027866168359457003,0.007876112331593216,1759343174.6832514
0.0023916145561779733,-0.029096284165134583,0.004370919322091581,1759343174.707184
-0.01973131076319581,-0.04176110868967351,-0.002339824180084182,1759343174.730562
-0.10327102335241903,-0.04058020487071137,-0.018659381607663634,1759343174.7548857
-0.11168682428760993,-0.05006879970779329,-0.019456871152221708,1759343174.7728012
-0.12228573524069344,-0.049171456430506466,-0.021362971573321274,1759343174.7942204
-0.19310572637190573,-0.04942569598148021,-0.03418268014415467,1759343174.818835
-0.2687399465238604,-0.03858218318209761,-0.04064277342545775,1759343174.84201
-0.20582437622434777,-0.029973584012535477,-0.02272295465336885,1759343174.8732617
-0.22091578611409005,-0.019842054316918878,-0.01126885985201061,1759343174.8935173
-0.21097550709596816,-0.009487365751575157,0.01098578641738744,1759343174.954996
-0.16951215622332372,0.02388104263086239,0.08010414782106418,1759343174.9801002
-0.0587822185669903,0.02465736913671003,0.11781162372776963,1759343175.0126176
0.021522319552763985,-0.02281979108884126,0.1035687457688172,1759343175.039978
0.06387360416054749,-0.0341444127859927,0.09360109924348523,1759343175.0673878
0.21278016172301753,-0.045157013129710336,0.1409139281459554,1759343175.082745
0.1280863846253024,-0.06492863697126067,0.09726626764073429,1759343175.098853
0.1555086984211323,-0.06520847734632802,0.11017624074960403,1759343175.1132762
0.1524835341435706,-0.0622793359456512,0.1096241258044305,1759343175.1253104
0.1771477643380982,-0.0656683138586105,0.12330229158354035,1759343175.1396716
0.19802871799460825,-0.061829879119514,0.13821045821889272,1759343175.1531782
0.10857285608507508,-0.05083629610613291,0.10132162044656978,1759343175.167272
0.17976967417085027,-0.04756292453945753,0.13725192163800828,1759343175.1790788
0.2593425776630455,-0.04023980763058622,0.18140783574905603,1759343175.190267
0.09918298882765683,-0.025342716349247896,0.108251205753717,1759343175.20411
0.06882513712402717,-0.026778457006094877,0.09890405261836198,1759343175.2290373
0.05938903901449185,-0.017705315135154304,0.1000218352099633,1759343175.24346
0.03867508928932849,-0.010531578131796816,0.09601402088771097,1759343175.2639651
0.022795096712728113,-0.010851239825208667,0.09387307197422298,1759343175.2977183
0.0019760341009177826,-0.007301079300098552,0.09149768349057845,1759343175.324659
-0.01319721406257714,-0.009543228948320687,0.09326226437159967,1759343175.3538969
-0.018615330642507373,-0.015389528549327042,0.08199372839474328,1759343175.3827944
-0.017506276106093427,-0.0168900387819405,0.07605099568138309,1759343175.4178765
-0.018792899094107404,-0.018126532481013632,0.069973277489836,1759343175.4455056
-0.014475626332005264,-0.018755110815229303,0.0600520318402991,1759343175.480253
-0.0029532222057902756,-0.014740501687991467,0.050214489753127194,1759343175.5240257
-0.0021656924749564417,-0.014336034113951531,0.024156946119408565,1759343175.5436938
-0.017053459453482966,-0.02250109180237245,-0.009857953899392424,1759343175.5675304
-0.04159902864555471,-0.03821106761233675,-0.015558705854967207,1759343175.5842853
-0.036226008971258286,-0.03514704583917007,0.008322409659954996,1759343175.5996966
-0.06123204128234815,-0.04202972070979186,-0.007752166271369626,1759343175.618116
-0.1325439390687872,-0.058651841132533064,-0.041512175653491856,1759343175.6328723
-0.13548867714073845,-0.05628734230645337,-0.024994722918554216,1759343175.6508174
-0.18098434943216882,-0.05572524552922069,-0.03321562860700055,1759343175.672682
-0.26980862254012683,-0.044452657790010106,-0.0557161533551546,1759343175.6939912
-0.22898473344243706,-0.019328037570394096,-0.0062903770588563016,1759343175.7087607
-0.16614474037969768,-0.010373284889538103,0.02402479427543725,1759343175.722991
-0.18619685232464145,0.003945072592304245,0.043122366533806085,1759343175.7400596
-0.19425190813356036,0.01959858932280495,0.08078203309292964,1759343175.7526016
-0.13112302851663651,0.004271297079015822,0.08038578708202666,1759343175.764917
-0.14153897562432738,0.016886156152392532,0.11605887283361513,1759343175.7783992
-0.08717806846804743,-0.011334678142500084,0.06922656383281907,1759343175.7912157
-0.11281917641561542,0.007374099135903308,0.14051270501344978,1759343175.8089187
-0.08386667273257573,-0.00572448653531242,0.12061265758854889,1759343175.8306742
-0.06424017069222569,0.0006813928213423234,0.15262095333429376,1759343175.8470464
-0.030223597261567217,-0.0026426540226378165,0.13347331169854582,1759343175.8766704
-0.01337840154301527,-0.01119270463499088,0.09804137496232268,1759343175.893359
0.08547886546201489,-0.02617968028159659,0.09045783915868424,1759343175.9094744
0.08575703433649899,-0.0408699228023809,0.07135095386716987,1759343175.9314122
0.07419447761331559,-0.039476493953392394,0.06785507299784267,1759343175.951877
0.1743103014297878,-0.06245409254349131,0.06505394068166175,1759343175.96917
0.1383487168987692,-0.07083166109676706,0.06251054149780227,1759343175.9841418
0.09326352178817979,-0.05275658310370637,0.06404103672226448,1759343176.0049586
0.16427000228882746,-0.06993624965733478,0.06361109309581922,1759343176.0195403
0.13389362077857064,-0.06655945448271734,0.06111146470168597,1759343176.0403144
0.13118911684609869,-0.06502191161436016,0.057920641555017804,1759343176.059625
0.09753540399041312,-0.053665524238347334,0.05755636796477188,1759343176.0716696
0.07493581946021118,-0.053778366716687634,0.06420784435709313,1759343176.103027
0.10548595020157119,-0.05971173716009785,0.0820994549287602,1759343176.1211848
0.09644181261247864,-0.05293535888097127,0.10914953957739096,1759343176.1381345
0.05652549766808167,-0.04311112911617495,0.11316262277747963,1759343176.151733
0.030982329931109914,-0.033816127500551775,0.12258999433834601,1759343176.1700957
0.011379163311489434,-0.027524600543200217,0.11454168690710706,1759343176.1926503
-0.01312762162516808,-0.0005035740127005625,0.14027980351909108,1759343176.210301
-0.03319760474392637,0.011468384233809643,0.13011600185259908,1759343176.227041
-0.03046925617452502,0.009745872929895313,0.1157259808274728,1759343176.246321
-0.04174497743383284,0.02012407918544942,0.12063384989313694,1759343176.2625475
-0.05319098350523689,0.026136324027228,0.12312253224138645,1759343176.2780025
-0.03816424050855485,0.003299403640553842,0.10444964968536619,1759343176.2991
-0.049293233189380344,0.005153587820449442,0.10109291489328245,1759343176.3171282
-0.02945446204136163,-0.009400327386960079,0.0878197283484086,1759343176.331911
-0.026696283154308487,-0.01060664498962901,0.07934472158528826,1759343176.3482418
-0.014358970094833085,-0.015546168135843884,0.07667878316373564,1759343176.3973694
-0.02454101891925989,-0.005654408453625314,0.05976711397189997,1759343176.423093
-0.019607425457688465,0.02050461824894916,0.05878643418027432,1759343176.4393966
-0.005592210692584268,0.015818215815163555,0.08190138373955867,1759343176.454034
0.008944912454225646,0.04027366348046828,0.10109646196835141,1759343176.4678285
0.01973728424393873,0.020734914874767543,0.10214131255011057,1759343176.4807036
0.05652916910035955,0.04219756018571902,0.12729076756091526,1759343176.498628
0.09465744855928393,0.04446616791847373,0.14176445327420314,1759343176.51572
0.1633584865363083,0.05272024131683677,0.18419579448054507,1759343176.5285003
0.05444428167065726,0.006337930311517669,0.11520645621982961,1759343176.5427153
0.23010670559996332,0.025605027589829493,0.20937513538216107,1759343176.5559094
0.17459807274192432,0.004414185748005065,0.16760122403745076,1759343176.571168
0.18835201778280367,-0.006122590026878801,0.16760601319459995,1759343176.5841408
0.16025557166638948,-0.005126723645324383,0.1494427514415662,1759343176.6013358
0.28012342023534287,-0.00934656195982049,0.1893261358910575,1759343176.6181383
0.3888828286710286,-0.01319978495659261,0.2128805417800919,1759343176.6329207
0.2709597016010449,-0.0204708899606172,0.1686662593404291,1759343176.6562848
0.2586365893685383,-0.032057914410677166,0.1708028043162564,1759343176.6750412
0.36221243553005705,-0.0791704359557528,0.222655600856774,1759343176.6899064
0.19857962484649727,-0.048951981335472204,0.164963520231966,1759343176.70583
0.18290711653385444,-0.04918302136778521,0.1609832367878217,1759343176.7231495
0.23042708513378513,-0.0767085749877474,0.18293216230414797,1759343176.7436616
0.2674212990717241,-0.12786958932011466,0.22630074059588395,1759343176.7593465
0.17592603739250723,-0.081395195878433,0.18661420989678848,1759343176.778331
0.12126988666476622,-0.05359207549504502,0.16640992327888857,1759343176.803723
0.07405952558583742,-0.03620472882624108,0.14530874266387345,1759343176.8282998
0.00666717772514866,-0.028142117679330225,0.11371924756927874,1759343176.8559556
0.003039888203252933,-0.026708610889970487,0.10196801829987508,1759343176.8729515
0.0027664717076723855,-0.012987310635748194,0.08753522659089444,1759343176.8899317
-0.008492019124127198,-0.019050905410617564,0.08215438990207319,1759343176.911741
-0.017587328780435507,-0.010796324185926895,0.07458798342999043,1759343176.9406974
-0.13082901656097212,0.02097042788204989,0.019018067711232337,1759343176.9685192
-0.12323840433314924,0.017408436027200706,0.027403119102525242,1759343176.9883504
-0.09837821154481544,0.012669399602492738,0.03672700433810676,1759343177.0141628
-0.09606619963514695,0.013665456337084454,0.038694235582608816,1759343177.032623
-0.03591810370651308,-0.003034833543707009,0.07005415343783505,1759343177.0596037
-0.041338746176447,-0.0006211793302704372,0.05569459791305595,1759343177.074123
-0.00019324199619650748,-0.014396753941866685,0.07742194521185577,1759343177.087288
0.0033163012464283922,-0.014329221285727632,0.07767852414494456,1759343177.1037564
0.014071486711206024,-0.013435348067447467,0.08278510194126579,1759343177.1255555
0.0144757166858864,-0.01275859716105953,0.061890112564059456,1759343177.1399252
0.02969301474480527,-0.011196122644046801,0.07566153037578617,1759343177.1537545
0.027562667238340947,-0.012919257164361335,0.07577977709895267,1759343177.1671612
0.028130645708658544,-0.01306249488193274,0.08106355549525973,1759343177.1833189
0.03330160923438685,-0.01508892299959098,0.06393394446515327,1759343177.1985974
0.036336354075524116,-0.014924593761753252,0.0633370206410912,1759343177.2150185
0.04516351477055951,-0.0162743564919092,0.05097627854513946,1759343177.2308471
0.038263435316283394,-0.019231754227483078,0.06506196169873013,1759343177.2507298
0.038917530774532375,-0.021450933787285447,0.05940759608129863,1759343177.2833116
0.04597328195479458,-0.01665333794200754,0.03802880914641425,1759343177.3063903
0.04062412568455755,-0.014794290732830033,0.07829133733548785,1759343177.3316712
0.06082293434485432,-0.008871669812299645,0.11661195994103726,1759343177.3552735
0.08789749743796618,-0.005117570375718491,0.1827471183304799,1759343177.3767154
0.11051857562186077,0.0013711828416273185,0.20885085254657376,1759343177.39846
0.19522026427051564,0.017343915219399434,0.29423514448921406,1759343177.424137
0.24220958157621006,0.010721321871194423,0.3174428351056088,1759343177.4495618
0.3251284689583609,-0.0160871674863612,0.3548553408111063,1759343177.4834192
0.31877117552418055,-0.05433962978459225,0.2952042826899631,1759343177.5245454
0.49392154287955614,-0.21901149982104903,0.4252860428329176,1759343177.5725
0.3296789665802625,-0.20458808131713455,0.3531107869268395,1759343177.622091
0.19696819604208363,-0.11655887012564245,0.27100724378574037,1759343177.6459005
0.12570086738714734,-0.03275629073146945,0.1694272481666332,1759343177.6634035
0.0841805606262563,-0.0049449034055418645,0.12117665095247891,1759343177.6799436
0.09977237250096505,-0.010197910375559005,0.12217222773287627,1759343177.6964843
0.10145342339075161,-0.01530139573205342,0.11640885898229807,1759343177.7214322
0.06928774233068165,-0.0006317629387745591,0.06703061141755146,1759343177.7401924
0.0397068305034632,0.009234813921153565,0.026760125661562606,1759343177.7685344
-0.00710020588819768,0.016877673560244617,-0.003682926294054062,1759343177.7967758
-0.0638190954035214,0.057417545789891174,-0.07069797334383277,1759343177.819256
-0.09048775803354517,0.0771327552327219,-0.06990308753992125,1759343177.8427122
-0.09688136610881593,0.07561429954838926,-0.03893484748970255,1759343177.8603504
-0.09829596203490133,0.06482167600968844,-0.008362029999814974,1759343177.8837454
-0.08804544248574084,0.06136702909661047,0.0031126056545729697,1759343177.9096203
-0.07279459530585479,0.0495609841827633,0.008660521222192144,1759343177.9297943
-0.061352957529750576,0.026637477462495368,0.022347636311167693,1759343177.9499216
-0.017014826021355123,-0.0010727090882277825,0.05054897605695222,1759343177.9676037
-0.0028412851017533963,-0.021145144312198827,0.06297379869108574,1759343177.9892094
0.014139615654969614,-0.03607894320135365,0.073037933401048,1759343178.00678
0.02590464977348227,-0.037614455197609205,0.07860721484090373,1759343178.0241556
0.03930510273541701,-0.0315743002105267,0.07960405677146246,1759343178.0459352
0.04764198967848198,-0.02306193442206131,0.08016330836652501,1759343178.066085
0.054038330046690904,-0.02351497446256958,0.06929261463672903,1759343178.079867
0.05714452945192683,-0.01897063964223699,0.0751345367760994,1759343178.0949662
0.05975775893303477,-0.02169214547624103,0.07195637086411,1759343178.1105237
0.05477970342542188,-0.01969777829482284,0.08079949741840116,1759343178.1308386
0.0609296111429905,-0.028946106207436765,0.06963843791069388,1759343178.1474764
0.06798175310426534,-0.027512422746588976,0.06792398872739842,1759343178.1620772
0.06285284230407262,-0.019301974269539838,0.07878161899445249,1759343178.1793406
0.06733162915866751,-0.01999664378142389,0.07828081070201036,1759343178.1925516
0.059681117896947966,-0.017955306803614138,0.08590205200727458,1759343178.204173
0.06186007308645015,-0.018784854858743205,0.08698318286695422,1759343178.215714
0.05874245397785185,-0.01741326868141444,0.08838125367251919,1759343178.232833
0.05988221674893796,-0.018804023974449094,0.09026188020905189,1759343178.252112
0.0585946437724759,-0.02077154353427004,0.08952490743468522,1759343178.2686963
0.049620811932126446,-0.01874980350551068,0.08382562179776674,1759343178.287107
0.04028720469203517,-0.018351337689424298,0.07439198479195079,1759343178.303048
0.030569884352188322,-0.01906241360064542,0.0644413510663655,1759343178.3192666
0.008749793673798696,-0.024179746547912412,0.045306153260259316,1759343178.3344057
-0.0036860042571625062,-0.02683657501482277,0.03814831903829385,1759343178.3495216
-0.04458545170281345,-0.03780065540533062,0.007983183303917826,1759343178.3637795
-0.08460540216916784,-0.04578458725319976,-0.02523366259151924,1759343178.3797705
-0.07138767630344386,-0.04227308683445683,-0.013262943069871358,1759343178.392131
-0.08065501465596334,-0.04244828464139933,-0.016598536929375463,1759343178.4079838
-0.007096167825260801,-0.02591167269553124,0.04083638041551139,1759343178.432793
-0.1956070781344265,-0.043872903427920995,-0.05304252821900536,1759343178.456396
-0.23884176231209814,-0.040326413511402356,-0.04716911736469441,1759343178.4733324
-0.180898489589416,-0.02826403332607392,-0.011634428017541172,1759343178.4897125
-0.21009966008305558,-0.021523732017315562,0.004895889905396945,1759343178.5060916
-0.20424246296630602,-0.016121265659090254,0.02844772261292725,1759343178.5253496
-0.18329797784281324,-0.00954329730835546,0.05849305079143085,1759343178.547701
-0.17184650202709653,0.0073599117791434444,0.09930456210311575,1759343178.5662727
-0.11583302492072181,0.0003073721249121711,0.10289544006111945,1759343178.5792477
-0.11265155085866824,0.002511502252906618,0.12976011119570258,1759343178.6152208
-0.06453192379912678,-0.0020009171073434914,0.10488648163096509,1759343178.6334033
-0.04262515394762821,0.006227383858122635,0.11127166668450647,1759343178.6511
-0.0031188723610112504,0.013559689119043835,0.12110814303518382,1759343178.6682117
0.01365413928536454,0.002511849752158294,0.10741393951888062,1759343178.687121
0.03765738339170046,-0.007774165416197546,0.11383085335324894,1759343178.7029552
0.08354542828772546,-0.015200186084415005,0.1332852428844159,1759343178.7233534
0.07798405660463278,-0.022048339701119732,0.12661107869942614,1759343178.7433758
0.11693050159357633,-0.030733812061518942,0.13635482126041099,1759343178.763929
0.06817173597423977,-0.027307021378772254,0.11331281437670801,1759343178.7793698
0.14524752902039362,-0.040293725940741654,0.13772081558895746,1759343178.8057668
0.2665100478324474,-0.055239822895087345,0.172076146201799,1759343178.8249846
0.17719757001321446,-0.06286270948017587,0.14208748504836044,1759343178.8432462
0.18642269302289646,-0.06456742700189046,0.13901677564526405,1759343178.8580308
0.18707624029533207,-0.060831290769073135,0.1289259759257952,1759343178.873541
0.14502553489475373,-0.046387805623189025,0.11379522475751482,1759343178.8891013
0.14858183022946392,-0.04809211470008719,0.10916518161176855,1759343178.909136
0.11829912384886195,-0.03656048197593177,0.09484336472567473,1759343178.9285812
0.07599434828654697,-0.028001673876089102,0.08774534867986683,1759343178.945078
0.0889369477436383,-0.016929836650216808,0.06768309332166927,1759343178.961157
0.07806728737269798,-0.017803678720599656,0.06592355546017209,1759343178.976581
0.061484877988939333,-0.029591563502931413,0.08079694436353424,1759343178.9901412
0.05690683129431502,-0.031870225871107015,0.0892918877802767,1759343179.0036669
0.05294133596299574,-0.029323298320274017,0.09248394937066405,1759343179.0175276
0.0513136080134734,-0.030729149722462008,0.09700201343164505,1759343179.0316124
0.04256303444286353,-0.028928832738350157,0.10243862545061665,1759343179.044448
0.022541379984635856,-0.027002404197472817,0.11283244681873852,1759343179.0569096
0.03559017773678324,-0.0230849283476006,0.1007312871674797,1759343179.0706422
0.02273442053213559,-0.011202714046583325,0.10425495548776012,1759343179.0838084
0.033499138120394546,-0.014581195691708234,0.09890190981601442,1759343179.095838
0.026676275072326634,-0.008854516661650595,0.10296003705768765,1759343179.1098711
0.028209115651551563,-0.007786563226853411,0.10247407819544148,1759343179.125915
0.030552840335010652,-0.006623981103832725,0.10492942011922682,1759343179.1447031
0.03265387202624527,-0.004374180925173336,0.1075345235644977,1759343179.1610656
0.032028746079233596,0.0028182570679937922,0.11876051490077257,1759343179.1740878
0.04150234857096785,-0.008350129570410867,0.1108957578469197,1759343179.18746
0.05199140723068575,-0.0028960299798289867,0.12013526963184268,1759343179.2024243
0.04866693503138409,-0.014118253679930623,0.10658948942814847,1759343179.21922
0.06189468771894163,0.00031470417806438514,0.12093504894569829,1759343179.2358353
0.06814199180519073,-0.005905043004930577,0.12326001217923703,1759343179.2491136
0.07773134895262271,-0.002664609775184637,0.12171323346391216,1759343179.2656622
0.07257544249064538,-0.005232227278067535,0.11466757515148127,1759343179.283306
0.07048025805436446,-0.006632467686585049,0.11392428410211933,1759343179.2975907
0.0837612630503149,-0.0021140293876066793,0.12091694350219925,1759343179.3120868
0.0674497307094898,-0.010107238986640907,0.11248110784725597,1759343179.3249905
0.09453230684819426,0.0008620493292190411,0.1258634366067658,1759343179.337269
0.12723058664734965,0.008921926316156755,0.14261977630719386,1759343179.3499055
0.10698955937140886,-0.0011202461597054226,0.12503641826539244,1759343179.3623638
0.10193018295990958,-0.002278972448453301,0.11923997816610976,1759343179.3763752
0.12480586803110116,-0.004614362564176777,0.12527661208733493,1759343179.3897698
0.1255829120316193,-0.008009933072071169,0.12647643725665017,1759343179.4022477
0.1731003027870475,-0.008598861550478995,0.13865332115570483,1759343179.4155788
0.17865360192216195,-0.01176952462747046,0.13016435713508148,1759343179.4292176
0.20174394541066423,-0.01822620405192273,0.12303709987012956,1759343179.442282
0.1873229453946546,-0.027161077219100507,0.12111378905616567,1759343179.4561114
0.14600202035366572,-0.026340175305522823,0.11747523109318812,1759343179.4679725
0.23598329171118848,-0.04272379191184614,0.11989963059973498,1759343179.48144
0.19717795679402111,-0.04234649199776182,0.11648718631076528,1759343179.4943092
0.2238664220416003,-0.05647448619320436,0.11875689439671121,1759343179.507137
0.16441331085354743,-0.042326901760538736,0.1163178037316801,1759343179.520829
0.2048529681989265,-0.06665424249768406,0.12289028943634929,1759343179.5344346
0.1963898477569201,-0.07561320742886021,0.1273023087162557,1759343179.549019
0.17878619114091102,-0.07479469248807824,0.12926763741927774,1759343179.5661972
0.14512216612988676,-0.05756828121034854,0.12485422134292756,1759343179.5847468
0.16353788275713654,-0.08522334342097138,0.13696288153161346,1759343179.6027207
0.14391730540917871,-0.08108133280771672,0.1384864406755938,1759343179.6195478
0.1340634012682067,-0.09491603050010389,0.14989038245229525,1759343179.634159
0.11286808857873983,-0.10910514999029813,0.1664341316088777,1759343179.6462543
0.11176389567956795,-0.04743715039190096,0.127762880632128,1759343179.6618853
0.09971921775503295,-0.07145506719588735,0.14953495954670776,1759343179.6775196
