PWM1,PWM2,PWM3,PWM4,timestamp
1000,1000,1000,1000,1758762174.8429189
1000,1000,1000,1000,1758762174.844478
1000,1000,1000,1000,1758762174.845768
1000,1000,1000,1000,1758762174.847894
1000,1000,1000,1000,1758762174.8491013
1000,1000,1000,1000,1758762174.850808
1000,1000,1000,1000,1758762174.8517623
1000,1000,1000,1000,1758762174.8530016
1000,1000,1000,1000,1758762174.8538008
1000,1000,1000,1000,1758762174.855458
1000,1000,1000,1000,1758762174.856645
1000,1000,1000,1000,1758762174.8574665
1000,1000,1000,1000,1758762174.858282
1000,1000,1000,1000,1758762174.8590617
1000,1000,1000,1000,1758762174.8619113
1000,1000,1000,1000,1758762174.86683
1000,1000,1000,1000,1758762174.8684402
1000,1000,1000,1000,1758762174.8695073
1000,1000,1000,1000,1758762174.8730357
1000,1000,1000,1000,1758762174.8749566
1000,1000,1000,1000,1758762174.876311
1000,1000,1000,1000,1758762174.877535
1000,1000,1000,1000,1758762174.878404
1000,1000,1000,1000,1758762174.8793883
1000,1000,1000,1000,1758762174.8806765
1000,1000,1000,1000,1758762174.8818755
1000,1000,1000,1000,1758762174.8841102
1000,1000,1000,1000,1758762174.8963015
1000,1000,1000,1000,1758762174.8977647
1000,1000,1000,1000,1758762174.8989935
1000,1000,1000,1000,1758762174.900494
1000,1000,1000,1000,1758762174.9029074
1000,1000,1000,1000,1758762174.9051583
1000,1000,1000,1000,1758762174.9065828
1000,1000,1000,1000,1758762174.908824
1000,1000,1000,1000,1758762174.910015
1000,1000,1000,1000,1758762174.911265
1000,1000,1000,1000,1758762174.9142227
1000,1000,1000,1000,1758762174.9174588
1000,1000,1000,1000,1758762174.9238558
1000,1000,1000,1000,1758762174.9262357
1000,1000,1000,1000,1758762174.9278967
1000,1000,1000,1000,1758762174.9304707
1000,1000,1000,1000,1758762174.933377
1000,1000,1000,1000,1758762174.9342406
1000,1000,1000,1000,1758762174.93669
1000,1000,1000,1000,1758762174.9380488
1000,1000,1000,1000,1758762174.939741
1000,1000,1000,1000,1758762174.9414525
1000,1000,1000,1000,1758762174.942443
1000,1000,1000,1000,1758762174.9437587
1000,1000,1000,1000,1758762174.9457865
1000,1000,1000,1000,1758762174.9466996
1000,1000,1000,1000,1758762174.9484696
1000,1000,1000,1000,1758762174.9494798
1000,1000,1000,1000,1758762174.9509568
1000,1000,1000,1000,1758762174.9534068
1000,1000,1000,1000,1758762174.9555378
1000,1000,1000,1000,1758762174.9563937
1000,1000,1000,1000,1758762174.9577825
1000,1000,1000,1000,1758762174.9601295
1000,1000,1000,1000,1758762174.9614823
1000,1000,1000,1000,1758762174.9627051
1000,1000,1000,1000,1758762174.963626
1000,1000,1000,1000,1758762174.9649048
1000,1000,1000,1000,1758762174.9660666
1000,1000,1000,1000,1758762174.9681458
1000,1000,1000,1000,1758762174.9690254
1000,1000,1000,1000,1758762174.9706848
1000,1000,1000,1000,1758762174.9714866
1000,1000,1000,1000,1758762174.9722898
1000,1000,1000,1000,1758762174.974516
1000,1000,1000,1000,1758762174.9758525
1000,1000,1000,1000,1758762174.9781702
1000,1000,1000,1000,1758762174.9789884
1000,1000,1000,1000,1758762174.9800503
1000,1000,1000,1000,1758762174.9814816
1000,1000,1000,1000,1758762174.9836514
1000,1000,1000,1000,1758762174.9854612
1000,1000,1000,1000,1758762174.986932
1000,1000,1000,1000,1758762174.9891467
1000,1000,1000,1000,1758762174.9901357
1000,1000,1000,1000,1758762174.9916482
1000,1000,1000,1000,1758762174.992902
1000,1000,1000,1000,1758762174.994267
1000,1000,1000,1000,1758762174.9965448
1000,1000,1000,1000,1758762174.998257
1000,1000,1000,1000,1758762175.000415
1000,1000,1000,1000,1758762175.007958
1000,1000,1000,1000,1758762175.0106204
1000,1000,1000,1000,1758762175.0121596
1000,1000,1000,1000,1758762175.0135665
1000,1000,1000,1000,1758762175.0144231
1000,1000,1000,1000,1758762175.0153174
1000,1000,1000,1000,1758762175.0161116
1000,1000,1000,1000,1758762175.016868
1000,1000,1000,1000,1758762175.018184
1000,1000,1000,1000,1758762175.0191543
1000,1000,1000,1000,1758762175.0199585
1000,1000,1000,1000,1758762175.021883
1000,1000,1000,1000,1758762175.023729
1000,1000,1000,1000,1758762175.0249095
1000,1000,1000,1000,1758762175.0267448
1000,1000,1000,1000,1758762175.0278382
1000,1000,1000,1000,1758762175.029402
1000,1000,1000,1000,1758762175.0304997
1000,1000,1000,1000,1758762175.032889
1000,1000,1000,1000,1758762175.0352104
1000,1000,1000,1000,1758762175.0362942
1000,1000,1000,1000,1758762175.0374498
1588,1566,1554,1576,1758762175.039677
1588,1566,1554,1576,1758762175.041438
1588,1566,1554,1576,1758762175.042478
1588,1566,1554,1576,1758762175.0455744
1588,1566,1554,1576,1758762175.0477085
1588,1566,1554,1576,1758762175.0488498
1588,1566,1554,1576,1758762175.0499167
1588,1566,1554,1576,1758762175.0509183
1588,1566,1554,1576,1758762175.0534413
1588,1566,1554,1576,1758762175.0542884
1588,1566,1554,1576,1758762175.0551898
1588,1566,1554,1576,1758762175.0573754
1588,1566,1554,1576,1758762175.0584393
1588,1566,1554,1576,1758762175.0605087
1588,1566,1554,1576,1758762175.062915
1588,1566,1554,1576,1758762175.0646644
1588,1566,1554,1576,1758762175.0657787
1588,1566,1554,1576,1758762175.0673032
1585,1568,1557,1574,1758762175.068805
1585,1568,1557,1574,1758762175.0711908
1585,1568,1557,1574,1758762175.0719812
1585,1568,1557,1574,1758762175.0731952
1585,1568,1557,1574,1758762175.076471
1585,1568,1557,1574,1758762175.0779366
1585,1568,1557,1574,1758762175.079646
1585,1568,1557,1574,1758762175.0809867
1588,1566,1554,1576,1758762175.0823617
1588,1566,1554,1576,1758762175.0833838
1588,1566,1554,1576,1758762175.0841525
1588,1566,1554,1576,1758762175.085008
1588,1566,1554,1576,1758762175.0859623
1588,1566,1554,1576,1758762175.086879
1588,1566,1554,1576,1758762175.087726
1588,1566,1554,1576,1758762175.0885
1588,1566,1554,1576,1758762175.0898197
1588,1566,1554,1576,1758762175.0907712
1588,1566,1554,1576,1758762175.0917425
1588,1566,1554,1576,1758762175.0931213
1588,1566,1554,1576,1758762175.0942142
1588,1566,1554,1576,1758762175.0955317
1588,1566,1554,1576,1758762175.0963404
1588,1566,1554,1576,1758762175.09716
1588,1566,1554,1576,1758762175.0979545
1588,1566,1554,1576,1758762175.098708
1588,1566,1554,1576,1758762175.100027
1588,1566,1554,1576,1758762175.1009226
1589,1565,1553,1577,1758762175.1018217
1589,1565,1553,1577,1758762175.1024916
1589,1565,1553,1577,1758762175.103624
1589,1565,1553,1577,1758762175.1044333
1589,1565,1553,1577,1758762175.1052454
1588,1566,1554,1576,1758762175.107039
1588,1566,1554,1576,1758762175.107981
1588,1566,1554,1576,1758762175.108698
1588,1566,1554,1576,1758762175.109322
1588,1566,1554,1576,1758762175.1100278
1588,1566,1554,1576,1758762175.1132944
1588,1566,1554,1576,1758762175.1155252
1587,1567,1554,1575,1758762175.1182091
1587,1567,1554,1575,1758762175.120825
1586,1566,1556,1576,1758762175.1222105
1586,1566,1556,1576,1758762175.123464
1586,1566,1556,1576,1758762175.1250875
1586,1566,1556,1576,1758762175.1265204
1586,1566,1556,1576,1758762175.1278112
1586,1566,1556,1576,1758762175.128965
1586,1566,1556,1576,1758762175.1301925
1586,1566,1556,1576,1758762175.1321805
1586,1566,1556,1576,1758762175.133495
1586,1566,1556,1576,1758762175.135126
1586,1566,1556,1576,1758762175.1363883
1586,1566,1556,1576,1758762175.1380167
1586,1566,1556,1576,1758762175.1392157
1586,1566,1556,1576,1758762175.1411068
1586,1566,1556,1576,1758762175.14202
1586,1566,1556,1576,1758762175.1437669
1589,1566,1553,1575,1758762175.145102
1589,1566,1553,1575,1758762175.1464095
1589,1566,1553,1575,1758762175.148009
1589,1566,1553,1575,1758762175.1495392
1589,1566,1553,1575,1758762175.151118
1589,1566,1553,1575,1758762175.152994
1589,1566,1553,1575,1758762175.154436
1589,1566,1553,1575,1758762175.155624
1589,1566,1553,1575,1758762175.1573515
1589,1566,1553,1575,1758762175.1598835
1588,1566,1554,1576,1758762175.1607728
1588,1566,1554,1576,1758762175.163526
1588,1566,1554,1576,1758762175.1644392
1588,1564,1554,1578,1758762175.166641
1588,1564,1554,1578,1758762175.1686068
1593,1569,1549,1573,1758762175.169938
1593,1569,1549,1573,1758762175.171574
1588,1566,1554,1576,1758762175.1735432
1588,1566,1554,1576,1758762175.175202
1588,1566,1554,1576,1758762175.1774616
1588,1566,1554,1576,1758762175.1786609
1588,1566,1554,1576,1758762175.1804843
1588,1566,1554,1576,1758762175.1825733
1588,1566,1554,1576,1758762175.1838946
1588,1566,1554,1576,1758762175.1860754
1588,1566,1554,1576,1758762175.1877763
1588,1566,1554,1576,1758762175.1889524
1588,1566,1554,1576,1758762175.1913416
1588,1566,1554,1576,1758762175.19214
1588,1566,1554,1576,1758762175.1941912
1588,1566,1554,1576,1758762175.1956837
1588,1566,1554,1576,1758762175.197182
1587,1567,1555,1575,1758762175.1983469
1587,1567,1555,1575,1758762175.2001078
1587,1567,1555,1575,1758762175.2018683
1587,1567,1555,1575,1758762175.2028964
1587,1567,1555,1575,1758762175.2046149
1587,1567,1555,1575,1758762175.2062335
1588,1566,1554,1576,1758762175.2077804
1588,1566,1554,1576,1758762175.208873
1588,1566,1554,1576,1758762175.2112668
1585,1567,1557,1575,1758762175.2144754
1585,1567,1557,1575,1758762175.2203524
1588,1566,1554,1576,1758762175.2236643
1588,1566,1554,1576,1758762175.228122
1588,1566,1554,1576,1758762175.2315435
1589,1567,1553,1575,1758762175.2357848
1586,1568,1556,1574,1758762175.240491
1585,1568,1556,1573,1758762175.2436628
1588,1564,1554,1578,1758762175.2471516
1588,1566,1554,1576,1758762175.2497983
1588,1566,1554,1576,1758762175.2519343
1588,1566,1554,1576,1758762175.2536976
1588,1566,1554,1576,1758762175.2550862
1588,1566,1554,1576,1758762175.257083
1588,1566,1554,1576,1758762175.2585218
1587,1566,1555,1576,1758762175.2605903
1587,1566,1555,1576,1758762175.2629676
1589,1564,1553,1578,1758762175.2661035
1589,1564,1553,1578,1758762175.2685523
1588,1566,1554,1576,1758762175.2716284
1588,1566,1554,1576,1758762175.274731
1587,1566,1555,1576,1758762175.2790835
1588,1572,1554,1570,1758762175.2821476
1588,1566,1554,1576,1758762175.285325
1588,1566,1554,1576,1758762175.288592
1588,1566,1554,1576,1758762175.2920291
1588,1566,1554,1576,1758762175.2954257
1586,1569,1556,1573,1758762175.2984128
1585,1563,1556,1578,1758762175.3008857
1587,1566,1554,1576,1758762175.3035774
1587,1566,1554,1576,1758762175.3054175
1587,1566,1554,1576,1758762175.306868
1587,1566,1554,1576,1758762175.307893
1589,1558,1553,1584,1758762175.3095963
1589,1558,1553,1584,1758762175.311914
1589,1558,1553,1584,1758762175.3129356
1589,1558,1553,1584,1758762175.315419
1589,1558,1553,1584,1758762175.3165438
1589,1558,1553,1584,1758762175.3177962
1589,1558,1553,1584,1758762175.31998
1589,1558,1553,1584,1758762175.3210702
1589,1563,1553,1579,1758762175.3222816
1589,1563,1553,1579,1758762175.325468
1589,1563,1553,1579,1758762175.3270335
1589,1563,1553,1579,1758762175.3290927
1589,1563,1553,1579,1758762175.3307698
1589,1563,1553,1579,1758762175.3319347
1589,1563,1553,1579,1758762175.3338544
1589,1563,1553,1579,1758762175.3348663
1589,1563,1553,1579,1758762175.337484
1588,1566,1554,1576,1758762175.3410804
1588,1566,1554,1576,1758762175.344128
1588,1566,1554,1576,1758762175.346905
1588,1565,1554,1576,1758762175.3498592
1588,1565,1554,1576,1758762175.3539584
1588,1565,1554,1577,1758762175.3580844
1583,1591,1559,1551,1758762175.3608413
1583,1591,1559,1551,1758762175.362913
1583,1573,1559,1569,1758762175.3658786
1583,1573,1559,1569,1758762175.3696225
1587,1566,1554,1576,1758762175.3727207
1578,1587,1563,1555,1758762175.3744996
1583,1568,1559,1574,1758762175.3785543
1587,1567,1555,1575,1758762175.3818212
1587,1567,1555,1575,1758762175.3858886
1578,1599,1564,1543,1758762175.3894658
1561,1609,1581,1532,1758762175.3923614
1586,1569,1556,1573,1758762175.3967285
1578,1575,1564,1566,1758762175.3988645
1578,1575,1564,1566,1758762175.4027774
1586,1569,1556,1573,1758762175.406562
1594,1573,1547,1569,1758762175.409453
1594,1573,1547,1569,1758762175.4115698
1550,1575,1591,1567,1758762175.4133973
1550,1575,1591,1567,1758762175.4140706
1598,1593,1543,1549,1758762175.4147782
1598,1593,1543,1549,1758762175.41544
1598,1593,1543,1549,1758762175.4160938
1598,1593,1543,1549,1758762175.4167454
1598,1593,1543,1549,1758762175.4174006
1598,1593,1543,1549,1758762175.4180582
1598,1593,1543,1549,1758762175.418702
1598,1593,1543,1549,1758762175.4221182
1586,1570,1556,1572,1758762175.424716
1586,1570,1556,1572,1758762175.4291055
1586,1570,1556,1572,1758762175.4329684
1572,1565,1570,1577,1758762175.4349778
1572,1565,1570,1577,1758762175.4412525
1586,1589,1556,1553,1758762175.4432433
1586,1589,1556,1553,1758762175.4499185
1598,1739,1544,1403,1758762175.453151
1598,1739,1544,1403,1758762175.4563065
1598,1739,1544,1403,1758762175.4592087
1598,1739,1544,1403,1758762175.46265
1585,1571,1557,1571,1758762175.4651127
1585,1571,1557,1571,1758762175.4682078
1585,1571,1557,1571,1758762175.4700544
1585,1571,1557,1571,1758762175.472472
1585,1571,1557,1571,1758762175.4747813
1585,1571,1557,1571,1758762175.4780295
1585,1577,1557,1564,1758762175.485892
1585,1577,1557,1564,1758762175.4904606
1585,1577,1557,1564,1758762175.4923837
1585,1577,1557,1564,1758762175.495742
1585,1577,1557,1564,1758762175.4985154
1585,1577,1557,1564,1758762175.503258
1585,1579,1557,1563,1758762175.5097775
1586,1582,1556,1560,1758762175.5207472
1600,1614,1542,1528,1758762175.5254428
1600,1614,1542,1528,1758762175.533159
1586,1584,1556,1558,1758762175.5362258
1586,1584,1556,1558,1758762175.5420847
1582,1618,1560,1524,1758762175.5491743
1582,1618,1560,1524,1758762175.5533805
1582,1618,1560,1524,1758762175.5579507
1582,1618,1560,1524,1758762175.5641384
1593,1611,1549,1531,1758762175.5678723
1579,1596,1563,1546,1758762175.5738268
1575,1567,1567,1575,1758762175.5779016
1585,1590,1557,1552,1758762175.5829985
1543,1596,1599,1546,1758762175.587742
1543,1596,1599,1546,1758762175.59782
1583,1589,1558,1553,1758762175.6036646
1568,1582,1574,1560,1758762175.614376
1602,1570,1540,1572,1758762175.6200662
1584,1588,1557,1554,1758762175.62633
1584,1588,1557,1554,1758762175.629907
1584,1588,1557,1554,1758762175.634143
1582,1588,1560,1554,1758762175.6406913
1582,1588,1560,1554,1758762175.6442633
1582,1588,1560,1554,1758762175.6513495
1532,1555,1610,1587,1758762175.658724
1562,1578,1580,1564,1758762175.6636384
1562,1578,1580,1564,1758762175.6664014
1562,1578,1580,1564,1758762175.669826
1562,1578,1580,1564,1758762175.672735
1562,1578,1580,1564,1758762175.6763897
1579,1588,1563,1554,1758762175.6800869
1657,1583,1485,1559,1758762175.6821742
1657,1583,1485,1559,1758762175.6836915
1657,1583,1485,1559,1758762175.6849475
1657,1583,1485,1559,1758762175.6865911
1657,1583,1485,1559,1758762175.6890569
1657,1583,1485,1559,1758762175.690522
1657,1583,1485,1559,1758762175.6919568
1657,1583,1485,1559,1758762175.6940098
1657,1583,1485,1559,1758762175.6963418
1657,1583,1485,1559,1758762175.698621
1657,1583,1485,1559,1758762175.7004735
1657,1583,1485,1559,1758762175.7047796
1580,1588,1562,1554,1758762175.7058158
1580,1588,1562,1554,1758762175.7067604
1580,1588,1562,1554,1758762175.7075849
1580,1588,1562,1554,1758762175.7084446
1580,1588,1562,1554,1758762175.709268
1580,1588,1562,1554,1758762175.7102015
1580,1588,1562,1554,1758762175.711119
1580,1588,1562,1554,1758762175.7119632
1580,1588,1562,1554,1758762175.712947
1580,1588,1562,1554,1758762175.7150054
1580,1588,1562,1554,1758762175.716642
1580,1588,1562,1554,1758762175.719352
1580,1588,1562,1554,1758762175.7211928
1579,1588,1562,1554,1758762175.723134
1579,1588,1562,1554,1758762175.724507
1579,1588,1562,1554,1758762175.726704
1579,1587,1563,1555,1758762175.727757
1579,1587,1563,1555,1758762175.7298615
1579,1587,1563,1555,1758762175.732634
1579,1587,1563,1555,1758762175.7362096
1579,1587,1563,1555,1758762175.738771
1579,1587,1563,1555,1758762175.7404556
1579,1587,1563,1555,1758762175.7415004
1579,1587,1563,1555,1758762175.742362
1579,1587,1563,1555,1758762175.7434978
1579,1587,1563,1555,1758762175.7443762
1579,1587,1563,1555,1758762175.746101
1579,1587,1563,1555,1758762175.7474566
1579,1587,1563,1555,1758762175.7486875
1579,1587,1563,1555,1758762175.749725
1579,1587,1563,1555,1758762175.753984
1579,1587,1563,1555,1758762175.7592895
1579,1588,1563,1553,1758762175.7623374
1579,1588,1563,1553,1758762175.7646194
1579,1588,1563,1553,1758762175.766083
1579,1588,1563,1553,1758762175.7669866
1579,1588,1563,1553,1758762175.7696257
1579,1588,1563,1553,1758762175.7716851
1581,1594,1561,1547,1758762175.7752693
1581,1594,1561,1547,1758762175.7767155
1579,1589,1563,1553,1758762175.779889
1579,1589,1563,1553,1758762175.7818043
1546,1595,1596,1547,1758762175.7848556
1578,1589,1564,1553,1758762175.7882988
1578,1589,1564,1553,1758762175.7896063
1578,1589,1564,1553,1758762175.792766
1578,1589,1564,1553,1758762175.794383
1578,1589,1564,1553,1758762175.796932
1578,1589,1564,1553,1758762175.7989104
1578,1589,1563,1553,1758762175.8006456
1578,1589,1563,1553,1758762175.802801
1578,1589,1563,1553,1758762175.8037405
1578,1589,1563,1553,1758762175.8045847
1578,1589,1563,1553,1758762175.8059533
1578,1589,1563,1553,1758762175.807865
1578,1589,1563,1553,1758762175.809988
1585,1625,1556,1516,1758762175.8122315
1585,1625,1556,1516,1758762175.8136375
1585,1625,1556,1516,1758762175.81645
1585,1625,1556,1516,1758762175.8175228
1585,1625,1556,1516,1758762175.8199258
1567,1607,1574,1535,1758762175.821312
1567,1607,1574,1535,1758762175.8222773
1567,1607,1574,1535,1758762175.8235774
1567,1607,1574,1535,1758762175.8252306
1567,1607,1574,1535,1758762175.8265543
1564,1587,1578,1554,1758762175.827626
1564,1587,1578,1554,1758762175.8289664
1564,1587,1578,1554,1758762175.8298864
1564,1587,1578,1554,1758762175.8316505
1564,1587,1578,1554,1758762175.83277
1564,1587,1578,1554,1758762175.8337655
1564,1587,1578,1554,1758762175.8348718
1564,1587,1578,1554,1758762175.8386838
1554,1594,1588,1548,1758762175.8405256
1554,1594,1588,1548,1758762175.8430104
1577,1591,1565,1551,1758762175.8447366
1577,1591,1565,1551,1758762175.8476644
1571,1560,1571,1581,1758762175.8501043
1571,1560,1571,1581,1758762175.85204
1571,1560,1571,1581,1758762175.854982
1576,1589,1566,1553,1758762175.857242
1556,1562,1585,1580,1758762175.8583212
1556,1562,1585,1580,1758762175.86155
1556,1562,1585,1580,1758762175.862945
1556,1562,1585,1580,1758762175.8646653
1556,1562,1585,1580,1758762175.8677683
1556,1562,1585,1580,1758762175.8693314
1556,1562,1585,1580,1758762175.870651
1587,1574,1555,1568,1758762175.8742142
1587,1574,1555,1568,1758762175.8754878
1576,1588,1566,1554,1758762175.87878
1576,1588,1566,1554,1758762175.8807847
1576,1588,1566,1554,1758762175.884318
1576,1588,1566,1554,1758762175.890261
1576,1588,1566,1554,1758762175.8932753
1576,1588,1566,1554,1758762175.8965228
1575,1588,1567,1554,1758762175.899635
1575,1588,1567,1554,1758762175.9023998
1575,1588,1567,1554,1758762175.9064126
1575,1587,1567,1555,1758762175.907981
1560,1606,1582,1536,1758762175.9093475
1560,1606,1582,1536,1758762175.9126074
1560,1606,1582,1536,1758762175.9137812
1560,1606,1582,1536,1758762175.9168875
1574,1588,1568,1554,1758762175.921307
1574,1588,1568,1554,1758762175.9247112
1574,1588,1568,1554,1758762175.9302254
1574,1587,1568,1555,1758762175.933948
1574,1587,1568,1555,1758762175.9385574
1573,1587,1569,1555,1758762175.9431467
1573,1587,1569,1555,1758762175.9489827
1573,1587,1568,1555,1758762175.9531884
1573,1587,1568,1555,1758762175.9581935
1573,1587,1569,1555,1758762175.9645383
1572,1588,1570,1554,1758762175.9674585
1572,1588,1570,1554,1758762175.9733558
1572,1588,1570,1554,1758762175.9778178
1574,1584,1568,1558,1758762175.9806964
1574,1584,1568,1558,1758762175.9838407
1587,1566,1555,1576,1758762175.9848263
1587,1566,1555,1576,1758762175.98669
1587,1566,1555,1576,1758762175.9895554
1571,1530,1571,1612,1758762175.9915607
1571,1530,1571,1612,1758762175.9929948
1571,1530,1571,1612,1758762175.995541
1571,1530,1571,1612,1758762175.9967682
1571,1530,1571,1612,1758762175.9990678
1574,1582,1568,1560,1758762176.0007248
1574,1582,1568,1560,1758762176.0022137
1574,1582,1568,1560,1758762176.0051134
1563,1585,1578,1557,1758762176.0062778
1563,1585,1578,1557,1758762176.008757
1574,1582,1568,1560,1758762176.010178
1574,1582,1568,1560,1758762176.0127082
1574,1582,1568,1560,1758762176.014053
1574,1582,1568,1560,1758762176.0162525
1574,1582,1568,1560,1758762176.0180533
1574,1582,1568,1560,1758762176.0194764
1574,1582,1568,1560,1758762176.0216768
1578,1570,1564,1572,1758762176.0236757
1578,1570,1564,1572,1758762176.026095
1578,1570,1564,1572,1758762176.0283446
1578,1570,1564,1572,1758762176.029934
1574,1581,1568,1561,1758762176.0316064
1589,1564,1553,1577,1758762176.0335166
1589,1564,1553,1577,1758762176.0355182
1589,1564,1553,1577,1758762176.0371397
1589,1564,1553,1577,1758762176.0393355
1589,1564,1553,1577,1758762176.040533
1589,1564,1553,1577,1758762176.0437124
1588,1558,1554,1584,1758762176.045369
1588,1558,1554,1584,1758762176.0486205
1588,1558,1554,1584,1758762176.0533009
1579,1563,1563,1579,1758762176.0576792
1576,1579,1566,1563,1758762176.0648203
1576,1579,1566,1563,1758762176.067796
1575,1577,1567,1565,1758762176.0728664
1575,1577,1567,1565,1758762176.0752935
1575,1577,1567,1565,1758762176.0765245
1575,1577,1567,1565,1758762176.0778632
1552,1560,1589,1582,1758762176.0805752
1552,1560,1589,1582,1758762176.0819576
1576,1579,1566,1563,1758762176.08497
1576,1579,1566,1563,1758762176.086854
1645,1495,1497,1647,1758762176.0900154
1645,1495,1497,1647,1758762176.091292
1560,1571,1582,1571,1758762176.0932696
1560,1571,1582,1571,1758762176.09479
1560,1571,1582,1571,1758762176.0959797
1560,1571,1582,1571,1758762176.0980492
1560,1571,1582,1571,1758762176.099321
1560,1571,1582,1571,1758762176.101955
1560,1571,1582,1571,1758762176.1043036
1578,1576,1564,1566,1758762176.1069138
1578,1576,1564,1566,1758762176.110555
1578,1575,1564,1567,1758762176.1117327
1578,1575,1564,1567,1758762176.116295
1588,1575,1554,1567,1758762176.1172934
1582,1587,1560,1555,1758762176.1209753
1582,1587,1560,1555,1758762176.1243844
1582,1587,1560,1555,1758762176.1269596
1582,1587,1560,1555,1758762176.1328895
1558,1547,1584,1594,1758762176.1405485
1579,1575,1563,1567,1758762176.1481557
1569,1591,1573,1551,1758762176.1510787
1578,1575,1564,1566,1758762176.153113
1578,1575,1564,1566,1758762176.1567893
1589,1582,1553,1560,1758762176.1579163
1589,1582,1553,1560,1758762176.1611578
1606,1573,1535,1569,1758762176.1643686
1606,1573,1535,1569,1758762176.1674242
1546,1546,1596,1596,1758762176.16967
1619,1592,1523,1550,1758762176.1724584
1606,1593,1536,1549,1758762176.1752386
1606,1593,1536,1549,1758762176.1765924
1615,1564,1527,1578,1758762176.1804533
1615,1564,1527,1578,1758762176.1838305
1581,1575,1561,1567,1758762176.1855874
1645,1490,1497,1652,1758762176.1904533
1581,1574,1560,1568,1758762176.198778
1620,1561,1522,1581,1758762176.203283
1614,1592,1528,1550,1758762176.207661
1526,1582,1616,1560,1758762176.2128391
1606,1587,1536,1555,1758762176.214791
1606,1587,1536,1555,1758762176.2181718
1594,1541,1548,1601,1758762176.2233624
1608,1567,1534,1575,1758762176.2280846
1583,1574,1559,1568,1758762176.2338889
1606,1544,1535,1598,1758762176.2400377
1606,1544,1535,1598,1758762176.2432408
1606,1544,1535,1598,1758762176.2450793
1606,1544,1535,1598,1758762176.2466834
1606,1544,1535,1598,1758762176.2480152
1606,1544,1535,1598,1758762176.25132
1584,1574,1558,1568,1758762176.253339
1584,1574,1558,1568,1758762176.2559686
1584,1574,1558,1568,1758762176.2573304
1584,1574,1558,1568,1758762176.2593098
1584,1574,1558,1568,1758762176.261064
1584,1574,1558,1568,1758762176.2630856
1584,1574,1558,1568,1758762176.2654912
1584,1574,1558,1568,1758762176.2675583
1584,1574,1558,1568,1758762176.269154
1584,1574,1558,1568,1758762176.2706995
1584,1574,1558,1568,1758762176.275655
1585,1573,1557,1569,1758762176.2769947
1584,1573,1558,1569,1758762176.279043
1584,1573,1558,1569,1758762176.280658
1584,1573,1558,1569,1758762176.2818587
1584,1573,1558,1569,1758762176.2877011
1584,1573,1558,1569,1758762176.2935655
1584,1573,1558,1569,1758762176.303273
1598,1562,1544,1580,1758762176.3075354
1585,1573,1557,1569,1758762176.310812
1627,1500,1515,1642,1758762176.3139217
1574,1565,1568,1577,1758762176.3169284
1580,1564,1562,1578,1758762176.3199356
1580,1564,1562,1578,1758762176.3229067
1585,1570,1557,1572,1758762176.3257852
1584,1571,1557,1571,1758762176.3277378
1584,1571,1557,1571,1758762176.330819
1587,1572,1555,1570,1758762176.3344398
1587,1572,1555,1570,1758762176.3374376
1584,1571,1557,1571,1758762176.3391228
1584,1571,1557,1571,1758762176.3409066
1596,1548,1546,1594,1758762176.3434937
1596,1548,1546,1594,1758762176.3452954
1585,1571,1557,1571,1758762176.348752
1595,1560,1547,1582,1758762176.3517132
1595,1560,1547,1582,1758762176.357131
1585,1571,1557,1571,1758762176.3612325
1555,1603,1587,1539,1758762176.3631716
1603,1555,1539,1587,1758762176.3678966
1603,1555,1539,1587,1758762176.3702826
1585,1571,1557,1571,1758762176.3759549
1585,1571,1557,1571,1758762176.380028
1585,1571,1557,1571,1758762176.3839223
1614,1528,1528,1614,1758762176.38723
1567,1543,1575,1599,1758762176.394796
1585,1570,1557,1572,1758762176.3960483
1585,1570,1557,1572,1758762176.398559
1614,1537,1527,1605,1758762176.3998888
1614,1537,1527,1605,1758762176.4021125
1614,1537,1527,1605,1758762176.4050596
1614,1568,1528,1574,1758762176.4111023
1561,1583,1581,1559,1758762176.4144928
1585,1570,1557,1572,1758762176.4187694
1629,1558,1513,1584,1758762176.4202783
1629,1558,1513,1584,1758762176.421742
1629,1558,1513,1584,1758762176.4257731
1643,1537,1499,1605,1758762176.4298675
1616,1583,1526,1559,1758762176.4352767
1589,1569,1553,1573,1758762176.437147
1602,1537,1540,1605,1758762176.4415455
1602,1537,1540,1605,1758762176.4608572
1635,1558,1507,1584,1758762176.465732
1586,1556,1556,1586,1758762176.4666588
1586,1556,1556,1586,1758762176.4698172
1586,1556,1556,1586,1758762176.4707477
1586,1556,1556,1586,1758762176.4721684
1586,1556,1556,1586,1758762176.474053
1636,1561,1506,1581,1758762176.4781115
1548,1580,1594,1562,1758762176.480357
1548,1580,1594,1562,1758762176.4828174
1548,1580,1594,1562,1758762176.4837549
1590,1568,1552,1574,1758762176.486765
1588,1568,1554,1573,1758762176.4881115
1588,1568,1554,1573,1758762176.4894412
1588,1568,1554,1573,1758762176.5038276
1619,1581,1523,1561,1758762176.5114713
1587,1536,1555,1606,1758762176.514807
1569,1562,1573,1580,1758762176.5164692
1569,1562,1573,1580,1758762176.518226
1616,1543,1526,1599,1758762176.5206685
1616,1543,1526,1599,1758762176.521566
1587,1595,1555,1547,1758762176.524794
1561,1557,1581,1585,1758762176.525797
1561,1557,1581,1585,1758762176.5311496
1615,1594,1527,1548,1758762176.5347552
1595,1523,1547,1619,1758762176.5392146
1605,1584,1537,1558,1758762176.5401368
1605,1584,1537,1558,1758762176.5419042
1572,1552,1570,1590,1758762176.5450542
1588,1558,1554,1584,1758762176.547818
1588,1558,1554,1584,1758762176.5498078
1588,1558,1554,1584,1758762176.5513442
1588,1558,1554,1584,1758762176.5606663
1602,1595,1540,1547,1758762176.5615757
1602,1595,1540,1547,1758762176.5622926
1602,1595,1540,1547,1758762176.563385
1602,1595,1540,1547,1758762176.5641737
1602,1595,1540,1547,1758762176.5648775
1602,1595,1540,1547,1758762176.5669105
1596,1557,1546,1585,1758762176.571044
1586,1572,1555,1569,1758762176.5718503
1586,1572,1555,1569,1758762176.572916
1586,1572,1555,1569,1758762176.5736785
1586,1572,1555,1569,1758762176.5747182
1586,1572,1555,1569,1758762176.5754569
1586,1572,1555,1569,1758762176.576496
1586,1572,1555,1569,1758762176.577836
1588,1568,1554,1574,1758762176.578591
1588,1568,1554,1574,1758762176.57926
1588,1568,1554,1574,1758762176.580376
1615,1562,1527,1580,1758762176.5814989
1615,1562,1527,1580,1758762176.5827029
1615,1562,1527,1580,1758762176.5834644
1615,1562,1527,1580,1758762176.5858462
1589,1566,1552,1576,1758762176.586599
1589,1566,1552,1576,1758762176.5873494
1589,1566,1552,1576,1758762176.5880618
1589,1566,1552,1576,1758762176.590172
1612,1537,1529,1605,1758762176.5910208
1612,1537,1529,1605,1758762176.592459
1612,1537,1529,1605,1758762176.5934927
1612,1537,1529,1605,1758762176.5961776
1611,1554,1531,1587,1758762176.598524
1591,1582,1551,1560,1758762176.6008534
1591,1582,1551,1560,1758762176.602609
1591,1565,1551,1576,1758762176.6041603
1591,1565,1551,1576,1758762176.6058905
1595,1621,1547,1521,1758762176.6076944
1595,1621,1547,1521,1758762176.6097846
1590,1546,1552,1596,1758762176.6113498
1590,1546,1552,1596,1758762176.6121085
1590,1546,1552,1596,1758762176.615731
1591,1566,1551,1576,1758762176.6172082
1591,1566,1551,1576,1758762176.6180754
1591,1566,1551,1576,1758762176.6195974
1591,1566,1551,1576,1758762176.620747
1591,1566,1551,1576,1758762176.621662
1591,1566,1551,1576,1758762176.62298
1591,1566,1551,1576,1758762176.6237366
1591,1566,1551,1576,1758762176.6244988
1591,1566,1551,1576,1758762176.6252737
1591,1566,1551,1576,1758762176.626675
1592,1566,1550,1576,1758762176.6274211
1592,1566,1550,1576,1758762176.628414
1592,1566,1550,1576,1758762176.629474
1581,1587,1561,1554,1758762176.630865
1581,1587,1561,1554,1758762176.6315398
1581,1587,1561,1554,1758762176.632275
1581,1587,1561,1554,1758762176.6330218
1581,1587,1561,1554,1758762176.6344793
1581,1587,1561,1554,1758762176.6358356
1620,1565,1522,1577,1758762176.6369236
1620,1565,1522,1577,1758762176.6380582
1620,1565,1522,1577,1758762176.6393912
1592,1566,1550,1575,1758762176.6404617
1592,1566,1550,1575,1758762176.641157
1592,1566,1550,1575,1758762176.6422884
1592,1566,1550,1575,1758762176.6436195
1592,1566,1550,1575,1758762176.6446002
1592,1566,1550,1575,1758762176.6455808
1592,1566,1550,1575,1758762176.6466427
1592,1566,1550,1575,1758762176.647623
1592,1566,1550,1575,1758762176.6486628
1592,1566,1550,1575,1758762176.6495924
1592,1566,1550,1575,1758762176.6505702
1592,1566,1550,1575,1758762176.65157
1592,1566,1550,1575,1758762176.652501
1592,1566,1550,1575,1758762176.6534336
1592,1566,1550,1575,1758762176.654352
1592,1566,1550,1575,1758762176.6553302
1593,1567,1549,1575,1758762176.6564436
1593,1567,1549,1575,1758762176.6574523
1593,1567,1549,1575,1758762176.6584373
1593,1567,1549,1575,1758762176.6591454
1593,1567,1549,1575,1758762176.6601417
1593,1567,1549,1575,1758762176.6607928
1593,1567,1549,1575,1758762176.6620257
1593,1567,1549,1575,1758762176.663448
1593,1567,1549,1575,1758762176.664416
1593,1567,1549,1575,1758762176.6655157
1593,1567,1549,1575,1758762176.6667593
1576,1561,1566,1581,1758762176.6678605
1576,1561,1566,1581,1758762176.6688738
1576,1561,1566,1581,1758762176.669808
1576,1561,1566,1581,1758762176.6708093
1576,1561,1566,1581,1758762176.6717873
1576,1561,1566,1581,1758762176.6728013
1576,1561,1566,1581,1758762176.6737888
1576,1561,1566,1581,1758762176.674792
1576,1561,1566,1581,1758762176.675811
1576,1561,1566,1581,1758762176.6769202
1586,1585,1555,1557,1758762176.6782515
1607,1554,1535,1587,1758762176.679258
1607,1554,1535,1587,1758762176.680291
1607,1554,1535,1587,1758762176.6809382
1607,1554,1535,1587,1758762176.6819196
1607,1554,1535,1587,1758762176.6829083
1607,1554,1535,1587,1758762176.683899
1607,1554,1535,1587,1758762176.684804
1607,1554,1535,1587,1758762176.6857789
1607,1554,1535,1587,1758762176.6867268
1607,1554,1535,1587,1758762176.687787
1607,1554,1535,1587,1758762176.688916
1607,1554,1535,1587,1758762176.6898868
1607,1554,1535,1587,1758762176.690837
1607,1554,1535,1587,1758762176.692095
1607,1554,1535,1587,1758762176.693517
1607,1554,1535,1587,1758762176.6948462
1607,1554,1535,1587,1758762176.695969
1607,1554,1535,1587,1758762176.696932
1607,1554,1535,1587,1758762176.6980357
1607,1554,1535,1587,1758762176.6989903
1607,1554,1535,1587,1758762176.700117
1607,1554,1535,1587,1758762176.7015927
1607,1554,1535,1587,1758762176.7031434
1597,1561,1545,1581,1758762176.7042353
1597,1561,1545,1581,1758762176.7054193
1597,1561,1545,1581,1758762176.7064817
1597,1561,1545,1581,1758762176.7075906
1597,1561,1545,1581,1758762176.7087028
1597,1561,1545,1581,1758762176.7097094
1597,1561,1545,1581,1758762176.7109132
1605,1570,1537,1572,1758762176.711907
1605,1570,1537,1572,1758762176.7128978
1605,1570,1537,1572,1758762176.7140856
1605,1570,1537,1572,1758762176.715383
1597,1556,1545,1586,1758762176.716242
1597,1556,1545,1586,1758762176.7172258
1597,1556,1545,1586,1758762176.7178397
1597,1556,1545,1586,1758762176.718926
1597,1556,1545,1586,1758762176.719591
1597,1556,1545,1586,1758762176.7208078
1597,1556,1545,1586,1758762176.721794
1597,1556,1545,1586,1758762176.7229414
1597,1556,1545,1586,1758762176.7241082
1597,1556,1545,1586,1758762176.7252483
1597,1556,1545,1586,1758762176.726463
1597,1556,1545,1586,1758762176.7279024
1597,1556,1545,1586,1758762176.7300334
1597,1556,1545,1586,1758762176.730835
1597,1556,1545,1586,1758762176.7324238
1597,1556,1545,1586,1758762176.7346082
1597,1556,1545,1586,1758762176.7360084
1597,1556,1545,1586,1758762176.737071
1597,1556,1545,1586,1758762176.739015
1594,1566,1548,1575,1758762176.7409408
1594,1566,1548,1575,1758762176.7431877
1594,1566,1548,1575,1758762176.7440617
1594,1566,1548,1575,1758762176.7457178
1594,1566,1548,1575,1758762176.746923
1594,1566,1548,1575,1758762176.7485332
1594,1566,1548,1575,1758762176.7507484
1594,1566,1548,1575,1758762176.753034
1594,1566,1548,1575,1758762176.75471
1594,1566,1548,1576,1758762176.7565937
1594,1566,1548,1576,1758762176.7578554
1594,1566,1548,1576,1758762176.7589445
1594,1566,1548,1576,1758762176.7599404
1594,1566,1548,1576,1758762176.7609894
1594,1566,1548,1576,1758762176.762054
1594,1566,1548,1576,1758762176.7634227
1577,1565,1565,1577,1758762176.7646556
1577,1565,1565,1577,1758762176.765934
1577,1565,1565,1577,1758762176.7669277
1577,1565,1565,1577,1758762176.7679398
1577,1565,1565,1577,1758762176.7688987
1577,1565,1565,1577,1758762176.7699137
1577,1565,1565,1577,1758762176.7710865
1593,1567,1548,1575,1758762176.7722588
1593,1567,1548,1575,1758762176.7734182
1593,1567,1548,1575,1758762176.7743814
1593,1567,1548,1575,1758762176.7753994
1593,1567,1548,1575,1758762176.7764108
1593,1567,1548,1575,1758762176.777399
1593,1567,1548,1575,1758762176.7784238
1593,1567,1548,1575,1758762176.779399
1593,1567,1548,1575,1758762176.7804804
1593,1567,1548,1575,1758762176.7814376
1593,1567,1548,1575,1758762176.7826433
1593,1567,1548,1575,1758762176.783905
1593,1586,1549,1556,1758762176.784949
1593,1586,1549,1556,1758762176.7859385
1593,1586,1549,1556,1758762176.7869115
1593,1586,1549,1556,1758762176.787856
1593,1586,1549,1556,1758762176.788973
1593,1586,1549,1556,1758762176.7900746
1593,1586,1549,1556,1758762176.7912326
1593,1586,1549,1556,1758762176.792623
1593,1586,1549,1556,1758762176.7937667
1593,1586,1549,1556,1758762176.7948987
1593,1586,1549,1556,1758762176.795999
1593,1586,1549,1556,1758762176.7971168
1593,1586,1549,1556,1758762176.798206
1593,1586,1549,1556,1758762176.79933
1593,1586,1549,1556,1758762176.800438
1593,1586,1549,1556,1758762176.8017426
1593,1586,1549,1556,1758762176.8031454
1593,1586,1549,1556,1758762176.8042758
1593,1586,1549,1556,1758762176.8053732
1593,1586,1549,1556,1758762176.8064444
1593,1586,1549,1556,1758762176.807598
1593,1586,1549,1556,1758762176.8087797
1593,1586,1549,1556,1758762176.8099082
1593,1586,1549,1556,1758762176.8108964
1593,1586,1549,1556,1758762176.8118856
1593,1586,1549,1556,1758762176.8129196
1593,1586,1549,1556,1758762176.8138964
1595,1565,1547,1576,1758762176.815182
1595,1565,1547,1576,1758762176.8164456
1595,1565,1547,1576,1758762176.817557
1595,1565,1547,1576,1758762176.8185391
1595,1565,1547,1576,1758762176.81973
1595,1565,1547,1576,1758762176.820799
1595,1565,1547,1576,1758762176.8218174
1595,1565,1547,1576,1758762176.8236308
1611,1551,1530,1591,1758762176.8247404
1611,1551,1530,1591,1758762176.8257608
1611,1551,1530,1591,1758762176.8267932
1611,1551,1530,1591,1758762176.8278515
1611,1551,1530,1591,1758762176.8288412
1611,1551,1530,1591,1758762176.8298042
1611,1551,1530,1591,1758762176.8307436
1611,1551,1530,1591,1758762176.8314517
1611,1551,1530,1591,1758762176.8324654
1611,1551,1530,1591,1758762176.8334606
1611,1551,1530,1591,1758762176.8345249
1611,1551,1530,1591,1758762176.8355143
1611,1551,1530,1591,1758762176.8365316
1611,1551,1530,1591,1758762176.8376777
1611,1551,1530,1591,1758762176.8383658
1611,1551,1530,1591,1758762176.8397052
1611,1551,1530,1591,1758762176.8406694
1611,1551,1530,1591,1758762176.8417697
1611,1551,1530,1591,1758762176.842836
1611,1551,1530,1591,1758762176.8440456
1611,1551,1530,1591,1758762176.844996
1611,1551,1530,1591,1758762176.8467512
1576,1574,1566,1568,1758762176.8481886
1576,1574,1566,1568,1758762176.8495493
1576,1574,1566,1568,1758762176.8506284
1576,1574,1566,1568,1758762176.852427
1576,1574,1566,1568,1758762176.854318
1576,1574,1566,1568,1758762176.8557537
1576,1574,1566,1568,1758762176.857289
1576,1574,1566,1568,1758762176.8586612
1576,1574,1566,1568,1758762176.8600883
1576,1574,1566,1568,1758762176.8617518
1636,1595,1506,1546,1758762176.8632393
1636,1595,1506,1546,1758762176.86464
1636,1595,1506,1546,1758762176.8662384
1595,1567,1547,1575,1758762176.868067
1595,1567,1547,1575,1758762176.869444
1595,1567,1547,1575,1758762176.8708277
1595,1567,1547,1575,1758762176.872258
1595,1567,1547,1575,1758762176.8739426
1595,1567,1547,1575,1758762176.875265
1595,1567,1547,1575,1758762176.8766923
1595,1567,1547,1575,1758762176.8781643
1595,1567,1547,1575,1758762176.8797722
1595,1567,1547,1575,1758762176.8814745
1594,1566,1547,1576,1758762176.883041
1594,1566,1547,1576,1758762176.8845234
1594,1566,1547,1576,1758762176.8859546
1594,1566,1547,1576,1758762176.887744
1594,1566,1547,1576,1758762176.8892007
1594,1566,1547,1576,1758762176.8906271
1594,1566,1547,1576,1758762176.8924296
1594,1566,1547,1576,1758762176.894309
1594,1566,1547,1576,1758762176.895695
1594,1566,1547,1576,1758762176.8970366
1594,1566,1547,1576,1758762176.8984118
1594,1566,1547,1576,1758762176.8998106
1594,1566,1547,1576,1758762176.9021187
1594,1545,1548,1597,1758762176.9038978
1594,1545,1548,1597,1758762176.9053636
1594,1545,1548,1597,1758762176.9067595
1594,1545,1548,1597,1758762176.9083142
1577,1593,1565,1549,1758762176.9097595
1577,1593,1565,1549,1758762176.911123
1577,1593,1565,1549,1758762176.913175
1595,1565,1547,1576,1758762176.9147675
1595,1565,1547,1576,1758762176.9163651
1607,1591,1534,1550,1758762176.9178853
1607,1591,1534,1550,1758762176.9193366
1607,1591,1534,1550,1758762176.9214413
1596,1566,1546,1576,1758762176.922984
1596,1566,1546,1576,1758762176.924375
1596,1566,1546,1576,1758762176.9260962
1596,1566,1546,1576,1758762176.9273684
1596,1566,1546,1576,1758762176.9283829
1596,1566,1546,1576,1758762176.929942
1596,1566,1546,1576,1758762176.9313924
1596,1566,1546,1576,1758762176.9328642
1596,1566,1546,1576,1758762176.9345932
1596,1566,1546,1576,1758762176.935969
1596,1566,1546,1576,1758762176.937387
1596,1566,1546,1576,1758762176.9387896
1596,1566,1546,1576,1758762176.9405413
1659,1524,1483,1617,1758762176.942196
1659,1524,1483,1617,1758762176.9436424
1659,1524,1483,1617,1758762176.945124
1659,1524,1483,1617,1758762176.9465046
1659,1524,1483,1617,1758762176.947945
1659,1524,1483,1617,1758762176.94931
1659,1524,1483,1617,1758762176.9507794
1659,1524,1483,1617,1758762176.9524214
1659,1524,1483,1617,1758762176.9542878
1659,1524,1483,1617,1758762176.9560406
1659,1524,1483,1617,1758762176.9574096
1659,1524,1483,1617,1758762176.9591515
1598,1566,1544,1576,1758762176.9607491
1598,1566,1544,1576,1758762176.9621675
1598,1566,1544,1576,1758762176.9643087
1598,1566,1544,1576,1758762176.9687233
1598,1566,1544,1576,1758762176.970111
1598,1566,1544,1576,1758762176.9751203
1598,1566,1544,1576,1758762176.9766555
1598,1566,1544,1576,1758762176.9791825
1597,1567,1545,1575,1758762176.9841406
1598,1569,1544,1573,1758762176.9857616
1598,1569,1544,1573,1758762176.9888322
1582,1585,1560,1557,1758762176.9916422
1598,1569,1544,1572,1758762176.9939108
1598,1569,1544,1572,1758762176.9955263
1598,1569,1544,1572,1758762176.9980798
1598,1569,1544,1572,1758762177.0010595
1543,1524,1599,1617,1758762177.0029454
1543,1524,1599,1617,1758762177.006102
1622,1535,1520,1607,1758762177.0094738
1612,1563,1530,1579,1758762177.0130768
1599,1567,1543,1575,1758762177.0169115
1639,1539,1503,1602,1758762177.0210986
1613,1564,1529,1578,1758762177.0239606
1595,1559,1547,1583,1758762177.0262518
1595,1559,1547,1583,1758762177.0286438
1544,1575,1598,1567,1758762177.0306878
1544,1575,1598,1567,1758762177.0333543
1544,1575,1598,1567,1758762177.0363786
1589,1577,1553,1565,1758762177.0383196
1618,1555,1523,1586,1758762177.0414674
1599,1566,1543,1576,1758762177.0438745
1599,1566,1543,1576,1758762177.0455806
1621,1543,1521,1598,1758762177.0486643
1621,1543,1521,1598,1758762177.050982
1621,1543,1521,1598,1758762177.053298
1621,1543,1521,1598,1758762177.0562625
1621,1543,1521,1598,1758762177.058282
1601,1566,1540,1576,1758762177.060341
1601,1566,1540,1576,1758762177.062967
1601,1566,1540,1576,1758762177.065173
1601,1566,1540,1576,1758762177.0678792
1601,1566,1540,1576,1758762177.0705702
1601,1566,1540,1576,1758762177.0729315
1601,1566,1540,1576,1758762177.0752032
1584,1586,1557,1556,1758762177.077472
1584,1586,1557,1556,1758762177.079777
1584,1586,1557,1556,1758762177.0821238
1584,1586,1557,1556,1758762177.085098
1584,1586,1557,1556,1758762177.0879438
1584,1586,1557,1556,1758762177.0900805
1584,1586,1557,1556,1758762177.0917473
1584,1586,1557,1556,1758762177.0940478
1584,1586,1557,1556,1758762177.0963552
1584,1586,1557,1556,1758762177.0981972
1584,1586,1557,1556,1758762177.100236
1584,1586,1557,1556,1758762177.1024709
1584,1586,1557,1556,1758762177.1058297
1584,1586,1557,1556,1758762177.108975
1615,1554,1527,1587,1758762177.1118424
1615,1554,1527,1587,1758762177.113605
1615,1554,1527,1587,1758762177.1170635
1626,1527,1516,1615,1758762177.120871
1553,1609,1589,1533,1758762177.1228445
1553,1609,1589,1533,1758762177.1246417
1553,1609,1589,1533,1758762177.1260753
1553,1609,1589,1533,1758762177.1267557
1553,1609,1589,1533,1758762177.1287146
1553,1609,1589,1533,1758762177.130695
1553,1609,1589,1533,1758762177.1324315
1583,1542,1559,1600,1758762177.1363077
1583,1542,1559,1600,1758762177.139965
1583,1542,1559,1600,1758762177.1427476
1583,1542,1559,1600,1758762177.1445718
1583,1542,1559,1600,1758762177.147159
1583,1542,1559,1600,1758762177.1496062
1591,1542,1550,1600,1758762177.151824
1591,1542,1550,1600,1758762177.15412
1591,1542,1550,1600,1758762177.1587207
1591,1542,1550,1600,1758762177.160736
1611,1586,1531,1556,1758762177.163021
1611,1586,1531,1556,1758762177.165665
1611,1586,1531,1556,1758762177.1707497
1611,1586,1531,1556,1758762177.172238
1611,1586,1531,1556,1758762177.1749058
1611,1586,1531,1556,1758762177.1769967
1611,1586,1531,1556,1758762177.1816185
1600,1564,1542,1578,1758762177.185735
1596,1569,1546,1573,1758762177.1882868
1636,1549,1505,1593,1758762177.1925817
1601,1564,1541,1578,1758762177.196862
1575,1566,1567,1575,1758762177.1993318
1600,1564,1542,1578,1758762177.201742
1600,1564,1542,1578,1758762177.2040443
1578,1581,1564,1561,1758762177.2062416
1578,1581,1564,1561,1758762177.2082934
1600,1565,1542,1577,1758762177.210802
1600,1565,1542,1577,1758762177.2128694
1636,1552,1506,1590,1758762177.215023
1636,1552,1506,1590,1758762177.217904
1593,1582,1549,1560,1758762177.2209363
1600,1565,1541,1577,1758762177.2225094
1600,1565,1541,1577,1758762177.2249918
1571,1581,1571,1561,1758762177.2270596
1571,1581,1571,1561,1758762177.2301438
1595,1572,1546,1570,1758762177.2319503
1584,1573,1558,1569,1758762177.2335763
1584,1573,1558,1569,1758762177.2353723
1599,1566,1543,1576,1758762177.2368493
1599,1566,1543,1576,1758762177.2385309
1599,1566,1543,1576,1758762177.2410555
1615,1556,1527,1586,1758762177.243624
1600,1565,1542,1577,1758762177.2462227
1600,1565,1542,1577,1758762177.248554
1618,1535,1524,1607,1758762177.2515922
1618,1535,1524,1607,1758762177.2556286
1600,1564,1541,1578,1758762177.2591326
1574,1577,1568,1565,1758762177.2619543
1574,1577,1568,1565,1758762177.263823
1574,1577,1568,1565,1758762177.2673056
1594,1547,1548,1595,1758762177.269832
1594,1547,1548,1595,1758762177.2716725
1594,1547,1548,1595,1758762177.2734442
1607,1578,1535,1564,1758762177.275178
1579,1572,1563,1570,1758762177.277173
1599,1564,1543,1577,1758762177.278913
1599,1564,1543,1577,1758762177.2807386
1599,1564,1543,1577,1758762177.2825985
1568,1575,1574,1567,1758762177.2845163
1599,1564,1543,1577,1758762177.2865205
1599,1564,1543,1577,1758762177.2881436
1599,1564,1543,1577,1758762177.2897422
1599,1564,1543,1577,1758762177.291505
1599,1564,1543,1577,1758762177.295076
1599,1564,1543,1577,1758762177.297377
1593,1571,1549,1571,1758762177.2990086
1593,1571,1549,1571,1758762177.301323
1614,1550,1527,1592,1758762177.3038433
1614,1550,1527,1592,1758762177.3053124
1614,1550,1527,1592,1758762177.306915
1599,1564,1543,1578,1758762177.3090432
1599,1564,1543,1578,1758762177.310483
1599,1564,1543,1578,1758762177.311488
1599,1544,1543,1598,1758762177.313634
1599,1544,1543,1598,1758762177.3153248
1599,1544,1543,1598,1758762177.3171566
1599,1544,1543,1598,1758762177.3187056
1599,1544,1543,1598,1758762177.321547
1599,1544,1543,1598,1758762177.3251617
1589,1578,1552,1564,1758762177.3285112
1580,1613,1562,1528,1758762177.3303194
1580,1613,1562,1528,1758762177.332316
1580,1613,1562,1528,1758762177.334803
1598,1566,1544,1576,1758762177.3374996
1629,1483,1513,1658,1758762177.3382025
1629,1483,1513,1658,1758762177.3419778
1598,1564,1543,1578,1758762177.3437636
1598,1564,1543,1578,1758762177.3452926
1621,1537,1521,1605,1758762177.3463044
1621,1537,1521,1605,1758762177.3481984
1621,1537,1521,1605,1758762177.3509147
1599,1564,1543,1578,1758762177.352312
1599,1564,1543,1578,1758762177.3547187
1599,1564,1543,1578,1758762177.355466
1599,1564,1543,1578,1758762177.3581216
1612,1537,1530,1605,1758762177.3599334
1612,1537,1530,1605,1758762177.3621736
1601,1539,1540,1603,1758762177.3649776
1599,1562,1542,1579,1758762177.3666909
1599,1562,1542,1579,1758762177.3699143
1601,1535,1541,1607,1758762177.3716426
1601,1535,1541,1607,1758762177.374507
1589,1550,1553,1592,1758762177.3762395
1589,1550,1553,1592,1758762177.3787262
1589,1550,1553,1592,1758762177.3811736
1589,1550,1553,1592,1758762177.384494
1610,1550,1531,1592,1758762177.3869984
1610,1550,1531,1592,1758762177.389533
1616,1550,1526,1592,1758762177.3913395
1616,1550,1526,1592,1758762177.3942647
1589,1590,1553,1552,1758762177.396281
1589,1590,1553,1552,1758762177.398174
1589,1590,1553,1552,1758762177.4007878
1600,1562,1542,1580,1758762177.4037175
1600,1562,1542,1580,1758762177.4062974
1586,1588,1556,1553,1758762177.4080672
1586,1588,1556,1553,1758762177.4099343
1612,1543,1530,1598,1758762177.41273
1585,1572,1557,1569,1758762177.4148483
1628,1537,1514,1605,1758762177.4165716
1628,1537,1514,1605,1758762177.4182906
1628,1537,1514,1605,1758762177.4205768
1600,1562,1542,1580,1758762177.4223416
1600,1562,1542,1580,1758762177.4248416
1600,1562,1542,1580,1758762177.4269185
1577,1573,1565,1569,1758762177.4290752
1577,1573,1565,1569,1758762177.429736
1577,1573,1565,1569,1758762177.4324057
1600,1562,1542,1580,1758762177.4346778
1617,1496,1525,1646,1758762177.4363973
1617,1496,1525,1646,1758762177.4370582
1600,1561,1542,1581,1758762177.440117
1600,1561,1542,1581,1758762177.4433
1597,1514,1545,1628,1758762177.445361
1597,1514,1545,1628,1758762177.4483
1582,1600,1560,1542,1758762177.4500177
1582,1600,1560,1542,1758762177.4524236
1560,1561,1582,1581,1758762177.4554882
1598,1561,1543,1581,1758762177.4576578
1598,1561,1543,1581,1758762177.4597204
1559,1573,1583,1569,1758762177.462445
1559,1573,1583,1569,1758762177.4643266
1559,1573,1583,1569,1758762177.46634
1559,1573,1583,1569,1758762177.468888
1570,1582,1572,1559,1758762177.4718928
1581,1583,1561,1559,1758762177.4741552
1548,1642,1594,1500,1758762177.4763083
1548,1642,1594,1500,1758762177.4787722
1583,1597,1559,1545,1758762177.4817188
1549,1597,1593,1545,1758762177.4836946
1549,1597,1593,1545,1758762177.4864728
1587,1529,1555,1613,1758762177.4885683
1567,1579,1574,1563,1758762177.4912488
1567,1579,1574,1563,1758762177.4933517
1593,1565,1548,1577,1758762177.496035
1593,1565,1548,1577,1758762177.4973838
1622,1561,1520,1581,1758762177.4981632
1622,1561,1520,1581,1758762177.498822
1622,1561,1520,1581,1758762177.4994206
1622,1561,1520,1581,1758762177.5000217
1622,1561,1520,1581,1758762177.5006146
1622,1561,1520,1581,1758762177.5034575
1594,1565,1548,1577,1758762177.5050583
1594,1565,1548,1577,1758762177.506678
1594,1565,1548,1577,1758762177.507895
1594,1565,1548,1577,1758762177.5086634
1594,1565,1548,1577,1758762177.5104332
1614,1571,1528,1571,1758762177.5118656
1614,1571,1528,1571,1758762177.5125585
1614,1571,1528,1571,1758762177.5144606
1614,1571,1528,1571,1758762177.5159354
1614,1571,1528,1571,1758762177.5172534
1585,1569,1557,1573,1758762177.518066
1585,1569,1557,1573,1758762177.5196762
1585,1569,1557,1573,1758762177.5213478
1594,1565,1548,1577,1758762177.5222828
1594,1565,1548,1577,1758762177.5232215
1594,1565,1548,1577,1758762177.5238771
1594,1565,1548,1577,1758762177.5245106
1594,1565,1548,1577,1758762177.527109
1625,1556,1517,1586,1758762177.5284376
1595,1565,1547,1577,1758762177.5292256
1595,1565,1547,1577,1758762177.5298595
1595,1565,1547,1577,1758762177.5321343
1595,1565,1547,1577,1758762177.5334952
1595,1565,1547,1577,1758762177.5342667
1595,1565,1547,1577,1758762177.535637
1595,1565,1547,1577,1758762177.5372243
1619,1533,1523,1609,1758762177.5379992
1619,1533,1523,1609,1758762177.5393517
1619,1533,1523,1609,1758762177.5405574
1595,1564,1546,1578,1758762177.5423343
1595,1564,1546,1578,1758762177.5439372
1595,1564,1546,1578,1758762177.545226
1567,1573,1575,1569,1758762177.5459857
1567,1573,1575,1569,1758762177.5466475
1567,1573,1575,1569,1758762177.5485342
1595,1564,1547,1578,1758762177.55032
1595,1564,1547,1578,1758762177.551808
1549,1584,1593,1558,1758762177.5527043
1549,1584,1593,1558,1758762177.5550148
1549,1584,1593,1558,1758762177.5566912
1549,1584,1593,1558,1758762177.558046
1549,1584,1593,1558,1758762177.559742
1549,1584,1593,1558,1758762177.5604708
1594,1564,1548,1578,1758762177.5621748
1594,1564,1548,1578,1758762177.5643811
1594,1564,1548,1578,1758762177.565771
1594,1564,1548,1578,1758762177.5670855
1594,1564,1548,1578,1758762177.5687184
1593,1562,1548,1580,1758762177.5699725
1593,1562,1548,1580,1758762177.5712306
1593,1562,1548,1580,1758762177.571903
1611,1582,1531,1560,1758762177.5739625
1611,1582,1531,1560,1758762177.5746913
1611,1582,1531,1560,1758762177.5766218
1611,1582,1531,1560,1758762177.5778527
1576,1581,1566,1561,1758762177.5794623
1576,1581,1566,1561,1758762177.5801246
1576,1581,1566,1561,1758762177.581771
1593,1563,1549,1579,1758762177.5833948
1569,1597,1573,1545,1758762177.5853248
1569,1597,1573,1545,1758762177.5866234
1569,1597,1573,1545,1758762177.5878289
1572,1588,1570,1554,1758762177.589591
1572,1588,1570,1554,1758762177.59088
1572,1588,1570,1554,1758762177.592179
1572,1588,1570,1554,1758762177.593473
1589,1567,1553,1575,1758762177.595307
1589,1567,1553,1575,1758762177.5960224
1589,1567,1553,1575,1758762177.598143
1603,1577,1539,1565,1758762177.5994644
1603,1577,1539,1565,1758762177.6007588
1591,1564,1550,1578,1758762177.601486
1591,1564,1550,1578,1758762177.603573
1591,1564,1550,1578,1758762177.60462
1591,1564,1550,1578,1758762177.6078374
1591,1564,1550,1578,1758762177.609435
1591,1564,1550,1578,1758762177.6102395
1591,1564,1550,1578,1758762177.6109931
1591,1564,1550,1578,1758762177.6133945
1591,1564,1550,1578,1758762177.614881
1591,1564,1550,1578,1758762177.6162162
1593,1565,1549,1577,1758762177.6178966
1661,1501,1481,1640,1758762177.6186535
1661,1501,1481,1640,1758762177.619307
1661,1501,1481,1640,1758762177.619962
1661,1501,1481,1640,1758762177.6205988
1661,1501,1481,1640,1758762177.621238
1661,1501,1481,1640,1758762177.622211
1661,1501,1481,1640,1758762177.6254835
1661,1501,1481,1640,1758762177.629295
1593,1565,1549,1577,1758762177.6318245
1593,1565,1549,1577,1758762177.6324828
1557,1579,1585,1563,1758762177.636934
1557,1579,1585,1563,1758762177.637625
1557,1579,1585,1563,1758762177.640618
1622,1560,1520,1582,1758762177.6433785
1576,1523,1566,1619,1758762177.6441994
1576,1523,1566,1619,1758762177.6486795
1576,1523,1566,1619,1758762177.6495032
1576,1523,1566,1619,1758762177.6527293
1577,1589,1565,1553,1758762177.6553802
1577,1589,1565,1553,1758762177.6593318
1593,1565,1549,1577,1758762177.664521
1593,1565,1549,1577,1758762177.668604
1590,1579,1551,1563,1758762177.6715105
1590,1579,1551,1563,1758762177.67532
1599,1559,1543,1583,1758762177.6789646
1594,1577,1548,1565,1758762177.6838284
1577,1561,1565,1581,1758762177.6869853
1605,1663,1537,1479,1758762177.6895766
1580,1578,1562,1564,1758762177.6922145
1580,1578,1562,1564,1758762177.6975086
1592,1567,1549,1575,1758762177.6999395
1592,1567,1549,1575,1758762177.701858
1582,1567,1560,1574,1758762177.7047534
1582,1567,1560,1574,1758762177.706529
1582,1567,1560,1574,1758762177.7082312
1582,1567,1560,1574,1758762177.7118754
1582,1567,1560,1574,1758762177.7157462
1592,1567,1550,1575,1758762177.7182682
1592,1567,1550,1575,1758762177.7212398
1596,1561,1546,1581,1758762177.723698
1596,1561,1546,1581,1758762177.7264483
1633,1568,1508,1574,1758762177.7296376
1593,1567,1548,1575,1758762177.732449
1593,1567,1548,1575,1758762177.7349813
1589,1565,1553,1577,1758762177.73865
1580,1545,1562,1596,1758762177.7407606
1593,1566,1549,1575,1758762177.7435386
1565,1556,1577,1585,1758762177.7463815
1565,1556,1577,1585,1758762177.7496805
1593,1579,1549,1562,1758762177.7526832
1592,1567,1550,1575,1758762177.7557714
1592,1567,1550,1575,1758762177.7589986
1586,1541,1556,1601,1758762177.7615194
1559,1534,1583,1608,1758762177.7657912
1585,1562,1557,1580,1758762177.7679
1585,1562,1557,1580,1758762177.77237
1559,1565,1583,1577,1758762177.7754502
1590,1565,1552,1577,1758762177.7790916
1591,1523,1551,1619,1758762177.7815769
1558,1564,1584,1578,1758762177.7853973
1590,1564,1552,1578,1758762177.7885711
1590,1564,1552,1578,1758762177.790439
1590,1564,1552,1578,1758762177.7934897
1597,1560,1544,1582,1758762177.7957592
1597,1560,1544,1582,1758762177.7980158
1597,1560,1544,1582,1758762177.7997794
1597,1560,1544,1582,1758762177.8018126
1585,1581,1557,1561,1758762177.8046668
1585,1581,1557,1561,1758762177.8087862
1585,1581,1557,1561,1758762177.812135
1585,1581,1557,1561,1758762177.814444
1590,1564,1552,1578,1758762177.8182218
1628,1556,1513,1586,1758762177.820165
1628,1556,1513,1586,1758762177.824046
1591,1563,1551,1579,1758762177.8265636
1591,1563,1551,1579,1758762177.8297985
1561,1522,1580,1620,1758762177.8327572
1617,1531,1524,1611,1758762177.8341303
1617,1531,1524,1611,1758762177.8357923
1617,1531,1524,1611,1758762177.8369763
1617,1531,1524,1611,1758762177.8404267
1593,1536,1549,1605,1758762177.8420522
1593,1536,1549,1605,1758762177.8430722
1591,1560,1551,1581,1758762177.84681
1591,1560,1551,1581,1758762177.848902
1591,1560,1551,1581,1758762177.850935
1592,1560,1550,1582,1758762177.8533869
1592,1560,1550,1582,1758762177.854589
1592,1560,1550,1582,1758762177.857377
1592,1560,1550,1582,1758762177.858201
1592,1560,1550,1582,1758762177.8596654
1625,1549,1517,1593,1758762177.8611605
1625,1549,1517,1593,1758762177.8637369
1625,1549,1517,1593,1758762177.8644826
1625,1549,1517,1593,1758762177.865394
1625,1549,1517,1593,1758762177.8661258
1625,1549,1517,1593,1758762177.8667955
1625,1549,1517,1593,1758762177.8717656
1625,1549,1517,1593,1758762177.8756502
1570,1549,1571,1593,1758762177.8771143
1570,1549,1571,1593,1758762177.8810666
1581,1576,1560,1566,1758762177.883457
1581,1576,1560,1566,1758762177.8860805
1581,1576,1560,1566,1758762177.8886678
1590,1559,1551,1582,1758762177.8918097
1590,1559,1551,1582,1758762177.8943813
1563,1572,1579,1570,1758762177.8971338
1590,1560,1552,1582,1758762177.898732
1590,1560,1552,1582,1758762177.9022489
1590,1560,1552,1582,1758762177.9056108
1590,1560,1552,1582,1758762177.9071095
1590,1560,1552,1582,1758762177.9079282
1590,1560,1552,1582,1758762177.909352
1590,1560,1552,1582,1758762177.9121194
1590,1560,1552,1582,1758762177.9165108
1619,1551,1523,1591,1758762177.9175184
1619,1551,1523,1591,1758762177.9187226
1619,1551,1523,1591,1758762177.9203303
1579,1549,1563,1593,1758762177.9211686
1579,1549,1563,1593,1758762177.9227822
1579,1549,1563,1593,1758762177.9237988
1579,1549,1563,1593,1758762177.924631
1579,1549,1563,1593,1758762177.9262917
1579,1549,1563,1593,1758762177.9279716
1579,1549,1563,1593,1758762177.9288585
1579,1549,1563,1593,1758762177.9301336
1579,1549,1563,1593,1758762177.9314349
1579,1549,1563,1593,1758762177.933494
1579,1549,1563,1593,1758762177.9355788
1579,1549,1563,1593,1758762177.9403582
1579,1549,1563,1593,1758762177.94316
1579,1549,1563,1593,1758762177.9453766
1591,1549,1551,1593,1758762177.9471796
1591,1549,1551,1593,1758762177.9481144
1591,1549,1551,1593,1758762177.9503727
1591,1549,1551,1593,1758762177.9523067
1591,1549,1551,1593,1758762177.9547048
1591,1549,1551,1593,1758762177.9562457
1572,1554,1570,1588,1758762177.958858
1572,1554,1570,1588,1758762177.960372
1572,1554,1570,1588,1758762177.962918
1572,1554,1570,1588,1758762177.9642715
1572,1554,1570,1588,1758762177.9653451
1572,1554,1570,1588,1758762177.966856
1572,1554,1570,1588,1758762177.9677863
1572,1554,1570,1588,1758762177.969307
1572,1554,1570,1588,1758762177.9712522
1572,1554,1570,1588,1758762177.9746451
1572,1554,1570,1588,1758762177.9776974
1572,1554,1570,1588,1758762177.979309
1572,1554,1570,1588,1758762177.980826
1590,1556,1552,1586,1758762177.984232
1590,1556,1552,1586,1758762177.9867678
1590,1556,1552,1586,1758762177.9898653
1590,1556,1552,1586,1758762177.9914312
1590,1556,1552,1586,1758762177.9947193
1590,1556,1552,1586,1758762177.9970374
1590,1556,1552,1586,1758762177.998821
1590,1556,1552,1586,1758762178.000285
1590,1556,1552,1586,1758762178.0033364
1613,1529,1528,1613,1758762178.005389
1629,1491,1512,1651,1758762178.0076563
1629,1491,1512,1651,1758762178.0096931
1629,1491,1512,1651,1758762178.012397
1629,1491,1512,1651,1758762178.0138686
1629,1491,1512,1651,1758762178.0146704
1629,1491,1512,1651,1758762178.0165489
1629,1491,1512,1651,1758762178.0175848
1629,1491,1512,1651,1758762178.0183723
1629,1491,1512,1651,1758762178.019247
1629,1491,1512,1651,1758762178.0200276
1629,1491,1512,1651,1758762178.0207186
1629,1491,1512,1651,1758762178.02147
1629,1491,1512,1651,1758762178.0222456
1629,1491,1512,1651,1758762178.0236547
1629,1491,1512,1651,1758762178.0244863
1629,1491,1512,1651,1758762178.0255258
1629,1491,1512,1651,1758762178.0266788
1629,1491,1512,1651,1758762178.0274503
1629,1491,1512,1651,1758762178.0282698
1629,1491,1512,1651,1758762178.0289445
1629,1491,1512,1651,1758762178.029642
1629,1491,1512,1651,1758762178.0304513
1629,1491,1512,1651,1758762178.0311277
1629,1491,1512,1651,1758762178.0323105
1629,1491,1512,1651,1758762178.033466
1629,1491,1512,1651,1758762178.0347166
1629,1491,1512,1651,1758762178.0354905
1629,1491,1512,1651,1758762178.0362666
1629,1491,1512,1651,1758762178.0394197
1629,1491,1512,1651,1758762178.0404875
1629,1491,1512,1651,1758762178.0414758
1629,1491,1512,1651,1758762178.0424328
1629,1491,1512,1651,1758762178.04347
1629,1491,1512,1651,1758762178.0445194
1629,1491,1512,1651,1758762178.0454144
1629,1491,1512,1651,1758762178.047701
1592,1553,1550,1589,1758762178.053485
1592,1553,1550,1589,1758762178.0545528
1592,1553,1550,1589,1758762178.056563
1592,1553,1550,1589,1758762178.0593395
1592,1553,1550,1589,1758762178.0606086
1596,1579,1546,1563,1758762178.0621789
1594,1568,1548,1573,1758762178.0645924
1594,1568,1548,1573,1758762178.0667436
1594,1568,1548,1573,1758762178.0684326
1594,1568,1548,1573,1758762178.070443
1594,1568,1548,1573,1758762178.073186
1594,1568,1548,1573,1758762178.07683
1594,1568,1548,1573,1758762178.07984
1594,1568,1548,1573,1758762178.082996
1594,1568,1548,1573,1758762178.0842285
1592,1554,1550,1588,1758762178.085505
1592,1554,1550,1588,1758762178.0867074
1592,1554,1550,1588,1758762178.0878782
1592,1554,1550,1588,1758762178.0909789
1583,1526,1559,1616,1758762178.092003
1583,1526,1559,1616,1758762178.0929835
1583,1526,1559,1616,1758762178.0936875
1583,1526,1559,1616,1758762178.0944595
1583,1526,1559,1616,1758762178.0951676
1583,1526,1559,1616,1758762178.0958478
1583,1526,1559,1616,1758762178.0968716
1583,1526,1559,1616,1758762178.0976722
1583,1526,1559,1616,1758762178.099071
1583,1526,1559,1616,1758762178.1013837
1583,1526,1559,1616,1758762178.1023705
1583,1526,1559,1616,1758762178.1062522
1586,1554,1556,1588,1758762178.1086917
1586,1554,1556,1588,1758762178.1100883
1586,1554,1556,1588,1758762178.1139147
1592,1553,1550,1589,1758762178.1147416
1592,1553,1550,1589,1758762178.116384
1592,1553,1550,1589,1758762178.117164
1592,1553,1550,1589,1758762178.121575
1572,1535,1570,1607,1758762178.1228588
1572,1535,1570,1607,1758762178.123589
1600,1546,1542,1595,1758762178.124294
1600,1546,1542,1595,1758762178.124914
1600,1546,1542,1595,1758762178.1255322
1600,1546,1542,1595,1758762178.1280072
1600,1546,1542,1595,1758762178.129157
1592,1552,1550,1589,1758762178.1300397
1592,1552,1550,1589,1758762178.130709
1592,1552,1550,1589,1758762178.1330764
1582,1566,1560,1576,1758762178.133904
1582,1566,1560,1576,1758762178.1346242
1582,1566,1560,1576,1758762178.136651
1591,1553,1550,1589,1758762178.1374247
1591,1553,1550,1589,1758762178.1380508
1591,1553,1550,1589,1758762178.1405003
1596,1576,1546,1566,1758762178.1438568
1596,1576,1546,1566,1758762178.1446123
1596,1576,1546,1566,1758762178.1452858
1592,1553,1550,1589,1758762178.146135
1592,1553,1550,1589,1758762178.149068
1622,1551,1520,1591,1758762178.1498797
1622,1551,1520,1591,1758762178.1506662
1622,1551,1520,1591,1758762178.154069
1592,1553,1550,1589,1758762178.1562374
1632,1518,1510,1624,1758762178.157129
1632,1518,1510,1624,1758762178.1578112
1632,1518,1510,1624,1758762178.1584404
1632,1518,1510,1624,1758762178.1607523
1593,1553,1549,1589,1758762178.162337
1593,1553,1549,1589,1758762178.1644006
1593,1553,1549,1589,1758762178.165093
1593,1553,1549,1589,1758762178.166241
1593,1553,1549,1589,1758762178.1697266
1593,1553,1549,1589,1758762178.170534
1593,1553,1549,1589,1758762178.173865
1593,1553,1549,1589,1758762178.1746874
1593,1553,1549,1589,1758762178.177335
1602,1598,1540,1544,1758762178.1781497
1602,1598,1540,1544,1758762178.1806276
1602,1598,1540,1544,1758762178.1819885
1602,1598,1540,1544,1758762178.1851876
1593,1554,1549,1588,1758762178.1859498
1593,1554,1549,1588,1758762178.1887732
1613,1527,1529,1615,1758762178.1897123
1613,1527,1529,1615,1758762178.1930194
1594,1553,1548,1589,1758762178.1974518
1595,1561,1547,1581,1758762178.200534
1594,1553,1548,1588,1758762178.2020211
1594,1553,1548,1588,1758762178.2056994
1562,1553,1580,1588,1758762178.2088563
1553,1570,1589,1572,1758762178.2102697
1553,1570,1589,1572,1758762178.2130632
1592,1554,1550,1588,1758762178.213889
1592,1554,1550,1588,1758762178.2161522
1592,1554,1550,1588,1758762178.216987
1631,1584,1511,1558,1758762178.218608
1631,1584,1511,1558,1758762178.220892
1631,1584,1511,1558,1758762178.2216744
1631,1584,1511,1558,1758762178.2250466
1573,1577,1569,1565,1758762178.225871
1573,1577,1569,1565,1758762178.2301672
1593,1555,1549,1587,1758762178.233898
1556,1574,1586,1568,1758762178.2380452
1555,1555,1587,1587,1758762178.2421727
1616,1582,1526,1560,1758762178.2453728
1616,1582,1526,1560,1758762178.246247
1616,1582,1526,1560,1758762178.2472017
1575,1597,1567,1545,1758762178.2493174
1621,1544,1521,1598,1758762178.2529843
1621,1544,1521,1598,1758762178.2537444
1608,1579,1533,1563,1758762178.2565482
1585,1531,1557,1611,1758762178.257367
1585,1531,1557,1611,1758762178.2583902
1585,1531,1557,1611,1758762178.2609186
1592,1557,1550,1585,1758762178.261715
1592,1557,1550,1585,1758762178.262585
1592,1557,1550,1585,1758762178.264856
1592,1557,1550,1585,1758762178.265601
1592,1557,1550,1585,1758762178.267841
1592,1557,1550,1585,1758762178.269203
1556,1567,1585,1575,1758762178.270479
1556,1567,1585,1575,1758762178.2779093
1556,1567,1585,1575,1758762178.2809167
1591,1557,1551,1585,1758762178.2855637
1591,1558,1551,1584,1758762178.2885296
1591,1558,1551,1584,1758762178.289651
1573,1574,1569,1568,1758762178.293103
1590,1559,1552,1583,1758762178.2942069
1590,1559,1552,1583,1758762178.2953544
1590,1559,1552,1583,1758762178.2977812
1590,1559,1552,1583,1758762178.298557
1590,1559,1552,1583,1758762178.3015642
1598,1579,1543,1563,1758762178.3025005
1594,1534,1548,1608,1758762178.3065093
1592,1544,1550,1598,1758762178.3124602
1592,1544,1550,1598,1758762178.3168836
1591,1559,1551,1583,1758762178.31801
1591,1559,1551,1583,1758762178.3206766
1584,1568,1558,1573,1758762178.3217974
1584,1568,1558,1573,1758762178.325088
1565,1538,1577,1604,1758762178.3289804
1565,1538,1577,1604,1758762178.3302512
1607,1593,1535,1548,1758762178.3330038
1607,1593,1535,1548,1758762178.3349388
1592,1559,1550,1582,1758762178.3378816
1624,1575,1518,1567,1758762178.3404198
1624,1575,1518,1567,1758762178.3414285
1624,1575,1518,1567,1758762178.3420904
1624,1575,1518,1567,1758762178.3463438
1597,1572,1545,1570,1758762178.3497765
1551,1551,1591,1591,1758762178.3541749
1582,1555,1560,1587,1758762178.3586967
1618,1522,1524,1620,1758762178.361906
1616,1591,1526,1551,1758762178.3660605
1616,1591,1526,1551,1758762178.369575
1567,1542,1575,1600,1758762178.3708904
1567,1542,1575,1600,1758762178.3760214
1598,1561,1544,1581,1758762178.3784409
1574,1544,1567,1598,1758762178.3823311
1600,1520,1542,1622,1758762178.3863008
1592,1574,1550,1568,1758762178.389415
1606,1570,1536,1571,1758762178.393726
1591,1555,1551,1587,1758762178.3981376
1627,1557,1515,1584,1758762178.4014244
1576,1528,1565,1614,1758762178.4046736
1602,1562,1540,1580,1758762178.4086268
1561,1525,1581,1616,1758762178.4101624
1561,1525,1581,1616,1758762178.413191
1554,1534,1588,1608,1758762178.4147482
1554,1534,1588,1608,1758762178.4173515
1642,1528,1500,1614,1758762178.4186718
1642,1528,1500,1614,1758762178.4209826
1570,1566,1572,1575,1758762178.422077
1570,1566,1572,1575,1758762178.424566
1635,1621,1506,1521,1758762178.4254508
1635,1621,1506,1521,1758762178.4290645
1579,1580,1563,1562,1758762178.4311907
1579,1580,1563,1562,1758762178.434405
1593,1559,1549,1583,1758762178.4375217
1615,1520,1527,1622,1758762178.440641
1606,1594,1535,1548,1758762178.4424536
1606,1594,1535,1548,1758762178.4454472
1594,1559,1548,1583,1758762178.4483798
1558,1574,1584,1568,1758762178.4495904
1558,1574,1584,1568,1758762178.4507182
1558,1574,1584,1568,1758762178.453425
1609,1595,1533,1547,1758762178.4546063
1609,1595,1533,1547,1758762178.4571488
1592,1601,1550,1541,1758762178.458373
1592,1601,1550,1541,1758762178.461063
1605,1565,1537,1577,1758762178.4622416
1605,1565,1537,1577,1758762178.468526
1599,1569,1543,1573,1758762178.4724483
1594,1561,1548,1581,1758762178.4763682
1594,1561,1548,1581,1758762178.4804835
1601,1568,1541,1574,1758762178.4850025
1600,1525,1542,1616,1758762178.4924254
1600,1542,1542,1600,1758762178.498717
1631,1566,1510,1575,1758762178.504586
1625,1511,1517,1631,1758762178.5101557
1591,1551,1551,1590,1758762178.5145755
1635,1558,1507,1584,1758762178.5182006
1580,1560,1562,1581,1758762178.5194938
1580,1560,1562,1581,1758762178.5207343
1580,1560,1562,1581,1758762178.521981
1580,1560,1562,1581,1758762178.523682
1592,1530,1550,1612,1758762178.5250096
1592,1530,1550,1612,1758762178.526329
1596,1558,1546,1584,1758762178.5284896
1596,1558,1546,1584,1758762178.5305245
1596,1558,1546,1584,1758762178.533182
1596,1558,1546,1584,1758762178.535108
1596,1558,1546,1584,1758762178.5360794
1596,1558,1546,1584,1758762178.5380423
1596,1558,1546,1584,1758762178.5395794
1595,1558,1547,1583,1758762178.540905
1595,1558,1547,1583,1758762178.542275
1595,1558,1547,1583,1758762178.5436451
1595,1558,1547,1583,1758762178.544793
1595,1558,1547,1583,1758762178.5461123
1595,1558,1547,1583,1758762178.548063
1595,1558,1547,1583,1758762178.5492249
1571,1562,1571,1580,1758762178.55054
1571,1562,1571,1580,1758762178.5518458
1571,1562,1571,1580,1758762178.553674
1571,1562,1571,1580,1758762178.554592
1571,1562,1571,1580,1758762178.556224
1585,1564,1557,1577,1758762178.558081
1585,1564,1557,1577,1758762178.559277
1585,1564,1557,1577,1758762178.5608225
1585,1564,1557,1577,1758762178.5636528
1585,1564,1557,1577,1758762178.5657752
1585,1564,1557,1577,1758762178.567356
1585,1564,1557,1577,1758762178.5685537
1585,1564,1557,1577,1758762178.5698133
1585,1564,1557,1577,1758762178.5711174
1585,1564,1557,1577,1758762178.572326
1585,1564,1557,1577,1758762178.5737352
1585,1564,1557,1577,1758762178.57512
1585,1564,1557,1577,1758762178.5762694
1585,1564,1557,1577,1758762178.5773523
1585,1564,1557,1577,1758762178.5784228
1585,1564,1557,1577,1758762178.5798223
1585,1564,1557,1577,1758762178.5810192
1585,1564,1557,1577,1758762178.582338
1585,1564,1557,1577,1758762178.5839462
1605,1621,1537,1521,1758762178.585214
1605,1621,1537,1521,1758762178.5864377
1605,1621,1537,1521,1758762178.5879955
1621,1565,1521,1577,1758762178.5893114
1621,1565,1521,1577,1758762178.5905604
1621,1565,1521,1577,1758762178.5920682
1621,1565,1521,1577,1758762178.5930407
1594,1559,1547,1583,1758762178.5948312
1594,1559,1547,1583,1758762178.5957613
1594,1559,1547,1583,1758762178.5969696
1594,1559,1547,1583,1758762178.5983698
1594,1559,1547,1583,1758762178.5996263
1594,1559,1547,1583,1758762178.6008115
1594,1559,1547,1583,1758762178.6020768
1594,1559,1547,1583,1758762178.6033704
1594,1559,1547,1583,1758762178.604606
1594,1559,1547,1583,1758762178.605792
1594,1559,1547,1583,1758762178.6070232
1594,1559,1547,1583,1758762178.6083302
1594,1559,1547,1583,1758762178.6095395
1594,1559,1547,1583,1758762178.6108246
1594,1559,1547,1583,1758762178.6122673
1594,1559,1547,1583,1758762178.6134176
1594,1559,1547,1583,1758762178.6147337
1594,1559,1547,1583,1758762178.6159842
1594,1559,1547,1583,1758762178.6172206
1594,1559,1547,1583,1758762178.618449
1594,1559,1547,1583,1758762178.6200483
1594,1559,1547,1583,1758762178.6209707
1594,1559,1547,1583,1758762178.622277
1594,1559,1547,1583,1758762178.624109
1594,1559,1547,1583,1758762178.625642
1594,1559,1547,1583,1758762178.6281192
1594,1559,1547,1583,1758762178.630367
1594,1559,1547,1583,1758762178.6318035
1594,1559,1547,1583,1758762178.6337347
1594,1559,1547,1583,1758762178.634704
1608,1588,1534,1554,1758762178.6364064
1608,1588,1534,1554,1758762178.637961
1608,1588,1534,1554,1758762178.6391237
1608,1588,1534,1554,1758762178.641709
1608,1588,1534,1554,1758762178.642726
1608,1588,1534,1554,1758762178.6440406
1608,1588,1534,1554,1758762178.6453576
1608,1588,1534,1554,1758762178.647342
1608,1588,1534,1554,1758762178.6486597
1608,1588,1534,1554,1758762178.650339
1608,1588,1534,1554,1758762178.6517315
1608,1588,1534,1554,1758762178.6539204
1608,1588,1534,1554,1758762178.654969
1608,1588,1534,1554,1758762178.6562538
1608,1588,1534,1554,1758762178.6574836
1608,1588,1534,1554,1758762178.6588223
1608,1588,1534,1554,1758762178.6600976
1595,1559,1547,1583,1758762178.661338
1595,1559,1547,1583,1758762178.662472
1595,1559,1547,1583,1758762178.664229
1595,1559,1547,1583,1758762178.6655016
1595,1559,1547,1583,1758762178.6668217
1595,1559,1547,1583,1758762178.66812
1595,1559,1547,1583,1758762178.669397
1579,1606,1563,1535,1758762178.6707969
1579,1606,1563,1535,1758762178.6721816
1579,1606,1563,1535,1758762178.6735437
1579,1606,1563,1535,1758762178.6750824
1579,1606,1563,1535,1758762178.676386
1579,1606,1563,1535,1758762178.6775973
1579,1606,1563,1535,1758762178.6788
1579,1606,1563,1535,1758762178.6799958
1579,1606,1563,1535,1758762178.6812618
1595,1560,1547,1582,1758762178.6834116
1595,1560,1547,1582,1758762178.684904
1595,1560,1547,1582,1758762178.6875908
1595,1560,1547,1582,1758762178.6899045
1595,1560,1547,1582,1758762178.692218
1595,1560,1547,1582,1758762178.6939008
1595,1560,1547,1582,1758762178.6958969
1595,1560,1547,1582,1758762178.6975825
1570,1569,1571,1573,1758762178.6994045
1570,1569,1571,1573,1758762178.7009094
1570,1569,1571,1573,1758762178.7024856
1570,1569,1571,1573,1758762178.7042198
1570,1569,1571,1573,1758762178.7057805
1570,1569,1571,1573,1758762178.707368
1570,1569,1571,1573,1758762178.7088175
1570,1569,1571,1573,1758762178.7103834
1570,1569,1571,1573,1758762178.71199
1570,1569,1571,1573,1758762178.7137308
1570,1569,1571,1573,1758762178.7157388
1570,1569,1571,1573,1758762178.718288
1570,1569,1571,1573,1758762178.720539
1570,1569,1571,1573,1758762178.7231617
1570,1569,1571,1573,1758762178.7252524
1603,1553,1538,1589,1758762178.7270632
1603,1553,1538,1589,1758762178.7289977
1603,1553,1538,1589,1758762178.7309206
1594,1569,1547,1573,1758762178.7331648
1594,1569,1547,1573,1758762178.734556
1594,1569,1547,1573,1758762178.736331
1594,1569,1547,1573,1758762178.738571
1592,1569,1550,1573,1758762178.7403586
1592,1569,1550,1573,1758762178.7420378
1592,1569,1550,1573,1758762178.7463603
1592,1569,1550,1573,1758762178.7495267
1584,1565,1558,1577,1758762178.755389
1584,1565,1558,1577,1758762178.757691
1584,1565,1558,1577,1758762178.7596302
1594,1560,1548,1581,1758762178.7616708
1616,1568,1526,1574,1758762178.7657962
1616,1568,1526,1574,1758762178.7711525
1596,1560,1546,1582,1758762178.7723467
1596,1560,1546,1582,1758762178.7762945
1597,1553,1545,1589,1758762178.7784991
1617,1541,1525,1601,1758762178.7812283
1578,1577,1564,1565,1758762178.7845726
1578,1577,1564,1565,1758762178.787669
1617,1541,1525,1601,1758762178.7906756
1582,1577,1560,1565,1758762178.7922134
1582,1577,1560,1565,1758762178.795435
1607,1525,1535,1617,1758762178.799019
1580,1592,1562,1550,1758762178.801145
1580,1592,1562,1550,1758762178.80462
1595,1560,1547,1582,1758762178.8064256
1582,1554,1560,1588,1758762178.8113284
1587,1557,1555,1585,1758762178.8136406
1587,1557,1555,1585,1758762178.8164434
1599,1576,1543,1566,1758762178.8200228
1590,1550,1552,1592,1758762178.8225694
1628,1555,1514,1587,1758762178.8246117
1628,1555,1514,1587,1758762178.827744
1596,1559,1546,1582,1758762178.8309996
1544,1572,1598,1570,1758762178.833059
1544,1572,1598,1570,1758762178.8358257
1632,1552,1509,1589,1758762178.839287
1582,1568,1560,1574,1758762178.8409717
1582,1568,1560,1574,1758762178.8443806
1599,1568,1543,1574,1758762178.8480945
1584,1578,1558,1564,1758762178.8494253
1626,1527,1516,1615,1758762178.852483
1626,1527,1516,1615,1758762178.8557768
1619,1584,1523,1558,1758762178.859251
1595,1556,1547,1586,1758762178.8610454
1625,1539,1517,1603,1758762178.863686
1625,1539,1517,1603,1758762178.864915
1625,1539,1517,1603,1758762178.867346
1580,1547,1562,1594,1758762178.8686512
1580,1547,1562,1594,1758762178.8719735
1580,1547,1562,1594,1758762178.8730073
1592,1569,1550,1573,1758762178.8755243
1592,1569,1550,1573,1758762178.8769388
1571,1553,1571,1589,1758762178.8797672
1596,1559,1546,1583,1758762178.880772
1596,1559,1546,1583,1758762178.883397
1596,1559,1546,1583,1758762178.8847203
1596,1559,1546,1583,1758762178.8871758
1592,1534,1550,1608,1758762178.8885355
1592,1534,1550,1608,1758762178.890906
1636,1526,1506,1616,1758762178.8922143
1636,1526,1506,1616,1758762178.8948865
1636,1526,1506,1616,1758762178.8962877
1636,1526,1506,1616,1758762178.8987455
1584,1575,1557,1566,1758762178.9000547
1584,1575,1557,1566,1758762178.90322
1584,1575,1557,1566,1758762178.9044132
1597,1558,1545,1584,1758762178.906981
1594,1530,1548,1612,1758762178.9083602
1594,1530,1548,1612,1758762178.9106371
1597,1558,1545,1584,1758762178.9120286
1597,1558,1545,1584,1758762178.915107
1597,1558,1545,1584,1758762178.9161088
1585,1591,1557,1551,1758762178.9186428
1595,1513,1547,1629,1758762178.919985
1595,1513,1547,1629,1758762178.9228482
1595,1513,1547,1629,1758762178.9237895
1595,1513,1547,1629,1758762178.9263542
1632,1527,1510,1615,1758762178.9274683
1597,1557,1545,1585,1758762178.9287598
1597,1557,1545,1585,1758762178.9310708
1595,1572,1547,1570,1758762178.932355
1595,1572,1547,1570,1758762178.934938
1597,1557,1545,1585,1758762178.9363322
1597,1557,1545,1585,1758762178.9386885
1597,1557,1545,1585,1758762178.9403052
1597,1557,1545,1585,1758762178.942398
1597,1557,1545,1585,1758762178.9446497
1597,1557,1545,1585,1758762178.9468677
1636,1519,1506,1623,1758762178.9481344
1636,1519,1506,1623,1758762178.9506516
1598,1556,1544,1586,1758762178.9519455
1598,1556,1544,1586,1758762178.9549158
1623,1577,1519,1565,1758762178.956
1623,1577,1519,1565,1758762178.957811
1623,1577,1519,1565,1758762178.9598382
1579,1535,1563,1607,1758762178.96333
1579,1535,1563,1607,1758762178.9649236
1631,1597,1511,1545,1758762178.9695272
1578,1555,1564,1587,1758762178.9744072
1567,1587,1574,1555,1758762178.97608
1598,1557,1544,1584,1758762178.978577
1598,1557,1544,1584,1758762178.9809694
1589,1529,1553,1612,1758762178.983624
1621,1525,1521,1617,1758762178.9875083
1576,1603,1566,1539,1758762178.991357
1576,1603,1566,1539,1758762178.9960153
1599,1576,1543,1566,1758762178.999324
1592,1573,1550,1568,1758762179.0007207
1592,1573,1550,1568,1758762179.004132
1557,1583,1585,1559,1758762179.0077806
1570,1554,1572,1588,1758762179.0089526
1570,1554,1572,1588,1758762179.011904
1620,1534,1522,1608,1758762179.0151086
1546,1558,1596,1584,1758762179.0161593
1546,1558,1596,1584,1758762179.0173452
1546,1558,1596,1584,1758762179.0197058
1621,1525,1521,1617,1758762179.0209904
1621,1525,1521,1617,1758762179.023372
1585,1588,1557,1554,1758762179.0247
1585,1588,1557,1554,1758762179.0271142
1585,1588,1557,1554,1758762179.0286295
1596,1558,1546,1584,1758762179.0312157
1596,1558,1546,1584,1758762179.0324728
1596,1558,1546,1584,1758762179.0353804
1616,1525,1526,1617,1758762179.0363922
1616,1525,1526,1617,1758762179.039202
1596,1558,1545,1584,1758762179.040153
1596,1558,1545,1584,1758762179.0429888
1596,1558,1545,1584,1758762179.0439763
1596,1558,1545,1584,1758762179.046426
1623,1584,1519,1558,1758762179.0479362
1623,1584,1519,1558,1758762179.049201
1623,1584,1519,1558,1758762179.0518315
1597,1558,1545,1584,1758762179.0528684
1597,1558,1545,1584,1758762179.055447
1600,1566,1541,1575,1758762179.0570278
1600,1566,1541,1575,1758762179.0591493
1597,1558,1545,1583,1758762179.0604718
1597,1558,1545,1583,1758762179.063401
1583,1573,1559,1569,1758762179.0643375
1583,1573,1559,1569,1758762179.0666437
1583,1573,1559,1569,1758762179.0679078
1631,1521,1511,1621,1758762179.069213
1631,1521,1511,1621,1758762179.0718746
1598,1558,1544,1584,1758762179.0731597
1598,1558,1544,1584,1758762179.0755527
1598,1558,1544,1584,1758762179.076907
1598,1558,1544,1584,1758762179.079492
1602,1538,1539,1604,1758762179.0808294
1602,1538,1539,1604,1758762179.0837502
1598,1557,1544,1585,1758762179.0869198
1598,1557,1544,1585,1758762179.088898
1645,1550,1497,1592,1758762179.091637
1645,1550,1497,1592,1758762179.092981
1600,1580,1542,1562,1758762179.095732
1600,1580,1542,1562,1758762179.0971851
1595,1531,1547,1611,1758762179.0999782
1617,1581,1524,1561,1758762179.1033869
1617,1581,1524,1561,1758762179.1048017
1604,1574,1538,1568,1758762179.1090398
1577,1571,1564,1571,1758762179.111657
1599,1559,1543,1583,1758762179.113124
1599,1559,1543,1583,1758762179.1171868
1557,1556,1585,1586,1758762179.1204505
1535,1589,1607,1553,1758762179.1231997
1594,1513,1548,1629,1758762179.1247947
1594,1513,1548,1629,1758762179.127034
1596,1558,1546,1584,1758762179.1284158
1596,1558,1546,1584,1758762179.1312397
1596,1558,1546,1584,1758762179.1321635
1596,1558,1546,1584,1758762179.1345527
1561,1562,1581,1580,1758762179.1359026
1615,1545,1527,1597,1758762179.138805
1615,1545,1527,1597,1758762179.1400194
1596,1558,1546,1584,1758762179.1410248
1596,1558,1546,1584,1758762179.1435816
1596,1558,1546,1584,1758762179.1451187
1596,1558,1546,1584,1758762179.1474817
1596,1558,1546,1584,1758762179.1483743
1596,1558,1546,1584,1758762179.151049
1591,1568,1551,1574,1758762179.152024
1591,1568,1551,1574,1758762179.1548924
1565,1553,1577,1589,1758762179.1558244
1565,1553,1577,1589,1758762179.156984
1565,1553,1577,1589,1758762179.159304
1595,1558,1547,1584,1758762179.160633
1595,1558,1547,1584,1758762179.163231
1578,1566,1564,1576,1758762179.1644971
1578,1566,1564,1576,1758762179.1669323
1578,1566,1564,1576,1758762179.1681046
1578,1566,1564,1576,1758762179.1708307
1594,1558,1548,1583,1758762179.1721964
1608,1558,1534,1583,1758762179.1750915
1595,1558,1547,1583,1758762179.176363
1595,1558,1547,1583,1758762179.1776326
1595,1558,1547,1583,1758762179.1802783
1589,1554,1553,1588,1758762179.181258
1589,1554,1553,1588,1758762179.1837118
1589,1554,1553,1588,1758762179.185073
1594,1558,1547,1584,1758762179.1878345
1617,1534,1525,1607,1758762179.1888435
1617,1534,1525,1607,1758762179.1912482
1617,1534,1525,1607,1758762179.1930666
1595,1558,1547,1584,1758762179.1955967
1593,1550,1549,1592,1758762179.1967876
1593,1550,1549,1592,1758762179.199099
1593,1550,1549,1592,1758762179.200984
1595,1557,1547,1584,1758762179.203834
1575,1531,1567,1611,1758762179.207673
1575,1531,1567,1611,1758762179.2109025
1575,1531,1567,1611,1758762179.212214
1574,1592,1568,1549,1758762179.2156644
1592,1545,1550,1597,1758762179.2172165
1605,1565,1536,1577,1758762179.221303
1605,1565,1536,1577,1758762179.2253008
1605,1565,1536,1577,1758762179.227886
1605,1565,1536,1577,1758762179.2305777
1594,1557,1547,1585,1758762179.2321496
1594,1557,1547,1585,1758762179.234596
1594,1557,1547,1585,1758762179.2359035
1620,1597,1521,1545,1758762179.2395227
1594,1559,1548,1583,1758762179.2439458
1622,1528,1520,1613,1758762179.2454414
1586,1539,1556,1603,1758762179.24934
1574,1595,1568,1547,1758762179.2528026
1574,1595,1568,1547,1758762179.2556248
1630,1548,1511,1594,1758762179.259129
1595,1558,1547,1584,1758762179.2604475
1619,1525,1523,1616,1758762179.2636597
1619,1525,1523,1616,1758762179.265275
1596,1557,1546,1585,1758762179.268481
1596,1557,1546,1585,1758762179.271603
1576,1572,1566,1570,1758762179.2750435
1644,1565,1498,1577,1758762179.2768457
1596,1558,1546,1584,1758762179.2798514
1596,1558,1546,1584,1758762179.2827854
1600,1539,1542,1603,1758762179.2847471
1595,1604,1547,1538,1758762179.2877853
1595,1604,1547,1538,1758762179.2906191
1596,1558,1546,1583,1758762179.2931435
1572,1537,1569,1605,1758762179.2956307
1572,1537,1569,1605,1758762179.2988346
1596,1558,1546,1584,1758762179.3001606
1596,1558,1546,1584,1758762179.3032436
1555,1529,1587,1613,1758762179.3052404
1611,1595,1530,1546,1758762179.3078842
1611,1595,1530,1546,1758762179.3104658
1595,1558,1547,1584,1758762179.3123815
1595,1558,1547,1584,1758762179.3154948
1575,1548,1567,1594,1758762179.3171177
1557,1536,1585,1606,1758762179.3200758
1557,1536,1585,1606,1758762179.3231058
1581,1521,1561,1621,1758762179.3246856
1581,1521,1561,1621,1758762179.327537
1585,1575,1557,1566,1758762179.331741
1585,1562,1557,1580,1758762179.3342726
1581,1599,1561,1543,1758762179.3362696
1581,1599,1561,1543,1758762179.3397443
1560,1554,1582,1588,1758762179.3447516
1612,1596,1530,1546,1758762179.348177
1593,1559,1549,1583,1758762179.3516903
1593,1559,1549,1583,1758762179.3567245
1610,1527,1532,1615,1758762179.3597286
1587,1559,1555,1583,1758762179.363475
1640,1537,1502,1605,1758762179.3648028
1594,1558,1548,1584,1758762179.3676796
1594,1558,1548,1584,1758762179.3692467
1600,1551,1542,1591,1758762179.372339
1553,1552,1589,1589,1758762179.3756697
1553,1552,1589,1589,1758762179.3785005
1588,1560,1554,1582,1758762179.3800204
1588,1560,1554,1582,1758762179.3831224
1593,1557,1549,1584,1758762179.3847413
1593,1557,1549,1584,1758762179.3875823
1577,1582,1565,1560,1758762179.3908796
1587,1554,1555,1588,1758762179.3924758
1587,1554,1555,1588,1758762179.3959515
1593,1558,1549,1584,1758762179.4014945
1620,1534,1522,1608,1758762179.407858
1581,1546,1561,1596,1758762179.4142776
1617,1583,1525,1559,1758762179.4157922
1617,1583,1525,1559,1758762179.4188447
1556,1548,1586,1594,1758762179.420853
1556,1548,1586,1594,1758762179.4243283
1603,1545,1539,1597,1758762179.427886
1549,1578,1592,1564,1758762179.4315753
1630,1539,1512,1603,1758762179.43583
1560,1565,1582,1577,1758762179.4400337
1609,1557,1533,1585,1758762179.443259
1571,1554,1571,1588,1758762179.446215
1612,1538,1529,1604,1758762179.447698
1612,1538,1529,1604,1758762179.451002
1623,1534,1518,1608,1758762179.452314
1623,1534,1518,1608,1758762179.4554994
1624,1573,1518,1569,1758762179.4572842
1576,1593,1566,1549,1758762179.4601536
1576,1593,1566,1549,1758762179.463237
1609,1582,1533,1559,1758762179.4648614
1595,1557,1547,1585,1758762179.4677205
1595,1557,1547,1585,1758762179.4712694
1642,1570,1500,1572,1758762179.4726057
1642,1570,1500,1572,1758762179.4759138
1596,1557,1546,1585,1758762179.4802215
1604,1563,1538,1579,1758762179.4837136
1596,1557,1546,1585,1758762179.4870017
1618,1565,1524,1576,1758762179.4884958
1618,1565,1524,1576,1758762179.4918551
1603,1590,1539,1552,1758762179.493217
1603,1590,1539,1552,1758762179.496564
1580,1554,1562,1587,1758762179.4993129
1596,1558,1546,1584,1758762179.5012228
1626,1598,1516,1544,1758762179.5040178
1626,1598,1516,1544,1758762179.5072105
1583,1563,1559,1579,1758762179.5091531
1630,1536,1511,1605,1758762179.5118306
1630,1536,1511,1605,1758762179.5150292
1571,1544,1571,1598,1758762179.519106
1571,1544,1571,1598,1758762179.5204308
1571,1544,1571,1598,1758762179.523917
1604,1580,1538,1562,1758762179.5256886
1607,1568,1535,1574,1758762179.5286832
1607,1568,1535,1574,1758762179.5310826
1557,1572,1585,1570,1758762179.5328765
1557,1572,1585,1570,1758762179.5358586
1602,1589,1539,1553,1758762179.5375504
1582,1519,1560,1623,1758762179.5403926
1582,1519,1560,1623,1758762179.5439727
1628,1568,1514,1574,1758762179.548478
1576,1594,1566,1547,1758762179.551999
1550,1564,1592,1578,1758762179.5553522
1588,1573,1554,1569,1758762179.5569184
1588,1573,1554,1569,1758762179.5595183
1588,1573,1554,1569,1758762179.5624225
1604,1514,1538,1628,1758762179.5645375
1587,1535,1555,1607,1758762179.5675251
1564,1568,1578,1574,1758762179.5691798
1587,1586,1555,1556,1758762179.572561
1587,1586,1555,1556,1758762179.5751994
1593,1560,1548,1582,1758762179.5768266
1629,1528,1513,1614,1758762179.5796127
1629,1528,1513,1614,1758762179.5811844
1591,1556,1551,1586,1758762179.5842123
1591,1556,1551,1586,1758762179.587228
1568,1549,1574,1593,1758762179.589084
1581,1589,1561,1552,1758762179.5950985
1597,1533,1545,1609,1758762179.5983915
1587,1545,1555,1597,1758762179.6010575
1587,1545,1555,1597,1758762179.6043751
1570,1587,1572,1555,1758762179.6089573
1610,1562,1532,1580,1758762179.611805
1610,1562,1532,1580,1758762179.6147287
1622,1520,1520,1621,1758762179.61692
1622,1520,1520,1621,1758762179.6195142
1556,1569,1586,1573,1758762179.621144
1596,1551,1546,1591,1758762179.6240168
1596,1551,1546,1591,1758762179.6272187
1620,1522,1522,1620,1758762179.6288366
1620,1522,1522,1620,1758762179.6314874
1594,1566,1547,1576,1758762179.6352556
1594,1566,1547,1576,1758762179.638817
1594,1566,1547,1576,1758762179.6403909
1593,1559,1549,1583,1758762179.6477866
1593,1560,1548,1582,1758762179.651439
1593,1560,1548,1582,1758762179.6528986
1593,1560,1548,1582,1758762179.655865
1585,1625,1557,1517,1758762179.6587515
1605,1564,1537,1578,1758762179.6603527
1605,1564,1537,1578,1758762179.6634665
1614,1527,1528,1615,1758762179.6672478
1589,1539,1553,1603,1758762179.6717548
1578,1528,1564,1614,1758762179.6749496
1623,1524,1519,1618,1758762179.6762772
1571,1563,1570,1579,1758762179.680134
1571,1563,1570,1579,1758762179.6850462
1557,1529,1585,1612,1758762179.691076
1559,1533,1583,1609,1758762179.695866
1604,1512,1538,1630,1758762179.6993766
1596,1580,1546,1562,1758762179.7007675
1553,1553,1589,1589,1758762179.7039475
1553,1553,1589,1589,1758762179.7075255
1586,1560,1556,1582,1758762179.7091415
1622,1541,1520,1601,1758762179.7124226
1547,1571,1595,1571,1758762179.7158504
1547,1571,1595,1571,1758762179.7191625
1607,1514,1535,1627,1758762179.720842
1609,1549,1533,1593,1758762179.724994
1582,1566,1559,1576,1758762179.731995
1633,1549,1509,1592,1758762179.735713
1569,1572,1573,1570,1758762179.7392414
1643,1563,1498,1579,1758762179.7410448
1596,1557,1546,1585,1758762179.7477877
1570,1583,1571,1558,1758762179.751361
1628,1540,1514,1602,1758762179.7549355
1621,1543,1521,1599,1758762179.7565663
1621,1543,1521,1599,1758762179.7593489
1603,1570,1539,1572,1758762179.7612066
1593,1539,1549,1603,1758762179.763944
1593,1539,1549,1603,1758762179.7669027
1581,1600,1561,1542,1758762179.768523
1594,1537,1548,1605,1758762179.7715478
1594,1537,1548,1605,1758762179.7732031
1580,1570,1562,1572,1758762179.7760684
1580,1570,1562,1572,1758762179.779094
1614,1549,1528,1593,1758762179.7807827
1614,1549,1528,1593,1758762179.7837312
1585,1564,1556,1578,1758762179.7870092
1616,1575,1526,1567,1758762179.7883654
1616,1575,1526,1567,1758762179.7915585
1609,1533,1533,1609,1758762179.7950137
1608,1538,1533,1603,1758762179.7972338
1605,1534,1537,1608,1758762179.8010256
1605,1534,1537,1608,1758762179.8045323
1579,1553,1563,1589,1758762179.8076775
1613,1548,1529,1594,1758762179.8094454
1566,1585,1575,1557,1758762179.812276
1594,1557,1548,1585,1758762179.815425
1594,1557,1548,1585,1758762179.8170545
1594,1551,1548,1591,1758762179.8201804
1594,1551,1548,1591,1758762179.823344
1647,1505,1495,1637,1758762179.8250222
1647,1505,1495,1637,1758762179.82809
1620,1537,1521,1605,1758762179.8313675
1553,1569,1589,1573,1758762179.8328938
1593,1549,1549,1593,1758762179.8357208
1593,1549,1549,1593,1758762179.8371844
1593,1549,1549,1593,1758762179.8402896
1573,1553,1569,1588,1758762179.8436265
1585,1578,1557,1564,1758762179.844424
1585,1578,1557,1564,1758762179.8452165
1585,1578,1557,1564,1758762179.846727
1585,1578,1557,1564,1758762179.8475358
1585,1578,1557,1564,1758762179.8482573
1594,1555,1548,1587,1758762179.8589356
1586,1534,1556,1608,1758762179.8597543
1611,1552,1531,1590,1758762179.8605075
1611,1552,1531,1590,1758762179.861462
1611,1552,1531,1590,1758762179.862298
1595,1555,1547,1587,1758762179.870812
1674,1598,1468,1544,1758762179.8762124
1595,1555,1547,1587,1758762179.881566
1621,1564,1521,1578,1758762179.8858333
1570,1566,1572,1576,1758762179.886588
1570,1566,1572,1576,1758762179.8878355
1570,1566,1572,1576,1758762179.8947668
1562,1548,1580,1594,1758762179.8988426
1594,1555,1548,1587,1758762179.8997357
1594,1555,1548,1587,1758762179.9004586
1594,1555,1548,1587,1758762179.9093008
1594,1555,1548,1586,1758762179.910852
1594,1555,1548,1586,1758762179.9151587
1594,1555,1548,1587,1758762179.9200952
1605,1563,1537,1579,1758762179.9208207
1605,1563,1537,1579,1758762179.9216518
1605,1563,1537,1579,1758762179.9224625
1605,1563,1537,1579,1758762179.930688
1575,1538,1567,1604,1758762179.93516
1575,1538,1567,1604,1758762179.9361403
1575,1538,1567,1604,1758762179.9369743
1575,1538,1567,1604,1758762179.9393826
1575,1538,1567,1604,1758762179.9402428
1575,1538,1567,1604,1758762179.9411044
1575,1538,1567,1604,1758762179.9418404
1575,1538,1567,1604,1758762179.944322
1575,1538,1567,1604,1758762179.945298
1575,1538,1567,1604,1758762179.9473217
1575,1538,1567,1604,1758762179.948616
1575,1538,1567,1604,1758762179.949918
1575,1538,1567,1604,1758762179.9506238
1575,1538,1567,1604,1758762179.9514284
1575,1538,1567,1604,1758762179.953932
1594,1555,1548,1587,1758762179.9552348
1567,1547,1575,1595,1758762179.9562206
1567,1547,1575,1595,1758762179.95707
1567,1547,1575,1595,1758762179.9595785
1567,1547,1575,1595,1758762179.9605608
1567,1547,1575,1595,1758762179.961732
1567,1547,1575,1595,1758762179.962619
1567,1547,1575,1595,1758762179.9634972
1567,1547,1575,1595,1758762179.964276
1567,1547,1575,1595,1758762179.9651625
1567,1547,1575,1595,1758762179.9663806
1567,1547,1575,1595,1758762179.9671264
1567,1547,1575,1595,1758762179.9679482
1567,1547,1575,1595,1758762179.9687655
1567,1547,1575,1595,1758762179.9700892
1567,1547,1575,1595,1758762179.970878
1567,1547,1575,1595,1758762179.9716442
1567,1547,1575,1595,1758762179.9742951
1567,1547,1575,1595,1758762179.9751637
1567,1547,1575,1595,1758762179.976001
1567,1547,1575,1595,1758762179.9767325
1567,1547,1575,1595,1758762179.9786842
1567,1547,1575,1595,1758762179.980526
1567,1547,1575,1595,1758762179.981321
1567,1547,1575,1595,1758762179.98213
1567,1547,1575,1595,1758762179.9845748
1567,1547,1575,1595,1758762179.985661
1567,1547,1575,1595,1758762179.9865923
1567,1547,1575,1595,1758762179.9875748
1567,1547,1575,1595,1758762179.9885633
1567,1547,1575,1595,1758762179.9896083
1567,1547,1575,1595,1758762179.9903526
1567,1547,1575,1595,1758762179.9915066
1567,1547,1575,1595,1758762179.9924402
1567,1547,1575,1595,1758762179.99397
1567,1547,1575,1595,1758762179.9948828
1567,1547,1575,1595,1758762179.9957197
1567,1547,1575,1595,1758762179.9970834
1567,1547,1575,1595,1758762179.9979255
1567,1547,1575,1595,1758762179.9998455
1617,1540,1524,1602,1758762180.0006726
1617,1540,1524,1602,1758762180.0020216
1617,1540,1524,1602,1758762180.0030088
1617,1540,1524,1602,1758762180.004187
1593,1554,1549,1588,1758762180.0050745
1593,1554,1549,1588,1758762180.0073662
1593,1554,1549,1588,1758762180.008575
1593,1554,1549,1588,1758762180.0102096
1593,1554,1549,1588,1758762180.011025
1593,1554,1549,1588,1758762180.0120027
1593,1554,1549,1588,1758762180.0129373
1593,1554,1549,1588,1758762180.0136905
1593,1554,1549,1588,1758762180.014866
1580,1523,1562,1619,1758762180.0157928
1580,1523,1562,1619,1758762180.0166352
1580,1523,1562,1619,1758762180.0192397
1593,1553,1549,1589,1758762180.0206313
1593,1553,1549,1589,1758762180.0214348
1593,1553,1549,1589,1758762180.022187
1593,1553,1549,1589,1758762180.025779
1593,1553,1549,1589,1758762180.0287511
1593,1553,1549,1589,1758762180.0296123
1593,1553,1549,1589,1758762180.0303495
1593,1553,1549,1589,1758762180.0312068
1593,1553,1549,1589,1758762180.0320086
1593,1553,1549,1589,1758762180.032908
1602,1565,1540,1577,1758762180.0386884
1593,1554,1549,1588,1758762180.0425072
1581,1550,1561,1592,1758762180.0438545
1561,1568,1581,1573,1758762180.0459502
1561,1568,1581,1573,1758762180.046816
1561,1568,1581,1573,1758762180.0474522
1561,1568,1581,1573,1758762180.048295
1561,1568,1581,1573,1758762180.049195
1572,1511,1570,1630,1758762180.051432
1572,1511,1570,1630,1758762180.0522463
1572,1511,1570,1630,1758762180.056082
1591,1553,1551,1589,1758762180.0577357
1591,1553,1551,1589,1758762180.058619
1591,1553,1551,1589,1758762180.059475
1591,1553,1551,1589,1758762180.0653424
1591,1553,1551,1589,1758762180.067332
1591,1553,1551,1589,1758762180.0691478
1592,1552,1550,1590,1758762180.070506
1592,1552,1550,1590,1758762180.0717418
1592,1552,1550,1590,1758762180.0725749
1592,1552,1550,1590,1758762180.073411
1592,1552,1550,1590,1758762180.0767064
1592,1552,1550,1590,1758762180.0776513
1592,1552,1550,1590,1758762180.0821471
1592,1552,1550,1590,1758762180.0833364
1646,1551,1496,1591,1758762180.0877223
1631,1540,1511,1601,1758762180.089043
1631,1540,1511,1601,1758762180.0897894
1631,1540,1511,1601,1758762180.0906742
1631,1540,1511,1601,1758762180.097304
1618,1528,1524,1614,1758762180.0987334
1618,1528,1524,1614,1758762180.09957
1618,1528,1524,1614,1758762180.1011684
1618,1528,1524,1614,1758762180.1025095
1618,1528,1524,1614,1758762180.1104617
1623,1476,1519,1666,1758762180.1128705
1571,1502,1570,1640,1758762180.114154
1571,1502,1570,1640,1758762180.115353
1571,1502,1570,1640,1758762180.117035
1589,1565,1553,1577,1758762180.117974
1589,1565,1553,1577,1758762180.121365
1593,1549,1549,1593,1758762180.1229002
1593,1549,1549,1593,1758762180.124062
1575,1555,1567,1586,1758762180.1257582
1575,1555,1567,1586,1758762180.128658
1575,1555,1567,1586,1758762180.1307423
1575,1555,1567,1586,1758762180.1316755
1593,1549,1549,1593,1758762180.1353958
1593,1549,1549,1593,1758762180.137135
1598,1543,1544,1599,1758762180.1408458
1598,1543,1544,1599,1758762180.1417675
1598,1543,1544,1599,1758762180.1459389
1593,1549,1549,1593,1758762180.1488392
1573,1586,1568,1556,1758762180.1502085
1573,1586,1568,1556,1758762180.1509783
1573,1586,1568,1556,1758762180.152249
1573,1586,1568,1556,1758762180.15793
1593,1550,1549,1592,1758762180.1596618
1593,1550,1549,1592,1758762180.162973
1586,1537,1556,1605,1758762180.164215
1586,1537,1556,1605,1758762180.1649797
1586,1537,1556,1605,1758762180.1676326
1592,1550,1549,1592,1758762180.1754615
1592,1550,1550,1592,1758762180.1817334
1559,1629,1583,1513,1758762180.184144
1559,1629,1583,1513,1758762180.1863236
1559,1629,1583,1513,1758762180.187789
1591,1552,1551,1590,1758762180.189747
1591,1552,1551,1590,1758762180.1917255
1591,1552,1551,1590,1758762180.1933424
1598,1499,1544,1643,1758762180.195488
1598,1499,1544,1643,1758762180.1968842
1591,1550,1551,1592,1758762180.1987529
1591,1550,1551,1592,1758762180.200802
1594,1574,1548,1568,1758762180.202462
1591,1551,1551,1591,1758762180.2043402
1591,1551,1551,1591,1758762180.2053697
1591,1551,1551,1591,1758762180.2084522
1591,1551,1551,1591,1758762180.209748
1591,1551,1551,1591,1758762180.2121117
1591,1551,1551,1591,1758762180.2145872
1602,1555,1540,1587,1758762180.2163272
1592,1551,1550,1591,1758762180.2180653
1592,1551,1550,1591,1758762180.2198336
1592,1551,1550,1591,1758762180.2218552
1592,1551,1550,1591,1758762180.22427
1592,1551,1550,1591,1758762180.226133
1592,1551,1550,1591,1758762180.2283192
1583,1575,1559,1567,1758762180.2313986
1583,1575,1559,1567,1758762180.2343583
1593,1543,1549,1598,1758762180.238752
1593,1543,1549,1598,1758762180.2401912
1593,1543,1549,1598,1758762180.2422116
1593,1543,1549,1598,1758762180.2444277
1593,1543,1549,1598,1758762180.246366
1593,1543,1549,1598,1758762180.2481494
1590,1506,1552,1636,1758762180.251124
1590,1506,1552,1636,1758762180.2539818
1590,1506,1552,1636,1758762180.2563522
1590,1506,1552,1636,1758762180.2587638
1590,1506,1552,1636,1758762180.2608745
1553,1597,1588,1545,1758762180.2653637
1553,1597,1588,1545,1758762180.2670977
1553,1597,1588,1545,1758762180.2695198
1553,1597,1588,1545,1758762180.2710938
1553,1597,1588,1545,1758762180.2729003
1553,1597,1588,1545,1758762180.275174
1553,1597,1588,1545,1758762180.2766948
1553,1597,1588,1545,1758762180.2793045
1553,1597,1588,1545,1758762180.2818296
1553,1597,1588,1545,1758762180.284243
1588,1552,1554,1590,1758762180.2865434
1588,1552,1554,1590,1758762180.2888258
1588,1552,1554,1590,1758762180.290768
1588,1552,1554,1590,1758762180.2927277
1588,1552,1554,1590,1758762180.295599
1588,1552,1554,1590,1758762180.297703
1588,1552,1554,1590,1758762180.2993605
1588,1552,1554,1590,1758762180.301736
1588,1552,1554,1590,1758762180.3043282
1588,1552,1554,1590,1758762180.3072586
1617,1549,1524,1592,1758762180.30934
1617,1549,1524,1592,1758762180.311111
1617,1549,1524,1592,1758762180.3131154
1617,1549,1524,1592,1758762180.315121
1617,1549,1524,1592,1758762180.316692
1617,1549,1524,1592,1758762180.3179622
1617,1549,1524,1592,1758762180.319978
1594,1551,1548,1591,1758762180.3224957
1594,1551,1548,1591,1758762180.3245552
1594,1551,1548,1591,1758762180.326264
1594,1551,1548,1591,1758762180.3279643
1594,1551,1548,1591,1758762180.3297226
1594,1551,1548,1591,1758762180.3316386
1594,1551,1548,1591,1758762180.3332477
1594,1551,1548,1591,1758762180.3348758
1594,1551,1548,1591,1758762180.337057
1595,1551,1547,1591,1758762180.3389351
1595,1551,1547,1591,1758762180.340987
1595,1551,1547,1591,1758762180.342822
1606,1518,1536,1624,1758762180.345023
1606,1518,1536,1624,1758762180.3468888
1606,1518,1536,1624,1758762180.3489392
1563,1549,1579,1593,1758762180.3517818
1563,1549,1579,1593,1758762180.3539937
1606,1552,1536,1590,1758762180.3563373
1595,1591,1547,1551,1758762180.3581834
1595,1550,1547,1592,1758762180.3601868
1595,1550,1547,1592,1758762180.3618712
1595,1550,1547,1592,1758762180.364977
1595,1550,1547,1592,1758762180.3680718
1638,1542,1504,1600,1758762180.3700144
1638,1542,1504,1600,1758762180.373042
1596,1550,1546,1592,1758762180.3747647
1625,1523,1517,1619,1758762180.3763666
1625,1523,1517,1619,1758762180.3784518
1625,1523,1517,1619,1758762180.380241
1625,1523,1517,1619,1758762180.381741
1635,1558,1507,1584,1758762180.3844144
1599,1550,1543,1592,1758762180.386275
1599,1550,1543,1592,1758762180.389392
1599,1550,1543,1592,1758762180.3915038
1599,1550,1543,1592,1758762180.3934896
1599,1550,1543,1592,1758762180.3958304
1610,1534,1531,1608,1758762180.3982346
1610,1534,1531,1608,1758762180.399735
1610,1534,1531,1608,1758762180.4014173
1610,1534,1531,1608,1758762180.4038155
1610,1534,1531,1608,1758762180.4059396
1610,1534,1531,1608,1758762180.4076529
1610,1534,1531,1608,1758762180.4091966
1610,1534,1531,1608,1758762180.4114766
1586,1513,1556,1629,1758762180.4142416
1630,1562,1512,1580,1758762180.4159305
1634,1567,1508,1575,1758762180.417712
1634,1567,1508,1575,1758762180.420153
1601,1550,1541,1591,1758762180.422078
1601,1550,1541,1591,1758762180.4246066
1601,1550,1541,1591,1758762180.4266202
1601,1550,1541,1591,1758762180.42838
1601,1550,1541,1591,1758762180.4297366
1601,1550,1541,1591,1758762180.431146
1601,1550,1541,1591,1758762180.4336002
1648,1571,1494,1571,1758762180.4366648
1648,1571,1494,1571,1758762180.438671
1648,1571,1494,1571,1758762180.4400434
1642,1566,1500,1576,1758762180.442675
1642,1566,1500,1576,1758762180.444435
1642,1566,1500,1576,1758762180.4466634
1642,1566,1500,1576,1758762180.4488025
1642,1566,1500,1576,1758762180.451481
1602,1537,1539,1605,1758762180.4533775
1600,1558,1542,1584,1758762180.4556215
1592,1568,1550,1574,1758762180.457198
1592,1568,1550,1574,1758762180.458989
1592,1568,1550,1574,1758762180.4608128
1592,1568,1550,1574,1758762180.4627688
1592,1568,1550,1574,1758762180.4656909
1641,1518,1501,1624,1758762180.4679885
1641,1518,1501,1624,1758762180.470536
1565,1532,1577,1609,1758762180.472934
1611,1556,1531,1586,1758762180.4747608
1613,1541,1529,1600,1758762180.4774082
1613,1541,1529,1600,1758762180.4788415
1605,1551,1537,1591,1758762180.4806285
1605,1551,1537,1591,1758762180.482099
1605,1551,1537,1591,1758762180.484939
1590,1564,1552,1578,1758762180.486674
1590,1564,1552,1578,1758762180.4880953
1604,1551,1537,1590,1758762180.4900634
1604,1551,1537,1590,1758762180.492247
1597,1556,1544,1586,1758762180.494794
1604,1551,1538,1590,1758762180.4960718
1604,1551,1538,1590,1758762180.4976935
1604,1551,1538,1590,1758762180.4991996
1597,1555,1545,1587,1758762180.5014503
1597,1555,1545,1587,1758762180.5035243
1597,1555,1545,1587,1758762180.5058792
1597,1555,1545,1587,1758762180.5081513
1582,1580,1559,1562,1758762180.5095518
1582,1580,1559,1562,1758762180.5119698
1622,1530,1519,1612,1758762180.5147915
1622,1530,1519,1612,1758762180.5169137
1622,1530,1519,1612,1758762180.5189395
1600,1547,1542,1594,1758762180.5220575
1600,1547,1542,1594,1758762180.5246038
1598,1571,1544,1571,1758762180.5268211
1614,1523,1528,1619,1758762180.528865
1614,1523,1528,1619,1758762180.5306315
1614,1523,1528,1619,1758762180.5333538
1614,1523,1528,1619,1758762180.5351818
1614,1523,1528,1619,1758762180.5369685
1603,1552,1539,1590,1758762180.5391755
1603,1552,1539,1590,1758762180.5415664
1603,1552,1539,1590,1758762180.5433755
1603,1552,1539,1590,1758762180.5456145
1603,1552,1539,1590,1758762180.5474076
1603,1552,1539,1590,1758762180.550062
1603,1552,1539,1590,1758762180.5507524
1603,1552,1539,1590,1758762180.552397
1603,1552,1539,1590,1758762180.5545132
1607,1537,1535,1605,1758762180.556355
1607,1537,1535,1605,1758762180.5585024
1607,1537,1535,1605,1758762180.560206
1607,1537,1535,1605,1758762180.561674
1607,1537,1535,1605,1758762180.5637908
1607,1537,1535,1605,1758762180.565479
1607,1537,1535,1605,1758762180.5684562
1607,1537,1535,1605,1758762180.5704768
1609,1539,1533,1603,1758762180.572973
1609,1539,1533,1603,1758762180.5745735
1605,1550,1536,1592,1758762180.5765932
1605,1550,1536,1592,1758762180.57803
1605,1550,1536,1592,1758762180.5799215
1605,1550,1536,1592,1758762180.581419
1605,1550,1536,1592,1758762180.5833652
1605,1550,1536,1592,1758762180.585565
1566,1540,1576,1602,1758762180.5870578
1566,1540,1576,1602,1758762180.5889187
1566,1540,1576,1602,1758762180.5906048
1566,1540,1576,1602,1758762180.5933871
1590,1537,1552,1605,1758762180.5948308
1590,1537,1552,1605,1758762180.5967605
1590,1537,1552,1605,1758762180.5990524
1590,1537,1552,1605,1758762180.6007247
1590,1537,1552,1605,1758762180.6031718
1590,1537,1552,1605,1758762180.6050315
1590,1537,1552,1605,1758762180.6069562
1590,1537,1552,1605,1758762180.6094532
1613,1546,1529,1596,1758762180.6114678
1613,1546,1529,1596,1758762180.6134353
1613,1546,1529,1596,1758762180.616359
1613,1546,1529,1596,1758762180.617767
1613,1546,1529,1596,1758762180.6194143
1613,1546,1529,1596,1758762180.6213567
1613,1546,1529,1596,1758762180.6240344
1595,1554,1546,1587,1758762180.6275487
1595,1554,1546,1587,1758762180.6299422
1595,1554,1546,1587,1758762180.6315837
1595,1554,1546,1587,1758762180.6331248
1607,1552,1535,1590,1758762180.635049
1607,1552,1535,1590,1758762180.6372952
1607,1552,1535,1590,1758762180.6400204
1607,1552,1535,1590,1758762180.6421518
1607,1552,1535,1590,1758762180.644285
1607,1552,1535,1590,1758762180.6463628
1607,1552,1535,1590,1758762180.6485288
1607,1552,1535,1590,1758762180.6500454
1607,1552,1535,1590,1758762180.6519065
1607,1552,1535,1590,1758762180.654038
1607,1552,1535,1590,1758762180.6553187
1607,1552,1535,1590,1758762180.6576345
1607,1552,1535,1590,1758762180.6585827
1611,1538,1531,1604,1758762180.661518
1611,1538,1531,1604,1758762180.6657348
1611,1538,1531,1604,1758762180.6695795
1611,1538,1531,1604,1758762180.670416
1611,1538,1531,1604,1758762180.672726
1611,1538,1531,1604,1758762180.6747818
1611,1538,1531,1604,1758762180.6765974
1611,1538,1531,1604,1758762180.6784587
1604,1549,1537,1593,1758762180.6806276
1604,1549,1537,1593,1758762180.681949
1604,1549,1537,1593,1758762180.6842153
1604,1549,1537,1593,1758762180.6856632
1614,1555,1528,1587,1758762180.6876512
1614,1555,1528,1587,1758762180.6885748
1614,1555,1528,1587,1758762180.6909163
1614,1555,1528,1587,1758762180.6938405
1614,1555,1528,1587,1758762180.6963625
1604,1546,1538,1596,1758762180.6977024
1604,1546,1538,1596,1758762180.698973
1604,1546,1538,1596,1758762180.699986
1604,1546,1538,1596,1758762180.7007444
1604,1546,1538,1596,1758762180.7017045
1604,1546,1538,1596,1758762180.7029192
1604,1546,1538,1596,1758762180.7040608
1604,1546,1538,1596,1758762180.704721
1604,1546,1538,1596,1758762180.7055142
1604,1546,1538,1596,1758762180.7065766
1604,1546,1538,1596,1758762180.7078905
1604,1546,1538,1596,1758762180.70874
1604,1546,1538,1596,1758762180.7094328
1624,1535,1518,1607,1758762180.7106164
1624,1535,1518,1607,1758762180.7115378
1624,1535,1518,1607,1758762180.7128377
1624,1535,1518,1607,1758762180.7134886
1624,1535,1518,1607,1758762180.7158377
1624,1535,1518,1607,1758762180.7177646
1624,1535,1518,1607,1758762180.7190526
1624,1535,1518,1607,1758762180.7206068
1624,1535,1518,1607,1758762180.722298
1624,1535,1518,1607,1758762180.7240963
1612,1518,1530,1624,1758762180.7259812
1612,1518,1530,1624,1758762180.727333
1612,1518,1530,1624,1758762180.7286968
1612,1518,1530,1624,1758762180.7308369
1598,1563,1544,1579,1758762180.732032
1598,1563,1544,1579,1758762180.734301
1598,1563,1544,1579,1758762180.7359495
1598,1563,1544,1579,1758762180.7373188
1598,1563,1544,1579,1758762180.7392576
1593,1558,1549,1584,1758762180.7409265
1593,1558,1549,1584,1758762180.7424903
1581,1536,1561,1606,1758762180.7448566
1581,1585,1561,1556,1758762180.74616
1581,1585,1561,1556,1758762180.7481933
1604,1548,1538,1594,1758762180.7497385
1604,1548,1538,1594,1758762180.7513492
1604,1548,1538,1594,1758762180.7537844
1623,1536,1519,1605,1758762180.7553406
1604,1547,1538,1594,1758762180.7573075
1604,1547,1538,1594,1758762180.7597785
1604,1547,1538,1594,1758762180.7621422
1604,1547,1538,1594,1758762180.765035
1582,1540,1560,1602,1758762180.768075
1607,1546,1535,1596,1758762180.771983
1604,1547,1538,1595,1758762180.7758908
1562,1517,1580,1625,1758762180.7785337
1603,1546,1539,1595,1758762180.781599
1603,1546,1539,1595,1758762180.783805
1608,1584,1534,1557,1758762180.787174
1648,1521,1494,1621,1758762180.789308
1648,1521,1494,1621,1758762180.7921607
1619,1515,1523,1627,1758762180.7950523
1619,1515,1523,1627,1758762180.7983322
1604,1546,1538,1596,1758762180.8003793
1604,1546,1538,1596,1758762180.8026404
1604,1546,1538,1596,1758762180.8059108
1596,1549,1545,1593,1758762180.808105
1556,1561,1586,1581,1758762180.8113608
1591,1506,1551,1636,1758762180.8134675
1591,1506,1551,1636,1758762180.8166964
1594,1544,1548,1598,1758762180.818534
1594,1544,1548,1598,1758762180.8222716
1602,1545,1540,1597,1758762180.8247538
1602,1545,1540,1597,1758762180.8276782
1596,1539,1545,1602,1758762180.829585
1596,1539,1545,1602,1758762180.833694
1615,1555,1526,1587,1758762180.8391557
1563,1540,1579,1602,1758762180.844448
1600,1546,1542,1596,1758762180.8493352
1618,1520,1524,1622,1758762180.8523424
1601,1545,1541,1597,1758762180.856814
1591,1510,1551,1632,1758762180.8580103
1591,1510,1551,1632,1758762180.86073
1591,1510,1551,1632,1758762180.8626082
1591,1510,1551,1632,1758762180.8637304
1591,1510,1551,1632,1758762180.8658087
1591,1510,1551,1632,1758762180.8669207
1591,1510,1551,1632,1758762180.8698876
1590,1519,1552,1623,1758762180.8715024
1590,1519,1552,1623,1758762180.8748426
1590,1519,1552,1623,1758762180.8780308
1588,1542,1554,1600,1758762180.880856
1588,1542,1554,1600,1758762180.883908
1611,1524,1531,1618,1758762180.887233
1600,1542,1542,1600,1758762180.8906686
1600,1542,1542,1600,1758762180.8930552
1625,1569,1517,1572,1758762180.8973484
1595,1583,1547,1559,1758762180.9009008
1595,1583,1547,1559,1758762180.9017055
1554,1569,1588,1573,1758762180.903351
1554,1569,1588,1573,1758762180.9050767
1554,1569,1588,1573,1758762180.9074967
1554,1569,1588,1573,1758762180.9094713
1554,1569,1588,1573,1758762180.910915
1601,1545,1541,1597,1758762180.9131525
1601,1545,1541,1597,1758762180.9145064
1601,1545,1541,1597,1758762180.9159086
1601,1545,1541,1597,1758762180.918337
1601,1545,1541,1597,1758762180.919994
1601,1545,1541,1597,1758762180.9210398
1601,1545,1541,1597,1758762180.92377
1601,1545,1541,1597,1758762180.9251256
1601,1545,1541,1597,1758762180.9264824
1601,1545,1541,1597,1758762180.927599
1601,1545,1541,1597,1758762180.930271
1598,1545,1544,1597,1758762180.9320138
1598,1545,1544,1597,1758762180.9327877
1598,1545,1544,1597,1758762180.9365752
1597,1545,1545,1596,1758762180.9408052
1599,1579,1542,1563,1758762180.9441662
1599,1579,1542,1563,1758762180.946032
1599,1579,1542,1563,1758762180.9505002
1599,1579,1542,1563,1758762180.9543052
1627,1535,1515,1606,1758762180.9582074
1627,1535,1515,1606,1758762180.9612072
1627,1535,1515,1606,1758762180.965161
1598,1545,1544,1597,1758762180.968248
1598,1545,1544,1597,1758762180.971962
1551,1581,1591,1561,1758762180.9749832
1612,1527,1530,1615,1758762180.984303
1597,1546,1544,1596,1758762180.9863453
1597,1546,1544,1596,1758762180.9895382
1569,1614,1573,1528,1758762180.993704
1560,1522,1582,1620,1758762180.9986951
1573,1556,1569,1586,1758762181.0018616
1532,1512,1610,1630,1758762181.0049882
1532,1512,1610,1630,1758762181.00812
1598,1523,1543,1619,1758762181.0130415
1575,1524,1567,1618,1758762181.0149872
1594,1545,1548,1597,1758762181.018636
1587,1558,1554,1584,1758762181.023007
1608,1538,1534,1604,1758762181.025052
1554,1579,1588,1563,1758762181.0287504
1554,1579,1588,1563,1758762181.0333786
1577,1561,1564,1581,1758762181.0365217
1577,1561,1564,1581,1758762181.0415075
1591,1547,1551,1595,1758762181.0452633
1608,1542,1534,1600,1758762181.0500493
1634,1557,1508,1585,1758762181.0529108
1634,1557,1508,1585,1758762181.0544865
1557,1582,1585,1560,1758762181.0564167
1557,1582,1585,1560,1758762181.0572522
1557,1582,1585,1560,1758762181.0613124
1610,1543,1532,1599,1758762181.0630066
1589,1516,1553,1625,1758762181.0661306
1589,1516,1553,1625,1758762181.0686324
1583,1576,1559,1566,1758762181.0706632
1593,1547,1549,1594,1758762181.073204
1577,1552,1564,1590,1758762181.074833
1577,1552,1564,1590,1758762181.0767338
1577,1552,1564,1590,1758762181.0776262
1619,1513,1523,1629,1758762181.0814602
1619,1513,1523,1629,1758762181.0824432
1593,1547,1549,1595,1758762181.0859237
1588,1564,1554,1578,1758762181.0873382
1588,1564,1554,1578,1758762181.0888493
1606,1558,1536,1584,1758762181.0918198
1606,1558,1536,1584,1758762181.0936103
1606,1558,1536,1584,1758762181.094453
1606,1558,1536,1584,1758762181.0961998
1582,1557,1560,1585,1758762181.0976603
1593,1548,1549,1594,1758762181.1002245
1593,1548,1549,1594,1758762181.1029637
1617,1511,1525,1630,1758762181.1091466
1593,1548,1549,1594,1758762181.1136267
1593,1548,1549,1594,1758762181.1163056
1582,1564,1560,1577,1758762181.1177518
1582,1564,1560,1577,1758762181.119864
1601,1598,1540,1544,1758762181.1227226
1601,1598,1540,1544,1758762181.1234512
1596,1533,1546,1609,1758762181.124647
1596,1533,1546,1609,1758762181.1262238
1596,1533,1546,1609,1758762181.1282434
1631,1520,1511,1622,1758762181.1290023
1631,1520,1511,1622,1758762181.1305125
1631,1520,1511,1622,1758762181.1316893
1611,1589,1531,1552,1758762181.133062
1611,1589,1531,1552,1758762181.1350288
1611,1589,1531,1552,1758762181.1360726
1611,1589,1531,1552,1758762181.136823
1594,1550,1547,1592,1758762181.1382456
1594,1550,1547,1592,1758762181.1392598
1594,1550,1547,1592,1758762181.1399837
1594,1550,1547,1592,1758762181.1413443
1597,1557,1545,1584,1758762181.1437106
1597,1557,1545,1584,1758762181.1447566
1597,1557,1545,1584,1758762181.1458392
1597,1557,1545,1584,1758762181.14685
1591,1565,1551,1577,1758762181.1476517
1591,1565,1551,1577,1758762181.1490502
1591,1565,1551,1577,1758762181.1509564
1591,1565,1551,1577,1758762181.151657
1591,1565,1551,1577,1758762181.152929
1591,1565,1551,1577,1758762181.1536093
1591,1565,1551,1577,1758762181.154987
1594,1550,1548,1591,1758762181.156103
1594,1550,1548,1591,1758762181.1581168
1594,1550,1548,1591,1758762181.1592386
1594,1550,1548,1591,1758762181.1603055
1584,1552,1558,1589,1758762181.1611054
1584,1552,1558,1589,1758762181.1622066
1584,1552,1558,1589,1758762181.163626
1584,1552,1558,1589,1758762181.164784
1584,1552,1558,1589,1758762181.166724
1584,1552,1558,1589,1758762181.1674793
1584,1552,1558,1589,1758762181.168733
1584,1552,1558,1589,1758762181.171976
1584,1552,1558,1589,1758762181.17349
1607,1549,1535,1593,1758762181.1766772
1607,1549,1535,1593,1758762181.178249
1607,1549,1535,1593,1758762181.181334
1575,1554,1567,1588,1758762181.1824532
1575,1554,1567,1588,1758762181.183261
1575,1554,1567,1588,1758762181.1846929
1587,1533,1555,1609,1758762181.1865103
1587,1533,1555,1609,1758762181.1879113
1587,1533,1555,1609,1758762181.1889195
1587,1533,1555,1609,1758762181.1899946
1587,1533,1555,1609,1758762181.1919634
1587,1533,1555,1609,1758762181.1939356
1594,1550,1548,1592,1758762181.198559
1614,1583,1527,1559,1758762181.2022736
1603,1560,1539,1582,1758762181.2049046
1603,1560,1539,1582,1758762181.208593
1594,1554,1548,1588,1758762181.2132423
1559,1561,1583,1581,1758762181.2156296
1559,1561,1583,1581,1758762181.2188036
1594,1552,1548,1590,1758762181.2218697
1584,1530,1558,1612,1758762181.224472
1568,1568,1574,1574,1758762181.2253015
1568,1568,1574,1574,1758762181.2274015
1568,1568,1574,1574,1758762181.22843
1568,1568,1574,1574,1758762181.2306595
1568,1568,1574,1574,1758762181.2320695
1568,1568,1574,1574,1758762181.233676
1568,1568,1574,1574,1758762181.234394
1568,1568,1574,1574,1758762181.2361753
1568,1568,1574,1574,1758762181.2372866
1568,1568,1574,1574,1758762181.239211
1568,1568,1574,1574,1758762181.2407694
1568,1568,1574,1574,1758762181.24182
1568,1568,1574,1574,1758762181.2429235
1568,1568,1574,1574,1758762181.2442806
1568,1568,1574,1574,1758762181.2466223
1568,1568,1574,1574,1758762181.247397
1568,1568,1574,1574,1758762181.2496996
1580,1550,1562,1592,1758762181.2505214
1580,1550,1562,1592,1758762181.2529342
1580,1550,1562,1592,1758762181.256173
1580,1550,1562,1592,1758762181.2570913
1580,1550,1562,1592,1758762181.2610712
1591,1551,1551,1591,1758762181.2634246
1591,1551,1551,1591,1758762181.2659924
1553,1538,1588,1604,1758762181.2690115
1579,1589,1563,1553,1758762181.271662
1590,1552,1552,1590,1758762181.274573
1557,1521,1585,1621,1758762181.2768898
1557,1521,1585,1621,1758762181.2813032
1557,1521,1585,1621,1758762181.2846878
1557,1521,1585,1621,1758762181.2876902
1557,1521,1585,1621,1758762181.2923558
1557,1521,1585,1621,1758762181.2954288
1590,1551,1552,1591,1758762181.2972505
1590,1551,1552,1591,1758762181.2993588
1610,1609,1531,1533,1758762181.3022826
1610,1609,1531,1533,1758762181.3048286
1610,1609,1531,1533,1758762181.3085444
1610,1609,1531,1533,1758762181.3094182
1610,1609,1531,1533,1758762181.3111365
1591,1553,1551,1588,1758762181.3140943
1548,1526,1594,1616,1758762181.3159437
1548,1526,1594,1616,1758762181.3182828
1590,1553,1552,1589,1758762181.3209066
1590,1553,1552,1589,1758762181.3228374
1603,1580,1539,1562,1758762181.3247416
1603,1580,1539,1562,1758762181.3265653
1603,1580,1539,1562,1758762181.3278854
1590,1553,1552,1588,1758762181.3298144
1590,1553,1552,1588,1758762181.3313978
1590,1553,1552,1588,1758762181.332479
1590,1553,1552,1588,1758762181.3342724
1590,1553,1552,1588,1758762181.3358688
1585,1560,1557,1582,1758762181.337224
1585,1560,1557,1582,1758762181.338832
1585,1560,1557,1582,1758762181.340784
1590,1554,1552,1588,1758762181.3420062
1590,1554,1552,1588,1758762181.3440118
1590,1554,1552,1588,1758762181.3451865
1590,1554,1552,1588,1758762181.348843
1590,1554,1552,1588,1758762181.3507774
1590,1554,1552,1588,1758762181.354251
1590,1554,1552,1588,1758762181.3572342
1600,1554,1542,1588,1758762181.3598554
1600,1554,1542,1588,1758762181.3632088
1600,1554,1542,1588,1758762181.3660047
1600,1554,1542,1588,1758762181.3698878
1594,1557,1548,1585,1758762181.3738663
1594,1557,1548,1585,1758762181.3777876
1594,1557,1548,1585,1758762181.382289
1591,1554,1551,1588,1758762181.386343
1591,1554,1551,1588,1758762181.3893423
1591,1554,1551,1588,1758762181.3941743
1591,1554,1551,1588,1758762181.3991935
1589,1555,1553,1587,1758762181.4043784
1589,1555,1553,1587,1758762181.4067144
1620,1575,1521,1566,1758762181.410455
1620,1575,1521,1566,1758762181.4135606
1620,1575,1521,1566,1758762181.4164093
1590,1556,1552,1586,1758762181.420051
1629,1534,1513,1608,1758762181.4232314
1580,1578,1562,1564,1758762181.4251318
1590,1556,1551,1586,1758762181.4287765
1590,1556,1551,1586,1758762181.4313445
1590,1556,1551,1586,1758762181.4337113
1559,1567,1583,1575,1758762181.4360635
1559,1567,1583,1575,1758762181.438399
1584,1556,1558,1586,1758762181.441739
1584,1556,1558,1586,1758762181.444963
1584,1556,1558,1586,1758762181.4474752
1638,1542,1504,1599,1758762181.450176
1543,1544,1599,1598,1758762181.4519966
1543,1544,1599,1598,1758762181.454054
1543,1544,1599,1598,1758762181.4565086
1584,1562,1557,1580,1758762181.4580016
1584,1562,1557,1580,1758762181.460424
1588,1557,1553,1585,1758762181.462591
1588,1557,1553,1585,1758762181.4640856
1588,1557,1553,1585,1758762181.466141
1588,1557,1553,1585,1758762181.4669003
1588,1557,1553,1585,1758762181.4683237
1588,1557,1553,1585,1758762181.469494
1588,1557,1553,1585,1758762181.4708784
1588,1557,1553,1585,1758762181.473748
1568,1558,1574,1584,1758762181.479942
1588,1557,1554,1585,1758762181.4844637
1579,1551,1563,1591,1758762181.4862404
1603,1547,1539,1595,1758762181.491229
1587,1557,1555,1585,1758762181.4977372
1559,1569,1583,1573,1758762181.4996238
1559,1569,1583,1573,1758762181.5019765
1599,1561,1542,1581,1758762181.5038383
1587,1557,1555,1585,1758762181.505585
1587,1557,1555,1585,1758762181.5076263
1587,1557,1555,1585,1758762181.508401
1587,1557,1555,1585,1758762181.509797
1587,1557,1555,1585,1758762181.511568
1587,1557,1555,1585,1758762181.513755
1587,1557,1555,1585,1758762181.5147667
1587,1557,1555,1585,1758762181.5166817
1587,1557,1555,1585,1758762181.5180724
1587,1557,1555,1585,1758762181.5221093
1587,1557,1555,1585,1758762181.5255702
1587,1557,1555,1585,1758762181.5292833
1586,1558,1556,1584,1758762181.532098
1586,1558,1556,1584,1758762181.534763
1586,1558,1556,1584,1758762181.5371296
1586,1558,1556,1584,1758762181.5393963
1586,1558,1556,1584,1758762181.54261
1582,1585,1560,1557,1758762181.5453491
1582,1585,1560,1557,1758762181.5483758
1582,1585,1560,1557,1758762181.5516222
1582,1585,1560,1557,1758762181.5548673
1585,1558,1557,1584,1758762181.5563068
1585,1558,1557,1584,1758762181.558721
1585,1558,1557,1584,1758762181.5608635
1585,1558,1557,1584,1758762181.5626764
1585,1558,1557,1584,1758762181.564438
1585,1558,1557,1584,1758762181.5652456
1585,1558,1557,1584,1758762181.56713
1585,1558,1557,1584,1758762181.568002
1585,1558,1557,1584,1758762181.5707734
1585,1558,1557,1584,1758762181.5726717
1585,1558,1557,1584,1758762181.5745432
1585,1558,1557,1584,1758762181.5755577
1584,1559,1557,1583,1758762181.577438
1584,1559,1557,1583,1758762181.5787368
1584,1559,1557,1583,1758762181.5809968
1584,1559,1557,1583,1758762181.5822556
1584,1559,1557,1583,1758762181.5851507
1584,1559,1557,1583,1758762181.586448
1584,1559,1557,1583,1758762181.5877578
1584,1559,1557,1583,1758762181.5972764
1572,1575,1570,1567,1758762181.599191
1572,1575,1570,1567,1758762181.6016543
1572,1575,1570,1567,1758762181.6054363
1595,1571,1547,1571,1758762181.6080868
1560,1605,1582,1537,1758762181.612432
1584,1560,1558,1582,1758762181.616032
1568,1571,1574,1571,1758762181.6186795
1568,1571,1574,1571,1758762181.621488
1576,1553,1565,1589,1758762181.6246817
1558,1562,1584,1580,1758762181.6271331
1558,1562,1584,1580,1758762181.630776
1558,1562,1584,1580,1758762181.6329515
1558,1562,1584,1580,1758762181.6363964
1583,1560,1559,1582,1758762181.6393678
1583,1560,1559,1582,1758762181.642748
1583,1560,1559,1582,1758762181.6451542
1583,1560,1559,1582,1758762181.6482766
1583,1560,1559,1582,1758762181.6509285
1583,1560,1559,1582,1758762181.6537871
1573,1538,1569,1604,1758762181.657051
1573,1538,1569,1604,1758762181.6591234
1573,1538,1569,1604,1758762181.660561
1573,1538,1569,1604,1758762181.66257
1573,1538,1569,1604,1758762181.664218
1582,1560,1560,1582,1758762181.6650343
1582,1560,1560,1582,1758762181.6666882
1582,1560,1560,1582,1758762181.6683352
1582,1560,1560,1582,1758762181.6693864
1582,1560,1560,1582,1758762181.6710186
1582,1560,1560,1582,1758762181.67231
1582,1560,1560,1582,1758762181.6743567
1582,1560,1560,1582,1758762181.6760554
1582,1560,1560,1582,1758762181.676833
1582,1560,1560,1582,1758762181.678846
1582,1560,1560,1582,1758762181.681053
1582,1560,1560,1582,1758762181.684901
1582,1560,1560,1582,1758762181.6874392
1582,1560,1560,1582,1758762181.6900575
1582,1560,1560,1582,1758762181.693459
1581,1560,1561,1582,1758762181.6954296
1581,1560,1561,1582,1758762181.6988983
1581,1560,1561,1582,1758762181.701249
1581,1559,1560,1583,1758762181.7038465
1581,1559,1560,1583,1758762181.706392
1581,1559,1560,1583,1758762181.7093463
1581,1559,1560,1583,1758762181.711549
1581,1559,1560,1583,1758762181.714853
1581,1559,1560,1583,1758762181.7169476
1581,1559,1560,1583,1758762181.7203925
1581,1559,1560,1583,1758762181.7248197
1581,1559,1560,1583,1758762181.7276175
1582,1559,1560,1583,1758762181.7301211
1582,1559,1560,1583,1758762181.7341878
1582,1559,1560,1583,1758762181.7375329
1582,1559,1560,1583,1758762181.741156
1583,1557,1559,1584,1758762181.7441397
1583,1557,1559,1584,1758762181.7455468
1583,1557,1559,1584,1758762181.7490304
1583,1557,1559,1584,1758762181.751168
1584,1558,1558,1584,1758762181.753089
1584,1558,1558,1584,1758762181.7560475
1584,1558,1558,1584,1758762181.758975
1565,1535,1577,1606,1758762181.7617729
1553,1502,1589,1640,1758762181.7658172
1553,1502,1589,1640,1758762181.7683475
1553,1502,1589,1640,1758762181.7703435
1553,1502,1589,1640,1758762181.773044
1582,1555,1560,1586,1758762181.7755609
1596,1557,1546,1585,1758762181.77854
1596,1557,1546,1585,1758762181.7814944
1596,1557,1546,1585,1758762181.7847054
1583,1555,1559,1586,1758762181.7872386
1583,1555,1559,1586,1758762181.7892604
1583,1555,1559,1586,1758762181.792902
1583,1555,1559,1586,1758762181.795474
1583,1555,1559,1586,1758762181.7991295
1581,1555,1561,1587,1758762181.802584
1581,1555,1561,1587,1758762181.8050995
1581,1555,1561,1587,1758762181.8062117
1581,1555,1561,1587,1758762181.8076642
1581,1555,1561,1587,1758762181.809721
1581,1555,1561,1587,1758762181.811165
1581,1555,1561,1587,1758762181.812327
1581,1555,1561,1587,1758762181.814168
1581,1555,1561,1587,1758762181.815936
1581,1555,1561,1587,1758762181.8176718
1580,1555,1562,1587,1758762181.8194532
1580,1555,1562,1587,1758762181.820572
1580,1555,1562,1587,1758762181.8222933
1580,1555,1562,1587,1758762181.8235614
1580,1555,1562,1587,1758762181.8253117
1580,1555,1562,1587,1758762181.826986
1580,1555,1562,1587,1758762181.8287582
1580,1555,1562,1587,1758762181.8308208
1551,1553,1590,1589,1758762181.8327377
1551,1553,1590,1589,1758762181.8344195
1551,1553,1590,1589,1758762181.836162
1551,1553,1590,1589,1758762181.838136
1551,1553,1590,1589,1758762181.838902
1551,1553,1590,1589,1758762181.8406198
1551,1553,1590,1589,1758762181.8427444
1551,1553,1590,1589,1758762181.8443394
1551,1553,1590,1589,1758762181.845793
1551,1553,1590,1589,1758762181.8475974
1551,1553,1590,1589,1758762181.849343
1551,1553,1590,1589,1758762181.850177
1551,1553,1590,1589,1758762181.8521326
1551,1553,1590,1589,1758762181.8550398
1583,1555,1559,1587,1758762181.8578894
1583,1555,1559,1587,1758762181.860923
1583,1555,1559,1587,1758762181.8659668
1579,1566,1563,1576,1758762181.8691237
1579,1566,1563,1576,1758762181.8728163
1579,1566,1563,1576,1758762181.8788266
1553,1570,1589,1572,1758762181.881628
1553,1570,1589,1572,1758762181.8839977
1553,1570,1589,1572,1758762181.888209
1552,1551,1590,1591,1758762181.8909428
1552,1551,1590,1591,1758762181.893906
1555,1622,1587,1520,1758762181.895938
1555,1622,1587,1520,1758762181.8978937
1555,1622,1587,1520,1758762181.8998115
1555,1622,1587,1520,1758762181.901451
1555,1622,1587,1520,1758762181.9053345
1556,1588,1585,1554,1758762181.9084735
1556,1588,1585,1554,1758762181.9130478
1552,1576,1590,1566,1758762181.915243
1574,1560,1568,1582,1758762181.9206984
1577,1560,1565,1582,1758762181.9262342
1553,1552,1589,1590,1758762181.9325042
1563,1549,1579,1593,1758762181.9358647
1566,1536,1576,1606,1758762181.939177
1566,1536,1576,1606,1758762181.9418812
1562,1574,1580,1568,1758762181.9496262
1561,1562,1581,1580,1758762181.9537077
1572,1543,1570,1599,1758762181.959244
1595,1565,1546,1577,1758762181.9627256
1595,1565,1546,1577,1758762181.9656837
1604,1550,1538,1592,1758762181.9687626
1577,1559,1565,1582,1758762181.9721918
1569,1517,1573,1625,1758762181.9751568
1569,1517,1573,1625,1758762181.9805045
1533,1572,1609,1570,1758762181.9842105
1533,1572,1609,1570,1758762181.9872696
1579,1509,1563,1633,1758762181.9911904
1576,1557,1565,1585,1758762181.9938362
1595,1555,1546,1587,1758762181.9976437
1577,1557,1565,1585,1758762182.0009952
1581,1569,1560,1573,1758762182.0052965
1577,1557,1565,1584,1758762182.0082
1586,1571,1556,1571,1758762182.010877
1586,1571,1556,1571,1758762182.0138714
1587,1540,1555,1602,1758762182.0169938
1577,1557,1564,1584,1758762182.0203683
1591,1532,1551,1610,1758762182.0251946
1578,1557,1564,1585,1758762182.0302153
1578,1557,1564,1585,1758762182.0374453
1578,1557,1564,1585,1758762182.0421474
1584,1592,1558,1550,1758762182.0475328
1526,1561,1616,1581,1758762182.0510085
1526,1561,1616,1581,1758762182.054912
1526,1561,1616,1581,1758762182.0583043
1526,1561,1616,1581,1758762182.0623212
1526,1561,1616,1581,1758762182.066408
1526,1561,1616,1581,1758762182.0698037
1526,1561,1616,1581,1758762182.0732408
1573,1567,1569,1575,1758762182.0781126
1573,1567,1569,1575,1758762182.0813534
1577,1587,1564,1555,1758762182.0842257
1577,1587,1564,1555,1758762182.0880234
1601,1538,1541,1604,1758762182.0910664
1578,1563,1564,1579,1758762182.0950656
1547,1506,1595,1636,1758762182.0985672
1577,1561,1565,1580,1758762182.101697
1542,1545,1599,1597,1758762182.105138
1536,1527,1606,1615,1758762182.108196
1575,1560,1567,1582,1758762182.111388
1575,1560,1567,1582,1758762182.1150584
1575,1560,1567,1582,1758762182.1177592
1585,1566,1557,1576,1758762182.121788
1555,1635,1587,1507,1758762182.125678
1555,1635,1587,1507,1758762182.1297853
1578,1564,1564,1578,1758762182.1329172
1578,1564,1564,1578,1758762182.1412885
1654,1584,1488,1558,1758762182.144764
1565,1525,1577,1617,1758762182.1479127
1565,1525,1577,1617,1758762182.152057
1621,1592,1521,1550,1758762182.15545
1612,1568,1529,1574,1758762182.1578238
1624,1577,1518,1565,1758762182.1614645
1580,1563,1562,1579,1758762182.1637833
1580,1563,1562,1579,1758762182.1667984
1578,1536,1563,1606,1758762182.168869
1580,1562,1562,1580,1758762182.171819
1580,1562,1562,1580,1758762182.1756778
1580,1562,1562,1580,1758762182.1844332
1581,1562,1561,1580,1758762182.1865332
1601,1566,1541,1576,1758762182.1901047
1612,1560,1530,1582,1758762182.1926234
1582,1562,1560,1580,1758762182.1951933
1582,1562,1560,1580,1758762182.1977687
1582,1562,1560,1580,1758762182.199704
1582,1562,1560,1580,1758762182.2033043
1590,1571,1551,1571,1758762182.2062762
1582,1562,1560,1580,1758762182.208647
1582,1562,1560,1580,1758762182.211408
1582,1562,1560,1580,1758762182.2149322
1582,1562,1560,1580,1758762182.217224
1551,1569,1591,1573,1758762182.2208402
1551,1569,1591,1573,1758762182.2235131
1551,1569,1591,1573,1758762182.226378
1551,1569,1591,1573,1758762182.2297306
1561,1560,1581,1582,1758762182.2314055
1561,1560,1581,1582,1758762182.235106
1561,1560,1581,1582,1758762182.2379837
1590,1552,1552,1589,1758762182.240248
1559,1586,1583,1556,1758762182.2434816
1559,1586,1583,1556,1758762182.245464
1559,1586,1583,1556,1758762182.2506745
1559,1586,1583,1556,1758762182.253912
1559,1586,1583,1556,1758762182.255347
1586,1572,1556,1570,1758762182.2612178
1593,1524,1549,1618,1758762182.264191
1593,1524,1549,1618,1758762182.2667685
1593,1524,1549,1618,1758762182.2690773
1593,1524,1549,1618,1758762182.2728672
1593,1524,1549,1618,1758762182.2759805
1593,1524,1549,1618,1758762182.279908
1559,1567,1583,1575,1758762182.2832255
1559,1567,1583,1575,1758762182.284656
1559,1567,1583,1575,1758762182.286132
1567,1544,1575,1598,1758762182.2887106
1567,1544,1575,1598,1758762182.2903888
1567,1544,1575,1598,1758762182.2924762
1567,1544,1575,1598,1758762182.296971
1567,1544,1575,1598,1758762182.2984314
1567,1544,1575,1598,1758762182.3010192
1570,1558,1572,1584,1758762182.3021889
1570,1558,1572,1584,1758762182.3043325
1570,1558,1572,1584,1758762182.306056
1570,1558,1572,1584,1758762182.3076954
1555,1585,1587,1556,1758762182.309206
1555,1585,1587,1556,1758762182.3113675
1589,1550,1553,1592,1758762182.314018
1577,1561,1565,1581,1758762182.3168576
1577,1561,1565,1581,1758762182.3199244
1577,1561,1565,1581,1758762182.3227446
1591,1569,1551,1573,1758762182.324322
1591,1569,1551,1573,1758762182.326416
1591,1569,1551,1573,1758762182.3275592
1591,1569,1551,1573,1758762182.3300712
1586,1584,1556,1558,1758762182.3324504
1586,1584,1556,1558,1758762182.335131
1586,1584,1556,1558,1758762182.337499
1578,1562,1564,1580,1758762182.338727
1578,1562,1564,1580,1758762182.342063
1589,1592,1553,1550,1758762182.3448782
1589,1592,1553,1550,1758762182.3472176
1589,1592,1553,1550,1758762182.3488026
1589,1592,1553,1550,1758762182.3514423
1567,1580,1575,1562,1758762182.3532755
1567,1580,1575,1562,1758762182.356108
1567,1580,1575,1562,1758762182.357816
1567,1580,1575,1562,1758762182.3599098
1567,1580,1575,1562,1758762182.3612864
1576,1564,1566,1578,1758762182.363202
1576,1564,1566,1578,1758762182.3649285
1576,1564,1566,1578,1758762182.3662906
1576,1564,1566,1578,1758762182.3670566
1576,1564,1566,1578,1758762182.3699884
1576,1564,1566,1578,1758762182.3715212
1576,1564,1566,1578,1758762182.373215
1576,1564,1566,1578,1758762182.3745966
1576,1564,1566,1578,1758762182.3766232
1576,1564,1566,1578,1758762182.3777962
1576,1564,1566,1578,1758762182.379187
1576,1564,1566,1578,1758762182.3809087
1576,1564,1566,1578,1758762182.383861
1576,1564,1566,1578,1758762182.3871212
1576,1564,1566,1578,1758762182.3891826
1576,1563,1566,1579,1758762182.3915882
1576,1563,1566,1579,1758762182.3952816
1576,1563,1566,1579,1758762182.3991716
1577,1563,1565,1579,1758762182.402184
1578,1599,1564,1542,1758762182.403172
1578,1599,1564,1542,1758762182.4040513
1578,1599,1564,1542,1758762182.404959
1578,1599,1564,1542,1758762182.4067423
1578,1599,1564,1542,1758762182.4075718
1578,1599,1564,1542,1758762182.4089532
1578,1599,1564,1542,1758762182.4098938
1578,1599,1564,1542,1758762182.4106357
1577,1564,1565,1578,1758762182.4113655
1577,1564,1565,1578,1758762182.4120307
1577,1564,1565,1578,1758762182.413067
1577,1564,1565,1578,1758762182.4144497
1577,1564,1565,1578,1758762182.415346
1577,1564,1565,1578,1758762182.4165044
1577,1564,1565,1578,1758762182.418876
1577,1564,1565,1578,1758762182.42122
1577,1564,1565,1578,1758762182.422488
1577,1564,1565,1578,1758762182.4239926
1577,1564,1565,1578,1758762182.4248426
1577,1564,1565,1578,1758762182.429267
1577,1564,1565,1578,1758762182.4317832
1577,1564,1565,1578,1758762182.4348326
1580,1566,1562,1576,1758762182.4388778
1580,1566,1562,1576,1758762182.4397686
1580,1566,1562,1576,1758762182.4406035
1580,1566,1562,1576,1758762182.4420052
1580,1566,1562,1576,1758762182.4431813
1580,1566,1562,1576,1758762182.4451952
1574,1575,1568,1567,1758762182.4461763
1574,1575,1568,1567,1758762182.4469335
1574,1575,1568,1567,1758762182.4476
1574,1575,1568,1567,1758762182.4484124
1574,1575,1568,1567,1758762182.4510098
1574,1575,1568,1567,1758762182.4518127
1574,1575,1568,1567,1758762182.455111
1567,1564,1575,1578,1758762182.45643
1567,1564,1575,1578,1758762182.4572334
1567,1564,1575,1578,1758762182.4594626
1567,1564,1575,1578,1758762182.4615362
1567,1564,1575,1578,1758762182.4637709
1567,1564,1575,1578,1758762182.465809
1567,1564,1575,1578,1758762182.470103
1567,1564,1575,1578,1758762182.4736347
1567,1564,1575,1578,1758762182.47623
1567,1564,1575,1578,1758762182.4769535
1575,1566,1567,1576,1758762182.4777093
1575,1566,1567,1576,1758762182.4793692
1575,1566,1567,1576,1758762182.4805183
1575,1566,1567,1576,1758762182.4829066
1575,1566,1567,1576,1758762182.4857664
1575,1566,1567,1576,1758762182.4867697
1575,1566,1567,1576,1758762182.487932
1575,1566,1567,1576,1758762182.4897954
1575,1566,1567,1576,1758762182.491429
1575,1566,1567,1576,1758762182.4926813
1575,1566,1567,1576,1758762182.4947517
1575,1566,1567,1576,1758762182.4955845
1575,1566,1567,1576,1758762182.4966042
1575,1566,1567,1576,1758762182.498735
1575,1566,1567,1576,1758762182.4996734
1575,1566,1567,1576,1758762182.50148
1575,1566,1567,1576,1758762182.5023105
1575,1566,1567,1576,1758762182.5035236
1575,1566,1567,1576,1758762182.5050924
1575,1566,1567,1576,1758762182.5062876
1575,1566,1567,1576,1758762182.509168
1575,1566,1567,1576,1758762182.510921
1575,1565,1567,1576,1758762182.514858
1575,1565,1567,1576,1758762182.5159714
1575,1565,1567,1576,1758762182.5170074
1575,1565,1567,1576,1758762182.5178635
1575,1566,1566,1576,1758762182.518766
1575,1566,1566,1576,1758762182.519493
1575,1566,1566,1576,1758762182.5201533
1575,1566,1566,1576,1758762182.5209537
1575,1566,1566,1576,1758762182.5218022
1575,1566,1566,1576,1758762182.5227008
1575,1566,1566,1576,1758762182.523969
1575,1566,1566,1576,1758762182.5249484
1575,1566,1566,1576,1758762182.5258436
1575,1566,1566,1576,1758762182.5271766
1575,1566,1566,1576,1758762182.528214
1575,1566,1566,1576,1758762182.528879
1575,1566,1566,1576,1758762182.5296729
1575,1566,1566,1576,1758762182.530542
1575,1566,1566,1576,1758762182.5314727
1575,1566,1566,1576,1758762182.532214
1575,1566,1566,1576,1758762182.5329866
1575,1566,1566,1576,1758762182.533778
1575,1566,1566,1576,1758762182.5345
1575,1566,1566,1576,1758762182.53594
1575,1566,1566,1576,1758762182.5367136
1575,1566,1566,1576,1758762182.5379944
1575,1566,1566,1576,1758762182.538794
1575,1566,1566,1576,1758762182.540402
1575,1566,1566,1576,1758762182.5418627
1575,1566,1566,1576,1758762182.5434945
1575,1566,1566,1576,1758762182.5446975
1575,1566,1566,1576,1758762182.5464747
1575,1566,1566,1576,1758762182.547523
1575,1566,1566,1576,1758762182.5487854
1575,1566,1566,1576,1758762182.5502038
1575,1566,1566,1576,1758762182.5533812
1574,1568,1568,1573,1758762182.5557168
1574,1568,1568,1573,1758762182.5568707
1574,1568,1568,1573,1758762182.5578372
1574,1568,1568,1573,1758762182.558752
1574,1568,1568,1573,1758762182.5599384
1574,1568,1568,1573,1758762182.5628405
1574,1568,1568,1573,1758762182.5656917
1574,1568,1568,1573,1758762182.5670702
1574,1568,1568,1573,1758762182.5681434
1574,1568,1568,1573,1758762182.5691946
1574,1568,1568,1573,1758762182.570146
1574,1568,1568,1573,1758762182.5720696
1552,1589,1590,1553,1758762182.5743864
1552,1589,1590,1553,1758762182.5754635
1552,1589,1590,1553,1758762182.577307
1573,1569,1569,1573,1758762182.578894
1548,1593,1594,1549,1758762182.580371
1548,1593,1594,1549,1758762182.58113
1548,1593,1594,1549,1758762182.5819163
1548,1593,1594,1549,1758762182.582749
1548,1593,1594,1549,1758762182.5850034
1548,1593,1594,1549,1758762182.5861669
1548,1593,1594,1549,1758762182.5870526
1548,1593,1594,1549,1758762182.5888624
1548,1593,1594,1549,1758762182.5901594
1548,1593,1594,1549,1758762182.5910702
1548,1593,1594,1549,1758762182.5930743
1548,1593,1594,1549,1758762182.595502
1548,1593,1594,1549,1758762182.597053
1548,1593,1594,1549,1758762182.5983915
1548,1593,1594,1549,1758762182.5997765
1548,1593,1594,1549,1758762182.600464
1548,1593,1594,1549,1758762182.6015203
1548,1593,1594,1549,1758762182.6036851
1572,1569,1570,1573,1758762182.6048927
1572,1569,1570,1573,1758762182.6063406
1572,1569,1570,1573,1758762182.607689
1572,1569,1569,1572,1758762182.608926
1572,1569,1569,1572,1758762182.610335
1560,1604,1582,1538,1758762182.6130865
1560,1604,1582,1538,1758762182.6138089
1560,1604,1582,1538,1758762182.6148112
1560,1604,1582,1538,1758762182.6166255
1560,1604,1582,1538,1758762182.617942
1560,1604,1582,1538,1758762182.6194837
1560,1604,1582,1538,1758762182.6202707
1572,1570,1570,1572,1758762182.622829
1572,1570,1570,1572,1758762182.6238396
1572,1570,1570,1572,1758762182.624818
1572,1570,1570,1572,1758762182.6263216
1572,1570,1570,1572,1758762182.6277735
1572,1570,1570,1572,1758762182.630227
1572,1570,1570,1572,1758762182.6322334
1571,1570,1570,1572,1758762182.6334069
1571,1570,1570,1572,1758762182.6367302
1571,1570,1570,1572,1758762182.6394217
1552,1586,1590,1556,1758762182.642264
1571,1569,1571,1573,1758762182.6465256
1571,1569,1571,1573,1758762182.6492598
1571,1569,1571,1573,1758762182.6502576
1571,1569,1571,1573,1758762182.6552632
1571,1583,1571,1559,1758762182.657242
1571,1569,1571,1573,1758762182.6591322
1571,1569,1571,1573,1758762182.6603017
1571,1569,1571,1573,1758762182.663905
1571,1569,1571,1573,1758762182.6671777
1601,1610,1541,1532,1758762182.670923
1601,1610,1541,1532,1758762182.6723957
1571,1570,1571,1572,1758762182.6744509
1571,1570,1571,1572,1758762182.6789627
1572,1570,1570,1572,1758762182.6806357
1572,1570,1570,1572,1758762182.6831677
1561,1561,1581,1580,1758762182.6857314
1602,1509,1539,1632,1758762182.690245
1602,1509,1539,1632,1758762182.6936517
1572,1568,1570,1574,1758762182.6955972
1611,1584,1531,1558,1758762182.6964507
1611,1584,1531,1558,1758762182.6974468
1611,1584,1531,1558,1758762182.7006974
1611,1584,1531,1558,1758762182.7022955
1611,1584,1531,1558,1758762182.704346
1611,1584,1531,1558,1758762182.707535
1562,1573,1580,1569,1758762182.7086446
1562,1573,1580,1569,1758762182.7100282
1562,1573,1580,1569,1758762182.7119927
1562,1573,1580,1569,1758762182.71447
1564,1579,1578,1563,1758762182.7177489
1564,1579,1578,1563,1758762182.7188675
1564,1579,1578,1563,1758762182.7223032
1540,1569,1602,1573,1758762182.7250936
1560,1573,1582,1569,1758762182.7278278
1560,1573,1582,1569,1758762182.729719
1574,1559,1568,1583,1758762182.7329564
1534,1542,1608,1600,1758762182.7356274
1597,1549,1545,1593,1758762182.7387972
1597,1549,1545,1593,1758762182.7395208
1597,1549,1545,1593,1758762182.7406237
1597,1549,1545,1593,1758762182.7417517
1597,1549,1545,1593,1758762182.7432325
1597,1549,1545,1593,1758762182.7441158
1597,1549,1545,1593,1758762182.745994
1597,1549,1545,1593,1758762182.7480955
1576,1576,1566,1566,1758762182.7498071
1576,1576,1566,1566,1758762182.7518122
1571,1569,1571,1573,1758762182.7542443
1571,1569,1571,1573,1758762182.7566257
1571,1569,1571,1573,1758762182.7589695
1578,1575,1564,1566,1758762182.7607212
1578,1575,1564,1566,1758762182.7642329
1578,1575,1564,1566,1758762182.7650585
1578,1575,1564,1566,1758762182.7667649
1578,1575,1564,1566,1758762182.7688942
1571,1569,1571,1573,1758762182.769843
1571,1569,1571,1573,1758762182.7715597
1571,1569,1571,1573,1758762182.772967
1571,1569,1571,1573,1758762182.7740111
1571,1569,1571,1573,1758762182.7750652
1571,1569,1571,1573,1758762182.776903
1571,1569,1571,1573,1758762182.778191
1571,1569,1571,1573,1758762182.7794745
1571,1569,1571,1573,1758762182.7804787
1571,1569,1571,1573,1758762182.7821748
1571,1569,1571,1573,1758762182.783256
1571,1569,1571,1573,1758762182.7846956
1571,1569,1571,1573,1758762182.786335
1571,1569,1571,1573,1758762182.787563
1571,1569,1571,1573,1758762182.7882245
1571,1569,1571,1573,1758762182.7899404
1571,1569,1571,1573,1758762182.7912002
1571,1569,1571,1573,1758762182.7928374
1571,1569,1571,1573,1758762182.794572
1566,1571,1575,1571,1758762182.796591
1566,1571,1575,1571,1758762182.7975955
1566,1571,1575,1571,1758762182.798332
1566,1571,1575,1571,1758762182.7993028
1566,1571,1575,1571,1758762182.80119
1566,1571,1575,1571,1758762182.8021238
1566,1571,1575,1571,1758762182.8036065
1566,1571,1575,1571,1758762182.8052907
1566,1571,1575,1571,1758762182.8061645
1566,1571,1575,1571,1758762182.8068042
1583,1562,1559,1580,1758762182.8092608
1583,1562,1559,1580,1758762182.8106413
1583,1562,1559,1580,1758762182.8112793
1583,1562,1559,1580,1758762182.812381
1583,1562,1559,1580,1758762182.8143616
1583,1562,1559,1580,1758762182.8162198
1583,1562,1559,1580,1758762182.817019
1583,1562,1559,1580,1758762182.81821
1572,1568,1570,1574,1758762182.819715
1572,1568,1570,1574,1758762182.821017
1572,1568,1570,1574,1758762182.82213
1572,1568,1570,1574,1758762182.823961
1572,1568,1570,1574,1758762182.825179
1572,1568,1570,1574,1758762182.826164
1572,1568,1570,1574,1758762182.8280635
1572,1568,1570,1574,1758762182.8289852
1572,1568,1570,1574,1758762182.8296275
1572,1568,1570,1574,1758762182.8307364
1572,1568,1570,1574,1758762182.832505
1571,1568,1570,1574,1758762182.8338635
1567,1575,1575,1567,1758762182.8350685
1567,1575,1575,1567,1758762182.836373
1567,1575,1575,1567,1758762182.838227
1567,1575,1575,1567,1758762182.8390348
1567,1575,1575,1567,1758762182.839816
1571,1568,1571,1574,1758762182.841936
1571,1568,1571,1574,1758762182.8431635
1571,1568,1571,1574,1758762182.8438454
1571,1568,1571,1574,1758762182.845459
1571,1568,1571,1574,1758762182.846713
1571,1568,1571,1574,1758762182.8477235
1571,1568,1571,1574,1758762182.848421
1571,1568,1571,1574,1758762182.8497007
1571,1568,1571,1574,1758762182.8515084
1569,1570,1573,1572,1758762182.8523192
1569,1570,1573,1572,1758762182.8540118
1569,1570,1573,1572,1758762182.8553607
1569,1570,1573,1572,1758762182.856832
1571,1568,1571,1574,1758762182.8577778
1571,1568,1571,1574,1758762182.8593037
1571,1568,1571,1574,1758762182.8607054
1571,1568,1571,1574,1758762182.8618612
1571,1568,1571,1574,1758762182.863755
1571,1568,1571,1574,1758762182.8654194
1571,1568,1571,1574,1758762182.8663375
1571,1568,1571,1574,1758762182.8672624
1571,1568,1571,1574,1758762182.8686
1571,1568,1571,1574,1758762182.8700268
1571,1568,1571,1574,1758762182.870855
1571,1568,1571,1574,1758762182.8726206
1571,1568,1571,1574,1758762182.874364
1571,1568,1571,1574,1758762182.8755908
1571,1568,1571,1574,1758762182.877105
1571,1568,1571,1574,1758762182.8777845
1571,1568,1571,1574,1758762182.8790016
1571,1568,1571,1574,1758762182.880804
1571,1568,1571,1574,1758762182.881907
1578,1565,1564,1577,1758762182.8829594
1578,1565,1564,1577,1758762182.8846602
1578,1565,1564,1577,1758762182.8858063
1578,1565,1564,1577,1758762182.8868413
1578,1565,1564,1577,1758762182.8879087
1578,1565,1564,1577,1758762182.8893638
1578,1565,1564,1577,1758762182.8905933
1578,1565,1564,1577,1758762182.8914528
1578,1565,1564,1577,1758762182.89265
1578,1565,1564,1577,1758762182.894088
1578,1565,1564,1577,1758762182.896141
1578,1565,1564,1577,1758762182.897457
1578,1565,1564,1577,1758762182.8982575
1578,1565,1564,1577,1758762182.8993728
1578,1565,1564,1577,1758762182.9012964
1572,1567,1570,1574,1758762182.9025023
1572,1567,1570,1574,1758762182.9045672
1572,1567,1570,1574,1758762182.906438
1572,1567,1570,1574,1758762182.9072266
1572,1567,1570,1574,1758762182.9084864
1572,1567,1570,1574,1758762182.9098475
1572,1567,1570,1574,1758762182.911456
1577,1552,1565,1589,1758762182.912256
1577,1552,1565,1589,1758762182.913394
1577,1552,1565,1589,1758762182.914681
1577,1552,1565,1589,1758762182.9157453
1577,1552,1565,1589,1758762182.916995
1577,1552,1565,1589,1758762182.918005
1577,1552,1565,1589,1758762182.9197967
1577,1552,1565,1589,1758762182.9210243
1577,1552,1565,1589,1758762182.922171
1577,1552,1565,1589,1758762182.924055
1577,1552,1565,1589,1758762182.9258356
1577,1552,1565,1589,1758762182.9266393
1577,1552,1565,1589,1758762182.927925
1577,1552,1565,1589,1758762182.9295526
1572,1567,1570,1575,1758762182.930409
1572,1567,1570,1575,1758762182.9314
1572,1567,1570,1575,1758762182.9326909
1572,1567,1570,1575,1758762182.9342332
1572,1567,1570,1575,1758762182.9349554
1565,1574,1576,1568,1758762182.9360642
1565,1574,1576,1568,1758762182.9378684
1565,1574,1576,1568,1758762182.9391727
1565,1574,1576,1568,1758762182.9403906
1565,1574,1576,1568,1758762182.9411168
1565,1574,1576,1568,1758762182.943435
1565,1574,1576,1568,1758762182.9446182
1565,1574,1576,1568,1758762182.9453578
1565,1574,1576,1568,1758762182.9471896
1565,1574,1576,1568,1758762182.9483807
1565,1574,1576,1568,1758762182.949035
1565,1574,1576,1568,1758762182.949751
1565,1574,1576,1568,1758762182.9515128
1565,1574,1576,1568,1758762182.9530303
1565,1574,1576,1568,1758762182.953674
1565,1574,1576,1568,1758762182.9554815
1565,1574,1576,1568,1758762182.9565332
1565,1574,1576,1568,1758762182.957733
1565,1574,1576,1568,1758762182.9586358
1565,1574,1576,1568,1758762182.9599917
1565,1574,1576,1568,1758762182.961866
1565,1574,1576,1568,1758762182.9632628
1565,1574,1576,1568,1758762182.9642203
1565,1574,1576,1568,1758762182.9660969
1565,1574,1576,1568,1758762182.9669714
1565,1574,1576,1568,1758762182.967697
1565,1574,1576,1568,1758762182.9687574
1565,1574,1576,1568,1758762182.9699557
1573,1570,1569,1572,1758762182.971076
1573,1570,1569,1572,1758762182.971773
1571,1568,1570,1574,1758762182.9729712
1571,1568,1570,1574,1758762182.9747598
1571,1568,1570,1574,1758762182.976032
1571,1568,1570,1574,1758762182.9772587
1571,1568,1570,1574,1758762182.9782715
1571,1568,1570,1574,1758762182.9799814
1558,1586,1583,1556,1758762182.981155
1558,1586,1583,1556,1758762182.981784
1558,1586,1583,1556,1758762182.9829648
1558,1586,1583,1556,1758762182.9847865
1558,1586,1583,1556,1758762182.9857647
1558,1586,1583,1556,1758762182.9872742
1558,1586,1583,1556,1758762182.9886315
1572,1566,1569,1576,1758762182.9896562
1572,1566,1569,1576,1758762182.9906144
1572,1566,1569,1576,1758762182.991972
1572,1566,1569,1576,1758762182.9933126
1572,1566,1569,1576,1758762182.993945
1572,1566,1569,1576,1758762182.9946127
1572,1566,1569,1576,1758762182.9961493
1572,1566,1569,1576,1758762182.9971826
1572,1566,1569,1576,1758762182.998494
1572,1566,1569,1576,1758762182.9993129
1572,1566,1569,1576,1758762183.0006802
1564,1573,1578,1569,1758762183.0019135
1564,1573,1578,1569,1758762183.0049627
1564,1573,1578,1569,1758762183.00764
1564,1573,1578,1569,1758762183.0085175
1564,1573,1578,1569,1758762183.010707
1564,1573,1578,1569,1758762183.0118675
1564,1573,1578,1569,1758762183.0135307
1564,1573,1578,1569,1758762183.016553
1570,1569,1572,1573,1758762183.0175724
1570,1569,1572,1573,1758762183.0200284
1570,1569,1572,1573,1758762183.0216577
1570,1569,1572,1573,1758762183.0235894
1584,1557,1558,1585,1758762183.0254178
1584,1557,1558,1585,1758762183.0266557
1584,1557,1558,1585,1758762183.028835
1584,1557,1558,1585,1758762183.0308237
1584,1557,1558,1585,1758762183.035165
1584,1557,1558,1585,1758762183.0363722
1570,1569,1572,1573,1758762183.0383189
1570,1569,1572,1573,1758762183.041041
1570,1569,1572,1573,1758762183.0436633
1561,1539,1581,1603,1758762183.0446231
1561,1539,1581,1603,1758762183.0486815
1570,1568,1572,1574,1758762183.0498624
1570,1568,1572,1574,1758762183.053495
1548,1607,1594,1535,1758762183.0549529
1548,1607,1594,1535,1758762183.056775
1569,1569,1573,1573,1758762183.059255
1569,1569,1573,1573,1758762183.064788
1582,1550,1560,1592,1758762183.066673
1582,1550,1560,1592,1758762183.0694876
1569,1569,1573,1573,1758762183.0732305
1569,1569,1573,1573,1758762183.076157
1561,1562,1581,1579,1758762183.077494
1561,1562,1581,1579,1758762183.0794098
1575,1580,1567,1562,1758762183.0813737
1587,1493,1554,1649,1758762183.085004
1587,1493,1554,1649,1758762183.086307
1569,1568,1573,1574,1758762183.087565
1569,1568,1573,1574,1758762183.0907354
1569,1568,1573,1574,1758762183.0914938
1569,1568,1573,1574,1758762183.0944326
1569,1568,1573,1574,1758762183.0969195
1569,1569,1573,1573,1758762183.0989325
1569,1569,1573,1573,1758762183.1015909
1570,1567,1572,1575,1758762183.1033978
1570,1567,1572,1575,1758762183.1066563
1570,1567,1572,1575,1758762183.1094527
1587,1576,1555,1565,1758762183.112333
1598,1549,1544,1593,1758762183.1154263
1598,1549,1544,1593,1758762183.1186223
1571,1566,1571,1575,1758762183.1205163
1554,1570,1588,1572,1758762183.1227825
1554,1570,1588,1572,1758762183.1250582
1554,1570,1588,1572,1758762183.128651
1567,1563,1575,1579,1758762183.1305904
1570,1566,1571,1575,1758762183.132388
1570,1566,1571,1575,1758762183.135188
1612,1582,1530,1560,1758762183.1364882
1612,1582,1530,1560,1758762183.1379497
1612,1582,1530,1560,1758762183.14032
1571,1567,1570,1575,1758762183.1412988
1571,1567,1570,1575,1758762183.1434722
1571,1567,1570,1575,1758762183.1453524
1571,1567,1570,1575,1758762183.147611
1571,1567,1570,1575,1758762183.149817
1590,1564,1552,1578,1758762183.151741
1590,1564,1552,1578,1758762183.1535516
1590,1564,1552,1578,1758762183.1547782
1572,1567,1570,1575,1758762183.15746
1544,1634,1598,1508,1758762183.1597602
1571,1568,1570,1574,1758762183.1617177
1571,1568,1570,1574,1758762183.1637428
1571,1568,1570,1574,1758762183.167668
1571,1568,1570,1574,1758762183.1702845
1550,1625,1592,1517,1758762183.1728568
1587,1538,1555,1604,1758762183.174183
1587,1538,1555,1604,1758762183.17688
1587,1538,1555,1604,1758762183.1792142
1587,1538,1555,1604,1758762183.1854644
1572,1568,1570,1574,1758762183.1875775
1572,1568,1570,1574,1758762183.1919062
1572,1568,1570,1574,1758762183.192877
1572,1568,1570,1574,1758762183.1965582
1598,1644,1544,1498,1758762183.197882
1547,1545,1595,1597,1758762183.2004764
1535,1573,1607,1568,1758762183.202097
1535,1573,1607,1568,1758762183.2049663
1535,1573,1607,1568,1758762183.2073426
1583,1603,1559,1539,1758762183.211261
1583,1603,1559,1539,1758762183.2130773
1583,1603,1559,1539,1758762183.2151346
1572,1571,1570,1571,1758762183.2170715
1572,1571,1570,1571,1758762183.21916
1572,1572,1570,1569,1758762183.2211783
1506,1591,1635,1551,1758762183.2252283
1571,1573,1571,1569,1758762183.2264905
1571,1573,1571,1569,1758762183.2298005
1579,1578,1563,1564,1758762183.231665
1579,1578,1563,1564,1758762183.2331514
1571,1573,1571,1569,1758762183.235893
1571,1573,1571,1569,1758762183.237057
1571,1573,1571,1569,1758762183.2398818
1571,1573,1571,1569,1758762183.240721
1604,1567,1538,1574,1758762183.243384
1604,1567,1538,1574,1758762183.2447314
1604,1567,1538,1574,1758762183.2459362
1572,1573,1570,1569,1758762183.248747
1559,1579,1583,1563,1758762183.250011
1559,1579,1583,1563,1758762183.2524335
1559,1579,1583,1563,1758762183.253472
1572,1573,1570,1569,1758762183.256024
1572,1573,1570,1569,1758762183.258242
1572,1573,1570,1569,1758762183.2593076
1572,1573,1570,1569,1758762183.2614532
1574,1543,1567,1599,1758762183.2636468
1574,1543,1567,1599,1758762183.2661767
1588,1590,1554,1552,1758762183.2674265
1588,1590,1554,1552,1758762183.2696197
1572,1572,1570,1569,1758762183.2715087
1572,1572,1570,1569,1758762183.2730508
1572,1572,1570,1569,1758762183.275169
1572,1572,1570,1569,1758762183.2790089
1582,1581,1560,1561,1758762183.2815063
1582,1581,1560,1561,1758762183.2849128
1581,1548,1561,1594,1758762183.2867544
1581,1548,1561,1594,1758762183.2897851
1601,1606,1541,1536,1758762183.2941585
1601,1606,1541,1536,1758762183.2961235
1576,1564,1566,1577,1758762183.2991755
1576,1564,1566,1577,1758762183.3009875
1573,1573,1568,1569,1758762183.302017
1554,1555,1588,1587,1758762183.3041103
1554,1555,1588,1587,1758762183.305771
1554,1555,1588,1587,1758762183.308714
1573,1572,1569,1570,1758762183.309977
1557,1610,1585,1532,1758762183.3119807
1557,1610,1585,1532,1758762183.3143022
1557,1610,1585,1532,1758762183.315097
1557,1610,1585,1532,1758762183.3176498
1572,1573,1569,1569,1758762183.3204238
1572,1573,1569,1569,1758762183.3219883
1572,1573,1569,1569,1758762183.3239408
1540,1538,1602,1604,1758762183.3248954
1558,1607,1584,1535,1758762183.3285203
1571,1573,1571,1569,1758762183.3299832
1571,1573,1571,1569,1758762183.3322704
1548,1602,1593,1540,1758762183.3333862
1548,1602,1593,1540,1758762183.3362806
1548,1602,1593,1540,1758762183.338186
1548,1602,1593,1540,1758762183.339398
1571,1574,1571,1568,1758762183.341902
1571,1574,1571,1568,1758762183.343637
1592,1597,1550,1545,1758762183.3465433
1571,1574,1571,1567,1758762183.3475509
1582,1574,1560,1567,1758762183.350461
1582,1574,1560,1567,1758762183.3518882
1582,1574,1560,1567,1758762183.3577223
1571,1574,1570,1567,1758762183.359121
1571,1574,1570,1567,1758762183.3604355
1571,1574,1570,1567,1758762183.362223
1571,1574,1570,1567,1758762183.3641338
1571,1574,1571,1567,1758762183.3665187
1571,1574,1571,1567,1758762183.3676815
1571,1574,1571,1567,1758762183.3695788
1571,1574,1571,1567,1758762183.3741732
1571,1574,1571,1567,1758762183.3762555
1571,1574,1571,1567,1758762183.3790774
1571,1574,1571,1567,1758762183.3807116
1571,1526,1571,1616,1758762183.3829465
1571,1526,1571,1616,1758762183.38702
1571,1526,1571,1616,1758762183.3900394
1571,1526,1571,1616,1758762183.3936026
1571,1526,1571,1616,1758762183.3959596
1571,1526,1571,1616,1758762183.397209
1571,1526,1571,1616,1758762183.3999772
1571,1526,1571,1616,1758762183.4014993
1571,1526,1571,1616,1758762183.40361
1571,1526,1571,1616,1758762183.4054143
1571,1573,1571,1569,1758762183.4071083
1571,1573,1571,1569,1758762183.4110844
1571,1573,1571,1569,1758762183.4171968
1535,1559,1607,1583,1758762183.4192228
1535,1559,1607,1583,1758762183.42251
1571,1572,1571,1570,1758762183.4261186
1564,1569,1578,1573,1758762183.430333
1564,1569,1578,1573,1758762183.4332025
1570,1571,1571,1571,1758762183.435518
1570,1571,1571,1571,1758762183.4378855
1570,1571,1571,1571,1758762183.4414675
1570,1571,1572,1571,1758762183.4440746
1570,1571,1572,1571,1758762183.44571
1570,1571,1572,1571,1758762183.4499245
1561,1586,1581,1556,1758762183.4530551
1561,1586,1581,1556,1758762183.457301
1561,1586,1581,1556,1758762183.4588711
1570,1572,1572,1570,1758762183.46502
1570,1571,1572,1571,1758762183.4675057
1570,1571,1572,1571,1758762183.4703496
1570,1571,1572,1571,1758762183.471946
1568,1592,1573,1550,1758762183.4770925
1582,1557,1559,1585,1758762183.4793708
1582,1557,1559,1585,1758762183.4827137
1582,1557,1559,1585,1758762183.4846444
1582,1557,1559,1585,1758762183.4865391
1571,1571,1571,1571,1758762183.4885008
1571,1571,1571,1571,1758762183.4900372
1571,1571,1571,1571,1758762183.493094
1571,1570,1571,1572,1758762183.4951134
1571,1570,1571,1572,1758762183.4968624
1571,1570,1571,1572,1758762183.4990354
1571,1570,1571,1572,1758762183.5009947
1545,1584,1597,1558,1758762183.5040014
1545,1584,1597,1558,1758762183.505682
1545,1584,1597,1558,1758762183.5088909
1570,1571,1572,1571,1758762183.514901
1530,1602,1612,1540,1758762183.5176206
1579,1546,1563,1595,1758762183.5196946
1579,1546,1563,1595,1758762183.5220397
1579,1546,1563,1595,1758762183.5244217
1569,1571,1572,1571,1758762183.526272
1569,1571,1572,1571,1758762183.5280046
1569,1571,1572,1571,1758762183.5294042
1570,1571,1572,1570,1758762183.5307422
1570,1571,1572,1570,1758762183.5340033
1576,1547,1566,1595,1758762183.537572
1570,1571,1572,1571,1758762183.5411415
1570,1571,1572,1571,1758762183.546201
1572,1562,1570,1580,1758762183.5500824
1609,1586,1533,1556,1758762183.553485
1609,1586,1533,1556,1758762183.5565662
1609,1586,1533,1556,1758762183.560607
1571,1571,1571,1571,1758762183.5653205
1571,1571,1571,1571,1758762183.5678024
1571,1572,1570,1570,1758762183.5723877
1552,1605,1590,1536,1758762183.5759065
1552,1605,1590,1536,1758762183.5803633
1571,1573,1571,1569,1758762183.583918
1571,1573,1571,1569,1758762183.5876646
1571,1573,1571,1569,1758762183.59013
1595,1560,1547,1582,1758762183.5936122
1595,1560,1547,1582,1758762183.5962017
1595,1560,1547,1582,1758762183.5979934
1595,1560,1547,1582,1758762183.6017785
1572,1572,1570,1570,1758762183.603367
1572,1572,1570,1570,1758762183.6065936
1600,1599,1542,1543,1758762183.6103418
1600,1599,1542,1543,1758762183.6152346
1600,1599,1542,1543,1758762183.618249
1600,1599,1542,1543,1758762183.6218328
1573,1572,1569,1569,1758762183.623074
1573,1572,1569,1569,1758762183.6279895
1572,1572,1570,1570,1758762183.6296706
1572,1572,1570,1570,1758762183.6335373
1585,1553,1557,1589,1758762183.6374638
1585,1619,1556,1523,1758762183.6410964
1556,1604,1586,1538,1758762183.6431122
1573,1575,1569,1567,1758762183.6471956
1600,1539,1542,1602,1758762183.6505518
1552,1527,1590,1615,1758762183.6552434
1586,1562,1556,1580,1758762183.6584468
1573,1573,1569,1569,1758762183.662002
1553,1608,1589,1534,1758762183.6635225
1553,1608,1589,1534,1758762183.6664662
1607,1540,1535,1601,1758762183.6702857
1607,1540,1535,1601,1758762183.671688
1607,1540,1535,1601,1758762183.674987
1607,1540,1535,1601,1758762183.6779451
1557,1561,1585,1581,1758762183.6810265
1557,1561,1585,1581,1758762183.684162
1573,1572,1569,1570,1758762183.6883955
1574,1558,1568,1584,1758762183.6899831
1574,1558,1568,1584,1758762183.6934588
1600,1562,1542,1580,1758762183.6964064
1600,1562,1542,1580,1758762183.6975071
1600,1562,1542,1580,1758762183.698974
1600,1562,1542,1580,1758762183.7016735
1588,1568,1554,1574,1758762183.7091718
1575,1571,1567,1571,1758762183.7103746
1575,1571,1567,1571,1758762183.713437
1575,1571,1567,1571,1758762183.7169428
1575,1571,1567,1571,1758762183.7196703
1574,1572,1568,1570,1758762183.7240217
1574,1572,1568,1570,1758762183.726484
1574,1572,1568,1570,1758762183.729107
1574,1572,1568,1570,1758762183.7306707
1573,1546,1568,1596,1758762183.733883
1573,1546,1568,1596,1758762183.736799
1599,1557,1543,1585,1758762183.7383635
1599,1557,1543,1585,1758762183.7420087
1562,1557,1579,1585,1758762183.7435472
1562,1557,1579,1585,1758762183.7475696
1575,1569,1567,1573,1758762183.7509434
1604,1572,1537,1570,1758762183.7535832
1604,1572,1537,1570,1758762183.7550206
1604,1572,1537,1570,1758762183.7578557
1603,1550,1539,1591,1758762183.7605124
1577,1568,1565,1574,1758762183.7649906
1577,1568,1565,1574,1758762183.7664187
1577,1568,1565,1574,1758762183.7677343
1577,1568,1565,1574,1758762183.7703671
1577,1569,1565,1573,1758762183.7743568
1577,1569,1565,1573,1758762183.777332
1577,1569,1565,1573,1758762183.7799466
1577,1569,1565,1573,1758762183.78132
1577,1569,1565,1573,1758762183.7849298
1577,1569,1565,1573,1758762183.7882862
1577,1569,1565,1573,1758762183.7919784
1577,1571,1564,1571,1758762183.7963789
1583,1580,1559,1562,1758762183.7999356
1583,1580,1559,1562,1758762183.8042362
1658,1473,1484,1669,1758762183.8054965
1658,1473,1484,1669,1758762183.8091872
1579,1568,1563,1574,1758762183.8133297
1570,1579,1572,1562,1758762183.817474
1514,1560,1627,1582,1758762183.8191078
1514,1560,1627,1582,1758762183.822446
1573,1568,1569,1574,1758762183.826708
1577,1568,1565,1574,1758762183.8313117
1537,1536,1605,1606,1758762183.8351212
1601,1552,1541,1590,1758762183.8374865
1601,1552,1541,1590,1758762183.8411736
1577,1567,1565,1575,1758762183.844682
1609,1555,1533,1587,1758762183.8461442
1609,1555,1533,1587,1758762183.8495874
1572,1578,1570,1564,1758762183.852691
1633,1562,1509,1580,1758762183.8556302
1633,1562,1509,1580,1758762183.8595855
1579,1567,1563,1575,1758762183.861396
1639,1561,1503,1581,1758762183.8647482
1639,1561,1503,1581,1758762183.8684475
1580,1567,1562,1575,1758762183.8703322
1580,1567,1562,1575,1758762183.8736827
1580,1567,1562,1575,1758762183.8764627
1570,1568,1572,1574,1758762183.8781464
1570,1568,1572,1574,1758762183.880379
1570,1568,1572,1574,1758762183.883637
1591,1571,1551,1571,1758762183.8867226
1591,1571,1551,1571,1758762183.8874035
1591,1571,1551,1571,1758762183.8906672
1591,1571,1551,1571,1758762183.8944666
1591,1571,1551,1571,1758762183.8986766
1578,1563,1564,1579,1758762183.9015176
1584,1521,1558,1621,1758762183.9041617
1640,1529,1502,1613,1758762183.9070952
1640,1529,1502,1613,1758762183.9100113
1581,1564,1561,1577,1758762183.9115436
1581,1564,1561,1577,1758762183.9145334
1573,1577,1569,1565,1758762183.9163387
1573,1577,1569,1565,1758762183.9213507
1581,1565,1561,1577,1758762183.9254012
1627,1568,1515,1574,1758762183.9272358
1627,1568,1515,1574,1758762183.9304423
1582,1564,1560,1578,1758762183.9322546
1561,1610,1580,1531,1758762183.9351237
1581,1565,1561,1577,1758762183.9391177
1581,1565,1561,1577,1758762183.9414704
1556,1608,1586,1534,1758762183.9428868
1556,1608,1586,1534,1758762183.9447489
1581,1566,1561,1576,1758762183.9482453
1581,1566,1561,1576,1758762183.9529667
1539,1545,1603,1596,1758762183.958469
1551,1549,1591,1593,1758762183.9603329
1579,1565,1563,1577,1758762183.9631753
1622,1552,1520,1590,1758762183.9676838
1580,1565,1562,1577,1758762183.9717171
1580,1565,1562,1577,1758762183.9732013
1529,1579,1613,1563,1758762183.9776506
1571,1575,1571,1566,1758762183.979731
1578,1566,1564,1576,1758762183.983878
1535,1518,1607,1624,1758762183.9864976
1535,1518,1607,1624,1758762183.990198
1532,1575,1610,1567,1758762183.992814
1593,1515,1548,1627,1758762183.9968436
1586,1563,1556,1579,1758762184.000321
1573,1578,1569,1563,1758762184.003549
1573,1578,1569,1563,1758762184.007395
1575,1564,1566,1578,1758762184.0108442
1575,1564,1566,1578,1758762184.0147376
1618,1540,1524,1601,1758762184.0161777
1578,1606,1563,1536,1758762184.0203185
1620,1568,1521,1573,1758762184.0237892
1620,1568,1521,1573,1758762184.025476
1577,1543,1565,1599,1758762184.028918
1612,1583,1530,1559,1758762184.0317075
1612,1583,1530,1559,1758762184.0362847
1578,1565,1563,1577,1758762184.0398147
1560,1554,1582,1588,1758762184.0412843
1560,1554,1582,1588,1758762184.046003
1560,1554,1582,1588,1758762184.0488248
1578,1565,1563,1577,1758762184.0516777
1578,1565,1563,1577,1758762184.0535147
1563,1568,1579,1574,1758762184.0569167
1614,1560,1528,1581,1758762184.060315
1614,1560,1528,1581,1758762184.064081
1579,1565,1563,1577,1758762184.0668497
1579,1565,1563,1577,1758762184.0684826
1579,1565,1563,1577,1758762184.0721254
1516,1543,1626,1599,1758762184.0761416
1516,1543,1626,1599,1758762184.0800278
1516,1543,1626,1599,1758762184.0822842
1578,1565,1564,1577,1758762184.0879853
1578,1514,1564,1628,1758762184.089703
1578,1514,1564,1628,1758762184.0964315
1578,1565,1564,1577,1758762184.1003249
1621,1537,1521,1604,1758762184.1047668
1579,1565,1562,1577,1758762184.1074572
1607,1574,1535,1568,1758762184.1137314
1584,1571,1558,1571,1758762184.1169188
1589,1611,1553,1531,1758762184.1192424
1582,1510,1560,1632,1758762184.1239147
1580,1564,1561,1577,1758762184.1288683
1584,1596,1557,1546,1758762184.1296728
1584,1596,1557,1546,1758762184.1334422
1584,1596,1557,1546,1758762184.13849
1578,1599,1564,1543,1758762184.14177
1578,1599,1564,1543,1758762184.1433923
1579,1567,1563,1575,1758762184.1475596
1579,1567,1563,1575,1758762184.1488786
1579,1567,1563,1575,1758762184.1521602
1579,1567,1563,1575,1758762184.15459
1579,1567,1563,1575,1758762184.1568718
1579,1567,1563,1575,1758762184.1583076
1548,1571,1594,1571,1758762184.1602478
1583,1577,1559,1564,1758762184.1620457
1578,1567,1563,1575,1758762184.1649363
1578,1567,1563,1575,1758762184.167094
1578,1567,1563,1575,1758762184.172165
1578,1567,1563,1575,1758762184.1788194
1551,1551,1591,1591,1758762184.184945
1601,1592,1541,1550,1758762184.1894455
1601,1592,1541,1550,1758762184.1993763
1578,1567,1564,1575,1758762184.203292
1578,1567,1564,1575,1758762184.20492
1578,1567,1564,1575,1758762184.209439
1578,1567,1564,1575,1758762184.21037
1578,1567,1564,1575,1758762184.2113538
1578,1567,1564,1575,1758762184.215793
1563,1571,1579,1571,1758762184.216774
1563,1571,1579,1571,1758762184.2179265
1563,1571,1579,1571,1758762184.2204254
1563,1571,1579,1571,1758762184.22131
1563,1571,1579,1571,1758762184.2261777
1577,1566,1565,1576,1758762184.2276244
1577,1566,1565,1576,1758762184.2290752
1577,1566,1565,1576,1758762184.2311077
1577,1566,1565,1576,1758762184.2341986
1575,1566,1567,1576,1758762184.2352045
1575,1566,1567,1576,1758762184.2380135
1575,1566,1567,1576,1758762184.2396944
1575,1566,1567,1576,1758762184.2405083
1575,1566,1567,1576,1758762184.2430336
1575,1566,1567,1576,1758762184.244015
1575,1566,1567,1576,1758762184.2448902
1575,1566,1567,1576,1758762184.2461934
1575,1566,1567,1576,1758762184.247543
1575,1566,1567,1576,1758762184.2488134
1575,1566,1567,1576,1758762184.251325
1575,1566,1567,1576,1758762184.2533004
1575,1566,1567,1576,1758762184.2542603
1575,1566,1567,1576,1758762184.256009
1573,1566,1569,1576,1758762184.258358
1573,1566,1569,1576,1758762184.2617226
1573,1566,1569,1576,1758762184.2640457
1573,1566,1569,1576,1758762184.2687604
1573,1566,1569,1576,1758762184.2715716
1573,1566,1569,1576,1758762184.2766793
1585,1570,1557,1572,1758762184.2776148
1585,1570,1557,1572,1758762184.2795296
1585,1570,1557,1572,1758762184.281542
1585,1570,1557,1572,1758762184.2824683
1585,1570,1557,1572,1758762184.2832673
1585,1570,1557,1572,1758762184.2902317
1585,1570,1557,1572,1758762184.291691
1585,1570,1557,1572,1758762184.2947974
1537,1576,1605,1566,1758762184.3000329
1537,1576,1605,1566,1758762184.302029
1571,1567,1570,1575,1758762184.3034856
1571,1567,1570,1575,1758762184.3043137
1571,1567,1570,1575,1758762184.3050718
1571,1567,1570,1575,1758762184.307488
1571,1567,1570,1575,1758762184.3088987
1571,1567,1570,1575,1758762184.3115387
1571,1567,1570,1575,1758762184.3136337
1571,1567,1570,1575,1758762184.3151352
1588,1536,1554,1606,1758762184.3174994
1588,1536,1554,1606,1758762184.3190172
1588,1536,1554,1606,1758762184.3199008
1588,1536,1554,1606,1758762184.3212235
1588,1536,1554,1606,1758762184.3226063
1588,1536,1554,1606,1758762184.3232973
1588,1536,1554,1606,1758762184.3258984
1556,1567,1585,1574,1758762184.3285549
1556,1567,1585,1574,1758762184.3299742
1556,1567,1585,1574,1758762184.331272
1556,1567,1585,1574,1758762184.3324337
1571,1566,1571,1576,1758762184.3343804
1571,1566,1571,1576,1758762184.3356268
1571,1566,1571,1576,1758762184.338091
1571,1566,1571,1576,1758762184.3396914
1571,1566,1571,1576,1758762184.3411057
1571,1566,1571,1576,1758762184.3418486
1571,1566,1571,1576,1758762184.34356
1571,1566,1571,1576,1758762184.3454936
1571,1566,1571,1576,1758762184.34629
1571,1566,1571,1576,1758762184.348556
1571,1566,1571,1576,1758762184.3501663
1571,1566,1571,1576,1758762184.3529167
1571,1566,1571,1576,1758762184.35525
1571,1566,1571,1576,1758762184.3597412
1571,1566,1571,1576,1758762184.36544
1578,1542,1564,1600,1758762184.368178
1578,1542,1564,1600,1758762184.3696544
1578,1542,1564,1600,1758762184.370378
1578,1542,1564,1600,1758762184.3713744
1578,1542,1564,1600,1758762184.374365
1571,1563,1570,1579,1758762184.3752215
1571,1563,1570,1579,1758762184.377565
1545,1550,1597,1591,1758762184.3791294
1545,1550,1597,1591,1758762184.3811018
1570,1562,1572,1580,1758762184.3825717
1570,1562,1572,1580,1758762184.3847675
1570,1562,1572,1580,1758762184.3854983
1570,1562,1572,1580,1758762184.3866658
1570,1562,1572,1580,1758762184.3880515
1570,1562,1572,1580,1758762184.3890314
1570,1562,1572,1580,1758762184.390533
1601,1538,1541,1604,1758762184.3918865
1601,1538,1541,1604,1758762184.3931804
1601,1538,1541,1604,1758762184.3949056
1571,1561,1571,1581,1758762184.3989773
1571,1561,1571,1581,1758762184.4016583
1571,1561,1571,1581,1758762184.403245
1571,1561,1571,1581,1758762184.4051838
1573,1537,1569,1605,1758762184.4071913
1573,1537,1569,1605,1758762184.408501
1573,1537,1569,1605,1758762184.411849
1571,1560,1571,1582,1758762184.421318
1586,1503,1556,1639,1758762184.425182
1572,1570,1570,1572,1758762184.4259925
1572,1570,1570,1572,1758762184.4284492
1570,1572,1572,1570,1758762184.4295
1570,1572,1572,1570,1758762184.430332
1570,1572,1572,1570,1758762184.4315474
1570,1572,1572,1570,1758762184.432935
1570,1572,1572,1570,1758762184.4339468
1570,1572,1572,1570,1758762184.4366796
1571,1559,1571,1583,1758762184.439191
1571,1559,1571,1583,1758762184.4419138
1571,1559,1571,1583,1758762184.4441676
1571,1559,1571,1583,1758762184.4456022
1571,1559,1571,1583,1758762184.4466128
1571,1559,1571,1583,1758762184.4480424
1571,1559,1571,1583,1758762184.4487166
1571,1559,1571,1583,1758762184.4520378
1571,1559,1571,1583,1758762184.454514
1571,1559,1571,1583,1758762184.4568455
1571,1559,1571,1583,1758762184.457773
1571,1559,1571,1583,1758762184.459235
1571,1559,1571,1583,1758762184.4600172
1571,1559,1571,1583,1758762184.4612978
1571,1559,1571,1583,1758762184.4621098
1571,1559,1571,1583,1758762184.4633555
1571,1559,1571,1583,1758762184.4647553
1571,1559,1571,1583,1758762184.465503
1571,1559,1571,1583,1758762184.4666486
1571,1559,1571,1583,1758762184.4679606
1571,1559,1571,1583,1758762184.4688208
1571,1559,1571,1583,1758762184.4696343
1571,1559,1571,1583,1758762184.4703448
1571,1559,1571,1583,1758762184.4716632
1571,1559,1571,1583,1758762184.4732945
1571,1559,1571,1583,1758762184.4744935
1571,1559,1571,1583,1758762184.4758658
1571,1559,1571,1583,1758762184.476706
1571,1559,1571,1583,1758762184.4777987
1571,1559,1571,1583,1758762184.4791973
1571,1559,1571,1583,1758762184.4819474
1571,1559,1571,1583,1758762184.4835358
1571,1559,1571,1583,1758762184.4862351
1571,1559,1571,1583,1758762184.4893303
1573,1553,1569,1589,1758762184.4929736
1579,1540,1563,1602,1758762184.496069
1579,1540,1563,1602,1758762184.497195
1579,1540,1563,1602,1758762184.498425
1579,1540,1563,1602,1758762184.500372
1614,1551,1528,1591,1758762184.501276
1614,1551,1528,1591,1758762184.5029309
1614,1551,1528,1591,1758762184.504966
1614,1551,1528,1591,1758762184.5059483
1614,1551,1528,1591,1758762184.507257
1614,1551,1528,1591,1758762184.5080009
1614,1551,1528,1591,1758762184.5087504
1614,1551,1528,1591,1758762184.5100598
1614,1551,1528,1591,1758762184.5113888
1614,1551,1528,1591,1758762184.5120623
1614,1551,1528,1591,1758762184.5128589
1614,1551,1528,1591,1758762184.514411
1614,1551,1528,1591,1758762184.515679
1614,1551,1528,1591,1758762184.5169282
1614,1551,1528,1591,1758762184.5178998
1614,1551,1528,1591,1758762184.519313
1614,1551,1528,1591,1758762184.5209212
1575,1556,1567,1586,1758762184.5218916
1575,1556,1567,1586,1758762184.5228767
1575,1556,1567,1586,1758762184.5247636
1590,1544,1552,1598,1758762184.5255272
1590,1544,1552,1598,1758762184.526338
1590,1544,1552,1598,1758762184.5270634
1590,1544,1552,1598,1758762184.5280533
1590,1544,1552,1598,1758762184.5297902
1576,1554,1566,1588,1758762184.5313418
1576,1554,1566,1588,1758762184.5337305
1576,1554,1566,1588,1758762184.535437
1576,1554,1566,1588,1758762184.5362742
1576,1554,1566,1588,1758762184.5384052
1622,1539,1520,1603,1758762184.539148
1622,1539,1520,1603,1758762184.540044
1622,1539,1520,1603,1758762184.5408392
1622,1539,1520,1603,1758762184.541775
1622,1539,1520,1603,1758762184.543459
1590,1529,1551,1612,1758762184.5479655
1578,1553,1564,1589,1758762184.551317
1578,1553,1564,1589,1758762184.553053
1560,1589,1582,1553,1758762184.5542564
1560,1589,1582,1553,1758762184.557654
1560,1589,1582,1553,1758762184.5584223
1560,1589,1582,1553,1758762184.559863
1560,1589,1582,1553,1758762184.560528
1560,1589,1582,1553,1758762184.5612853
1560,1589,1582,1553,1758762184.5621245
1560,1589,1582,1553,1758762184.5634966
1560,1589,1582,1553,1758762184.5641744
1560,1589,1582,1553,1758762184.574303
1536,1559,1606,1583,1758762184.585012
1569,1545,1573,1597,1758762184.5858605
1569,1545,1573,1597,1758762184.5877974
1569,1545,1573,1597,1758762184.588708
1569,1545,1573,1597,1758762184.5894773
1569,1545,1573,1597,1758762184.590202
1569,1545,1573,1597,1758762184.591019
1569,1545,1573,1597,1758762184.591863
1569,1545,1573,1597,1758762184.5927713
1569,1545,1573,1597,1758762184.593531
1569,1545,1573,1597,1758762184.5942469
1569,1545,1573,1597,1758762184.595052
1569,1545,1573,1597,1758762184.5958774
1569,1545,1573,1597,1758762184.5967271
1569,1545,1573,1597,1758762184.5975654
1569,1545,1573,1597,1758762184.5983882
1569,1545,1573,1597,1758762184.5991242
1569,1545,1573,1597,1758762184.599882
1569,1545,1573,1597,1758762184.6077385
1576,1554,1566,1588,1758762184.6186166
1493,1625,1649,1517,1758762184.619592
1493,1625,1649,1517,1758762184.6277993
1574,1552,1568,1590,1758762184.631937
1572,1552,1569,1590,1758762184.6353843
1572,1552,1569,1590,1758762184.6364598
1572,1552,1569,1590,1758762184.6372368
1572,1552,1569,1590,1758762184.6380618
1572,1552,1569,1590,1758762184.6387262
1572,1552,1569,1590,1758762184.648417
1568,1557,1573,1585,1758762184.6492624
1568,1557,1573,1585,1758762184.650029
1568,1557,1573,1585,1758762184.653352
1568,1557,1573,1585,1758762184.6560557
1568,1557,1573,1585,1758762184.6594346
1568,1557,1573,1585,1758762184.6611335
1588,1545,1554,1596,1758762184.662026
1588,1545,1554,1596,1758762184.6629822
1588,1545,1554,1596,1758762184.6720788
1584,1562,1557,1580,1758762184.6731343
1584,1562,1557,1580,1758762184.6765282
1573,1553,1568,1589,1758762184.6773968
1573,1553,1568,1589,1758762184.6782265
1573,1553,1568,1589,1758762184.6790538
1573,1553,1568,1589,1758762184.6855562
1571,1563,1571,1579,1758762184.6893473
1574,1552,1568,1589,1758762184.690161
1574,1552,1568,1589,1758762184.690933
1574,1552,1568,1589,1758762184.6939566
1605,1554,1537,1588,1758762184.699403
1597,1553,1545,1589,1758762184.7029612
1569,1534,1573,1608,1758762184.7051246
1569,1534,1573,1608,1758762184.7087617
1541,1581,1601,1561,1758762184.7095296
1541,1581,1601,1561,1758762184.71036
1541,1581,1601,1561,1758762184.713043
1541,1581,1601,1561,1758762184.7186005
1541,1581,1601,1561,1758762184.722381
1585,1568,1557,1574,1758762184.7233863
1585,1568,1557,1574,1758762184.7242346
1585,1568,1557,1574,1758762184.7304552
1591,1532,1550,1610,1758762184.7344103
1591,1532,1550,1610,1758762184.735312
1591,1532,1550,1610,1758762184.7412014
1591,1532,1550,1610,1758762184.7423782
1591,1532,1550,1610,1758762184.7432034
1591,1532,1550,1610,1758762184.745918
1591,1532,1550,1610,1758762184.7547925
1573,1554,1569,1588,1758762184.756378
1573,1554,1569,1588,1758762184.7571568
1573,1554,1569,1588,1758762184.7579608
1573,1554,1569,1588,1758762184.7586534
1573,1554,1569,1588,1758762184.759344
1573,1554,1569,1588,1758762184.764734
1539,1577,1603,1565,1758762184.7716515
1572,1555,1570,1587,1758762184.7730582
1572,1555,1570,1587,1758762184.7740102
1572,1555,1570,1587,1758762184.77695
1572,1555,1570,1587,1758762184.7832186
1596,1513,1546,1629,1758762184.784294
1651,1593,1491,1549,1758762184.7880583
1551,1581,1591,1561,1758762184.7888794
1551,1581,1591,1561,1758762184.7950585
1574,1556,1568,1586,1758762184.7967012
1574,1556,1568,1586,1758762184.7975526
1574,1556,1568,1586,1758762184.803198
1573,1554,1568,1588,1758762184.8045735
1573,1554,1568,1588,1758762184.8053925
1573,1554,1568,1588,1758762184.806277
1573,1554,1568,1588,1758762184.8071706
1573,1554,1568,1588,1758762184.8100903
1575,1554,1567,1588,1758762184.8163216
1582,1543,1560,1599,1758762184.8216605
1582,1543,1560,1599,1758762184.8251936
1582,1543,1560,1599,1758762184.8281813
1576,1554,1566,1588,1758762184.8296297
1576,1554,1566,1588,1758762184.8305762
1576,1554,1566,1588,1758762184.8314176
1576,1554,1566,1588,1758762184.8321624
1576,1554,1566,1588,1758762184.8330972
1576,1554,1566,1588,1758762184.8339877
1576,1554,1566,1588,1758762184.834845
1576,1554,1566,1588,1758762184.8403723
1576,1554,1566,1588,1758762184.8508215
1579,1557,1563,1585,1758762184.8558395
1576,1554,1566,1588,1758762184.8656228
1576,1552,1566,1589,1758762184.8701737
1551,1586,1591,1556,1758762184.874176
1556,1601,1586,1540,1758762184.8751028
1556,1601,1586,1540,1758762184.8759768
1556,1601,1586,1540,1758762184.876815
1556,1601,1586,1540,1758762184.877533
1556,1601,1586,1540,1758762184.8782802
1556,1601,1586,1540,1758762184.8791738
1556,1601,1586,1540,1758762184.8850582
1574,1555,1567,1587,1758762184.8924406
1557,1612,1585,1530,1758762184.8935244
1557,1612,1585,1530,1758762184.894403
1557,1612,1585,1530,1758762184.8952577
1557,1612,1585,1530,1758762184.8960974
1557,1612,1585,1530,1758762184.8969157
1557,1612,1585,1530,1758762184.9054012
1573,1557,1569,1584,1758762184.912114
1574,1557,1568,1584,1758762184.9169843
1563,1532,1579,1610,1758762184.9201796
1566,1558,1576,1583,1758762184.9210672
1566,1558,1576,1583,1758762184.925761
1614,1572,1528,1570,1758762184.9301548
1565,1612,1577,1530,1758762184.931616
1565,1612,1577,1530,1758762184.9353592
1565,1612,1577,1530,1758762184.9373083
1565,1612,1577,1530,1758762184.941744
1565,1612,1577,1530,1758762184.942441
1565,1612,1577,1530,1758762184.9434352
1573,1559,1569,1583,1758762184.9443808
1573,1559,1569,1583,1758762184.9452655
1573,1559,1569,1583,1758762184.9460042
1573,1559,1569,1583,1758762184.9466896
1573,1559,1569,1583,1758762184.947394
1573,1559,1569,1583,1758762184.9482048
1573,1559,1569,1583,1758762184.9566598
1573,1559,1569,1583,1758762184.9631183
1571,1558,1570,1584,1758762184.9667358
1571,1558,1570,1584,1758762184.9674666
1571,1558,1570,1584,1758762184.9681082
1571,1558,1570,1584,1758762184.9689188
1571,1558,1570,1584,1758762184.9740286
1571,1558,1570,1584,1758762184.9789994
1589,1541,1553,1601,1758762184.9800644
1589,1541,1553,1601,1758762184.9808197
1589,1541,1553,1601,1758762184.9815252
1589,1541,1553,1601,1758762184.9822235
1589,1541,1553,1601,1758762184.9830656
1589,1541,1553,1601,1758762184.9838417
1589,1541,1553,1601,1758762184.984625
1589,1541,1553,1601,1758762184.9853954
1589,1541,1553,1601,1758762184.9860835
1589,1541,1553,1601,1758762184.9866965
1589,1541,1553,1601,1758762184.9875653
1589,1541,1553,1601,1758762184.9884
1589,1541,1553,1601,1758762184.9891422
1589,1541,1553,1601,1758762184.9920514
1589,1541,1553,1601,1758762184.9973283
1580,1562,1562,1580,1758762185.005556
1580,1562,1562,1580,1758762185.0077734
1580,1562,1562,1580,1758762185.0092514
1580,1562,1562,1580,1758762185.0146298
1580,1562,1562,1580,1758762185.0155098
1580,1562,1562,1580,1758762185.0168006
1580,1536,1561,1606,1758762185.0176492
1580,1536,1561,1606,1758762185.0185008
1580,1536,1561,1606,1758762185.0193355
1580,1536,1561,1606,1758762185.020054
1580,1536,1561,1606,1758762185.020767
1580,1536,1561,1606,1758762185.0214462
1580,1536,1561,1606,1758762185.027157
1580,1536,1561,1606,1758762185.0317993
1580,1536,1561,1606,1758762185.0369942
1539,1534,1603,1608,1758762185.0422046
1564,1566,1578,1576,1758762185.045759
1564,1566,1578,1576,1758762185.0465367
1564,1566,1578,1576,1758762185.0473473
1564,1566,1578,1576,1758762185.0480626
1564,1566,1578,1576,1758762185.0489488
1564,1566,1578,1576,1758762185.0498252
1574,1557,1568,1585,1758762185.0558164
1569,1593,1573,1549,1758762185.0614245
1569,1593,1573,1549,1758762185.0649295
1574,1559,1568,1583,1758762185.065623
1574,1559,1568,1583,1758762185.0684574
1574,1559,1568,1583,1758762185.069255
1574,1559,1568,1583,1758762185.0733168
1598,1516,1544,1626,1758762185.074224
1598,1516,1544,1626,1758762185.078272
1575,1557,1567,1585,1758762185.0822198
1575,1557,1567,1585,1758762185.0839064
1575,1557,1567,1585,1758762185.0865276
1575,1557,1567,1585,1758762185.0901191
1571,1581,1571,1561,1758762185.0910048
1571,1581,1571,1561,1758762185.094166
1576,1557,1566,1584,1758762185.0969405
1576,1557,1566,1584,1758762185.0977893
1576,1557,1566,1584,1758762185.1008122
1576,1557,1565,1585,1758762185.1035504
1576,1557,1565,1585,1758762185.1071086
1576,1557,1565,1585,1758762185.1080198
1576,1557,1565,1585,1758762185.1087604
1576,1557,1565,1585,1758762185.109512
1576,1557,1565,1585,1758762185.1102605
1576,1557,1565,1585,1758762185.1110206
1576,1557,1565,1585,1758762185.1117802
1576,1557,1565,1585,1758762185.1151614
1576,1557,1565,1585,1758762185.1226528
1576,1556,1566,1586,1758762185.1291196
1576,1556,1566,1586,1758762185.1330135
1576,1556,1566,1586,1758762185.1373422
1552,1534,1590,1608,1758762185.1418111
1575,1555,1567,1587,1758762185.143404
1575,1555,1567,1587,1758762185.1476574
1578,1552,1564,1590,1758762185.1515665
1587,1554,1555,1588,1758762185.1561408
1581,1554,1561,1588,1758762185.157452
1581,1554,1561,1588,1758762185.1582751
1581,1554,1561,1588,1758762185.1592307
1581,1554,1561,1588,1758762185.159968
1581,1554,1561,1588,1758762185.1666956
1575,1555,1567,1587,1758762185.1715755
1575,1555,1567,1587,1758762185.1748393
1575,1555,1567,1587,1758762185.175758
1575,1555,1567,1587,1758762185.1791484
1575,1555,1567,1587,1758762185.179935
1575,1555,1567,1587,1758762185.183756
1575,1555,1567,1587,1758762185.1877437
1576,1554,1566,1588,1758762185.1917665
1483,1513,1659,1628,1758762185.194248
1605,1531,1536,1611,1758762185.1977432
1605,1531,1536,1611,1758762185.1985316
1605,1531,1536,1611,1758762185.19932
1605,1531,1536,1611,1758762185.2059114
1574,1548,1568,1594,1758762185.209567
1570,1600,1572,1542,1758762185.2116008
1570,1564,1572,1578,1758762185.2155943
1570,1564,1572,1578,1758762185.2163737
1570,1564,1572,1578,1758762185.2172005
1570,1564,1572,1578,1758762185.218032
1570,1564,1572,1578,1758762185.2187517
1570,1564,1572,1578,1758762185.219422
1570,1564,1572,1578,1758762185.2200742
1570,1564,1572,1578,1758762185.2208123
1570,1564,1572,1578,1758762185.231867
1575,1555,1567,1587,1758762185.2371285
1586,1588,1556,1553,1758762185.240095
1576,1556,1566,1586,1758762185.2409766
1576,1556,1566,1586,1758762185.2417238
1576,1556,1566,1586,1758762185.2424412
1576,1556,1566,1586,1758762185.246801
1577,1556,1565,1586,1758762185.254537
1577,1556,1565,1586,1758762185.2552228
1577,1556,1565,1586,1758762185.2610288
1635,1550,1507,1592,1758762185.26436
1600,1533,1542,1609,1758762185.265163
1600,1533,1542,1609,1758762185.2660568
1600,1533,1542,1609,1758762185.2668667
1600,1533,1542,1609,1758762185.2676177
1600,1533,1542,1609,1758762185.274727
1578,1555,1564,1587,1758762185.27927
1578,1555,1564,1587,1758762185.2838612
1578,1555,1564,1587,1758762185.288299
1591,1579,1550,1563,1758762185.2899237
1591,1579,1550,1563,1758762185.296686
1579,1556,1563,1586,1758762185.2986605
1579,1556,1563,1586,1758762185.2994423
1579,1556,1563,1586,1758762185.3041196
1562,1574,1580,1568,1758762185.3072124
1586,1534,1556,1608,1758762185.3091512
1586,1534,1556,1608,1758762185.313561
1586,1534,1556,1608,1758762185.3151422
1586,1534,1556,1608,1758762185.3159406
1579,1555,1563,1586,1758762185.3218398
1572,1578,1569,1564,1758762185.3240857
1572,1578,1569,1564,1758762185.330031
1579,1556,1563,1586,1758762185.33186
1579,1556,1563,1586,1758762185.336781
1546,1597,1596,1545,1758762185.3395517
1546,1597,1596,1545,1758762185.340255
1566,1531,1575,1611,1758762185.3411274
1566,1531,1575,1611,1758762185.3451047
1566,1531,1575,1611,1758762185.350608
1566,1531,1575,1611,1758762185.3539553
1576,1556,1565,1585,1758762185.355011
1576,1556,1565,1585,1758762185.3558338
1576,1556,1565,1585,1758762185.356755
1576,1556,1565,1585,1758762185.3624325
1576,1556,1565,1585,1758762185.36733
1550,1567,1592,1574,1758762185.3683288
1550,1567,1592,1574,1758762185.3712263
1550,1567,1592,1574,1758762185.3718803
1576,1557,1566,1585,1758762185.372841
1576,1557,1566,1585,1758762185.3737042
1576,1557,1566,1585,1758762185.378899
1637,1534,1505,1607,1758762185.3816297
1637,1534,1505,1607,1758762185.382402
1637,1534,1505,1607,1758762185.3896835
1580,1556,1562,1586,1758762185.3908358
1591,1592,1551,1550,1758762185.395486
1577,1542,1565,1599,1758762185.4001253
1584,1541,1558,1601,1758762185.4059749
1582,1567,1560,1575,1758762185.4086986
1582,1567,1560,1575,1758762185.4093986
1582,1567,1560,1575,1758762185.4102046
1582,1567,1560,1575,1758762185.411039
1582,1567,1560,1575,1758762185.41345
1582,1567,1560,1575,1758762185.4199574
1572,1536,1570,1606,1758762185.4228106
1572,1536,1570,1606,1758762185.4235938
1572,1536,1570,1606,1758762185.4259906
1580,1555,1562,1586,1758762185.429157
1580,1555,1562,1586,1758762185.430098
1580,1555,1562,1586,1758762185.4308915
1580,1555,1562,1586,1758762185.431659
1580,1555,1562,1586,1758762185.4324286
1580,1555,1562,1586,1758762185.433566
1580,1555,1562,1586,1758762185.4379077
1572,1560,1570,1582,1758762185.4420128
1572,1560,1570,1582,1758762185.4508471
1572,1560,1570,1582,1758762185.4517844
1580,1558,1562,1584,1758762185.4526985
1580,1558,1562,1584,1758762185.4535954
1580,1558,1562,1584,1758762185.4542868
1580,1558,1562,1584,1758762185.4549904
1580,1558,1562,1584,1758762185.4558475
1522,1546,1620,1596,1758762185.4566922
1522,1546,1620,1596,1758762185.4575477
1522,1546,1620,1596,1758762185.4681976
1552,1557,1590,1585,1758762185.473595
1578,1557,1563,1585,1758762185.4744575
1570,1570,1572,1572,1758762185.4810493
1570,1570,1572,1572,1758762185.4836187
1578,1558,1564,1584,1758762185.4866786
1578,1558,1564,1584,1758762185.4892695
1575,1505,1567,1637,1758762185.4906678
1575,1505,1567,1637,1758762185.4914567
1568,1594,1574,1548,1758762185.4948833
1568,1594,1574,1548,1758762185.4975028
1540,1538,1602,1604,1758762185.4984615
1540,1538,1602,1604,1758762185.4993134
1540,1538,1602,1604,1758762185.5018983
1540,1538,1602,1604,1758762185.5083733
1577,1559,1565,1583,1758762185.509263
1577,1559,1565,1583,1758762185.510172
1577,1559,1565,1583,1758762185.519384
1576,1557,1566,1584,1758762185.5233438
1592,1590,1550,1552,1758762185.524276
1592,1590,1550,1552,1758762185.528564
1592,1590,1550,1552,1758762185.529329
1592,1590,1550,1552,1758762185.5365665
1576,1560,1566,1582,1758762185.5375354
1576,1560,1566,1582,1758762185.5439088
1443,1524,1698,1618,1758762185.5448148
1443,1524,1698,1618,1758762185.548544
1443,1524,1698,1618,1758762185.5493436
1596,1558,1546,1584,1758762185.553639
1463,1474,1679,1668,1758762185.55775
1463,1474,1679,1668,1758762185.5586383
1463,1474,1679,1668,1758762185.5595646
1463,1474,1679,1668,1758762185.56712
1576,1557,1566,1584,1758762185.5681412
1601,1552,1541,1590,1758762185.5724242
1588,1565,1554,1577,1758762185.5739288
1588,1565,1554,1577,1758762185.574788
1588,1565,1554,1577,1758762185.5819292
1576,1559,1566,1583,1758762185.582901
1588,1551,1554,1590,1758762185.5877602
1551,1573,1591,1569,1758762185.591107
1539,1535,1602,1607,1758762185.5961466
1555,1589,1586,1553,1758762185.5970752
1555,1589,1586,1553,1758762185.5977707
1555,1589,1586,1553,1758762185.598493
1555,1589,1586,1553,1758762185.6066265
1575,1560,1567,1582,1758762185.6101773
1544,1515,1597,1627,1758762185.611001
1544,1515,1597,1627,1758762185.614646
1544,1515,1597,1627,1758762185.6190238
1579,1590,1563,1552,1758762185.619871
1579,1590,1563,1552,1758762185.6244557
1571,1548,1571,1593,1758762185.625354
1571,1548,1571,1593,1758762185.626187
1571,1548,1571,1593,1758762185.6270092
1571,1548,1571,1593,1758762185.6278708
1571,1548,1571,1593,1758762185.628608
1571,1548,1571,1593,1758762185.6293366
1571,1548,1571,1593,1758762185.6301367
1571,1548,1571,1593,1758762185.6349
1571,1548,1571,1593,1758762185.6486888
1571,1568,1571,1574,1758762185.6530845
1571,1568,1571,1574,1758762185.657322
1574,1561,1568,1581,1758762185.6583116
1563,1578,1579,1563,1758762185.6652129
1573,1561,1568,1581,1758762185.666277
1573,1561,1568,1581,1758762185.6699743
1569,1559,1573,1583,1758762185.674176
1573,1561,1569,1581,1758762185.6760025
1573,1561,1569,1581,1758762185.67676
1573,1561,1569,1581,1758762185.677573
1573,1561,1569,1581,1758762185.684385
1573,1560,1569,1582,1758762185.6883917
1573,1560,1569,1582,1758762185.689142
1573,1560,1569,1582,1758762185.6898203
1573,1560,1569,1582,1758762185.694393
1573,1560,1569,1582,1758762185.697916
1574,1560,1568,1582,1758762185.704522
1589,1581,1553,1561,1758762185.7052608
1589,1581,1553,1561,1758762185.706018
1589,1581,1553,1561,1758762185.7106223
1589,1581,1553,1561,1758762185.7146168
1589,1581,1553,1561,1758762185.7154024
1574,1560,1568,1582,1758762185.716321
1574,1560,1568,1582,1758762185.7171717
1574,1560,1568,1582,1758762185.7223184
1574,1560,1568,1582,1758762185.728803
1574,1560,1568,1582,1758762185.7321875
1574,1560,1568,1582,1758762185.7334974
1574,1560,1568,1582,1758762185.739566
1574,1560,1568,1582,1758762185.740371
1574,1560,1568,1581,1758762185.7412882
1574,1560,1568,1581,1758762185.7451313
1574,1560,1568,1581,1758762185.7513158
1574,1560,1568,1581,1758762185.755603
1574,1560,1568,1581,1758762185.756455
1574,1560,1568,1581,1758762185.757279
1574,1560,1568,1581,1758762185.7580678
1574,1560,1568,1581,1758762185.7613883
1570,1665,1572,1477,1758762185.7671318
1570,1665,1572,1477,1758762185.7679656
1570,1665,1572,1477,1758762185.7687402
1570,1665,1572,1477,1758762185.7719674
1570,1665,1572,1477,1758762185.778313
1573,1563,1569,1579,1758762185.779154
1573,1563,1569,1579,1758762185.783038
1573,1563,1569,1579,1758762185.783889
1573,1563,1569,1579,1758762185.787054
1573,1563,1569,1579,1758762185.7886426
1573,1563,1569,1579,1758762185.78941
1573,1563,1569,1579,1758762185.791072
1573,1563,1569,1579,1758762185.7934227
1573,1576,1569,1566,1758762185.7942836
1573,1576,1569,1566,1758762185.7950692
1573,1576,1569,1566,1758762185.7966428
1573,1576,1569,1566,1758762185.7975135
1573,1576,1569,1566,1758762185.7984807
1573,1576,1569,1566,1758762185.799771
1573,1564,1569,1578,1758762185.8010316
1573,1564,1569,1578,1758762185.8021057
1573,1564,1569,1578,1758762185.8111584
1567,1565,1575,1577,1758762185.8151517
1567,1565,1575,1577,1758762185.818478
1573,1564,1569,1578,1758762185.8217494
1602,1572,1540,1570,1758762185.8264613
1602,1572,1540,1570,1758762185.8273144
1602,1572,1540,1570,1758762185.8302643
1573,1566,1569,1576,1758762185.835004
1577,1572,1565,1570,1758762185.8385916
1577,1572,1565,1570,1758762185.8405738
1574,1567,1568,1575,1758762185.8471024
1573,1567,1568,1575,1758762185.8479855
1573,1567,1568,1575,1758762185.8511176
1573,1567,1568,1575,1758762185.8547058
1573,1567,1568,1575,1758762185.8581936
1571,1599,1571,1543,1758762185.8620048
1571,1599,1571,1543,1758762185.8677154
1586,1563,1556,1579,1758762185.8697195
1586,1563,1556,1579,1758762185.8720543
1561,1582,1581,1559,1758762185.875471
1572,1568,1570,1574,1758762185.8785706
1572,1568,1570,1574,1758762185.8829792
1569,1572,1572,1570,1758762185.8879457
1571,1593,1571,1549,1758762185.8901064
1571,1593,1571,1549,1758762185.8934484
1571,1593,1571,1549,1758762185.895061
1571,1593,1571,1549,1758762185.901611
1571,1567,1571,1574,1758762185.9042182
1533,1574,1609,1568,1758762185.9078183
1583,1529,1559,1613,1758762185.9092388
1583,1529,1559,1613,1758762185.9100847
1583,1529,1559,1613,1758762185.914328
1578,1584,1564,1558,1758762185.9182236
1612,1543,1530,1599,1758762185.9215925
1612,1543,1530,1599,1758762185.9235427
1542,1583,1600,1559,1758762185.92716
1571,1567,1571,1575,1758762185.9306047
1571,1567,1571,1575,1758762185.9332452
1535,1589,1607,1553,1758762185.9348454
1535,1589,1607,1553,1758762185.9358222
1566,1521,1576,1621,1758762185.9379697
1570,1566,1572,1576,1758762185.9418876
1570,1566,1572,1576,1758762185.9429965
1554,1584,1588,1558,1758762185.9502015
1518,1596,1624,1546,1758762185.9522803
1546,1535,1595,1607,1758762185.9565256
1546,1535,1595,1607,1758762185.9576418
1536,1573,1606,1569,1758762185.9614444
1560,1603,1582,1539,1758762185.9628162
1560,1603,1582,1539,1758762185.9652634
1564,1542,1578,1600,1758762185.968403
1564,1542,1578,1600,1758762185.9692864
1567,1567,1575,1574,1758762185.9758377
1595,1533,1547,1608,1758762185.9841068
1513,1601,1629,1541,1758762185.9947984
1544,1608,1598,1533,1758762186.0022757
1612,1610,1530,1532,1758762186.010584
1595,1592,1547,1550,1758762186.0122876
1595,1592,1547,1550,1758762186.0136542
1595,1592,1547,1550,1758762186.014324
1595,1592,1547,1550,1758762186.015
1595,1592,1547,1550,1758762186.015636
1595,1592,1547,1550,1758762186.0169368
1595,1592,1547,1550,1758762186.0176597
1595,1592,1547,1550,1758762186.018604
1595,1592,1547,1550,1758762186.0205276
1595,1592,1547,1550,1758762186.021193
1595,1592,1547,1550,1758762186.021813
1595,1592,1547,1550,1758762186.0341694
1602,1591,1539,1551,1758762186.0397725
1567,1569,1575,1573,1758762186.041077
1602,1540,1540,1602,1758762186.0419495
1548,1607,1594,1535,1758762186.0526824
1626,1552,1516,1590,1758762186.0585966
1525,1583,1617,1559,1758762186.062217
1551,1554,1591,1588,1758762186.0658016
1551,1554,1591,1588,1758762186.0699358
1591,1538,1551,1604,1758762186.0747416
1540,1579,1602,1563,1758762186.0763526
1540,1579,1602,1563,1758762186.077455
1540,1579,1602,1563,1758762186.0784886
1540,1579,1602,1563,1758762186.0795014
1540,1579,1602,1563,1758762186.0804317
1540,1579,1602,1563,1758762186.0813894
1540,1579,1602,1563,1758762186.083156
1540,1579,1602,1563,1758762186.084803
1524,1549,1618,1593,1758762186.0880651
1524,1549,1618,1593,1758762186.0898824
1524,1549,1618,1593,1758762186.091059
1575,1608,1567,1534,1758762186.0933251
1575,1608,1567,1534,1758762186.0940957
1575,1608,1567,1534,1758762186.0950673
1575,1608,1567,1534,1758762186.0976648
1567,1568,1575,1573,1758762186.0993702
1567,1568,1575,1573,1758762186.103469
1567,1568,1575,1573,1758762186.1051495
1567,1568,1575,1573,1758762186.1070642
1567,1568,1575,1573,1758762186.1080875
1567,1568,1575,1573,1758762186.1102583
1567,1568,1575,1573,1758762186.1110404
1567,1568,1575,1573,1758762186.1121488
1596,1582,1546,1560,1758762186.113475
1596,1582,1546,1560,1758762186.115644
1562,1543,1580,1599,1758762186.1169
1562,1543,1580,1599,1758762186.120126
1595,1582,1547,1560,1758762186.122013
1595,1582,1547,1560,1758762186.123928
1595,1582,1547,1560,1758762186.1250474
1595,1582,1547,1560,1758762186.1263366
1595,1582,1547,1560,1758762186.127932
1595,1582,1547,1560,1758762186.129869
1568,1569,1574,1573,1758762186.1319115
1583,1543,1559,1599,1758762186.1343515
1583,1543,1559,1599,1758762186.1354802
1583,1543,1559,1599,1758762186.1373446
1583,1543,1559,1599,1758762186.1391497
1568,1569,1574,1573,1758762186.1407182
1541,1573,1600,1569,1758762186.143028
1528,1591,1614,1551,1758762186.144868
1528,1591,1614,1551,1758762186.1476316
1591,1563,1551,1579,1758762186.1485658
1591,1563,1551,1579,1758762186.1494615
1591,1563,1551,1579,1758762186.150777
1591,1563,1551,1579,1758762186.1519327
1591,1563,1551,1579,1758762186.1531963
1591,1563,1551,1579,1758762186.1556003
1591,1563,1551,1579,1758762186.1582732
1567,1569,1575,1573,1758762186.1595843
1567,1569,1575,1573,1758762186.1658762
1567,1569,1575,1573,1758762186.1668673
1567,1569,1575,1573,1758762186.1714487
1623,1586,1519,1556,1758762186.174282
1623,1586,1519,1556,1758762186.1762156
1623,1586,1519,1556,1758762186.1803708
1603,1566,1539,1575,1758762186.185166
1603,1566,1539,1575,1758762186.187584
1603,1566,1539,1575,1758762186.197631
1619,1633,1523,1508,1758762186.2017982
1580,1572,1562,1570,1758762186.203853
1580,1572,1562,1570,1758762186.205802
1580,1572,1562,1570,1758762186.207335
1580,1572,1562,1570,1758762186.2082548
1580,1572,1562,1570,1758762186.2090044
1580,1572,1562,1570,1758762186.2098002
1580,1572,1562,1570,1758762186.2108736
1580,1572,1562,1570,1758762186.212463
1567,1570,1575,1572,1758762186.2134695
1567,1570,1575,1572,1758762186.215175
1567,1570,1575,1572,1758762186.2162929
1567,1570,1575,1572,1758762186.2182992
1567,1570,1575,1572,1758762186.2203305
1567,1570,1575,1572,1758762186.2223847
1567,1570,1575,1572,1758762186.2242749
1567,1570,1575,1572,1758762186.225119
1567,1570,1575,1572,1758762186.2260988
1567,1570,1575,1572,1758762186.2282434
1567,1570,1575,1572,1758762186.2317212
1567,1570,1575,1572,1758762186.2345953
1567,1570,1575,1572,1758762186.238641
1567,1570,1575,1572,1758762186.2401092
1567,1570,1575,1572,1758762186.2431068
1567,1570,1575,1572,1758762186.2440414
1567,1570,1575,1572,1758762186.2447731
1567,1570,1575,1572,1758762186.2455387
1567,1570,1575,1572,1758762186.2542417
1563,1582,1579,1560,1758762186.2553475
1563,1582,1579,1560,1758762186.2560463
1563,1582,1579,1560,1758762186.2604427
1563,1582,1579,1560,1758762186.2638717
1567,1571,1575,1571,1758762186.264798
1567,1571,1575,1571,1758762186.2655492
1567,1571,1575,1571,1758762186.2663789
1567,1571,1575,1571,1758762186.2711134
1567,1571,1575,1571,1758762186.2742932
1567,1571,1575,1571,1758762186.2772684
1567,1571,1575,1571,1758762186.2780757
1567,1571,1575,1571,1758762186.2789145
1567,1571,1575,1571,1758762186.2845616
1567,1571,1575,1571,1758762186.2854457
1567,1571,1575,1571,1758762186.286294
1567,1571,1575,1571,1758762186.287037
1567,1571,1575,1571,1758762186.287659
1567,1571,1575,1571,1758762186.297108
1576,1570,1566,1572,1758762186.2978787
1576,1570,1566,1572,1758762186.3047943
1544,1567,1598,1575,1758762186.3091896
1606,1547,1536,1595,1758762186.3107572
1606,1547,1536,1595,1758762186.311444
1606,1547,1536,1595,1758762186.3121717
1606,1547,1536,1595,1758762186.321507
1567,1569,1575,1573,1758762186.3262608
1570,1561,1571,1581,1758762186.3321676
1593,1537,1549,1605,1758762186.3398557
1562,1566,1580,1575,1758762186.3413956
1580,1569,1562,1572,1758762186.3465889
1568,1568,1574,1574,1758762186.3509066
1567,1555,1575,1587,1758762186.3524337
1567,1555,1575,1587,1758762186.353613
1568,1567,1574,1574,1758762186.3564422
1568,1567,1574,1574,1758762186.3573444
1556,1559,1586,1583,1758762186.360238
1556,1559,1586,1583,1758762186.3611815
1556,1559,1586,1583,1758762186.3620589
1556,1559,1586,1583,1758762186.3658233
1556,1559,1586,1583,1758762186.3686302
1587,1548,1555,1594,1758762186.373218
1587,1548,1555,1594,1758762186.374094
1587,1548,1555,1594,1758762186.3775957
1587,1548,1555,1594,1758762186.3794372
1565,1573,1577,1569,1758762186.3848526
1555,1582,1587,1560,1758762186.3883526
1555,1582,1587,1560,1758762186.391961
1598,1569,1544,1573,1758762186.3943892
1598,1569,1544,1573,1758762186.3954022
1598,1569,1544,1573,1758762186.3978105
1598,1569,1544,1573,1758762186.405422
1564,1567,1578,1575,1758762186.4063828
1564,1567,1578,1575,1758762186.4071047
1564,1567,1578,1575,1758762186.410696
1568,1568,1574,1574,1758762186.4131925
1568,1568,1574,1574,1758762186.4142282
1568,1568,1574,1574,1758762186.4152796
1580,1560,1562,1582,1758762186.4169502
1580,1560,1562,1582,1758762186.4185588
1580,1560,1562,1582,1758762186.4194846
1582,1594,1560,1548,1758762186.4214475
1582,1594,1560,1548,1758762186.4240034
1582,1594,1560,1548,1758762186.425479
1582,1594,1560,1548,1758762186.426227
1568,1569,1574,1573,1758762186.426952
1568,1569,1574,1573,1758762186.4282253
1568,1569,1574,1573,1758762186.4313643
1568,1569,1574,1573,1758762186.4319944
1568,1569,1574,1573,1758762186.4327695
1568,1569,1574,1573,1758762186.4335213
1568,1569,1574,1573,1758762186.436083
1568,1569,1574,1573,1758762186.4382992
1568,1569,1574,1573,1758762186.4397974
1568,1569,1574,1573,1758762186.4419177
1568,1569,1574,1573,1758762186.4434557
1568,1569,1574,1573,1758762186.4455814
1568,1569,1574,1573,1758762186.4468513
1568,1569,1574,1573,1758762186.4492044
1568,1569,1574,1573,1758762186.4500852
1568,1569,1574,1573,1758762186.454214
1568,1569,1574,1573,1758762186.455227
1568,1569,1574,1573,1758762186.4573326
1568,1569,1574,1573,1758762186.459187
1568,1569,1574,1573,1758762186.459967
1568,1569,1574,1573,1758762186.4620123
1568,1569,1574,1573,1758762186.4644291
1569,1564,1572,1577,1758762186.4669063
1569,1564,1572,1577,1758762186.4681003
1569,1564,1572,1577,1758762186.4709606
1569,1564,1572,1577,1758762186.4719458
1569,1564,1572,1577,1758762186.4752069
1569,1564,1572,1577,1758762186.4773548
1569,1564,1572,1577,1758762186.48402
1569,1569,1573,1573,1758762186.491447
1531,1521,1611,1621,1758762186.495445
1531,1521,1611,1621,1758762186.497543
1588,1547,1553,1595,1758762186.4989884
1588,1547,1553,1595,1758762186.5041442
1588,1547,1553,1595,1758762186.5048895
1588,1547,1553,1595,1758762186.5057154
1588,1547,1553,1595,1758762186.5069406
1588,1547,1553,1595,1758762186.5092075
1588,1547,1553,1595,1758762186.5105276
1588,1547,1553,1595,1758762186.51426
1588,1547,1553,1595,1758762186.5149634
1588,1547,1553,1595,1758762186.5157182
1588,1547,1553,1595,1758762186.5183122
1551,1605,1591,1537,1758762186.521091
1551,1605,1591,1537,1758762186.5229397
1551,1605,1591,1537,1758762186.5299978
1561,1569,1581,1572,1758762186.5314944
1557,1579,1584,1563,1758762186.5411344
1567,1570,1575,1572,1758762186.543553
1567,1570,1575,1572,1758762186.544181
1567,1570,1575,1572,1758762186.5544765
1567,1570,1575,1572,1758762186.5553024
1567,1570,1575,1572,1758762186.5560236
1567,1570,1575,1572,1758762186.5567193
1567,1570,1575,1572,1758762186.5594916
1567,1570,1575,1572,1758762186.564382
1567,1570,1575,1572,1758762186.568622
1565,1567,1577,1575,1758762186.5761335
1565,1567,1577,1575,1758762186.5774295
1565,1567,1577,1575,1758762186.5813775
1568,1571,1574,1571,1758762186.584252
1568,1571,1574,1571,1758762186.585195
1567,1570,1575,1572,1758762186.58726
1567,1570,1575,1572,1758762186.5884888
1567,1570,1575,1572,1758762186.5892646
1567,1570,1575,1572,1758762186.5909462
1567,1570,1575,1572,1758762186.5916517
1567,1570,1575,1572,1758762186.59229
1567,1570,1575,1572,1758762186.5935116
1567,1570,1575,1572,1758762186.5956397
1567,1570,1575,1572,1758762186.5966442
1575,1561,1567,1581,1758762186.5988066
1575,1561,1567,1581,1758762186.6001434
1575,1561,1567,1581,1758762186.6012962
1575,1561,1567,1581,1758762186.6043868
1555,1590,1587,1552,1758762186.6054733
1555,1590,1587,1552,1758762186.6082158
1567,1571,1575,1571,1758762186.609099
1567,1571,1575,1571,1758762186.6122203
1567,1571,1575,1571,1758762186.6131525
1567,1571,1575,1571,1758762186.614203
1567,1571,1575,1571,1758762186.6150796
1567,1571,1575,1571,1758762186.6158347
1567,1571,1575,1571,1758762186.6165614
1567,1571,1575,1571,1758762186.6207228
1510,1607,1632,1535,1758762186.623271
1566,1572,1576,1570,1758762186.6243243
1566,1572,1576,1570,1758762186.6251366
1523,1537,1619,1605,1758762186.6276224
1625,1588,1517,1554,1758762186.6288362
1625,1588,1517,1554,1758762186.6314278
1625,1588,1517,1554,1758762186.6323397
1567,1572,1575,1570,1758762186.6334
1570,1535,1572,1607,1758762186.635728
1570,1535,1572,1607,1758762186.636505
1570,1535,1572,1607,1758762186.6373346
1570,1535,1572,1607,1758762186.6399045
1552,1522,1590,1620,1758762186.6412828
1552,1522,1590,1620,1758762186.644036
1566,1570,1575,1572,1758762186.6447952
1566,1570,1575,1572,1758762186.6456478
1566,1570,1575,1572,1758762186.64861
1566,1570,1575,1572,1758762186.6513655
1578,1605,1564,1537,1758762186.6524289
1578,1605,1564,1537,1758762186.6533215
1578,1605,1564,1537,1758762186.6559846
1578,1543,1564,1599,1758762186.657374
1578,1543,1564,1599,1758762186.659298
1611,1599,1531,1543,1758762186.6601567
1611,1599,1531,1543,1758762186.6609778
1611,1599,1531,1543,1758762186.663625
1568,1570,1574,1572,1758762186.6645582
1568,1570,1574,1572,1758762186.6670702
1568,1570,1574,1572,1758762186.6679122
1568,1570,1574,1572,1758762186.668756
1568,1570,1574,1572,1758762186.671187
1568,1570,1574,1572,1758762186.6725135
1568,1570,1574,1572,1758762186.6733248
1534,1568,1608,1574,1758762186.675939
1534,1568,1608,1574,1758762186.6767836
1521,1587,1621,1555,1758762186.6793249
1521,1587,1621,1555,1758762186.6802547
1521,1587,1621,1555,1758762186.681383
1521,1587,1621,1555,1758762186.684467
1566,1571,1576,1571,1758762186.685329
1566,1571,1576,1571,1758762186.6863754
1505,1614,1637,1528,1758762186.6873145
1505,1614,1637,1528,1758762186.6918385
1565,1572,1577,1570,1758762186.6931374
1565,1572,1577,1570,1758762186.6960256
1565,1572,1577,1570,1758762186.6968777
1565,1572,1577,1570,1758762186.698894
1565,1572,1577,1570,1758762186.699751
1565,1572,1577,1570,1758762186.7010443
1599,1644,1543,1498,1758762186.7020714
1599,1644,1543,1498,1758762186.7121315
1538,1571,1604,1571,1758762186.713719
1538,1571,1604,1571,1758762186.716267
1538,1571,1604,1571,1758762186.7234411
1543,1580,1599,1562,1758762186.724371
1543,1580,1599,1562,1758762186.725201
1543,1580,1599,1562,1758762186.727958
1561,1574,1581,1567,1758762186.7291498
1561,1574,1581,1567,1758762186.7319095
1602,1548,1540,1593,1758762186.7328713
1602,1548,1540,1593,1758762186.7362206
1562,1574,1580,1568,1758762186.7370849
1562,1574,1580,1568,1758762186.740293
1591,1579,1551,1563,1758762186.7430608
1591,1579,1551,1563,1758762186.7440083
1591,1579,1551,1563,1758762186.744688
1591,1579,1551,1563,1758762186.7478669
1596,1605,1546,1536,1758762186.7491446
1566,1581,1576,1561,1758762186.751555
1564,1575,1578,1567,1758762186.752455
1564,1575,1578,1567,1758762186.7532785
1564,1575,1578,1567,1758762186.7558026
1564,1575,1578,1567,1758762186.7566292
1564,1575,1578,1567,1758762186.7574492
1564,1575,1578,1567,1758762186.7599902
1564,1575,1578,1567,1758762186.761175
1564,1575,1578,1567,1758762186.7640529
1564,1575,1578,1567,1758762186.764714
1564,1575,1578,1567,1758762186.7654712
1564,1575,1578,1567,1758762186.7712667
1559,1526,1583,1616,1758762186.7720745
1559,1526,1583,1616,1758762186.77296
1559,1526,1583,1616,1758762186.7758725
1559,1526,1583,1616,1758762186.7769706
1569,1566,1573,1576,1758762186.7794387
1564,1573,1578,1568,1758762186.7832873
1564,1573,1578,1568,1758762186.784049
1578,1551,1564,1590,1758762186.7848756
1578,1551,1564,1590,1758762186.7884169
1564,1573,1578,1569,1758762186.791838
1567,1598,1575,1544,1758762186.7934282
1567,1598,1575,1544,1758762186.7961662
1567,1598,1575,1544,1758762186.7996156
1571,1580,1571,1562,1758762186.8004386
1571,1580,1571,1562,1758762186.8034115
1563,1574,1579,1568,1758762186.8043284
1563,1574,1579,1568,1758762186.8051596
1563,1574,1579,1568,1758762186.8073874
1563,1574,1579,1568,1758762186.8086798
1563,1574,1579,1568,1758762186.8093696
1563,1574,1579,1568,1758762186.8128915
1563,1574,1579,1568,1758762186.8150346
1563,1574,1579,1568,1758762186.8159037
1563,1574,1579,1568,1758762186.8167896
1563,1574,1579,1568,1758762186.820424
1563,1574,1579,1568,1758762186.8239353
1573,1571,1569,1571,1758762186.8248205
1573,1571,1569,1571,1758762186.8277934
1573,1571,1569,1571,1758762186.828567
1573,1571,1569,1571,1758762186.832843
1574,1574,1568,1568,1758762186.8354895
1547,1557,1595,1585,1758762186.8364038
1547,1557,1595,1585,1758762186.8372426
1547,1557,1595,1585,1758762186.8380828
1547,1557,1595,1585,1758762186.8387194
1547,1557,1595,1585,1758762186.8436568
1564,1573,1578,1569,1758762186.8446004
1564,1573,1578,1569,1758762186.846835
1564,1573,1578,1569,1758762186.847725
1580,1612,1562,1530,1758762186.848771
1580,1612,1562,1530,1758762186.8524816
1580,1612,1562,1530,1758762186.8536465
1580,1612,1562,1530,1758762186.854781
1580,1612,1562,1530,1758762186.8595898
1563,1574,1578,1568,1758762186.8603156
1563,1574,1578,1568,1758762186.864861
1602,1609,1540,1533,1758762186.8658435
1602,1609,1540,1533,1758762186.8666372
1602,1609,1540,1533,1758762186.8687296
1602,1609,1540,1533,1758762186.8696306
1602,1609,1540,1533,1758762186.87035
1602,1609,1540,1533,1758762186.871761
1602,1609,1540,1533,1758762186.8775933
1602,1609,1540,1533,1758762186.8796103
1580,1629,1562,1513,1758762186.8804543
1580,1629,1562,1513,1758762186.88508
1577,1578,1565,1564,1758762186.8891592
1587,1600,1555,1542,1758762186.8933566
1521,1606,1621,1535,1758762186.90078
1579,1622,1563,1520,1758762186.9049394
1542,1587,1600,1555,1758762186.9117486
1575,1571,1567,1571,1758762186.9129715
1575,1571,1567,1571,1758762186.9177148
1565,1580,1577,1562,1758762186.9215236
1564,1581,1577,1561,1758762186.92533
1564,1581,1577,1561,1758762186.928398
1579,1598,1563,1544,1758762186.9322164
1565,1581,1577,1561,1758762186.9332328
1565,1581,1577,1561,1758762186.9391203
1482,1588,1660,1554,1758762186.942799
1559,1585,1583,1557,1758762186.946891
1559,1585,1583,1557,1758762186.9489496
1552,1576,1590,1566,1758762186.951641
1564,1582,1578,1560,1758762186.955442
1564,1582,1578,1560,1758762186.9598622
1564,1582,1578,1560,1758762186.96082
1550,1570,1591,1572,1758762186.9647596
1555,1538,1587,1604,1758762186.968299
1563,1581,1579,1561,1758762186.971077
1579,1593,1563,1548,1758762186.9730687
1579,1593,1563,1548,1758762186.9768772
1561,1622,1581,1520,1758762186.9803383
1564,1582,1578,1560,1758762186.9814768
1564,1582,1578,1560,1758762186.9850352
1564,1582,1578,1560,1758762186.9895835
1564,1582,1578,1560,1758762186.9926722
1564,1582,1578,1560,1758762186.9958818
1564,1582,1578,1560,1758762186.997088
1564,1582,1578,1560,1758762186.9991064
1564,1582,1578,1560,1758762187.000268
1564,1582,1578,1560,1758762187.0067556
1564,1582,1578,1560,1758762187.007731
1564,1582,1578,1560,1758762187.0097594
1564,1582,1578,1560,1758762187.010875
1564,1582,1578,1560,1758762187.0166893
1564,1582,1578,1560,1758762187.020829
1564,1582,1578,1560,1758762187.0221496
1564,1582,1578,1560,1758762187.0231967
1631,1602,1511,1540,1758762187.028981
1569,1540,1573,1602,1758762187.0324347
1563,1579,1579,1563,1758762187.0352876
1563,1579,1579,1563,1758762187.0368502
1592,1593,1550,1549,1758762187.0394258
1579,1587,1563,1555,1758762187.040458
1579,1587,1563,1555,1758762187.0427272
1579,1587,1563,1555,1758762187.0443642
1579,1587,1563,1555,1758762187.0499823
1579,1587,1563,1555,1758762187.0562844
1567,1582,1575,1560,1758762187.0594578
1558,1588,1584,1554,1758762187.060508
1570,1563,1572,1579,1758762187.0649009
1573,1593,1569,1548,1758762187.0662262
1573,1593,1569,1548,1758762187.0678284
1573,1593,1569,1548,1758762187.0691905
1573,1593,1569,1548,1758762187.0763776
1573,1593,1569,1548,1758762187.0775237
1573,1593,1569,1548,1758762187.080933
1543,1569,1599,1573,1758762187.083909
1484,1628,1658,1514,1758762187.086977
1563,1579,1578,1563,1758762187.089685
1563,1579,1578,1563,1758762187.09082
1563,1579,1578,1563,1758762187.0932505
1563,1579,1578,1563,1758762187.0986657
1578,1580,1563,1562,1758762187.1017532
1558,1546,1584,1596,1758762187.103213
1558,1546,1584,1596,1758762187.107075
1574,1580,1568,1562,1758762187.1132553
1565,1581,1577,1561,1758762187.1165693
1551,1585,1591,1557,1758762187.119696
1551,1585,1591,1557,1758762187.121133
1564,1581,1578,1561,1758762187.122423
1571,1593,1571,1549,1758762187.1254056
1564,1581,1577,1561,1758762187.1290934
1564,1581,1577,1561,1758762187.1312778
1530,1569,1612,1573,1758762187.132464
1530,1569,1612,1573,1758762187.1355612
1564,1581,1578,1561,1758762187.1368334
1564,1581,1578,1561,1758762187.139815
1530,1561,1612,1580,1758762187.1410234
1530,1561,1612,1580,1758762187.1433897
1563,1580,1579,1562,1758762187.144397
1563,1580,1579,1562,1758762187.1453547
1563,1580,1579,1562,1758762187.149257
1563,1580,1579,1562,1758762187.1529677
1564,1586,1578,1556,1758762187.155788
1549,1535,1593,1607,1758762187.1568837
1549,1535,1593,1607,1758762187.16107
1562,1579,1579,1563,1758762187.1641033
1562,1579,1579,1563,1758762187.16549
1586,1596,1556,1546,1758762187.1677024
1563,1580,1579,1562,1758762187.1708534
1563,1580,1579,1562,1758762187.17277
1563,1580,1579,1562,1758762187.1753798
1559,1564,1583,1578,1758762187.1766212
1559,1564,1583,1578,1758762187.1796296
1559,1564,1583,1578,1758762187.180719
1563,1579,1579,1562,1758762187.1853254
1562,1570,1580,1572,1758762187.187863
1507,1547,1635,1594,1758762187.1888475
1507,1547,1635,1594,1758762187.1919982
1562,1579,1580,1563,1758762187.19352
1562,1579,1580,1563,1758762187.1965024
1562,1579,1580,1563,1758762187.199192
1562,1579,1580,1563,1758762187.2001922
1537,1555,1605,1587,1758762187.201132
1537,1555,1605,1587,1758762187.204509
1562,1578,1580,1564,1758762187.2056446
1562,1578,1580,1564,1758762187.2089174
1562,1578,1580,1564,1758762187.212232
1562,1578,1580,1564,1758762187.2133822
1570,1583,1572,1559,1758762187.2163649
1570,1583,1572,1559,1758762187.2175033
1542,1573,1600,1569,1758762187.2234488
1561,1578,1581,1564,1758762187.225636
1553,1582,1589,1559,1758762187.2284129
1553,1582,1589,1559,1758762187.2293892
1561,1578,1581,1564,1758762187.231778
1561,1578,1581,1564,1758762187.234979
1561,1578,1581,1564,1758762187.236495
1588,1575,1554,1567,1758762187.2375414
1562,1578,1580,1564,1758762187.2408855
1562,1578,1580,1564,1758762187.2440567
1562,1578,1580,1564,1758762187.2450664
1587,1596,1555,1546,1758762187.2484906
1562,1579,1580,1563,1758762187.2524087
1557,1587,1584,1555,1758762187.2537005
1557,1587,1584,1555,1758762187.2573771
1536,1587,1606,1555,1758762187.260101
1554,1586,1588,1556,1758762187.2646573
1561,1579,1581,1563,1758762187.2684984
1561,1573,1581,1569,1758762187.2696407
1561,1573,1581,1569,1758762187.27366
1589,1571,1553,1571,1758762187.2770476
1516,1560,1626,1582,1758762187.2804008
1569,1575,1573,1567,1758762187.281562
1569,1575,1573,1567,1758762187.284552
1561,1578,1581,1564,1758762187.2881107
1605,1529,1537,1613,1758762187.289267
1605,1529,1537,1613,1758762187.2928295
1579,1617,1563,1524,1758762187.2943697
1579,1617,1563,1524,1758762187.2977395
1598,1583,1544,1558,1758762187.3004014
1598,1583,1544,1558,1758762187.3041182
1563,1579,1579,1563,1758762187.307618
1563,1579,1579,1563,1758762187.3093543
1615,1551,1527,1591,1758762187.3131728
1615,1551,1527,1591,1758762187.314452
1615,1551,1527,1591,1758762187.3173974
1559,1582,1583,1560,1758762187.321359
1574,1620,1567,1522,1758762187.3255796
1611,1554,1531,1588,1758762187.3284657
1557,1561,1584,1580,1758762187.3299844
1568,1569,1574,1573,1758762187.3333127
1568,1569,1574,1573,1758762187.3367746
1517,1597,1625,1545,1758762187.3389363
1517,1597,1625,1545,1758762187.3400142
1574,1595,1568,1547,1758762187.341119
1574,1595,1568,1547,1758762187.3448002
1564,1579,1577,1563,1758762187.3483496
1558,1590,1583,1552,1758762187.3527489
1556,1556,1586,1586,1758762187.3552778
1559,1585,1583,1557,1758762187.3566945
1559,1585,1583,1557,1758762187.360398
1564,1579,1578,1563,1758762187.3652709
1552,1611,1590,1531,1758762187.3688033
1552,1609,1590,1533,1758762187.371529
1595,1531,1547,1611,1758762187.3733869
1595,1531,1547,1611,1758762187.3765905
1558,1585,1584,1556,1758762187.3809464
1609,1547,1533,1595,1758762187.383269
1609,1547,1533,1595,1758762187.3888457
1535,1629,1607,1513,1758762187.3924325
1609,1538,1533,1603,1758762187.3956237
1561,1580,1581,1561,1758762187.397395
1556,1572,1586,1570,1758762187.400924
1556,1572,1586,1570,1758762187.4047148
1534,1593,1608,1549,1758762187.40791
1534,1593,1608,1549,1758762187.412346
1570,1579,1572,1563,1758762187.4136956
1570,1579,1572,1563,1758762187.4153488
1570,1579,1572,1563,1758762187.4165423
1570,1579,1572,1563,1758762187.418477
1570,1579,1572,1563,1758762187.4259465
1565,1576,1577,1566,1758762187.427251
1565,1576,1577,1566,1758762187.430048
1565,1576,1577,1566,1758762187.4332898
1565,1576,1577,1566,1758762187.436009
1556,1639,1586,1503,1758762187.437051
1530,1503,1612,1639,1758762187.440102
1577,1581,1565,1561,1758762187.4410758
1568,1516,1574,1626,1758762187.444724
1568,1516,1574,1626,1758762187.4457164
1567,1579,1575,1562,1758762187.4493854
1567,1579,1575,1562,1758762187.4532216
1580,1584,1562,1558,1758762187.454425
1580,1584,1562,1558,1758762187.458626
1577,1582,1565,1560,1758762187.459857
1533,1520,1609,1622,1758762187.462134
1533,1595,1609,1547,1758762187.4667678
1533,1595,1609,1547,1758762187.4692593
1585,1574,1557,1568,1758762187.4716828
1565,1575,1577,1567,1758762187.472709
1565,1575,1577,1567,1758762187.4761827
1565,1575,1577,1567,1758762187.477388
1508,1586,1634,1556,1758762187.481344
1508,1586,1634,1556,1758762187.4842212
1522,1597,1620,1545,1758762187.4873898
1522,1597,1620,1545,1758762187.4895036
1592,1616,1549,1526,1758762187.4926732
1592,1616,1549,1526,1758762187.493632
1592,1616,1549,1526,1758762187.4967778
1564,1558,1577,1584,1758762187.4994702
1564,1558,1577,1584,1758762187.5009348
1582,1580,1560,1562,1758762187.5034337
1564,1576,1578,1566,1758762187.504609
1564,1576,1578,1566,1758762187.5056186
1564,1576,1578,1566,1758762187.5082054
1564,1576,1578,1566,1758762187.509596
1564,1576,1578,1566,1758762187.5123482
1564,1576,1578,1566,1758762187.5133948
1564,1576,1578,1566,1758762187.5169585
1564,1576,1578,1566,1758762187.519454
1564,1576,1578,1566,1758762187.5204988
1564,1576,1578,1566,1758762187.528453
1631,1488,1511,1654,1758762187.530028
1542,1614,1600,1528,1758762187.5334344
1561,1561,1580,1581,1758762187.5374043
1561,1561,1580,1581,1758762187.540613
1553,1556,1589,1586,1758762187.5416882
1553,1556,1589,1586,1758762187.5450242
1565,1574,1576,1568,1758762187.5486317
1565,1574,1576,1568,1758762187.5508816
1553,1549,1589,1593,1758762187.5546286
1579,1586,1562,1555,1758762187.5738864
1611,1558,1530,1584,1758762187.583496
1546,1615,1596,1527,1758762187.5894134
1564,1574,1578,1568,1758762187.591356
1564,1574,1578,1568,1758762187.6002152
1546,1584,1596,1558,1758762187.6066315
1564,1575,1578,1567,1758762187.621159
1554,1520,1588,1622,1758762187.6321175
1554,1520,1588,1622,1758762187.6376195
1565,1572,1577,1570,1758762187.6399405
1565,1572,1577,1570,1758762187.6436656
1564,1573,1578,1569,1758762187.6469834
1564,1573,1578,1569,1758762187.6483977
1564,1573,1578,1569,1758762187.6545634
1564,1573,1578,1569,1758762187.659367
1564,1573,1578,1569,1758762187.6646829
1564,1573,1578,1569,1758762187.6660757
1564,1573,1578,1569,1758762187.667815
1564,1573,1578,1569,1758762187.6691444
1564,1573,1578,1569,1758762187.6701086
1564,1573,1578,1569,1758762187.6708052
1564,1573,1578,1569,1758762187.6718934
1564,1573,1578,1569,1758762187.6740792
1564,1573,1578,1569,1758762187.67561
1564,1573,1578,1569,1758762187.6775303
1564,1573,1578,1569,1758762187.6798873
1562,1570,1579,1572,1758762187.68125
1562,1570,1579,1572,1758762187.6835618
1562,1570,1579,1572,1758762187.6847136
1562,1570,1579,1572,1758762187.685545
1556,1578,1586,1564,1758762187.686733
1556,1578,1586,1564,1758762187.6891177
1556,1578,1586,1564,1758762187.6905916
1556,1578,1586,1564,1758762187.6965554
1555,1573,1587,1569,1758762187.7027645
1555,1573,1587,1569,1758762187.703964
1555,1573,1587,1569,1758762187.70674
1564,1574,1578,1568,1758762187.7084854
1564,1574,1578,1568,1758762187.7109392
1564,1574,1578,1568,1758762187.7116578
1564,1574,1578,1568,1758762187.714471
1564,1574,1578,1568,1758762187.7168329
1564,1574,1578,1568,1758762187.7193432
1564,1574,1578,1568,1758762187.7205656
1564,1574,1578,1568,1758762187.7221904
1564,1574,1578,1568,1758762187.7229223
1564,1574,1578,1568,1758762187.723583
1564,1574,1578,1568,1758762187.7249572
1557,1602,1585,1540,1758762187.7265737
1557,1602,1585,1540,1758762187.7273543
1557,1602,1585,1540,1758762187.7285256
1574,1554,1568,1588,1758762187.729345
1574,1554,1568,1588,1758762187.7300143
1574,1554,1568,1588,1758762187.730697
1574,1554,1568,1588,1758762187.731352
1574,1554,1568,1588,1758762187.7321222
1574,1554,1568,1588,1758762187.73306
1574,1554,1568,1588,1758762187.733734
1574,1554,1568,1588,1758762187.7344048
1574,1554,1568,1588,1758762187.7350242
1574,1554,1568,1588,1758762187.7356195
1574,1554,1568,1588,1758762187.73624
1574,1554,1568,1588,1758762187.737187
1574,1554,1568,1588,1758762187.7388575
1574,1554,1568,1588,1758762187.7403708
1574,1554,1568,1588,1758762187.7416773
1574,1554,1568,1588,1758762187.7423463
1574,1554,1568,1588,1758762187.7433312
1574,1554,1568,1588,1758762187.744233
1574,1554,1568,1588,1758762187.746521
1574,1554,1568,1588,1758762187.7481046
1574,1554,1568,1588,1758762187.7494233
1574,1554,1568,1588,1758762187.750797
1574,1554,1568,1588,1758762187.752303
1574,1554,1568,1588,1758762187.7563252
1565,1573,1577,1569,1758762187.7589428
1565,1573,1577,1569,1758762187.7607193
1565,1573,1577,1569,1758762187.7630408
1565,1573,1577,1569,1758762187.7645278
1565,1573,1577,1569,1758762187.7661428
1565,1573,1577,1569,1758762187.766796
1565,1573,1577,1569,1758762187.7682357
1565,1573,1577,1569,1758762187.7693012
1565,1573,1577,1569,1758762187.7716446
1565,1573,1577,1569,1758762187.7724638
1565,1573,1577,1569,1758762187.7742188
1565,1572,1576,1570,1758762187.7750287
1565,1572,1576,1570,1758762187.7784257
1565,1572,1576,1570,1758762187.7803006
1565,1572,1576,1570,1758762187.782303
1586,1586,1556,1556,1758762187.784588
1586,1586,1556,1556,1758762187.7855997
1586,1586,1556,1556,1758762187.7868743
1566,1572,1576,1570,1758762187.788839
1566,1572,1576,1570,1758762187.7913268
1566,1572,1576,1570,1758762187.7938063
1566,1572,1576,1570,1758762187.7964792
1566,1572,1576,1570,1758762187.798205
1566,1572,1576,1570,1758762187.8007965
1583,1522,1559,1620,1758762187.802176
1583,1522,1559,1620,1758762187.8041751
1583,1522,1559,1620,1758762187.8073423
1583,1522,1559,1620,1758762187.8106349
1566,1571,1576,1571,1758762187.8141313
1566,1571,1576,1571,1758762187.8176155
1566,1571,1576,1571,1758762187.8203368
1567,1571,1575,1570,1758762187.821592
1567,1571,1575,1570,1758762187.825752
1582,1602,1560,1539,1758762187.8278575
1582,1602,1560,1539,1758762187.829065
1582,1602,1560,1539,1758762187.831051
1582,1602,1560,1539,1758762187.8341875
1567,1571,1575,1571,1758762187.8360157
1567,1571,1575,1571,1758762187.8377218
1567,1571,1575,1571,1758762187.8393636
1567,1572,1575,1570,1758762187.8417308
1550,1566,1591,1576,1758762187.8429627
1550,1566,1591,1576,1758762187.8455195
1567,1571,1575,1571,1758762187.8478131
1567,1571,1575,1571,1758762187.849953
1567,1571,1575,1571,1758762187.8515477
1567,1571,1575,1571,1758762187.8532076
1567,1571,1575,1571,1758762187.856654
1567,1572,1575,1570,1758762187.85815
1567,1572,1575,1570,1758762187.859415
1567,1572,1575,1570,1758762187.8601148
1567,1572,1575,1570,1758762187.862187
1567,1572,1575,1570,1758762187.8634715
1567,1572,1575,1570,1758762187.8653505
1567,1572,1575,1570,1758762187.8667643
1567,1572,1575,1570,1758762187.8677895
1567,1572,1575,1570,1758762187.8698938
1567,1572,1575,1570,1758762187.8729398
1556,1583,1586,1559,1758762187.875153
1556,1583,1586,1559,1758762187.8760204
1556,1583,1586,1559,1758762187.8782978
1556,1583,1586,1559,1758762187.881091
1556,1583,1586,1559,1758762187.8834286
1566,1571,1576,1571,1758762187.8861516
1566,1571,1576,1571,1758762187.8879554
1566,1571,1576,1571,1758762187.8901775
1574,1565,1568,1577,1758762187.891348
1574,1565,1568,1577,1758762187.8923953
1574,1565,1568,1577,1758762187.894036
1556,1507,1586,1634,1758762187.8951187
1556,1507,1586,1634,1758762187.895935
1556,1507,1586,1634,1758762187.8975508
1566,1570,1576,1572,1758762187.898682
1566,1570,1576,1572,1758762187.8994043
1566,1570,1576,1572,1758762187.900987
1566,1570,1576,1572,1758762187.9023008
1566,1570,1576,1572,1758762187.903623
1566,1570,1576,1572,1758762187.9046528
1566,1570,1576,1572,1758762187.9061656
1566,1570,1576,1572,1758762187.907307
1566,1570,1576,1572,1758762187.9079995
1566,1570,1576,1572,1758762187.909706
1566,1570,1576,1572,1758762187.9108644
1566,1570,1576,1572,1758762187.9120514
1566,1570,1576,1572,1758762187.9132328
1566,1570,1576,1572,1758762187.9142556
1566,1570,1576,1572,1758762187.91496
1566,1570,1576,1572,1758762187.9159207
1566,1570,1576,1572,1758762187.9165945
1566,1570,1576,1572,1758762187.9182014
1566,1570,1576,1572,1758762187.9189205
1566,1570,1576,1572,1758762187.919986
1566,1570,1576,1572,1758762187.920653
1566,1570,1576,1572,1758762187.9219923
1566,1570,1576,1572,1758762187.923252
1566,1570,1576,1572,1758762187.924706
1566,1570,1576,1572,1758762187.9255383
1566,1570,1576,1572,1758762187.9273703
1566,1570,1576,1572,1758762187.9290216
1566,1570,1576,1572,1758762187.9297595
1566,1570,1576,1572,1758762187.930401
1566,1570,1576,1572,1758762187.9315772
1566,1570,1576,1572,1758762187.9324229
1566,1570,1576,1572,1758762187.9348474
1566,1570,1576,1572,1758762187.9356413
1566,1570,1576,1572,1758762187.9362895
1566,1570,1576,1572,1758762187.938994
1564,1569,1578,1573,1758762187.940335
1564,1569,1578,1573,1758762187.9451163
1564,1569,1578,1573,1758762187.9472835
1558,1603,1583,1539,1758762187.9505196
1564,1569,1578,1573,1758762187.9519956
1564,1569,1578,1573,1758762187.95287
1564,1569,1578,1573,1758762187.954923
1564,1569,1578,1573,1758762187.957105
1564,1569,1577,1573,1758762187.9584298
1564,1569,1577,1573,1758762187.960028
1564,1569,1577,1573,1758762187.961129
1564,1569,1577,1573,1758762187.963319
1564,1569,1577,1573,1758762187.9655826
1565,1569,1577,1573,1758762187.966972
1565,1569,1577,1573,1758762187.9688084
1565,1569,1577,1573,1758762187.9698625
1565,1569,1577,1573,1758762187.972321
1538,1552,1603,1590,1758762187.9740033
1538,1552,1603,1590,1758762187.978186
1538,1552,1603,1590,1758762187.9801972
1538,1552,1603,1590,1758762187.9828691
1538,1552,1603,1590,1758762187.9847436
1538,1552,1603,1590,1758762187.986357
1538,1552,1603,1590,1758762187.987428
1538,1552,1603,1590,1758762187.9895155
1559,1536,1583,1606,1758762187.9903274
1559,1536,1583,1606,1758762187.9921496
1559,1536,1583,1606,1758762187.9944386
1559,1536,1583,1606,1758762187.995515
1559,1536,1583,1606,1758762188.0012794
1559,1536,1583,1606,1758762188.0047328
1547,1532,1595,1610,1758762188.006891
1547,1532,1595,1610,1758762188.009833
1605,1547,1537,1594,1758762188.0137284
1582,1583,1559,1558,1758762188.0146732
1582,1583,1559,1558,1758762188.0207565
1566,1564,1576,1578,1758762188.0242455
1605,1503,1537,1639,1758762188.0290737
1537,1549,1605,1593,1758762188.033015
1562,1553,1580,1589,1758762188.0377626
1602,1524,1540,1617,1758762188.0410793
1552,1546,1590,1596,1758762188.0439007
1566,1561,1576,1581,1758762188.048561
1566,1561,1576,1581,1758762188.0518267
1566,1561,1576,1581,1758762188.055823
1561,1560,1581,1582,1758762188.0604725
1564,1561,1578,1581,1758762188.063762
1564,1561,1578,1581,1758762188.0654397
1566,1561,1576,1581,1758762188.0695424
1541,1580,1601,1562,1758762188.0724635
1541,1580,1601,1562,1758762188.075183
1565,1561,1577,1580,1758762188.0764377
1565,1561,1577,1580,1758762188.080811
1543,1587,1599,1555,1758762188.082106
1543,1587,1599,1555,1758762188.085797
1578,1527,1564,1615,1758762188.0898676
1563,1518,1579,1624,1758762188.0943494
1563,1518,1579,1624,1758762188.097314
1574,1524,1568,1618,1758762188.100955
1582,1536,1560,1606,1758762188.1021504
1582,1536,1560,1606,1758762188.1040416
1582,1536,1560,1606,1758762188.1058185
1559,1570,1583,1572,1758762188.108492
1559,1570,1583,1572,1758762188.1113389
1559,1570,1583,1572,1758762188.112076
1559,1570,1583,1572,1758762188.115986
1574,1551,1567,1591,1758762188.1178975
1565,1536,1576,1606,1758762188.1213343
1565,1536,1576,1606,1758762188.1246016
1565,1557,1577,1585,1758762188.1275775
1566,1512,1576,1630,1758762188.1300926
1565,1513,1577,1628,1758762188.1389651
1575,1530,1567,1612,1758762188.1416943
1575,1530,1567,1612,1758762188.1444154
1575,1530,1567,1612,1758762188.1464398
1575,1530,1567,1612,1758762188.1485949
1575,1530,1567,1612,1758762188.1496809
1575,1530,1567,1612,1758762188.1509652
1575,1530,1567,1612,1758762188.1579208
1575,1530,1567,1612,1758762188.1600423
1565,1554,1576,1588,1758762188.1636631
1565,1554,1576,1588,1758762188.1683123
1549,1581,1593,1561,1758762188.179216
1565,1555,1577,1587,1758762188.1843145
1564,1550,1578,1591,1758762188.1949213
1564,1550,1578,1591,1758762188.1993806
1563,1549,1578,1593,1758762188.2068813
1528,1520,1614,1622,1758762188.2123373
1636,1527,1506,1615,1758762188.2145908
1636,1527,1506,1615,1758762188.2162654
1636,1527,1506,1615,1758762188.217008
1636,1527,1506,1615,1758762188.2187898
1636,1527,1506,1615,1758762188.2201416
1636,1527,1506,1615,1758762188.2215724
1636,1527,1506,1615,1758762188.2227304
1636,1527,1506,1615,1758762188.224986
1636,1527,1506,1615,1758762188.227838
1565,1547,1577,1595,1758762188.2298098
1565,1547,1577,1595,1758762188.230866
1565,1547,1577,1595,1758762188.2320976
1565,1547,1577,1595,1758762188.2348895
1535,1565,1607,1577,1758762188.2361584
1535,1565,1607,1577,1758762188.2378633
1535,1565,1607,1577,1758762188.23915
1535,1565,1607,1577,1758762188.241085
1565,1537,1577,1605,1758762188.243437
1581,1547,1560,1595,1758762188.246397
1592,1544,1549,1598,1758762188.2478106
1592,1544,1549,1598,1758762188.2508512
1565,1547,1577,1595,1758762188.2548468
1562,1506,1580,1636,1758762188.2593586
1582,1558,1560,1584,1758762188.263127
1566,1546,1576,1595,1758762188.2658255
1567,1545,1575,1597,1758762188.2734272
1575,1576,1567,1566,1758762188.2780085
1566,1553,1576,1589,1758762188.28304
1544,1558,1598,1584,1758762188.285957
1565,1549,1577,1593,1758762188.288057
1565,1549,1577,1593,1758762188.2910883
1588,1544,1554,1597,1758762188.2946217
1543,1542,1599,1599,1758762188.296663
1543,1542,1599,1599,1758762188.298912
1543,1542,1599,1599,1758762188.3037753
1566,1547,1575,1595,1758762188.3097663
1594,1587,1548,1555,1758762188.3135056
1571,1556,1570,1586,1758762188.31795
1566,1557,1576,1585,1758762188.321972
1568,1512,1573,1630,1758762188.3256953
1552,1561,1590,1581,1758762188.3298955
1610,1562,1532,1580,1758762188.3314512
1610,1562,1532,1580,1758762188.3332105
1568,1518,1574,1624,1758762188.335425
1568,1518,1574,1624,1758762188.3366218
1568,1518,1574,1624,1758762188.338395
1560,1555,1582,1587,1758762188.341424
1560,1555,1582,1587,1758762188.345856
1567,1548,1575,1594,1758762188.3492608
1567,1548,1575,1594,1758762188.350602
1567,1548,1575,1594,1758762188.3524077
1588,1599,1554,1543,1758762188.354882
1594,1517,1548,1625,1758762188.3574345
1568,1548,1574,1594,1758762188.3586898
1568,1548,1574,1594,1758762188.3605163
1568,1548,1574,1594,1758762188.3619504
1568,1548,1574,1594,1758762188.363474
1568,1548,1574,1594,1758762188.366175
1568,1548,1574,1594,1758762188.3681495
1568,1548,1574,1594,1758762188.3697505
1568,1548,1574,1594,1758762188.3715694
1568,1548,1574,1594,1758762188.3730164
1568,1548,1574,1594,1758762188.3742516
1568,1548,1574,1594,1758762188.3758397
1568,1548,1574,1594,1758762188.3783717
1568,1548,1574,1594,1758762188.3816986
1574,1546,1568,1596,1758762188.3859386
1628,1457,1514,1685,1758762188.3884282
1628,1457,1514,1685,1758762188.3898296
1628,1457,1514,1685,1758762188.391723
1628,1457,1514,1685,1758762188.3933733
1569,1547,1573,1595,1758762188.397344
1569,1547,1573,1595,1758762188.3991697
1569,1547,1573,1595,1758762188.404754
1574,1533,1568,1609,1758762188.4077826
1574,1533,1568,1609,1758762188.4113505
1560,1531,1581,1611,1758762188.417905
1570,1545,1572,1597,1758762188.4196198
1570,1545,1572,1597,1758762188.4220145
1570,1545,1572,1597,1758762188.4258022
1578,1520,1564,1622,1758762188.4287517
1578,1520,1564,1622,1758762188.4307554
1578,1520,1564,1622,1758762188.43286
1578,1520,1564,1622,1758762188.4335592
1570,1545,1572,1597,1758762188.4374444
1595,1525,1547,1616,1758762188.4413664
1552,1562,1589,1580,1758762188.445148
1570,1546,1572,1596,1758762188.447286
1570,1546,1572,1596,1758762188.4491365
1570,1546,1572,1596,1758762188.4531467
1570,1546,1572,1596,1758762188.454106
1570,1546,1572,1596,1758762188.4555595
1570,1546,1572,1596,1758762188.457528
1570,1546,1572,1596,1758762188.4614778
1542,1569,1600,1573,1758762188.463284
1569,1547,1573,1595,1758762188.4646482
1569,1547,1573,1595,1758762188.4667692
1569,1547,1573,1595,1758762188.4695065
1569,1547,1573,1595,1758762188.4707987
1569,1547,1573,1595,1758762188.4729877
1569,1547,1573,1595,1758762188.475962
1569,1547,1573,1595,1758762188.477851
1633,1565,1509,1577,1758762188.4792013
1633,1565,1509,1577,1758762188.48003
1633,1565,1509,1577,1758762188.480751
1633,1565,1509,1577,1758762188.481549
1556,1541,1586,1601,1758762188.4830637
1570,1547,1571,1595,1758762188.4839182
1570,1547,1571,1595,1758762188.4864533
1570,1547,1571,1595,1758762188.487273
1570,1547,1571,1595,1758762188.4880192
1570,1547,1571,1595,1758762188.4887896
1570,1547,1571,1595,1758762188.4895308
1570,1547,1571,1595,1758762188.4903865
1570,1547,1571,1595,1758762188.4911888
1590,1555,1552,1587,1758762188.4919777
1590,1555,1552,1587,1758762188.492861
1590,1555,1552,1587,1758762188.4935884
1590,1555,1552,1587,1758762188.4947834
1590,1555,1552,1587,1758762188.4969668
1590,1555,1552,1587,1758762188.49786
1569,1557,1573,1584,1758762188.4986022
1571,1548,1571,1594,1758762188.4999847
1571,1548,1571,1594,1758762188.5028248
1571,1548,1571,1594,1758762188.5042312
1571,1548,1571,1594,1758762188.50896
1571,1548,1571,1594,1758762188.5112443
1549,1530,1593,1611,1758762188.514578
1549,1530,1593,1611,1758762188.5204103
1549,1530,1593,1611,1758762188.5274844
1581,1577,1561,1565,1758762188.5283167
1581,1577,1561,1565,1758762188.5292025
1581,1577,1561,1565,1758762188.530006
1593,1533,1549,1609,1758762188.5309849
1593,1533,1549,1609,1758762188.5317037
1593,1533,1549,1609,1758762188.532462
1593,1533,1549,1609,1758762188.5337644
1593,1533,1549,1609,1758762188.5351744
1593,1533,1549,1609,1758762188.5368693
1593,1533,1549,1609,1758762188.5391462
1593,1533,1549,1609,1758762188.541125
1593,1533,1549,1609,1758762188.5422077
1593,1533,1549,1609,1758762188.546665
1573,1547,1569,1595,1758762188.5482802
1573,1547,1569,1595,1758762188.5510268
1573,1547,1569,1595,1758762188.5517488
1573,1547,1569,1595,1758762188.5534608
1573,1547,1569,1595,1758762188.5546796
1573,1547,1569,1595,1758762188.5579472
1573,1547,1569,1595,1758762188.5595076
1573,1547,1569,1595,1758762188.560205
1573,1547,1569,1595,1758762188.5622833
1581,1534,1561,1608,1758762188.5649304
1581,1534,1561,1608,1758762188.5667295
1573,1547,1569,1595,1758762188.568831
1573,1547,1569,1595,1758762188.572042
1589,1595,1553,1547,1758762188.575461
1532,1568,1610,1574,1758762188.5791752
1572,1548,1569,1594,1758762188.5846996
1578,1508,1564,1634,1758762188.5881996
1594,1556,1548,1585,1758762188.5914078
1568,1585,1574,1557,1758762188.5932832
1634,1519,1508,1623,1758762188.595039
1634,1519,1508,1623,1758762188.598051
1574,1547,1567,1595,1758762188.5998816
1574,1547,1567,1595,1758762188.6019614
1543,1552,1598,1590,1758762188.6058905
1574,1547,1568,1594,1758762188.608741
1574,1547,1568,1594,1758762188.6109512
1556,1579,1586,1563,1758762188.6205504
1591,1544,1551,1598,1758762188.6233778
1573,1548,1568,1594,1758762188.6266663
1593,1566,1549,1575,1758762188.63101
1603,1530,1539,1611,1758762188.6355956
1514,1575,1628,1567,1758762188.6393454
1573,1508,1569,1634,1758762188.6427398
1530,1553,1612,1589,1758762188.646969
1530,1553,1612,1589,1758762188.6499946
1530,1553,1612,1589,1758762188.6560955
1571,1580,1571,1562,1758762188.6600852
1501,1548,1641,1594,1758762188.6666255
1528,1550,1614,1592,1758762188.6699162
1528,1550,1614,1592,1758762188.673081
1542,1540,1600,1602,1758762188.674176
1542,1540,1600,1602,1758762188.676085
1542,1540,1600,1602,1758762188.6793237
1570,1549,1571,1593,1758762188.680266
1570,1549,1571,1593,1758762188.6809404
1570,1549,1571,1593,1758762188.681646
1570,1549,1571,1593,1758762188.6839943
1570,1549,1571,1593,1758762188.6847906
1570,1549,1571,1593,1758762188.6860917
1570,1549,1571,1593,1758762188.6873636
1570,1549,1571,1593,1758762188.6900806
1570,1549,1571,1593,1758762188.691023
1570,1547,1572,1594,1758762188.6917374
1570,1547,1572,1594,1758762188.6945288
1570,1547,1572,1594,1758762188.6954796
1570,1547,1572,1594,1758762188.6964934
1570,1547,1572,1594,1758762188.6972802
1570,1547,1572,1594,1758762188.698606
1570,1547,1572,1594,1758762188.6993935
1570,1547,1572,1594,1758762188.700656
1570,1547,1572,1594,1758762188.7015705
1570,1547,1572,1594,1758762188.7023215
1570,1547,1572,1594,1758762188.7036304
1570,1547,1572,1594,1758762188.7050169
1570,1547,1572,1594,1758762188.7058887
1570,1547,1572,1594,1758762188.706785
1570,1547,1572,1594,1758762188.7075384
1570,1547,1572,1594,1758762188.7086143
1570,1547,1572,1594,1758762188.710179
1570,1547,1572,1594,1758762188.711059
1571,1548,1571,1594,1758762188.7123148
1571,1548,1571,1594,1758762188.7133396
1571,1548,1571,1594,1758762188.7145717
1571,1548,1571,1594,1758762188.7160249
1571,1548,1571,1594,1758762188.7168176
1571,1548,1571,1594,1758762188.7176116
1571,1548,1571,1594,1758762188.7183206
1571,1548,1571,1594,1758762188.719011
1571,1548,1571,1594,1758762188.7197068
1571,1548,1571,1594,1758762188.7226143
1571,1548,1571,1594,1758762188.7234423
1571,1548,1571,1594,1758762188.7250657
1571,1548,1571,1594,1758762188.7258334
1571,1548,1571,1594,1758762188.72658
1571,1548,1571,1594,1758762188.727274
1571,1548,1571,1594,1758762188.7296598
1571,1548,1571,1594,1758762188.7312417
1571,1548,1571,1594,1758762188.7339413
1571,1548,1571,1594,1758762188.7367406
1571,1548,1571,1594,1758762188.738131
1571,1548,1571,1594,1758762188.740271
1571,1548,1571,1594,1758762188.7410998
1571,1548,1571,1594,1758762188.7422082
1571,1548,1571,1594,1758762188.7432194
1571,1548,1571,1594,1758762188.7446806
1571,1548,1571,1594,1758762188.745745
1571,1548,1571,1594,1758762188.7466664
1571,1548,1571,1594,1758762188.74761
1571,1548,1571,1594,1758762188.7483845
1571,1548,1571,1594,1758762188.7493265
1571,1548,1571,1594,1758762188.7501256
1571,1548,1571,1594,1758762188.7510357
1571,1548,1571,1594,1758762188.7518475
1571,1548,1571,1594,1758762188.75261
1571,1548,1571,1594,1758762188.7533882
1571,1548,1571,1594,1758762188.7548387
1571,1548,1571,1594,1758762188.756044
1571,1548,1571,1594,1758762188.7569602
1571,1548,1571,1594,1758762188.757914
1508,1625,1634,1517,1758762188.7588625
1508,1625,1634,1517,1758762188.7603145
1508,1625,1634,1517,1758762188.7611032
1508,1625,1634,1517,1758762188.7633047
1571,1549,1571,1593,1758762188.764351
1571,1549,1571,1593,1758762188.7652853
1571,1549,1571,1593,1758762188.766457
1571,1549,1571,1593,1758762188.7673635
1571,1549,1571,1593,1758762188.768144
1571,1549,1571,1593,1758762188.7690852
1571,1549,1571,1593,1758762188.769853
1571,1549,1571,1593,1758762188.77108
1571,1549,1571,1593,1758762188.7718256
1571,1549,1571,1593,1758762188.7726786
1571,1549,1571,1593,1758762188.7734764
1571,1549,1571,1593,1758762188.7742984
1571,1549,1571,1593,1758762188.7751622
1571,1549,1571,1593,1758762188.7758293
1583,1563,1559,1579,1758762188.7771752
1583,1563,1559,1579,1758762188.778159
1583,1563,1559,1579,1758762188.779796
1583,1563,1559,1579,1758762188.7805936
1583,1563,1559,1579,1758762188.7814555
1583,1563,1559,1579,1758762188.782313
1583,1563,1559,1579,1758762188.7840295
1583,1563,1559,1579,1758762188.7846558
1583,1563,1559,1579,1758762188.785256
1583,1563,1559,1579,1758762188.785951
1583,1563,1559,1579,1758762188.7885747
1583,1563,1559,1579,1758762188.7900827
1576,1562,1566,1580,1758762188.7910569
1576,1562,1566,1580,1758762188.7936077
1576,1562,1566,1580,1758762188.7960758
1576,1562,1566,1580,1758762188.797349
1576,1562,1566,1580,1758762188.7982233
1576,1562,1566,1580,1758762188.799441
1576,1562,1566,1580,1758762188.8012466
1576,1562,1566,1580,1758762188.8020642
1576,1562,1566,1580,1758762188.803835
1573,1537,1569,1605,1758762188.8046682
1573,1537,1569,1605,1758762188.8053842
1573,1537,1569,1605,1758762188.8061984
1573,1537,1569,1605,1758762188.807553
1573,1537,1569,1605,1758762188.8083732
1573,1537,1569,1605,1758762188.809137
1573,1537,1569,1605,1758762188.8099475
1573,1537,1569,1605,1758762188.810796
1573,1537,1569,1605,1758762188.811573
1573,1537,1569,1605,1758762188.812292
1573,1537,1569,1605,1758762188.8141994
1573,1537,1569,1605,1758762188.8153536
1572,1550,1570,1592,1758762188.816636
1572,1550,1570,1592,1758762188.817451
1572,1550,1570,1592,1758762188.8188534
1572,1550,1570,1592,1758762188.8197632
1572,1550,1570,1592,1758762188.8205476
1572,1550,1570,1592,1758762188.8217964
1572,1550,1570,1592,1758762188.8229208
1572,1550,1570,1592,1758762188.8236666
1572,1550,1570,1592,1758762188.8245258
1572,1550,1570,1592,1758762188.8257265
1572,1550,1570,1592,1758762188.826543
1572,1550,1570,1592,1758762188.8273015
1572,1550,1570,1592,1758762188.828112
1572,1550,1570,1592,1758762188.8290043
1572,1550,1570,1592,1758762188.8296793
1572,1550,1570,1592,1758762188.8304417
1572,1550,1570,1592,1758762188.8312445
1572,1550,1570,1592,1758762188.832012
1572,1550,1570,1592,1758762188.8330443
1573,1550,1569,1592,1758762188.8339014
1573,1550,1569,1592,1758762188.8346093
1530,1605,1612,1537,1758762188.8355377
1530,1605,1612,1537,1758762188.836387
1530,1605,1612,1537,1758762188.837682
1530,1605,1612,1537,1758762188.8384254
1530,1605,1612,1537,1758762188.8391938
1530,1605,1612,1537,1758762188.8403692
1530,1605,1612,1537,1758762188.8415008
1530,1605,1612,1537,1758762188.8435698
1572,1552,1570,1590,1758762188.8445437
1572,1552,1570,1590,1758762188.8453767
1572,1552,1570,1590,1758762188.8462424
1572,1552,1570,1590,1758762188.847093
1572,1552,1570,1590,1758762188.8480558
1572,1552,1570,1590,1758762188.8496394
1572,1552,1570,1590,1758762188.8509195
1572,1552,1570,1590,1758762188.8519795
1572,1552,1570,1590,1758762188.8527982
1572,1552,1570,1590,1758762188.8534892
1572,1552,1570,1590,1758762188.854154
1572,1552,1570,1590,1758762188.854995
1572,1552,1570,1590,1758762188.8558328
1572,1552,1570,1590,1758762188.8574054
1572,1552,1570,1590,1758762188.858114
1572,1552,1570,1590,1758762188.8594313
1572,1552,1570,1590,1758762188.861066
1572,1552,1570,1590,1758762188.8620412
1572,1552,1570,1590,1758762188.862832
1570,1553,1571,1589,1758762188.8636832
1570,1553,1571,1589,1758762188.8644404
1570,1553,1571,1589,1758762188.8651812
1570,1553,1571,1589,1758762188.8678565
1570,1553,1571,1589,1758762188.8686476
1570,1553,1571,1589,1758762188.869388
1570,1553,1571,1589,1758762188.8702564
1570,1553,1571,1589,1758762188.8710425
1570,1553,1571,1589,1758762188.8718004
1570,1553,1571,1589,1758762188.8739576
1570,1553,1571,1589,1758762188.875029
1570,1553,1571,1589,1758762188.8759172
1570,1553,1571,1589,1758762188.8766975
1570,1553,1571,1589,1758762188.877494
1570,1553,1571,1589,1758762188.8786862
1570,1553,1571,1589,1758762188.879537
1544,1586,1598,1555,1758762188.8802364
1544,1586,1598,1555,1758762188.8809736
1544,1586,1598,1555,1758762188.8818257
1544,1586,1598,1555,1758762188.8830338
1544,1586,1598,1555,1758762188.883899
1544,1586,1598,1555,1758762188.884544
1544,1586,1598,1555,1758762188.8852358
1544,1586,1598,1555,1758762188.8859296
1544,1586,1598,1555,1758762188.8866458
1544,1586,1598,1555,1758762188.8873355
1544,1586,1598,1555,1758762188.8898408
1544,1586,1598,1555,1758762188.8906872
1544,1586,1598,1555,1758762188.8920915
1544,1586,1598,1555,1758762188.8931105
1544,1586,1598,1555,1758762188.893996
1544,1586,1598,1555,1758762188.8946464
1544,1586,1598,1555,1758762188.8952734
1544,1586,1598,1555,1758762188.895942
1568,1555,1574,1587,1758762188.8970306
1568,1555,1574,1587,1758762188.8982384
1568,1555,1574,1587,1758762188.898971
1568,1555,1574,1587,1758762188.8998573
1568,1555,1574,1587,1758762188.900722
1568,1555,1574,1587,1758762188.9015577
1568,1555,1574,1587,1758762188.9023776
1568,1555,1574,1587,1758762188.9031613
1568,1555,1574,1587,1758762188.9038863
1568,1555,1574,1587,1758762188.9052937
1568,1555,1574,1587,1758762188.9062753
1568,1555,1574,1587,1758762188.9086432
1568,1555,1574,1587,1758762188.9106247
1568,1556,1574,1586,1758762188.9114892
1568,1556,1574,1586,1758762188.9123232
1568,1556,1574,1586,1758762188.9136617
1559,1546,1583,1596,1758762188.9146297
1559,1546,1583,1596,1758762188.915556
1559,1546,1583,1596,1758762188.9163687
1559,1546,1583,1596,1758762188.9245186
1559,1546,1583,1596,1758762188.926257
1559,1546,1583,1596,1758762188.9278016
1559,1546,1583,1596,1758762188.928654
1559,1546,1583,1596,1758762188.9301443
1559,1546,1583,1596,1758762188.9310553
1566,1555,1576,1587,1758762188.931956
1566,1555,1576,1587,1758762188.933804
1566,1555,1576,1587,1758762188.9346595
1566,1555,1576,1587,1758762188.9409182
1566,1555,1576,1587,1758762188.9435103
1566,1555,1576,1587,1758762188.9442236
1566,1555,1576,1587,1758762188.948735
1566,1555,1576,1587,1758762188.9499457
1566,1555,1576,1587,1758762188.951856
1566,1555,1576,1587,1758762188.956
1566,1555,1576,1587,1758762188.957403
1566,1555,1576,1587,1758762188.9588568
1566,1555,1576,1587,1758762188.9609568
1566,1555,1576,1587,1758762188.9642923
1562,1544,1580,1598,1758762188.966395
1562,1544,1580,1598,1758762188.967173
1562,1544,1580,1598,1758762188.970291
1546,1544,1596,1598,1758762188.9717193
1546,1544,1596,1598,1758762188.972472
1546,1544,1596,1598,1758762188.9754872
1546,1544,1596,1598,1758762188.9763312
1546,1544,1596,1598,1758762188.9771535
1546,1544,1596,1598,1758762188.9783015
1546,1544,1596,1598,1758762188.9808495
1566,1551,1576,1590,1758762188.9818935
1566,1551,1576,1590,1758762188.983183
1566,1551,1576,1590,1758762188.9843009
1566,1551,1576,1590,1758762188.9860282
1526,1500,1616,1642,1758762188.9869528
1526,1500,1616,1642,1758762188.9883397
1526,1500,1616,1642,1758762188.9890358
1526,1500,1616,1642,1758762188.9919832
1526,1500,1616,1642,1758762188.9935195
1526,1500,1616,1642,1758762188.994293
1526,1500,1616,1642,1758762188.996349
1526,1500,1616,1642,1758762188.9976504
1526,1500,1616,1642,1758762188.9983792
1526,1500,1616,1642,1758762188.9999554
1526,1500,1616,1642,1758762189.0008526
1526,1500,1616,1642,1758762189.0016596
1526,1500,1616,1642,1758762189.0023923
1526,1500,1616,1642,1758762189.00334
1526,1500,1616,1642,1758762189.0048015
1541,1526,1601,1616,1758762189.0056715
1541,1526,1601,1616,1758762189.009677
1564,1549,1577,1593,1758762189.0110445
1564,1549,1577,1593,1758762189.0154018
1591,1506,1551,1636,1758762189.0169008
1591,1506,1551,1636,1758762189.02045
1566,1547,1576,1595,1758762189.021373
1566,1547,1576,1595,1758762189.0237246
1579,1531,1563,1611,1758762189.02629
1579,1531,1563,1611,1758762189.0278208
1579,1531,1563,1611,1758762189.0294373
1579,1531,1563,1611,1758762189.0302625
1579,1531,1563,1611,1758762189.0314493
1579,1531,1563,1611,1758762189.0327325
1579,1531,1563,1611,1758762189.0339196
1579,1531,1563,1611,1758762189.0356278
1566,1546,1576,1596,1758762189.0382197
1566,1546,1576,1596,1758762189.039576
1566,1546,1576,1596,1758762189.040789
1566,1546,1576,1596,1758762189.0415368
1580,1529,1562,1613,1758762189.0448918
1575,1525,1567,1617,1758762189.0463626
1575,1525,1567,1617,1758762189.0472035
1575,1525,1567,1617,1758762189.048377
1575,1525,1567,1617,1758762189.0497117
1575,1525,1567,1617,1758762189.0524244
1575,1525,1567,1617,1758762189.0536923
1575,1525,1567,1617,1758762189.0557845
1567,1554,1575,1588,1758762189.056624
1567,1554,1575,1588,1758762189.0593164
1567,1545,1575,1597,1758762189.0602295
1567,1545,1575,1597,1758762189.064778
1567,1545,1575,1597,1758762189.066674
1567,1545,1575,1597,1758762189.0674367
1567,1545,1575,1597,1758762189.0688722
1567,1545,1575,1597,1758762189.069704
1567,1545,1575,1597,1758762189.0709977
1567,1545,1575,1597,1758762189.072
1567,1545,1575,1597,1758762189.0735765
1567,1545,1575,1597,1758762189.0757434
1567,1545,1575,1597,1758762189.076677
1567,1545,1575,1597,1758762189.0774586
1567,1545,1575,1597,1758762189.078929
1567,1545,1575,1597,1758762189.079739
1567,1545,1575,1597,1758762189.0804002
1567,1545,1575,1597,1758762189.0844195
1569,1548,1573,1594,1758762189.0858254
1567,1546,1575,1596,1758762189.0888336
1567,1546,1575,1596,1758762189.0907662
1588,1563,1554,1579,1758762189.0935223
1568,1546,1574,1596,1758762189.0983143
1570,1555,1572,1586,1758762189.1026978
1568,1546,1574,1596,1758762189.1068454
1554,1592,1588,1549,1758762189.1093595
1554,1592,1588,1549,1758762189.1100414
1554,1592,1588,1549,1758762189.1146064
1553,1569,1589,1573,1758762189.1181252
1567,1548,1575,1593,1758762189.118914
1571,1591,1571,1550,1758762189.120759
1571,1591,1571,1550,1758762189.125569
1567,1549,1575,1592,1758762189.1296906
1567,1549,1575,1592,1758762189.1305318
1567,1549,1575,1592,1758762189.13902
1567,1549,1575,1592,1758762189.1413105
1566,1552,1576,1590,1758762189.1460135
1555,1519,1587,1623,1758762189.147145
1555,1519,1587,1623,1758762189.151914
1579,1509,1563,1633,1758762189.1567123
1565,1535,1577,1607,1758762189.157801
1535,1581,1607,1561,1758762189.162259
1535,1581,1607,1561,1758762189.163732
1535,1581,1607,1561,1758762189.1660192
1535,1581,1607,1561,1758762189.167282
1566,1550,1576,1592,1758762189.1720004
1566,1550,1576,1592,1758762189.1733756
1566,1550,1576,1592,1758762189.174252
1566,1550,1576,1592,1758762189.1766562
1566,1550,1576,1592,1758762189.1784537
1566,1550,1576,1592,1758762189.179811
1566,1550,1576,1592,1758762189.1815624
1565,1550,1577,1592,1758762189.183427
1565,1550,1577,1592,1758762189.1856046
1565,1550,1577,1592,1758762189.1863878
1565,1550,1577,1592,1758762189.187173
1565,1550,1577,1592,1758762189.1883905
1565,1550,1577,1592,1758762189.1895137
1565,1550,1577,1592,1758762189.191478
1565,1550,1577,1592,1758762189.1922622
1565,1550,1577,1592,1758762189.193529
1565,1550,1577,1592,1758762189.1944406
1565,1550,1577,1592,1758762189.196251
1565,1550,1577,1592,1758762189.1969633
1565,1550,1577,1592,1758762189.1988094
1565,1550,1577,1592,1758762189.1999323
1565,1550,1577,1592,1758762189.2031858
1571,1569,1571,1572,1758762189.204119
1571,1569,1571,1572,1758762189.204967
1571,1569,1571,1572,1758762189.2063744
1571,1569,1571,1572,1758762189.2074597
1555,1552,1587,1589,1758762189.208433
1555,1552,1587,1589,1758762189.2112832
1555,1552,1587,1589,1758762189.2129805
1555,1552,1587,1589,1758762189.2138448
1570,1540,1571,1601,1758762189.2152324
1570,1540,1571,1601,1758762189.2178197
1570,1540,1571,1601,1758762189.2202573
1570,1540,1571,1601,1758762189.221704
1570,1540,1571,1601,1758762189.224432
1570,1540,1571,1601,1758762189.2255485
1564,1551,1578,1591,1758762189.2279508
1564,1551,1578,1591,1758762189.229082
1564,1551,1578,1591,1758762189.2302706
1564,1551,1578,1591,1758762189.2317114
1564,1551,1578,1591,1758762189.2336423
1564,1551,1578,1591,1758762189.2359097
1564,1551,1578,1591,1758762189.2382157
1564,1551,1578,1591,1758762189.2410817
1564,1551,1578,1591,1758762189.244001
1564,1551,1578,1591,1758762189.2455263
1564,1551,1578,1591,1758762189.247383
1564,1551,1578,1591,1758762189.248597
1564,1551,1578,1591,1758762189.2501135
1564,1551,1578,1591,1758762189.2517643
1564,1551,1578,1591,1758762189.2527869
1564,1551,1578,1591,1758762189.253665
1564,1551,1578,1591,1758762189.2562144
1583,1552,1559,1590,1758762189.2585664
1583,1552,1559,1590,1758762189.2593548
1583,1552,1559,1590,1758762189.260424
1565,1566,1576,1576,1758762189.262685
1565,1566,1576,1576,1758762189.2638412
1565,1566,1576,1576,1758762189.2654457
1565,1566,1576,1576,1758762189.2670329
1565,1566,1576,1576,1758762189.268758
1565,1566,1576,1576,1758762189.270177
1565,1566,1576,1576,1758762189.2718663
1565,1566,1576,1576,1758762189.2741666
1565,1551,1577,1591,1758762189.27519
1565,1551,1577,1591,1758762189.2779891
1565,1551,1577,1591,1758762189.2808034
1567,1571,1575,1571,1758762189.281772
1567,1571,1575,1571,1758762189.287128
1565,1552,1577,1590,1758762189.2908726
1565,1552,1577,1590,1758762189.2916715
1565,1552,1577,1590,1758762189.2956908
1565,1552,1577,1590,1758762189.2966323
1565,1552,1577,1590,1758762189.2974002
1565,1552,1577,1590,1758762189.298189
1565,1552,1577,1590,1758762189.298912
1565,1552,1577,1590,1758762189.2997515
1565,1552,1577,1590,1758762189.300691
1565,1552,1577,1590,1758762189.303925
1572,1571,1570,1571,1758762189.311735
1572,1571,1570,1571,1758762189.3174992
1572,1571,1570,1571,1758762189.3253522
1578,1531,1564,1611,1758762189.3270683
1578,1531,1564,1611,1758762189.3300152
1565,1548,1576,1593,1758762189.3340166
1565,1548,1576,1593,1758762189.3347757
1565,1548,1576,1593,1758762189.3356452
1566,1548,1576,1594,1758762189.3384738
1566,1548,1576,1594,1758762189.340261
1605,1498,1536,1644,1758762189.3430347
1605,1498,1536,1644,1758762189.3437817
1605,1498,1536,1644,1758762189.3445072
1605,1498,1536,1644,1758762189.346093
1552,1553,1589,1589,1758762189.3541095
1552,1553,1589,1589,1758762189.359054
1595,1530,1546,1612,1758762189.3601575
1595,1530,1546,1612,1758762189.3610497
1556,1546,1585,1596,1758762189.3671794
1578,1564,1564,1577,1758762189.3687427
1578,1564,1564,1577,1758762189.3695676
1578,1564,1564,1577,1758762189.3703668
1578,1564,1564,1577,1758762189.375618
1581,1480,1561,1662,1758762189.37976
1581,1480,1561,1662,1758762189.3829226
1581,1480,1561,1662,1758762189.3873065
1581,1480,1561,1662,1758762189.3881063
1581,1480,1561,1662,1758762189.3909364
1581,1480,1561,1662,1758762189.3916223
1581,1480,1561,1662,1758762189.3925922
1567,1545,1575,1597,1758762189.3971534
1580,1553,1562,1589,1758762189.3999584
1565,1541,1577,1601,1758762189.4055407
1565,1541,1577,1601,1758762189.4119313
1553,1575,1589,1567,1758762189.4143088
1553,1575,1589,1567,1758762189.4188442
1568,1544,1574,1598,1758762189.4197388
1568,1544,1574,1598,1758762189.4212437
1568,1544,1574,1598,1758762189.421929
1568,1544,1574,1598,1758762189.4270794
1572,1504,1570,1638,1758762189.4279
1572,1504,1570,1638,1758762189.4286747
1572,1504,1570,1638,1758762189.4325812
1568,1543,1574,1599,1758762189.436807
1573,1587,1569,1555,1758762189.4394486
1573,1587,1569,1555,1758762189.446011
1571,1544,1570,1598,1758762189.4467933
1571,1544,1570,1598,1758762189.4476397
1571,1544,1570,1598,1758762189.4484987
1571,1544,1570,1598,1758762189.451295
1571,1544,1570,1598,1758762189.4545944
1568,1543,1574,1599,1758762189.460196
1568,1543,1574,1599,1758762189.466417
1552,1466,1590,1675,1758762189.467406
1552,1466,1590,1675,1758762189.4682229
1552,1466,1590,1675,1758762189.4691074
1552,1466,1590,1675,1758762189.469792
1552,1466,1590,1675,1758762189.47643
1606,1522,1536,1620,1758762189.4842055
1550,1563,1592,1579,1758762189.4877374
1550,1563,1592,1579,1758762189.4887836
1550,1563,1592,1579,1758762189.4922774
1563,1527,1579,1614,1758762189.4960043
1563,1527,1579,1614,1758762189.4969473
1563,1527,1579,1614,1758762189.4977007
1563,1527,1579,1614,1758762189.4985418
1568,1542,1574,1600,1758762189.5023224
1572,1520,1570,1622,1758762189.5104213
1568,1541,1574,1601,1758762189.5154886
1579,1538,1562,1604,1758762189.519147
1568,1540,1573,1601,1758762189.5238075
1568,1540,1573,1601,1758762189.5279384
1587,1517,1555,1625,1758762189.5336409
1551,1554,1591,1587,1758762189.534909
1569,1540,1573,1602,1758762189.5383444
1569,1540,1573,1602,1758762189.5415156
1570,1525,1572,1617,1758762189.5431335
1570,1525,1572,1617,1758762189.5457194
1569,1540,1573,1602,1758762189.5494592
1569,1540,1573,1602,1758762189.553266
1569,1540,1573,1602,1758762189.5574355
1569,1540,1573,1602,1758762189.5611706
1569,1540,1573,1602,1758762189.5690768
1569,1539,1573,1603,1758762189.5702722
1569,1539,1573,1603,1758762189.5735817
1571,1513,1571,1629,1758762189.5768082
1571,1513,1571,1629,1758762189.5776074
1571,1513,1571,1629,1758762189.583947
1569,1538,1573,1603,1758762189.587367
1569,1538,1573,1603,1758762189.5880463
1580,1526,1562,1616,1758762189.5930853
1592,1517,1550,1625,1758762189.5944407
1592,1517,1550,1625,1758762189.5973544
1592,1517,1550,1625,1758762189.6004422
1592,1517,1550,1625,1758762189.601729
1592,1517,1550,1625,1758762189.6050274
1592,1517,1550,1625,1758762189.6057894
1592,1517,1550,1625,1758762189.6104026
1570,1536,1572,1606,1758762189.6112738
1570,1536,1572,1606,1758762189.6147394
1570,1536,1572,1606,1758762189.615629
1570,1536,1572,1606,1758762189.6238327
1571,1535,1571,1607,1758762189.6264586
1571,1535,1571,1607,1758762189.6297903
1571,1535,1571,1607,1758762189.6347637
1571,1535,1571,1607,1758762189.637764
1571,1535,1571,1607,1758762189.642882
1575,1538,1567,1604,1758762189.6441383
1575,1538,1567,1604,1758762189.6472225
1575,1538,1567,1604,1758762189.6484463
1575,1538,1567,1604,1758762189.6498666
1575,1538,1567,1604,1758762189.6518517
1571,1535,1571,1607,1758762189.6547816
1571,1535,1571,1607,1758762189.657539
1571,1535,1571,1607,1758762189.6583502
1571,1535,1571,1607,1758762189.6593246
1571,1535,1571,1607,1758762189.6601217
1571,1535,1571,1607,1758762189.661268
1571,1535,1571,1607,1758762189.6622603
1571,1535,1571,1607,1758762189.6638856
1571,1535,1571,1607,1758762189.664565
1571,1535,1571,1607,1758762189.6653986
1571,1535,1571,1607,1758762189.669984
1573,1546,1569,1596,1758762189.6713965
1573,1546,1569,1596,1758762189.6721966
1573,1546,1569,1596,1758762189.673273
1573,1546,1569,1596,1758762189.6755004
1573,1546,1569,1596,1758762189.6764004
1573,1546,1569,1596,1758762189.6782205
1573,1546,1569,1596,1758762189.6791155
1573,1546,1569,1596,1758762189.6808996
1573,1546,1569,1596,1758762189.6821709
1573,1546,1569,1596,1758762189.6844835
1573,1537,1569,1605,1758762189.6865916
1573,1537,1569,1605,1758762189.6876645
1573,1537,1569,1605,1758762189.6886427
1573,1537,1569,1605,1758762189.6900532
1573,1537,1569,1605,1758762189.6909747
1573,1537,1569,1605,1758762189.6943953
1573,1537,1569,1605,1758762189.6964197
1573,1537,1569,1605,1758762189.6980507
1573,1537,1569,1605,1758762189.70058
1573,1537,1569,1605,1758762189.7042575
1573,1537,1569,1605,1758762189.7052803
1573,1537,1569,1605,1758762189.7070372
1573,1537,1569,1605,1758762189.709355
1584,1519,1558,1623,1758762189.7106657
1584,1519,1558,1623,1758762189.7136145
1584,1519,1558,1623,1758762189.7156506
1584,1519,1558,1623,1758762189.716678
1584,1519,1558,1623,1758762189.7184155
1584,1519,1558,1623,1758762189.719983
1584,1519,1558,1623,1758762189.7211275
1584,1519,1558,1623,1758762189.72457
1607,1529,1534,1612,1758762189.7277703
1607,1529,1534,1612,1758762189.730055
1607,1529,1534,1612,1758762189.7308505
1607,1529,1534,1612,1758762189.7322943
1607,1529,1534,1612,1758762189.7350135
1607,1529,1534,1612,1758762189.7360177
1607,1529,1534,1612,1758762189.7371836
1607,1529,1534,1612,1758762189.7379184
1607,1529,1534,1612,1758762189.7387097
1607,1529,1534,1612,1758762189.7396076
1607,1529,1534,1612,1758762189.7404563
1607,1529,1534,1612,1758762189.741203
1607,1529,1534,1612,1758762189.7419784
1607,1529,1534,1612,1758762189.7450826
1573,1538,1569,1604,1758762189.7504091
1561,1529,1581,1612,1758762189.7530973
1561,1529,1581,1612,1758762189.7540529
1561,1529,1581,1612,1758762189.7556744
1561,1529,1581,1612,1758762189.7568774
1561,1529,1581,1612,1758762189.7595332
1561,1529,1581,1612,1758762189.7605665
1561,1529,1581,1612,1758762189.7628603
1561,1529,1581,1612,1758762189.76508
1561,1529,1581,1612,1758762189.7668867
1560,1528,1582,1614,1758762189.7686057
1560,1528,1582,1614,1758762189.770052
1546,1546,1596,1596,1758762189.7716384
1546,1546,1596,1596,1758762189.7741342
1546,1546,1596,1596,1758762189.775561
1546,1546,1596,1596,1758762189.7763257
1546,1546,1596,1596,1758762189.7779918
1546,1546,1596,1596,1758762189.780084
1546,1546,1596,1596,1758762189.7815127
1546,1546,1596,1596,1758762189.783811
1569,1541,1573,1601,1758762189.7848947
1569,1541,1573,1601,1758762189.7862892
1569,1541,1573,1601,1758762189.7871575
1569,1541,1573,1601,1758762189.788296
1569,1541,1573,1601,1758762189.7889442
1569,1541,1573,1601,1758762189.7897973
1569,1541,1573,1601,1758762189.7910607
1569,1541,1573,1601,1758762189.7919545
1569,1541,1573,1601,1758762189.7928314
1569,1541,1573,1601,1758762189.7936132
1569,1541,1573,1601,1758762189.7967803
1570,1537,1572,1605,1758762189.798262
1570,1537,1572,1605,1758762189.7992
1570,1537,1572,1605,1758762189.8009956
1570,1537,1572,1605,1758762189.8031805
1570,1537,1572,1605,1758762189.8044338
1570,1537,1572,1605,1758762189.806281
1570,1537,1572,1605,1758762189.807279
1570,1537,1572,1605,1758762189.8083684
1570,1537,1572,1605,1758762189.8093069
1570,1537,1572,1605,1758762189.8100712
1570,1537,1572,1605,1758762189.8119397
1570,1537,1572,1605,1758762189.8154356
1570,1537,1572,1605,1758762189.8219678
1570,1537,1572,1605,1758762189.8304162
1570,1537,1572,1605,1758762189.8376565
1556,1507,1586,1635,1758762189.8405783
1562,1530,1580,1612,1758762189.8440018
1562,1530,1580,1612,1758762189.8465326
1565,1511,1577,1631,1758762189.848458
1565,1511,1577,1631,1758762189.8510177
1569,1535,1573,1607,1758762189.8529022
1590,1555,1552,1587,1758762189.8565354
1552,1534,1590,1608,1758762189.8605776
1564,1549,1578,1592,1758762189.863629
1569,1535,1573,1607,1758762189.8659732
1569,1535,1573,1607,1758762189.869094
1564,1546,1578,1596,1758762189.8720014
1568,1536,1573,1606,1758762189.8741176
1568,1536,1573,1606,1758762189.8766377
1596,1506,1546,1635,1758762189.8791802
1569,1535,1573,1607,1758762189.8818464
1569,1535,1573,1607,1758762189.884952
1569,1535,1573,1607,1758762189.8867395
1590,1521,1552,1621,1758762189.8895795
1590,1521,1552,1621,1758762189.8933656
1570,1534,1572,1607,1758762189.897317
1575,1536,1567,1606,1758762189.8997052
1575,1536,1567,1606,1758762189.905539
1583,1533,1559,1609,1758762189.909516
1550,1560,1592,1582,1758762189.9136753
1614,1495,1528,1647,1758762189.916789
1614,1495,1528,1647,1758762189.9215236
1566,1537,1576,1605,1758762189.9249866
1566,1537,1576,1605,1758762189.9295678
1569,1543,1573,1599,1758762189.93176
1569,1543,1573,1599,1758762189.93638
1580,1542,1562,1600,1758762189.9395385
1580,1542,1562,1600,1758762189.9414065
1580,1542,1562,1600,1758762189.944222
1580,1542,1562,1600,1758762189.947044
1570,1521,1572,1621,1758762189.950391
1570,1521,1572,1621,1758762189.9553397
1570,1521,1572,1621,1758762189.9574926
1570,1521,1572,1621,1758762189.9585764
1570,1521,1572,1621,1758762189.9598567
1570,1521,1572,1621,1758762189.9620066
1570,1521,1572,1621,1758762189.9637842
1570,1521,1572,1621,1758762189.96526
1570,1521,1572,1621,1758762189.9670312
1570,1521,1572,1621,1758762189.9699166
1570,1521,1572,1621,1758762189.9719095
1570,1521,1572,1621,1758762189.9734504
1570,1521,1572,1621,1758762189.9754477
1570,1521,1572,1621,1758762189.977609
1571,1515,1571,1627,1758762189.979283
1571,1515,1571,1627,1758762189.9806392
1571,1515,1571,1627,1758762189.981825
1571,1515,1571,1627,1758762189.9843388
1571,1515,1571,1627,1758762189.9857135
1571,1515,1571,1627,1758762189.9872625
1571,1515,1571,1627,1758762189.9893904
1571,1515,1571,1627,1758762189.9905612
1571,1515,1571,1627,1758762189.9939003
1571,1515,1571,1627,1758762189.997331
1571,1515,1571,1627,1758762190.0005283
1571,1515,1571,1627,1758762190.0037572
1571,1515,1571,1627,1758762190.004603
1572,1532,1570,1610,1758762190.0092845
1593,1501,1549,1641,1758762190.0146108
1593,1501,1549,1641,1758762190.0157337
1593,1501,1549,1641,1758762190.0191078
1572,1531,1570,1611,1758762190.0229683
1572,1531,1570,1611,1758762190.0271306
1572,1531,1570,1611,1758762190.033588
1488,1590,1654,1552,1758762190.0357552
1488,1590,1654,1552,1758762190.0372686
1488,1590,1654,1552,1758762190.0423555
1570,1532,1572,1610,1758762190.0476315
1570,1532,1572,1610,1758762190.0509975
1569,1532,1573,1610,1758762190.056574
1569,1532,1573,1610,1758762190.0596776
1571,1532,1571,1610,1758762190.0647092
1571,1532,1571,1610,1758762190.071267
1571,1532,1571,1610,1758762190.0750031
1569,1531,1573,1611,1758762190.0787635
1569,1531,1573,1611,1758762190.0822334
1599,1543,1543,1599,1758762190.0873413
1570,1532,1572,1610,1758762190.093624
1570,1532,1572,1610,1758762190.095721
1571,1532,1571,1610,1758762190.0970457
1571,1532,1571,1610,1758762190.1003137
1586,1532,1556,1610,1758762190.1042514
1582,1520,1560,1622,1758762190.105271
1582,1520,1560,1622,1758762190.1066666
1582,1520,1560,1622,1758762190.1117024
1572,1532,1570,1610,1758762190.1169276
1597,1523,1545,1619,1758762190.1206827
1573,1531,1569,1611,1758762190.125669
1583,1508,1559,1634,1758762190.12757
1583,1508,1559,1634,1758762190.132137
1588,1527,1554,1615,1758762190.1349115
1574,1530,1568,1612,1758762190.139183
1570,1553,1572,1589,1758762190.1424303
1572,1486,1570,1656,1758762190.1441164
1572,1486,1570,1656,1758762190.1470678
1574,1531,1568,1611,1758762190.147973
1574,1531,1568,1611,1758762190.1486423
1574,1531,1568,1611,1758762190.1507432
1574,1531,1568,1611,1758762190.1536083
1574,1531,1568,1611,1758762190.1545396
1574,1530,1568,1612,1758762190.1575816
1574,1547,1568,1595,1758762190.1584637
1574,1547,1568,1595,1758762190.1593828
1574,1547,1568,1595,1758762190.1654494
1596,1517,1546,1625,1758762190.1666522
1540,1530,1602,1612,1758762190.1675348
1540,1530,1602,1612,1758762190.1716597
1540,1530,1602,1612,1758762190.1780248
1578,1490,1564,1652,1758762190.179302
1573,1529,1568,1613,1758762190.1857512
1561,1516,1581,1626,1758762190.1906693
1578,1521,1564,1621,1758762190.19359
1609,1513,1533,1629,1758762190.1945102
1609,1513,1533,1629,1758762190.195343
1609,1513,1533,1629,1758762190.198152
1574,1527,1567,1615,1758762190.199513
1574,1527,1567,1615,1758762190.202319
1574,1527,1567,1615,1758762190.2062538
1545,1488,1597,1654,1758762190.207381
1574,1526,1568,1616,1758762190.2109966
1574,1526,1568,1616,1758762190.2147698
1590,1507,1552,1635,1758762190.218164
1574,1525,1568,1616,1758762190.223288
1571,1498,1571,1643,1758762190.2269416
1565,1545,1576,1597,1758762190.229069
1565,1545,1576,1597,1758762190.2305784
1565,1545,1576,1597,1758762190.2313545
1565,1545,1576,1597,1758762190.2322032
1565,1545,1576,1597,1758762190.2388985
1573,1525,1569,1617,1758762190.2422876
1573,1525,1569,1617,1758762190.2434893
1573,1525,1569,1617,1758762190.2469156
1536,1515,1606,1627,1758762190.2482526
1536,1515,1606,1627,1758762190.250768
1565,1499,1577,1643,1758762190.254116
1565,1499,1577,1643,1758762190.2553988
1571,1525,1570,1617,1758762190.258665
1571,1525,1570,1617,1758762190.2615304
1571,1525,1570,1617,1758762190.263567
1571,1525,1570,1617,1758762190.2666502
1571,1525,1570,1617,1758762190.2695148
1571,1525,1570,1617,1758762190.2710657
1583,1522,1559,1620,1758762190.2750666
1583,1522,1559,1620,1758762190.281418
1571,1525,1571,1617,1758762190.2874954
1576,1496,1566,1646,1758762190.2913828
1570,1524,1572,1618,1758762190.2979045
1576,1556,1566,1586,1758762190.29946
1598,1588,1544,1554,1758762190.303322
1552,1525,1589,1617,1758762190.306911
1581,1543,1561,1599,1758762190.3093982
1571,1526,1571,1616,1758762190.311013
1571,1526,1571,1616,1758762190.3151765
1571,1526,1571,1616,1758762190.3231862
1560,1529,1582,1612,1758762190.3285267
1555,1556,1586,1585,1758762190.329425
1569,1527,1573,1615,1758762190.334123
1568,1548,1574,1594,1758762190.339278
1574,1568,1567,1574,1758762190.3435526
1574,1568,1567,1574,1758762190.3488443
1566,1502,1576,1640,1758762190.3505502
1569,1528,1573,1613,1758762190.3537605
1561,1544,1581,1598,1758762190.3551052
1561,1544,1581,1598,1758762190.361597
1579,1533,1563,1609,1758762190.3637617
1569,1529,1573,1613,1758762190.367506
1565,1539,1577,1603,1758762190.3712597
1558,1550,1584,1592,1758762190.3748434
1569,1530,1573,1612,1758762190.376158
1569,1530,1573,1612,1758762190.3792472
1584,1533,1558,1609,1758762190.380263
1584,1533,1558,1609,1758762190.3871768
1569,1530,1573,1612,1758762190.390043
1558,1541,1584,1601,1758762190.39102
1569,1530,1573,1612,1758762190.3944
1597,1510,1545,1632,1758762190.3974
1597,1510,1545,1632,1758762190.3982065
1560,1562,1582,1580,1758762190.4021826
1574,1545,1568,1597,1758762190.4033568
1574,1545,1568,1597,1758762190.408099
1572,1550,1570,1592,1758762190.4121785
1572,1541,1570,1601,1758762190.4160986
1569,1532,1573,1609,1758762190.4195728
1569,1532,1573,1609,1758762190.4205334
1583,1499,1559,1643,1758762190.429602
1563,1584,1579,1558,1758762190.4313378
1570,1532,1572,1610,1758762190.4341724
1549,1619,1593,1523,1758762190.435722
1549,1619,1593,1523,1758762190.4383714
1569,1534,1573,1608,1758762190.4394674
1569,1534,1573,1608,1758762190.4433117
1569,1534,1573,1608,1758762190.4510436
1569,1534,1573,1608,1758762190.4536588
1569,1534,1573,1608,1758762190.455623
1569,1534,1573,1608,1758762190.456933
1565,1565,1577,1577,1758762190.4609685
1569,1543,1573,1599,1758762190.4627075
1558,1476,1583,1666,1758762190.466653
1569,1534,1573,1608,1758762190.468887
1569,1534,1573,1608,1758762190.4703538
1569,1534,1573,1608,1758762190.4750335
1569,1534,1573,1608,1758762190.4766235
1577,1555,1565,1587,1758762190.479623
1542,1564,1600,1578,1758762190.481254
1542,1564,1600,1578,1758762190.4857843
1568,1535,1574,1607,1758762190.4902413
1568,1535,1574,1607,1758762190.4915538
1592,1559,1550,1583,1758762190.496083
1547,1571,1595,1571,1758762190.5003912
1566,1509,1576,1633,1758762190.5040984
1588,1547,1554,1595,1758762190.509881
1588,1547,1554,1595,1758762190.5147064
1551,1549,1591,1593,1758762190.5159216
1551,1549,1591,1593,1758762190.522328
1578,1550,1564,1591,1758762190.523363
1578,1550,1564,1591,1758762190.524557
1578,1550,1564,1591,1758762190.527511
1566,1572,1576,1570,1758762190.5311348
1548,1558,1594,1584,1758762190.536326
1568,1539,1573,1603,1758762190.540371
1579,1541,1562,1601,1758762190.5446892
1570,1539,1572,1603,1758762190.5510242
1588,1571,1554,1571,1758762190.552268
1588,1571,1554,1571,1758762190.5586207
1576,1539,1566,1602,1758762190.5595446
1576,1539,1566,1602,1758762190.5675857
1567,1544,1575,1598,1758762190.570901
1567,1544,1575,1598,1758762190.5728705
1541,1515,1601,1627,1758762190.5763938
1589,1504,1553,1637,1758762190.5792215
1560,1561,1582,1581,1758762190.580852
1560,1561,1582,1581,1758762190.5817926
1560,1561,1582,1581,1758762190.5843022
1599,1557,1543,1585,1758762190.5877645
1572,1540,1569,1601,1758762190.5901334
1572,1540,1569,1601,1758762190.593222
1572,1540,1569,1601,1758762190.5940127
1572,1540,1569,1601,1758762190.5980558
1535,1562,1607,1580,1758762190.601774
1535,1562,1607,1580,1758762190.602667
1535,1562,1607,1580,1758762190.6067202
1593,1574,1548,1568,1758762190.610518
1572,1542,1570,1600,1758762190.6143355
1545,1535,1597,1607,1758762190.6226792
1575,1551,1567,1591,1758762190.6245348
1575,1551,1567,1591,1758762190.6282513
1616,1514,1526,1628,1758762190.629621
1616,1514,1526,1628,1758762190.6326792
1616,1514,1526,1628,1758762190.635794
1616,1514,1526,1628,1758762190.639398
1616,1514,1526,1628,1758762190.6424732
1616,1514,1526,1628,1758762190.643942
1616,1514,1526,1628,1758762190.6482172
1566,1547,1576,1595,1758762190.6524863
1570,1551,1572,1591,1758762190.6540456
1570,1551,1572,1591,1758762190.6569698
1570,1551,1572,1591,1758762190.66086
1570,1551,1572,1591,1758762190.6645107
1559,1557,1583,1585,1758762190.6703403
1574,1557,1568,1585,1758762190.6716664
1574,1557,1568,1585,1758762190.674295
1574,1557,1568,1585,1758762190.6777475
1574,1557,1568,1585,1758762190.6814492
1574,1557,1568,1585,1758762190.684206
1572,1543,1570,1599,1758762190.691122
1572,1543,1570,1599,1758762190.6931064
1572,1543,1570,1599,1758762190.697377
1565,1538,1577,1604,1758762190.701445
1565,1538,1577,1604,1758762190.705935
1571,1543,1571,1599,1758762190.7075782
1571,1543,1571,1599,1758762190.7093625
1571,1543,1571,1599,1758762190.710611
1571,1543,1571,1599,1758762190.713179
1571,1543,1571,1599,1758762190.7155142
1571,1543,1571,1599,1758762190.71628
1571,1543,1571,1599,1758762190.7204008
1538,1517,1604,1625,1758762190.721439
1538,1517,1604,1625,1758762190.7238631
1538,1517,1604,1625,1758762190.7287228
1538,1517,1604,1625,1758762190.7297232
1538,1517,1604,1625,1758762190.7307563
1538,1517,1604,1625,1758762190.7314367
1538,1517,1604,1625,1758762190.7331686
1538,1517,1604,1625,1758762190.7339067
1538,1517,1604,1625,1758762190.734642
1538,1517,1604,1625,1758762190.7353268
1538,1517,1604,1625,1758762190.736076
1538,1517,1604,1625,1758762190.7367427
1538,1517,1604,1625,1758762190.737871
1568,1548,1573,1594,1758762190.738872
1568,1548,1573,1594,1758762190.739647
1568,1548,1573,1594,1758762190.7404122
1568,1548,1573,1594,1758762190.74108
1568,1548,1573,1594,1758762190.741724
1568,1548,1573,1594,1758762190.7433832
1568,1548,1573,1594,1758762190.7443368
1568,1548,1573,1594,1758762190.746662
1552,1563,1590,1579,1758762190.7504158
1552,1563,1590,1579,1758762190.7548764
1552,1563,1590,1579,1758762190.7595618
1571,1543,1571,1599,1758762190.7638278
1560,1495,1582,1646,1758762190.7666216
1560,1495,1582,1646,1758762190.770944
1580,1545,1562,1597,1758762190.7748942
1565,1552,1577,1590,1758762190.7757192
1565,1552,1577,1590,1758762190.7764163
1565,1552,1577,1590,1758762190.7771082
1565,1552,1577,1590,1758762190.7778862
1565,1552,1577,1590,1758762190.7813482
1566,1537,1576,1605,1758762190.7857356
1563,1553,1579,1588,1758762190.7907946
1571,1542,1571,1600,1758762190.7954953
1602,1568,1539,1574,1758762190.796431
1602,1568,1539,1574,1758762190.7971847
1602,1568,1539,1574,1758762190.8006346
1550,1546,1592,1596,1758762190.8055806
1562,1560,1580,1582,1758762190.8111064
1599,1557,1543,1585,1758762190.8162434
1599,1557,1543,1585,1758762190.8206546
1576,1535,1565,1607,1758762190.8264625
1572,1544,1570,1598,1758762190.8301952
1572,1544,1570,1598,1758762190.833926
1559,1555,1583,1587,1758762190.8351483
1551,1542,1591,1599,1758762190.836531
1551,1542,1591,1599,1758762190.8381355
1551,1542,1591,1599,1758762190.8402517
1551,1542,1591,1599,1758762190.841261
1551,1542,1591,1599,1758762190.8435507
1551,1542,1591,1599,1758762190.844764
1551,1542,1591,1599,1758762190.8480597
1551,1542,1591,1599,1758762190.8491018
1571,1544,1571,1598,1758762190.8506064
1571,1544,1571,1598,1758762190.8521192
1571,1544,1571,1598,1758762190.8531537
1571,1544,1571,1598,1758762190.8538587
1571,1544,1571,1598,1758762190.8551242
1571,1544,1571,1598,1758762190.8558736
1571,1544,1571,1598,1758762190.8565292
1571,1544,1571,1598,1758762190.8580282
1571,1544,1571,1598,1758762190.8598094
1577,1560,1564,1581,1758762190.8612337
1577,1560,1564,1581,1758762190.8619862
1577,1560,1564,1581,1758762190.8639257
1577,1560,1564,1581,1758762190.8651323
1577,1560,1564,1581,1758762190.8683994
1571,1545,1571,1597,1758762190.870472
1571,1545,1571,1597,1758762190.871189
1571,1545,1571,1597,1758762190.8724425
1571,1545,1571,1597,1758762190.8757646
1571,1545,1571,1597,1758762190.879587
1623,1563,1519,1579,1758762190.8836925
1623,1563,1519,1579,1758762190.8852668
1623,1563,1519,1579,1758762190.886963
1623,1563,1519,1579,1758762190.8892632
1623,1563,1519,1579,1758762190.8908474
1623,1563,1519,1579,1758762190.8952134
1572,1546,1570,1596,1758762190.904028
1572,1547,1570,1595,1758762190.9084098
1570,1550,1572,1592,1758762190.9135702
1575,1508,1567,1634,1758762190.9210515
1571,1546,1571,1596,1758762190.9247754
1571,1545,1570,1596,1758762190.9284632
1571,1545,1570,1596,1758762190.930019
1605,1532,1537,1610,1758762190.931252
1605,1532,1537,1610,1758762190.9320178
1605,1532,1537,1610,1758762190.9330986
1605,1532,1537,1610,1758762190.934279
1605,1532,1537,1610,1758762190.9358926
1605,1532,1537,1610,1758762190.9375093
1605,1532,1537,1610,1758762190.9402635
1605,1532,1537,1610,1758762190.9410005
1605,1532,1537,1610,1758762190.9416983
1605,1532,1537,1610,1758762190.9423733
1605,1532,1537,1610,1758762190.9444778
1605,1532,1537,1610,1758762190.9452765
1605,1532,1537,1610,1758762190.946198
1587,1514,1555,1628,1758762190.9481697
1573,1544,1569,1598,1758762190.9493487
1573,1544,1569,1598,1758762190.950428
1573,1544,1569,1598,1758762190.9516373
1573,1544,1569,1598,1758762190.9534874
1573,1544,1569,1598,1758762190.9577394
1573,1544,1569,1598,1758762190.9626763
1573,1544,1569,1598,1758762190.9653566
1573,1544,1569,1598,1758762190.9693587
1578,1499,1564,1643,1758762190.970908
1578,1499,1564,1643,1758762190.9743836
1578,1499,1564,1643,1758762190.9772158
1578,1499,1564,1643,1758762190.979663
1573,1542,1569,1600,1758762190.9824536
1573,1542,1569,1600,1758762190.9878733
1585,1560,1557,1581,1758762190.9957805
1574,1542,1568,1600,1758762190.9977934
1574,1542,1568,1600,1758762191.0006082
1574,1542,1568,1600,1758762191.0024772
1574,1542,1568,1600,1758762191.0035713
1574,1542,1568,1600,1758762191.0046554
1574,1542,1568,1600,1758762191.005773
1574,1542,1568,1600,1758762191.0067992
1574,1542,1568,1600,1758762191.0075684
1574,1542,1568,1600,1758762191.016638
1574,1542,1568,1600,1758762191.0218427
1564,1497,1578,1644,1758762191.0303392
1572,1541,1569,1601,1758762191.0357244
1634,1468,1507,1674,1758762191.039003
1634,1468,1507,1674,1758762191.0435548
1574,1539,1568,1603,1758762191.048468
1574,1539,1568,1603,1758762191.0510397
1574,1539,1568,1603,1758762191.055071
1574,1539,1568,1603,1758762191.0589626
1574,1539,1568,1603,1758762191.060747
1574,1539,1568,1603,1758762191.064508
1574,1539,1568,1603,1758762191.069949
1574,1539,1568,1603,1758762191.073675
1574,1539,1568,1603,1758762191.0745032
1574,1539,1568,1603,1758762191.0754943
1574,1539,1568,1603,1758762191.0763538
1574,1539,1568,1603,1758762191.077427
1574,1539,1568,1603,1758762191.0784085
1574,1539,1568,1603,1758762191.0790415
1574,1539,1568,1603,1758762191.0801692
1574,1539,1568,1603,1758762191.088496
1574,1539,1568,1603,1758762191.089297
1574,1539,1568,1603,1758762191.0905375
1654,1474,1488,1668,1758762191.0930145
1654,1474,1488,1668,1758762191.0980532
1654,1474,1488,1668,1758762191.1009958
1654,1474,1488,1668,1758762191.1021817
1654,1474,1488,1668,1758762191.1032166
1654,1474,1488,1668,1758762191.1039798
1654,1474,1488,1668,1758762191.1047623
1654,1474,1488,1668,1758762191.10974
1585,1530,1557,1612,1758762191.1137142
1585,1530,1557,1612,1758762191.115059
1585,1530,1557,1612,1758762191.1177554
1585,1530,1557,1612,1758762191.119856
1585,1530,1557,1612,1758762191.1215
1585,1530,1557,1612,1758762191.123202
1585,1530,1557,1612,1758762191.1263993
1585,1530,1557,1612,1758762191.129637
1585,1530,1557,1612,1758762191.132247
1585,1530,1557,1612,1758762191.1333215
1585,1530,1557,1612,1758762191.13402
1585,1530,1557,1612,1758762191.138964
1573,1564,1569,1578,1758762191.1438837
1527,1544,1615,1598,1758762191.1484165
1543,1589,1599,1553,1758762191.1524646
1589,1539,1553,1603,1758762191.1564384
1589,1539,1553,1603,1758762191.1603937
1589,1558,1553,1584,1758762191.1639009
1566,1545,1576,1597,1758762191.166689
1624,1552,1518,1590,1758762191.1707745
1571,1521,1571,1621,1758762191.1762729
1615,1528,1527,1614,1758762191.179575
1564,1562,1578,1580,1758762191.18142
1564,1562,1578,1580,1758762191.184651
1563,1537,1579,1605,1758762191.1874328
1563,1537,1579,1605,1758762191.1890364
1563,1537,1579,1605,1758762191.191819
1563,1537,1579,1605,1758762191.1953
1563,1537,1579,1605,1758762191.199613
1554,1534,1588,1608,1758762191.202133
1554,1534,1588,1608,1758762191.2043488
1554,1534,1588,1608,1758762191.2076075
1575,1545,1567,1597,1758762191.2099504
1575,1545,1567,1597,1758762191.2129045
1575,1545,1567,1597,1758762191.2153764
1576,1545,1566,1597,1758762191.219001
1520,1577,1621,1564,1758762191.221264
1564,1514,1578,1628,1758762191.2255127
1584,1557,1558,1585,1758762191.2273488
1584,1557,1558,1585,1758762191.2300391
1602,1572,1539,1570,1758762191.2326777
1575,1545,1566,1597,1758762191.235433
1575,1545,1566,1597,1758762191.2374384
1575,1545,1566,1597,1758762191.239498
1592,1568,1550,1574,1758762191.2408664
1592,1568,1550,1574,1758762191.2439928
1592,1568,1550,1574,1758762191.2485335
1576,1546,1566,1596,1758762191.2522588
1576,1546,1566,1596,1758762191.2541978
1576,1546,1566,1596,1758762191.255967
1576,1546,1566,1596,1758762191.2576454
1576,1546,1566,1596,1758762191.2613215
1577,1547,1565,1595,1758762191.2654777
1577,1547,1565,1595,1758762191.2694788
1577,1547,1565,1595,1758762191.2761984
1604,1582,1538,1560,1758762191.2801178
1577,1548,1564,1594,1758762191.2820928
1546,1571,1596,1571,1758762191.288483
1598,1531,1544,1611,1758762191.291896
1598,1531,1544,1611,1758762191.2973547
1598,1531,1544,1611,1758762191.301483
1577,1548,1564,1594,1758762191.3043685
1582,1598,1560,1544,1758762191.3068652
1582,1598,1560,1544,1758762191.308864
1553,1581,1589,1561,1758762191.3119738
1545,1585,1597,1557,1758762191.314152
1545,1585,1597,1557,1758762191.3185868
1576,1551,1566,1591,1758762191.321818
1576,1551,1566,1591,1758762191.3297615
1577,1550,1565,1592,1758762191.3316765
1577,1550,1565,1592,1758762191.333896
1577,1550,1565,1592,1758762191.3362136
1575,1551,1567,1591,1758762191.3390574
1575,1551,1567,1591,1758762191.340947
1575,1551,1567,1591,1758762191.3448546
1574,1552,1568,1589,1758762191.3478198
1574,1552,1568,1589,1758762191.3498847
1533,1583,1609,1559,1758762191.3517826
1533,1583,1609,1559,1758762191.3538368
1576,1568,1566,1574,1758762191.355793
1573,1554,1569,1588,1758762191.3582027
1573,1554,1569,1588,1758762191.360462
1573,1554,1569,1588,1758762191.3623486
1573,1554,1569,1588,1758762191.3653922
1584,1588,1558,1554,1758762191.3676744
1573,1555,1569,1587,1758762191.3694785
1573,1555,1569,1587,1758762191.3713124
1603,1528,1539,1614,1758762191.3746595
1603,1528,1539,1614,1758762191.3767164
1574,1554,1568,1588,1758762191.378514
1574,1554,1568,1588,1758762191.380397
1611,1545,1531,1597,1758762191.383823
1611,1545,1531,1597,1758762191.38511
1575,1554,1567,1588,1758762191.386521
1581,1542,1561,1600,1758762191.388391
1581,1542,1561,1600,1758762191.3899517
1581,1542,1561,1600,1758762191.392614
1575,1554,1567,1588,1758762191.3948104
1575,1554,1567,1588,1758762191.3958588
1533,1585,1608,1557,1758762191.398883
1574,1554,1568,1588,1758762191.401743
1574,1554,1568,1588,1758762191.4032185
1574,1554,1568,1588,1758762191.4052794
1574,1554,1568,1588,1758762191.408397
1576,1489,1566,1653,1758762191.410684
1574,1552,1568,1589,1758762191.4132786
1574,1552,1568,1589,1758762191.4148314
1574,1552,1568,1589,1758762191.4171004
1574,1552,1568,1589,1758762191.4197311
1573,1553,1569,1589,1758762191.4215703
1573,1553,1569,1589,1758762191.4238615
1573,1553,1569,1589,1758762191.425549
1573,1553,1569,1589,1758762191.4272308
1573,1553,1569,1589,1758762191.4292402
1573,1553,1569,1589,1758762191.4312837
1573,1553,1569,1589,1758762191.433562
1574,1558,1568,1584,1758762191.4366438
1574,1558,1568,1584,1758762191.4410756
1574,1558,1568,1584,1758762191.44389
1573,1553,1568,1589,1758762191.4486997
1545,1594,1597,1548,1758762191.4538102
1545,1561,1597,1580,1758762191.4586363
1572,1555,1570,1587,1758762191.4628673
1550,1546,1592,1596,1758762191.466195
1550,1546,1592,1596,1758762191.4678905
1604,1540,1537,1601,1758762191.471779
1535,1536,1607,1606,1758762191.4765873
1571,1554,1570,1588,1758762191.48174
1618,1543,1524,1599,1758762191.484228
1618,1543,1524,1599,1758762191.4865098
1553,1514,1589,1628,1758762191.4883354
1553,1514,1589,1628,1758762191.489925
1572,1553,1570,1589,1758762191.4921072
1591,1555,1551,1587,1758762191.494645
1591,1555,1551,1587,1758762191.496327
1560,1571,1582,1571,1758762191.4980836
1560,1571,1582,1571,1758762191.5002828
1572,1553,1570,1589,1758762191.502366
1572,1553,1570,1589,1758762191.5046742
1572,1553,1570,1589,1758762191.5070882
1605,1530,1537,1612,1758762191.508928
1605,1530,1537,1612,1758762191.5109248
1573,1553,1569,1589,1758762191.5130646
1573,1553,1569,1589,1758762191.5146728
1573,1553,1569,1589,1758762191.516386
1532,1579,1610,1563,1758762191.518819
1532,1579,1610,1563,1758762191.5201714
1572,1553,1570,1589,1758762191.5222158
1572,1553,1570,1589,1758762191.524725
1598,1577,1544,1564,1758762191.5268428
1573,1554,1569,1588,1758762191.5288954
1573,1554,1569,1588,1758762191.530741
1573,1554,1569,1588,1758762191.5323703
1582,1555,1560,1587,1758762191.534611
1573,1554,1569,1588,1758762191.5373502
1573,1554,1569,1588,1758762191.539421
1573,1554,1569,1588,1758762191.5409486
1556,1581,1585,1561,1758762191.5430956
1556,1581,1585,1561,1758762191.545042
1556,1581,1585,1561,1758762191.547371
1528,1566,1614,1576,1758762191.5495343
1528,1566,1614,1576,1758762191.5515656
1571,1555,1571,1587,1758762191.5535555
1571,1555,1571,1587,1758762191.55537
1571,1555,1571,1587,1758762191.557264
1551,1591,1591,1551,1758762191.5599804
1571,1556,1571,1586,1758762191.561753
1571,1556,1571,1586,1758762191.5659883
1539,1538,1603,1604,1758762191.5697129
1570,1555,1572,1586,1758762191.573731
1574,1529,1568,1613,1758762191.5777087
1586,1577,1556,1564,1758762191.5794563
1570,1555,1571,1587,1758762191.5857344
1604,1542,1538,1600,1758762191.587568
1571,1555,1571,1587,1758762191.5899613
1571,1555,1571,1587,1758762191.5915754
1597,1527,1544,1614,1758762191.5939913
1597,1527,1544,1614,1758762191.596253
1597,1527,1544,1614,1758762191.6019845
1574,1554,1568,1588,1758762191.606308
1574,1554,1568,1588,1758762191.609578
1583,1556,1558,1586,1758762191.6111913
1574,1554,1568,1588,1758762191.6133175
1607,1564,1535,1578,1758762191.615907
1607,1564,1535,1578,1758762191.618545
1575,1554,1567,1588,1758762191.621176
1575,1554,1567,1588,1758762191.6254935
1575,1554,1567,1588,1758762191.6270993
1574,1553,1567,1589,1758762191.6294415
1574,1553,1567,1589,1758762191.6314044
1574,1553,1567,1589,1758762191.6338727
1574,1553,1568,1589,1758762191.6369913
1574,1553,1568,1589,1758762191.6406407
1575,1554,1567,1588,1758762191.64505
1604,1483,1537,1659,1758762191.6511369
1575,1552,1566,1590,1758762191.6529655
1575,1552,1566,1590,1758762191.656829
1556,1520,1586,1622,1758762191.660503
1562,1546,1580,1596,1758762191.664908
1611,1551,1531,1591,1758762191.6697495
1577,1579,1565,1563,1758762191.6722991
1616,1553,1526,1589,1758762191.6762564
1585,1577,1557,1565,1758762191.6802087
1576,1552,1565,1590,1758762191.681952
1576,1552,1565,1590,1758762191.686042
1620,1532,1522,1610,1758762191.6902916
1588,1565,1554,1576,1758762191.6925075
1578,1552,1564,1590,1758762191.6961222
1604,1532,1538,1610,1758762191.7001276
1586,1590,1556,1552,1758762191.7047324
1616,1536,1526,1605,1758762191.7065458
1635,1533,1507,1609,1758762191.7103648
1635,1533,1507,1609,1758762191.713558
1635,1533,1507,1609,1758762191.718121
1581,1552,1561,1590,1758762191.7238648
1580,1552,1562,1590,1758762191.7250793
1580,1552,1562,1590,1758762191.727738
1580,1552,1562,1590,1758762191.7286236
1580,1552,1562,1590,1758762191.7319777
1589,1594,1552,1547,1758762191.7354915
1589,1594,1552,1547,1758762191.739159
1589,1594,1552,1547,1758762191.7422016
1580,1554,1562,1588,1758762191.743392
1580,1554,1562,1588,1758762191.7448983
1580,1554,1562,1588,1758762191.7474456
1580,1554,1562,1588,1758762191.74945
1563,1542,1579,1600,1758762191.7530086
1563,1542,1579,1600,1758762191.7546446
1563,1542,1579,1600,1758762191.7561347
1563,1542,1579,1600,1758762191.7592113
1563,1542,1579,1600,1758762191.761194
1563,1542,1579,1600,1758762191.76242
1563,1542,1579,1600,1758762191.7640517
1563,1542,1579,1600,1758762191.7668624
1580,1552,1561,1589,1758762191.769076
1580,1552,1561,1589,1758762191.7715063
1580,1552,1561,1589,1758762191.7776718
1541,1539,1601,1603,1758762191.7801988
1541,1539,1601,1603,1758762191.7819288
1541,1539,1601,1603,1758762191.78376
1541,1539,1601,1603,1758762191.7888544
1578,1552,1564,1590,1758762191.7901998
1578,1552,1564,1590,1758762191.792889
1578,1552,1564,1590,1758762191.7941637
1578,1552,1564,1590,1758762191.797847
1560,1505,1582,1637,1758762191.8003595
1560,1505,1582,1637,1758762191.8015254
1560,1505,1582,1637,1758762191.8031428
1560,1505,1582,1637,1758762191.8046732
1552,1561,1590,1581,1758762191.8076882
1552,1561,1590,1581,1758762191.8090563
1552,1561,1590,1581,1758762191.8115842
1576,1550,1566,1592,1758762191.8124356
1576,1550,1566,1592,1758762191.8157337
1576,1550,1566,1592,1758762191.8171153
1576,1550,1566,1592,1758762191.81975
1576,1550,1566,1592,1758762191.8211415
1576,1550,1566,1592,1758762191.8223794
1576,1550,1566,1592,1758762191.82559
1576,1550,1566,1592,1758762191.827595
1576,1550,1566,1592,1758762191.8286269
1587,1542,1555,1600,1758762191.8315806
1587,1542,1555,1600,1758762191.8328955
1587,1542,1555,1600,1758762191.8349264
1587,1542,1555,1600,1758762191.837117
1587,1542,1555,1600,1758762191.8389752
1578,1548,1564,1593,1758762191.8429506
1578,1548,1564,1593,1758762191.844659
1578,1548,1564,1593,1758762191.8477254
1540,1572,1602,1570,1758762191.849127
1540,1572,1602,1570,1758762191.851364
1540,1572,1602,1570,1758762191.8524938
1566,1543,1576,1599,1758762191.855954
1576,1550,1566,1592,1758762191.8567953
1576,1550,1566,1592,1758762191.8602686
1564,1530,1578,1612,1758762191.8617866
1564,1530,1578,1612,1758762191.8643496
1606,1542,1536,1600,1758762191.8652618
1606,1542,1536,1600,1758762191.8689137
1576,1549,1566,1593,1758762191.8701444
1576,1549,1566,1593,1758762191.872258
1576,1549,1566,1593,1758762191.875586
1589,1573,1552,1569,1758762191.8770635
1589,1573,1552,1569,1758762191.8792102
1589,1573,1552,1569,1758762191.8812754
1589,1573,1552,1569,1758762191.882877
1589,1573,1552,1569,1758762191.8839524
1589,1573,1552,1569,1758762191.8871176
1576,1550,1566,1592,1758762191.8891056
1576,1550,1566,1592,1758762191.8912306
1576,1550,1566,1592,1758762191.8932164
1576,1550,1566,1592,1758762191.8943555
1576,1550,1566,1592,1758762191.896916
1576,1550,1566,1592,1758762191.8987644
1576,1549,1565,1593,1758762191.9003427
1576,1549,1565,1593,1758762191.9016716
1576,1549,1565,1593,1758762191.9049838
1576,1549,1565,1593,1758762191.9061606
1576,1549,1565,1593,1758762191.9082644
1576,1549,1565,1593,1758762191.9106388
1576,1549,1565,1593,1758762191.9120486
1576,1549,1565,1593,1758762191.914034
1576,1549,1565,1593,1758762191.916374
1607,1520,1535,1622,1758762191.9191709
1607,1520,1535,1622,1758762191.920561
1607,1520,1535,1622,1758762191.9221437
1607,1520,1535,1622,1758762191.923842
1607,1520,1535,1622,1758762191.927824
1578,1548,1564,1594,1758762191.9302049
1578,1548,1564,1594,1758762191.931841
1578,1548,1564,1594,1758762191.9329062
1578,1548,1564,1594,1758762191.9340863
1578,1548,1564,1594,1758762191.937164
1578,1548,1564,1594,1758762191.938951
1578,1548,1564,1594,1758762191.94251
1578,1548,1564,1594,1758762191.9449475
1578,1548,1564,1594,1758762191.947573
1578,1548,1564,1594,1758762191.9485216
1598,1531,1544,1611,1758762191.9506917
1598,1531,1544,1611,1758762191.9515626
1598,1531,1544,1611,1758762191.9552133
1598,1531,1544,1611,1758762191.9567194
1598,1531,1544,1611,1758762191.9592
1584,1544,1558,1598,1758762191.961599
1555,1540,1586,1602,1758762191.9628265
1555,1540,1586,1602,1758762191.9667938
1600,1526,1542,1616,1758762191.9746354
1579,1546,1563,1596,1758762191.9798007
1579,1546,1563,1596,1758762191.9816065
1579,1546,1563,1596,1758762191.983728
1579,1547,1563,1595,1758762191.9854045
1579,1547,1563,1595,1758762191.9886117
1579,1547,1563,1595,1758762191.9915757
1579,1547,1563,1595,1758762191.996489
1594,1543,1548,1599,1758762191.9978693
1580,1546,1562,1595,1758762191.999417
1580,1546,1562,1595,1758762192.0061204
1580,1545,1562,1597,1758762192.013172
1580,1545,1562,1597,1758762192.014287
1580,1574,1562,1568,1758762192.01597
1588,1532,1554,1610,1758762192.0178754
1588,1532,1554,1610,1758762192.020138
1588,1532,1554,1610,1758762192.0218792
1588,1532,1554,1610,1758762192.0260594
1588,1532,1554,1610,1758762192.0280032
1588,1532,1554,1610,1758762192.0289865
1588,1532,1554,1610,1758762192.030621
1588,1532,1554,1610,1758762192.0328994
1588,1532,1554,1610,1758762192.0339298
1588,1532,1554,1610,1758762192.0349648
1588,1532,1554,1610,1758762192.037866
1588,1532,1554,1610,1758762192.0390775
1588,1532,1554,1610,1758762192.0408926
1588,1532,1554,1610,1758762192.0431728
1588,1532,1554,1610,1758762192.044905
1588,1532,1554,1610,1758762192.047681
1594,1531,1548,1611,1758762192.0486462
1580,1541,1561,1601,1758762192.0520391
1581,1544,1561,1598,1758762192.0536993
1580,1538,1562,1604,1758762192.0557086
1580,1538,1562,1604,1758762192.0571167
1580,1538,1562,1604,1758762192.0593104
1580,1538,1562,1604,1758762192.0615833
1580,1538,1562,1604,1758762192.0636835
1580,1538,1562,1604,1758762192.065626
1580,1538,1562,1604,1758762192.066993
1580,1538,1562,1604,1758762192.0700402
1580,1538,1562,1604,1758762192.0715606
1584,1545,1558,1597,1758762192.0744684
1584,1545,1558,1597,1758762192.07552
1584,1545,1558,1597,1758762192.0778396
1584,1545,1558,1597,1758762192.079306
1584,1545,1558,1597,1758762192.0811656
1584,1545,1558,1597,1758762192.0828438
1584,1545,1558,1597,1758762192.0858552
1580,1545,1562,1597,1758762192.0877948
1580,1545,1562,1597,1758762192.0893278
1580,1545,1562,1597,1758762192.090296
1580,1545,1562,1597,1758762192.092038
1580,1545,1562,1597,1758762192.0945888
1580,1545,1562,1597,1758762192.098385
1580,1545,1562,1597,1758762192.102385
1580,1545,1562,1597,1758762192.1071465
1580,1545,1562,1597,1758762192.108707
1580,1545,1562,1597,1758762192.113852
1580,1545,1562,1597,1758762192.1160886
1580,1545,1562,1597,1758762192.1192734
1580,1545,1562,1597,1758762192.123706
1580,1545,1562,1597,1758762192.1278143
1580,1545,1562,1597,1758762192.1310475
1551,1492,1590,1650,1758762192.13275
1551,1492,1590,1650,1758762192.134388
1551,1492,1590,1650,1758762192.136279
1595,1584,1547,1558,1758762192.1379187
1595,1584,1547,1558,1758762192.1401784
1595,1584,1547,1558,1758762192.1423209
1580,1546,1562,1596,1758762192.1442134
1580,1546,1562,1596,1758762192.1460772
1580,1546,1562,1596,1758762192.1479807
1580,1546,1562,1596,1758762192.1492848
1580,1546,1562,1596,1758762192.150417
1551,1569,1591,1573,1758762192.1558354
1579,1547,1563,1595,1758762192.1609595
1626,1536,1516,1606,1758762192.1619718
1626,1536,1516,1606,1758762192.165431
1595,1554,1547,1588,1758762192.1673512
1595,1554,1547,1588,1758762192.1697998
1595,1554,1547,1588,1758762192.1709404
1595,1554,1547,1588,1758762192.1737266
1595,1554,1547,1588,1758762192.175192
1595,1554,1547,1588,1758762192.176563
1595,1554,1547,1588,1758762192.1779652
1595,1554,1547,1588,1758762192.179336
1595,1554,1547,1588,1758762192.180184
1595,1554,1547,1588,1758762192.18142
1595,1554,1547,1588,1758762192.1842291
1595,1554,1547,1588,1758762192.1857903
1595,1554,1547,1588,1758762192.1873145
1595,1554,1547,1588,1758762192.1884031
1595,1554,1547,1588,1758762192.1897464
1595,1554,1547,1588,1758762192.1912968
1580,1547,1562,1595,1758762192.1924677
1580,1547,1562,1595,1758762192.1942174
1580,1547,1562,1595,1758762192.1954174
1562,1572,1580,1570,1758762192.196694
1562,1572,1580,1570,1758762192.1988392
1564,1566,1578,1576,1758762192.200239
1564,1566,1578,1576,1758762192.2019813
1564,1566,1578,1576,1758762192.2028122
1564,1566,1578,1576,1758762192.2058513
1564,1566,1578,1576,1758762192.206912
1564,1566,1578,1576,1758762192.2084308
1564,1566,1578,1576,1758762192.2100396
1564,1566,1578,1576,1758762192.21103
1564,1566,1578,1576,1758762192.2128754
1571,1551,1571,1591,1758762192.2151084
1571,1551,1571,1591,1758762192.216476
1571,1551,1571,1591,1758762192.217621
1571,1551,1571,1591,1758762192.2194655
1571,1551,1571,1591,1758762192.2214377
1571,1551,1571,1591,1758762192.2228923
1571,1551,1571,1591,1758762192.2243657
1571,1551,1571,1591,1758762192.225883
1571,1551,1571,1591,1758762192.2269604
1571,1551,1571,1591,1758762192.2284603
1579,1548,1563,1594,1758762192.2299888
1579,1548,1563,1594,1758762192.2311504
1565,1532,1576,1610,1758762192.2332852
1565,1532,1576,1610,1758762192.2346292
1578,1547,1564,1594,1758762192.2369375
1578,1547,1564,1594,1758762192.2379968
1578,1547,1564,1594,1758762192.2395718
1578,1547,1564,1594,1758762192.240919
1578,1547,1564,1594,1758762192.2435114
1578,1547,1564,1594,1758762192.2448452
1578,1547,1564,1594,1758762192.247915
1578,1547,1564,1594,1758762192.2489078
1578,1547,1564,1594,1758762192.2500658
1578,1547,1564,1594,1758762192.2520876
1578,1547,1564,1594,1758762192.2540896
1578,1547,1564,1594,1758762192.2556436
1578,1547,1564,1594,1758762192.2574005
1578,1547,1564,1594,1758762192.258221
1578,1547,1564,1594,1758762192.2598057
1578,1547,1564,1594,1758762192.2612853
1578,1547,1564,1594,1758762192.2632427
1578,1547,1564,1594,1758762192.265966
1592,1552,1550,1589,1758762192.267588
1592,1552,1550,1589,1758762192.2683394
1592,1552,1550,1589,1758762192.2706742
1592,1552,1550,1589,1758762192.2715428
1592,1552,1550,1589,1758762192.273793
1592,1552,1550,1589,1758762192.275287
1592,1552,1550,1589,1758762192.2763202
1592,1552,1550,1589,1758762192.278111
1592,1552,1550,1589,1758762192.2791622
1579,1548,1563,1594,1758762192.2806249
1579,1548,1563,1594,1758762192.281985
1579,1548,1563,1594,1758762192.2832105
1579,1548,1563,1594,1758762192.2855463
1579,1548,1563,1594,1758762192.2871635
1579,1548,1563,1594,1758762192.2884386
1579,1548,1563,1594,1758762192.291042
1569,1537,1573,1605,1758762192.2925093
1569,1537,1573,1605,1758762192.2942097
1567,1559,1575,1583,1758762192.2973714
1567,1559,1575,1583,1758762192.298825
1578,1547,1564,1595,1758762192.3000112
1578,1547,1564,1595,1758762192.3014295
1578,1547,1564,1595,1758762192.3035977
1578,1547,1564,1595,1758762192.3060265
1578,1547,1564,1595,1758762192.3079038
1578,1547,1564,1595,1758762192.309167
1578,1547,1564,1595,1758762192.3120966
1578,1547,1564,1595,1758762192.3154986
1619,1518,1523,1624,1758762192.319688
1619,1518,1523,1624,1758762192.3214452
1578,1545,1564,1596,1758762192.325138
1566,1530,1576,1612,1758762192.327625
1566,1530,1576,1612,1758762192.3303928
1566,1530,1576,1612,1758762192.3324394
1596,1567,1546,1575,1758762192.3355486
1596,1567,1546,1575,1758762192.33817
1584,1512,1558,1630,1758762192.3422492
1611,1490,1531,1652,1758762192.347592
1611,1490,1531,1652,1758762192.349439
1611,1490,1531,1652,1758762192.3538525
1680,1506,1462,1636,1758762192.358071
1607,1554,1535,1588,1758762192.3616457
1568,1578,1574,1564,1758762192.3662832
1581,1544,1561,1597,1758762192.36813
1581,1544,1561,1597,1758762192.3715966
1581,1544,1561,1597,1758762192.376083
1581,1544,1561,1597,1758762192.378696
1581,1544,1561,1597,1758762192.3824985
1581,1544,1561,1597,1758762192.3869665
1581,1544,1561,1597,1758762192.392773
1568,1543,1574,1599,1758762192.3971677
1545,1586,1597,1556,1758762192.3992257
1545,1586,1597,1556,1758762192.403325
1580,1545,1562,1596,1758762192.4058037
1580,1545,1562,1596,1758762192.410045
1602,1501,1540,1641,1758762192.4136057
1602,1501,1540,1641,1758762192.4173298
1579,1545,1563,1596,1758762192.423337
1560,1538,1582,1604,1758762192.4282372
1607,1603,1535,1538,1758762192.4321394
1591,1499,1551,1642,1758762192.436236
1604,1563,1538,1579,1758762192.4382794
1604,1563,1538,1579,1758762192.4418652
1559,1557,1583,1585,1758762192.4454718
1559,1557,1583,1585,1758762192.448714
1559,1557,1583,1585,1758762192.451579
1559,1557,1583,1585,1758762192.4532523
1559,1557,1583,1585,1758762192.4554436
1559,1557,1583,1585,1758762192.458035
1559,1557,1583,1585,1758762192.4639237
1561,1538,1581,1604,1758762192.4654388
1561,1538,1581,1604,1758762192.467742
1561,1538,1581,1604,1758762192.469604
1537,1528,1605,1614,1758762192.4724274
1537,1528,1605,1614,1758762192.4743998
1537,1528,1605,1614,1758762192.47594
1503,1520,1639,1622,1758762192.477384
1503,1520,1639,1622,1758762192.479954
1503,1520,1639,1622,1758762192.4806628
1503,1520,1639,1622,1758762192.4828677
1503,1520,1639,1622,1758762192.4848225
1503,1520,1639,1622,1758762192.4863014
1503,1520,1639,1622,1758762192.488146
1503,1520,1639,1622,1758762192.4898987
1503,1520,1639,1622,1758762192.4914556
1503,1520,1639,1622,1758762192.494689
1503,1520,1639,1622,1758762192.4993503
1577,1546,1565,1596,1758762192.5015736
1577,1546,1565,1596,1758762192.5047257
1610,1577,1532,1564,1758762192.509112
1578,1547,1564,1595,1758762192.5129662
1612,1538,1530,1604,1758762192.5152512
1557,1536,1585,1606,1758762192.5195563
1557,1536,1585,1606,1758762192.5222275
1578,1547,1564,1595,1758762192.5248375
1578,1547,1564,1595,1758762192.529168
1578,1546,1564,1596,1758762192.5318546
1608,1562,1534,1580,1758762192.5337837
1608,1562,1534,1580,1758762192.537536
1579,1546,1563,1596,1758762192.540469
1579,1546,1563,1596,1758762192.543896
1609,1543,1533,1599,1758762192.5471425
1580,1546,1562,1596,1758762192.5514858
1580,1546,1562,1596,1758762192.556574
1579,1546,1563,1596,1758762192.557685
1593,1513,1549,1629,1758762192.5610137
1593,1513,1549,1629,1758762192.5624118
1593,1513,1549,1629,1758762192.564539
1593,1513,1549,1629,1758762192.565542
1593,1513,1549,1629,1758762192.5669644
1593,1513,1549,1629,1758762192.569162
1593,1513,1549,1629,1758762192.5706098
1579,1546,1563,1596,1758762192.571627
1579,1546,1563,1596,1758762192.5739002
1579,1546,1563,1596,1758762192.575194
1579,1546,1563,1596,1758762192.5762346
1579,1546,1563,1596,1758762192.5783515
1579,1546,1563,1596,1758762192.580502
1579,1546,1563,1596,1758762192.582625
1579,1546,1563,1596,1758762192.5842347
1579,1546,1563,1596,1758762192.5860977
1579,1546,1563,1596,1758762192.587556
1579,1546,1563,1596,1758762192.5898197
1579,1546,1563,1596,1758762192.594195
1579,1546,1563,1596,1758762192.597587
1595,1514,1546,1628,1758762192.6013331
1574,1504,1568,1638,1758762192.606532
1574,1504,1568,1638,1758762192.6083477
1581,1542,1561,1600,1758762192.6098406
1581,1542,1561,1600,1758762192.6114671
1581,1542,1561,1600,1758762192.6128218
1581,1542,1561,1600,1758762192.6144722
1581,1542,1561,1600,1758762192.617069
1581,1542,1561,1600,1758762192.6181028
1581,1542,1561,1600,1758762192.6194544
1581,1542,1561,1600,1758762192.6230865
1581,1542,1561,1600,1758762192.6239395
1581,1542,1561,1600,1758762192.626484
1581,1542,1561,1600,1758762192.6287832
1581,1542,1561,1600,1758762192.629595
1581,1542,1561,1600,1758762192.6329842
1581,1542,1561,1600,1758762192.634947
1581,1542,1561,1600,1758762192.6379452
1581,1542,1561,1600,1758762192.639506
1581,1542,1561,1600,1758762192.6414714
1581,1542,1561,1600,1758762192.6429842
1591,1541,1551,1601,1758762192.6481657
1591,1541,1551,1601,1758762192.6503372
1591,1541,1551,1601,1758762192.6551344
1581,1542,1561,1600,1758762192.656248
1581,1542,1561,1600,1758762192.6573324
1581,1542,1561,1600,1758762192.6600838
1581,1543,1561,1599,1758762192.6621056
1581,1543,1561,1599,1758762192.664867
1581,1543,1561,1599,1758762192.666904
1581,1543,1561,1599,1758762192.6686604
1581,1543,1561,1599,1758762192.670503
1581,1543,1561,1599,1758762192.671242
1581,1543,1561,1599,1758762192.6741045
1581,1543,1561,1599,1758762192.6755383
1581,1543,1561,1599,1758762192.676566
1581,1543,1561,1599,1758762192.6777885
1581,1543,1561,1599,1758762192.680324
1581,1543,1561,1599,1758762192.6840053
1598,1550,1544,1592,1758762192.6851263
1598,1550,1544,1592,1758762192.686681
1598,1550,1544,1592,1758762192.6884646
1598,1550,1544,1592,1758762192.6905751
1598,1550,1544,1592,1758762192.6913986
1598,1550,1544,1592,1758762192.6933851
1598,1550,1544,1592,1758762192.6944182
1582,1541,1560,1601,1758762192.697265
1582,1541,1560,1601,1758762192.698205
1582,1541,1560,1601,1758762192.7004375
1582,1541,1560,1601,1758762192.7012894
1582,1541,1560,1601,1758762192.7041998
1581,1543,1561,1599,1758762192.707687
1581,1540,1561,1602,1758762192.711355
1618,1552,1523,1590,1758762192.716201
1575,1562,1567,1580,1758762192.7195227
1579,1570,1563,1571,1758762192.7216065
1579,1570,1563,1571,1758762192.7259269
1561,1549,1581,1593,1758762192.7290604
1581,1544,1561,1598,1758762192.7319837
1544,1535,1598,1607,1758762192.733761
1544,1535,1598,1607,1758762192.73521
1544,1535,1598,1607,1758762192.7366414
1588,1550,1553,1592,1758762192.7385962
1588,1550,1553,1592,1758762192.7411735
1588,1550,1553,1592,1758762192.742278
1588,1550,1553,1592,1758762192.7438517
1581,1544,1561,1598,1758762192.7457783
1581,1544,1561,1598,1758762192.748333
1581,1544,1561,1598,1758762192.749381
1581,1544,1561,1598,1758762192.751295
1581,1544,1561,1598,1758762192.7541463
1581,1544,1561,1598,1758762192.7559483
1581,1543,1561,1599,1758762192.7568576
1581,1543,1561,1599,1758762192.7588706
1581,1543,1561,1599,1758762192.7601235
1581,1543,1561,1599,1758762192.7615926
1581,1543,1561,1599,1758762192.7632525
1581,1543,1561,1599,1758762192.7647004
1581,1543,1561,1599,1758762192.7656062
1581,1543,1561,1599,1758762192.769632
1581,1543,1561,1599,1758762192.771259
1581,1543,1561,1599,1758762192.774983
1581,1543,1561,1599,1758762192.7788155
1581,1543,1561,1599,1758762192.78128
1581,1544,1561,1598,1758762192.7838442
1581,1544,1561,1598,1758762192.7859578
1581,1544,1561,1598,1758762192.7872396
1581,1544,1561,1598,1758762192.789363
1581,1544,1561,1598,1758762192.7908714
1581,1544,1561,1598,1758762192.794161
1581,1544,1561,1598,1758762192.8014483
1581,1544,1561,1598,1758762192.8075874
1580,1544,1562,1597,1758762192.810032
1598,1538,1544,1604,1758762192.813019
1598,1538,1544,1604,1758762192.8173044
1581,1544,1560,1598,1758762192.821351
1581,1544,1560,1598,1758762192.8230414
1581,1544,1560,1598,1758762192.8263576
1581,1544,1560,1598,1758762192.827947
1582,1543,1560,1599,1758762192.8299427
1582,1543,1560,1599,1758762192.8307528
1582,1543,1560,1599,1758762192.8361702
1582,1543,1560,1599,1758762192.8414536
1581,1543,1561,1599,1758762192.8502097
1581,1543,1561,1599,1758762192.8542008
1624,1519,1518,1622,1758762192.8595514
1624,1519,1518,1622,1758762192.8630624
1624,1519,1518,1622,1758762192.8649497
1624,1519,1518,1622,1758762192.8672383
1624,1519,1518,1622,1758762192.8689077
1624,1519,1518,1622,1758762192.87122
1583,1542,1559,1600,1758762192.8747294
1583,1542,1559,1600,1758762192.8768263
1583,1542,1559,1600,1758762192.880251
1583,1542,1559,1600,1758762192.8818393
1583,1542,1559,1600,1758762192.884607
1583,1543,1558,1599,1758762192.886744
1583,1543,1558,1599,1758762192.8896463
1583,1543,1558,1599,1758762192.8924315
1583,1543,1558,1599,1758762192.8954132
1583,1543,1558,1599,1758762192.897812
1583,1543,1558,1599,1758762192.9007912
1583,1543,1558,1599,1758762192.9018052
1583,1543,1558,1599,1758762192.9032247
1583,1543,1558,1599,1758762192.9050577
1583,1543,1558,1599,1758762192.9064074
1583,1543,1558,1599,1758762192.907148
1583,1543,1558,1599,1758762192.908224
1583,1543,1558,1599,1758762192.909943
1583,1543,1558,1599,1758762192.9110014
1583,1543,1558,1599,1758762192.912985
1583,1543,1558,1599,1758762192.9137616
1583,1543,1558,1599,1758762192.9150991
1583,1543,1558,1599,1758762192.9164674
1583,1543,1558,1599,1758762192.918092
1583,1543,1558,1599,1758762192.9194794
1583,1543,1558,1599,1758762192.9208367
1583,1543,1558,1599,1758762192.9222105
1583,1543,1558,1599,1758762192.9236608
1583,1543,1558,1599,1758762192.9250295
1583,1543,1558,1599,1758762192.9263406
1583,1543,1558,1599,1758762192.9276345
1583,1543,1558,1599,1758762192.928367
1583,1543,1558,1599,1758762192.9300375
1583,1543,1558,1599,1758762192.9310553
1583,1543,1558,1599,1758762192.9321866
1583,1543,1558,1599,1758762192.9335833
1583,1543,1558,1599,1758762192.935209
1583,1543,1558,1599,1758762192.93682
1583,1543,1558,1599,1758762192.9382906
1583,1543,1558,1599,1758762192.939692
1583,1543,1558,1599,1758762192.9407723
1583,1543,1558,1599,1758762192.9415183
1583,1543,1558,1599,1758762192.9434242
1583,1543,1558,1599,1758762192.944176
1583,1543,1558,1599,1758762192.945854
1583,1543,1558,1599,1758762192.9471788
1581,1543,1561,1599,1758762192.94828
1581,1543,1561,1599,1758762192.9493203
1581,1543,1561,1599,1758762192.950874
1581,1543,1561,1599,1758762192.9516263
1581,1543,1561,1599,1758762192.9527166
1581,1543,1561,1599,1758762192.9545667
1581,1543,1561,1599,1758762192.955931
1581,1543,1561,1599,1758762192.9575734
1581,1543,1561,1599,1758762192.9582806
1581,1543,1561,1599,1758762192.958965
1581,1543,1561,1599,1758762192.9604497
1581,1543,1561,1599,1758762192.961535
1581,1543,1561,1599,1758762192.9629672
1581,1543,1561,1599,1758762192.964303
1581,1543,1561,1599,1758762192.965054
1581,1543,1561,1599,1758762192.9661086
1581,1543,1561,1599,1758762192.9672165
1581,1543,1561,1599,1758762192.968804
1581,1543,1561,1599,1758762192.9705262
1581,1543,1561,1599,1758762192.9718254
1581,1543,1561,1599,1758762192.975538
1581,1543,1561,1599,1758762192.9795938
1581,1542,1561,1600,1758762192.983231
1581,1542,1561,1600,1758762192.9852188
1581,1542,1561,1600,1758762192.9865804
1581,1542,1561,1600,1758762192.9879775
1581,1542,1561,1600,1758762192.9902363
1581,1542,1561,1600,1758762192.9916122
1581,1542,1561,1600,1758762192.9938767
1581,1542,1561,1600,1758762192.9957902
1581,1542,1561,1600,1758762192.9971886
1581,1542,1561,1600,1758762192.998253
1581,1542,1561,1600,1758762192.9994042
1581,1542,1561,1600,1758762193.0010097
1581,1542,1561,1600,1758762193.002733
1581,1542,1561,1600,1758762193.0038953
1581,1542,1561,1600,1758762193.004973
1581,1542,1561,1600,1758762193.006586
1581,1542,1561,1600,1758762193.0089917
1581,1542,1561,1600,1758762193.0104642
1581,1542,1561,1600,1758762193.012255
1581,1535,1561,1607,1758762193.0145314
1581,1535,1561,1607,1758762193.0162103
1581,1535,1561,1607,1758762193.0184927
1581,1535,1561,1607,1758762193.0192685
1581,1535,1561,1607,1758762193.0209808
1581,1535,1561,1607,1758762193.0237708
1581,1535,1561,1607,1758762193.0252008
1581,1535,1561,1607,1758762193.026816
1581,1535,1561,1607,1758762193.027622
1581,1535,1561,1607,1758762193.029327
1583,1589,1559,1553,1758762193.0301528
1583,1589,1559,1553,1758762193.0331314
1583,1589,1559,1553,1758762193.0339224
1583,1589,1559,1553,1758762193.0365665
1583,1589,1559,1553,1758762193.0377195
1583,1589,1559,1553,1758762193.039335
1583,1589,1559,1553,1758762193.040721
1583,1589,1559,1553,1758762193.043445
1581,1543,1561,1599,1758762193.044877
1581,1543,1561,1599,1758762193.0465229
1581,1543,1561,1599,1758762193.0485291
1581,1543,1561,1599,1758762193.0493088
1581,1543,1561,1599,1758762193.0510323
1581,1543,1561,1599,1758762193.052486
1581,1543,1561,1599,1758762193.054128
1581,1544,1561,1598,1758762193.0567997
1581,1544,1561,1598,1758762193.058142
1581,1544,1561,1598,1758762193.058895
1571,1560,1571,1582,1758762193.0612266
1571,1560,1571,1582,1758762193.0633209
1571,1560,1571,1582,1758762193.0651188
1571,1560,1571,1582,1758762193.0658703
1571,1560,1571,1582,1758762193.0687366
1571,1560,1571,1582,1758762193.0697174
1571,1560,1571,1582,1758762193.0712354
1571,1560,1571,1582,1758762193.073024
1571,1560,1571,1582,1758762193.074782
1581,1545,1561,1597,1758762193.0756674
1581,1545,1561,1597,1758762193.077575
1581,1545,1561,1597,1758762193.079754
1581,1545,1561,1597,1758762193.0811095
1581,1545,1561,1597,1758762193.08225
1581,1545,1561,1597,1758762193.0843723
1581,1545,1561,1597,1758762193.0851595
1581,1545,1561,1597,1758762193.086765
1573,1530,1569,1612,1758762193.091328
1573,1530,1569,1612,1758762193.0936584
1573,1530,1569,1612,1758762193.0961628
1573,1530,1569,1612,1758762193.1004057
1580,1543,1562,1599,1758762193.1016212
1580,1543,1562,1599,1758762193.1040573
1580,1543,1562,1599,1758762193.1058395
1580,1543,1562,1599,1758762193.1066194
1580,1543,1562,1599,1758762193.1083877
1580,1543,1562,1599,1758762193.110221
1580,1543,1562,1599,1758762193.1115854
1580,1543,1562,1599,1758762193.1130729
1580,1543,1562,1599,1758762193.1146514
1580,1543,1562,1599,1758762193.1169214
1580,1543,1562,1599,1758762193.1189833
1580,1543,1562,1599,1758762193.1203735
1580,1543,1562,1599,1758762193.121707
1580,1543,1562,1599,1758762193.1242263
1580,1543,1562,1599,1758762193.1250107
1580,1543,1562,1599,1758762193.1264553
1580,1543,1562,1599,1758762193.1278954
1580,1543,1562,1599,1758762193.129262
1580,1543,1562,1599,1758762193.1307771
1580,1543,1562,1599,1758762193.1323388
1580,1543,1562,1599,1758762193.1349742
1580,1543,1562,1599,1758762193.1356914
1580,1543,1562,1599,1758762193.137724
1580,1543,1562,1599,1758762193.139082
1580,1543,1562,1599,1758762193.1403778
1580,1529,1562,1613,1758762193.1415546
1580,1529,1562,1613,1758762193.1439133
1580,1529,1562,1613,1758762193.1446538
1580,1529,1562,1613,1758762193.1471827
1580,1529,1562,1613,1758762193.149006
1580,1529,1562,1613,1758762193.150397
1601,1554,1541,1587,1758762193.1546152
1601,1554,1541,1587,1758762193.156632
1601,1554,1541,1587,1758762193.1637042
1580,1541,1562,1601,1758762193.1665957
1580,1541,1562,1601,1758762193.1718414
1580,1541,1562,1601,1758762193.1784122
1580,1540,1562,1602,1758762193.1797924
1580,1540,1562,1602,1758762193.18375
1580,1540,1562,1602,1758762193.184569
1580,1540,1562,1602,1758762193.1867
1579,1538,1563,1604,1758762193.1918416
1579,1538,1563,1604,1758762193.1993687
1573,1551,1569,1591,1758762193.205843
1528,1545,1613,1597,1758762193.2083392
1578,1538,1564,1603,1758762193.2103686
1596,1511,1546,1631,1758762193.2136302
1596,1511,1546,1631,1758762193.2145
1596,1511,1546,1631,1758762193.2151942
1578,1538,1564,1604,1758762193.2183416
1578,1538,1564,1604,1758762193.2194617
1578,1538,1564,1604,1758762193.220267
1578,1538,1564,1604,1758762193.22251
1529,1533,1612,1609,1758762193.2236156
1529,1533,1612,1609,1758762193.2267828
1585,1549,1557,1593,1758762193.2278044
1577,1538,1565,1604,1758762193.2309525
1579,1503,1563,1639,1758762193.2318428
1579,1503,1563,1639,1758762193.2348156
1579,1503,1563,1639,1758762193.237959
1561,1546,1581,1596,1758762193.238904
1561,1546,1581,1596,1758762193.2397246
1561,1546,1581,1596,1758762193.2424624
1577,1537,1565,1605,1758762193.243483
1577,1537,1565,1605,1758762193.2447758
1579,1545,1563,1597,1758762193.246812
1579,1545,1563,1597,1758762193.2476623
1579,1545,1563,1597,1758762193.2521002
1576,1537,1565,1605,1758762193.253223
1576,1537,1565,1605,1758762193.2544708
1576,1537,1565,1605,1758762193.2557983
1576,1537,1565,1605,1758762193.2569668
1576,1537,1565,1605,1758762193.2591946
1576,1537,1565,1605,1758762193.26073
1576,1537,1565,1605,1758762193.2623782
1576,1537,1565,1605,1758762193.263945
1552,1572,1589,1570,1758762193.2659075
1552,1572,1589,1570,1758762193.2675717
1576,1538,1566,1604,1758762193.268975
1576,1538,1566,1604,1758762193.2716732
1568,1544,1574,1598,1758762193.2724805
1568,1544,1574,1598,1758762193.2742703
1563,1553,1579,1589,1758762193.2750356
1563,1553,1579,1589,1758762193.2759223
1563,1553,1579,1589,1758762193.2767525
1563,1553,1579,1589,1758762193.2775571
1563,1553,1579,1589,1758762193.278413
1563,1553,1579,1589,1758762193.2792234
1563,1553,1579,1589,1758762193.2799015
1563,1553,1579,1589,1758762193.2806234
1563,1553,1579,1589,1758762193.2812698
1563,1553,1579,1589,1758762193.28273
1563,1553,1579,1589,1758762193.283955
1575,1539,1567,1603,1758762193.284721
1575,1539,1567,1603,1758762193.2855885
1575,1539,1567,1603,1758762193.2862668
1575,1539,1567,1603,1758762193.2871742
1575,1539,1567,1603,1758762193.287862
1575,1539,1567,1603,1758762193.2885766
1575,1539,1567,1603,1758762193.2893562
1575,1539,1567,1603,1758762193.2922614
1575,1539,1567,1603,1758762193.293459
1575,1539,1567,1603,1758762193.2941384
1574,1539,1568,1603,1758762193.298936
1574,1539,1568,1603,1758762193.3009288
1574,1539,1568,1603,1758762193.3039165
1574,1539,1568,1603,1758762193.3050573
1574,1539,1568,1603,1758762193.306113
1574,1539,1568,1603,1758762193.3083365
1574,1539,1568,1603,1758762193.3119256
1574,1539,1568,1603,1758762193.3162267
1574,1539,1568,1603,1758762193.320814
1574,1539,1568,1603,1758762193.3232892
1574,1539,1568,1603,1758762193.3246913
1574,1541,1568,1601,1758762193.3315685
1592,1532,1550,1610,1758762193.340701
1592,1532,1550,1610,1758762193.3415034
1576,1539,1566,1602,1758762193.3438938
1576,1539,1566,1602,1758762193.3457203
1576,1539,1566,1602,1758762193.3491056
1570,1524,1572,1618,1758762193.3513484
1576,1539,1566,1603,1758762193.3543596
1576,1539,1566,1603,1758762193.355943
1547,1528,1594,1614,1758762193.3579726
1547,1528,1594,1614,1758762193.3599148
1521,1589,1621,1553,1758762193.361068
1521,1589,1621,1553,1758762193.3622472
1521,1589,1621,1553,1758762193.364033
1521,1589,1621,1553,1758762193.3686488
1521,1589,1621,1553,1758762193.3718326
1521,1589,1621,1553,1758762193.3729658
1521,1589,1621,1553,1758762193.376202
1521,1589,1621,1553,1758762193.384925
1557,1556,1585,1586,1758762193.3926444
1557,1556,1585,1586,1758762193.393816
1557,1556,1585,1586,1758762193.395273
1557,1556,1585,1586,1758762193.3969748
1557,1556,1585,1586,1758762193.3980143
1557,1556,1585,1586,1758762193.3988705
1557,1556,1585,1586,1758762193.3995972
1557,1556,1585,1586,1758762193.400449
1557,1556,1585,1586,1758762193.4018295
1557,1556,1585,1586,1758762193.4029603
1557,1556,1585,1586,1758762193.4097855
1573,1545,1569,1597,1758762193.419509
1498,1530,1644,1612,1758762193.4208615
1498,1530,1644,1612,1758762193.4241242
1498,1530,1644,1612,1758762193.426021
1579,1549,1563,1593,1758762193.4321623
1579,1549,1563,1593,1758762193.4379106
1589,1524,1553,1618,1758762193.4411132
1589,1524,1553,1618,1758762193.4452634
1589,1524,1553,1618,1758762193.446753
1574,1541,1568,1601,1758762193.45031
1574,1541,1568,1601,1758762193.4534657
1574,1541,1568,1601,1758762193.454583
1574,1541,1568,1601,1758762193.4562812
1574,1541,1568,1601,1758762193.4585109
1574,1541,1568,1601,1758762193.459243
1574,1541,1568,1601,1758762193.464247
1565,1560,1577,1582,1758762193.469617
1565,1560,1577,1582,1758762193.4703996
1565,1560,1577,1582,1758762193.4717815
1565,1560,1577,1582,1758762193.4728365
1565,1560,1577,1582,1758762193.4744267
1565,1560,1577,1582,1758762193.4752426
1565,1560,1577,1582,1758762193.4759994
1565,1560,1577,1582,1758762193.4772763
1565,1560,1577,1582,1758762193.479991
1565,1560,1577,1582,1758762193.4808462
1565,1560,1577,1582,1758762193.4814923
1565,1560,1577,1582,1758762193.482134
1565,1560,1577,1582,1758762193.483902
1565,1560,1577,1582,1758762193.4857273
1565,1560,1577,1582,1758762193.4895422
1565,1560,1577,1582,1758762193.4918337
1579,1551,1563,1590,1758762193.4938588
1579,1551,1563,1590,1758762193.4968789
1579,1551,1563,1590,1758762193.5020745
1579,1551,1563,1590,1758762193.5038402
1579,1551,1563,1590,1758762193.5063162
1579,1551,1563,1590,1758762193.5082622
1579,1551,1563,1590,1758762193.5098178
1579,1551,1563,1590,1758762193.5168097
1579,1551,1563,1590,1758762193.5207555
1579,1551,1563,1590,1758762193.5218053
1579,1551,1563,1590,1758762193.5229142
1579,1551,1563,1590,1758762193.5242698
1579,1551,1563,1590,1758762193.525045
1579,1551,1563,1590,1758762193.527014
1579,1551,1563,1590,1758762193.5279872
1570,1545,1572,1596,1758762193.529791
1570,1545,1572,1596,1758762193.530759
1570,1545,1572,1596,1758762193.5360632
1570,1545,1572,1596,1758762193.5385375
1570,1545,1572,1596,1758762193.5392764
1570,1545,1572,1596,1758762193.5400374
1570,1545,1572,1596,1758762193.5407434
1570,1545,1572,1596,1758762193.5415242
1570,1545,1572,1596,1758762193.5428426
1570,1545,1572,1596,1758762193.543594
1570,1545,1572,1596,1758762193.544345
1570,1545,1572,1596,1758762193.5453093
1570,1545,1572,1596,1758762193.5466528
1570,1545,1572,1596,1758762193.5474792
1570,1545,1572,1596,1758762193.5488691
1570,1545,1572,1596,1758762193.549704
1570,1545,1572,1596,1758762193.5529764
1570,1545,1572,1596,1758762193.5546122
1570,1545,1572,1596,1758762193.5583007
1570,1545,1572,1596,1758762193.5618196
1570,1545,1572,1596,1758762193.5627604
1566,1557,1575,1585,1758762193.5655951
1566,1557,1575,1585,1758762193.5670245
1566,1557,1575,1585,1758762193.5700643
1569,1546,1573,1596,1758762193.57187
1569,1546,1573,1596,1758762193.5781848
1569,1546,1573,1596,1758762193.581519
1569,1546,1573,1596,1758762193.5922868
1563,1541,1579,1601,1758762193.5959709
1563,1541,1579,1601,1758762193.604505
1551,1558,1591,1584,1758762193.6119003
1564,1586,1578,1556,1758762193.616043
1564,1586,1578,1556,1758762193.617988
1564,1586,1578,1556,1758762193.6225843
1554,1562,1588,1580,1758762193.6252751
1554,1562,1588,1580,1758762193.6279192
1554,1562,1588,1580,1758762193.6296432
1554,1562,1588,1580,1758762193.630586
1554,1562,1588,1580,1758762193.632207
1554,1562,1588,1580,1758762193.6335258
1554,1562,1588,1580,1758762193.6345413
1554,1562,1588,1580,1758762193.635419
1554,1562,1588,1580,1758762193.6361368
1554,1562,1588,1580,1758762193.6376233
1569,1564,1573,1577,1758762193.6393714
1569,1564,1573,1577,1758762193.640444
1569,1564,1573,1577,1758762193.6424685
1575,1553,1567,1589,1758762193.6436956
1575,1553,1567,1589,1758762193.6448505
1575,1553,1567,1589,1758762193.6463833
1575,1553,1567,1589,1758762193.6488564
1575,1553,1567,1589,1758762193.6503527
1575,1553,1567,1589,1758762193.6523526
1575,1553,1567,1589,1758762193.6543546
1575,1553,1567,1589,1758762193.657504
1565,1546,1577,1596,1758762193.6601846
1565,1546,1577,1596,1758762193.6628263
1565,1546,1577,1596,1758762193.6653798
1565,1546,1577,1596,1758762193.6679008
1565,1546,1577,1596,1758762193.6688762
1565,1546,1577,1596,1758762193.6736517
1563,1548,1579,1593,1758762193.6794865
1563,1548,1579,1593,1758762193.6819148
1563,1548,1579,1593,1758762193.6841805
1563,1548,1579,1593,1758762193.6901703
1563,1548,1579,1593,1758762193.6929305
1563,1532,1578,1610,1758762193.69865
1563,1532,1578,1610,1758762193.7001505
1563,1532,1578,1610,1758762193.702457
1563,1532,1578,1610,1758762193.7057586
1564,1547,1578,1595,1758762193.7075837
1564,1547,1578,1595,1758762193.7101045
1564,1547,1578,1595,1758762193.710852
1564,1547,1578,1595,1758762193.711516
1564,1547,1578,1595,1758762193.7130857
1564,1547,1578,1595,1758762193.7212007
1564,1547,1578,1595,1758762193.7255063
1564,1547,1578,1595,1758762193.734611
1564,1547,1578,1595,1758762193.7390485
1572,1484,1569,1658,1758762193.7416658
1572,1484,1569,1658,1758762193.7474844
1549,1534,1592,1607,1758762193.7505443
1549,1534,1592,1607,1758762193.7550972
1549,1534,1592,1607,1758762193.7603233
1571,1521,1571,1621,1758762193.763358
1571,1521,1571,1621,1758762193.7647717
1571,1521,1571,1621,1758762193.768498
1571,1521,1571,1621,1758762193.7704525
1571,1521,1571,1621,1758762193.7726634
1571,1521,1571,1621,1758762193.774686
1571,1521,1571,1621,1758762193.7769823
1571,1521,1571,1621,1758762193.7808275
1571,1521,1571,1621,1758762193.7822418
1571,1521,1571,1621,1758762193.7843192
1571,1521,1571,1621,1758762193.786326
1571,1521,1571,1621,1758762193.7871056
1571,1521,1571,1621,1758762193.7886205
1571,1521,1571,1621,1758762193.791162
1571,1521,1571,1621,1758762193.7922764
1571,1521,1571,1621,1758762193.795027
1571,1521,1571,1621,1758762193.79739
1565,1543,1577,1599,1758762193.8011937
1565,1543,1577,1599,1758762193.8032606
1565,1543,1577,1599,1758762193.8057358
1565,1543,1577,1599,1758762193.8072095
1565,1543,1577,1599,1758762193.809262
1548,1517,1594,1625,1758762193.811371
1548,1517,1594,1625,1758762193.8130524
1548,1517,1594,1625,1758762193.81518
1548,1517,1594,1625,1758762193.817119
1548,1517,1594,1625,1758762193.820847
1548,1517,1594,1625,1758762193.8246367
1548,1517,1594,1625,1758762193.8271449
1565,1542,1577,1600,1758762193.8288543
1585,1565,1557,1577,1758762193.8303072
1585,1565,1557,1577,1758762193.8324437
1585,1565,1557,1577,1758762193.8337812
1585,1565,1557,1577,1758762193.835747
1550,1523,1592,1619,1758762193.8378632
1545,1567,1597,1575,1758762193.8397365
1545,1567,1597,1575,1758762193.8431458
1554,1578,1588,1564,1758762193.8462
1564,1544,1578,1598,1758762193.847691
1564,1544,1578,1598,1758762193.848994
1564,1544,1578,1598,1758762193.850289
1564,1544,1578,1598,1758762193.852137
1564,1544,1578,1598,1758762193.8547013
1556,1516,1586,1626,1758762193.856457
1556,1516,1586,1626,1758762193.85895
1556,1516,1586,1626,1758762193.8603745
1556,1516,1586,1626,1758762193.8640242
1556,1516,1586,1626,1758762193.8655388
1556,1516,1586,1626,1758762193.8680727
1556,1516,1586,1626,1758762193.8700547
1556,1516,1586,1626,1758762193.8714695
1556,1516,1586,1626,1758762193.8737562
1564,1543,1578,1598,1758762193.8773365
1564,1543,1578,1598,1758762193.8837683
1591,1620,1551,1522,1758762193.8856606
1591,1620,1551,1522,1758762193.8873072
1591,1620,1551,1522,1758762193.891099
1565,1544,1577,1597,1758762193.8935685
1565,1544,1577,1597,1758762193.895668
1565,1544,1577,1597,1758762193.8973515
1566,1545,1576,1597,1758762193.9000068
1566,1545,1576,1597,1758762193.9066527
1566,1546,1576,1596,1758762193.908656
1579,1555,1563,1586,1758762193.9111512
1579,1555,1563,1586,1758762193.9131274
1579,1555,1563,1586,1758762193.914951
1578,1533,1564,1609,1758762193.917412
1567,1546,1575,1596,1758762193.9202263
1567,1546,1575,1596,1758762193.9218547
1567,1546,1575,1596,1758762193.924153
1567,1546,1575,1596,1758762193.9260204
1567,1546,1575,1596,1758762193.927493
1567,1546,1575,1596,1758762193.9288597
1567,1546,1575,1596,1758762193.9313357
1567,1546,1575,1596,1758762193.9327838
1567,1546,1575,1596,1758762193.9339929
1567,1546,1575,1596,1758762193.9354525
1567,1545,1575,1597,1758762193.937513
1567,1545,1575,1597,1758762193.9382312
1567,1545,1575,1597,1758762193.9389842
1567,1545,1575,1597,1758762193.9398513
1567,1545,1575,1597,1758762193.9410555
1567,1545,1575,1597,1758762193.9417322
1567,1545,1575,1597,1758762193.9432137
1569,1565,1572,1576,1758762193.9451077
1569,1565,1572,1576,1758762193.945861
1569,1565,1572,1576,1758762193.9465706
1569,1565,1572,1576,1758762193.9477503
1569,1565,1572,1576,1758762193.94878
1569,1565,1572,1576,1758762193.9494605
1569,1565,1572,1576,1758762193.9501283
1569,1565,1572,1576,1758762193.9507952
1569,1565,1572,1576,1758762193.9520297
1569,1565,1572,1576,1758762193.9535024
1569,1565,1572,1576,1758762193.9545922
1569,1565,1572,1576,1758762193.9557066
1569,1565,1572,1576,1758762193.956662
1569,1565,1572,1576,1758762193.9582684
1567,1546,1575,1596,1758762193.9594996
1567,1546,1575,1596,1758762193.9609938
1567,1546,1575,1596,1758762193.9620082
1567,1546,1575,1596,1758762193.9638245
1567,1546,1575,1596,1758762193.9656694
1567,1546,1575,1596,1758762193.9671276
1574,1554,1568,1588,1758762193.9681892
1574,1554,1568,1588,1758762193.969251
1574,1554,1568,1588,1758762193.9702454
1574,1554,1568,1588,1758762193.9709172
1574,1554,1568,1588,1758762193.97233
1574,1554,1568,1588,1758762193.9734447
1574,1554,1568,1588,1758762193.974595
1574,1554,1568,1588,1758762193.9752514
1574,1554,1568,1588,1758762193.9765618
1574,1554,1568,1588,1758762193.977575
1574,1554,1568,1588,1758762193.9785511
1574,1554,1568,1588,1758762193.979854
1574,1554,1568,1588,1758762193.9811049
1574,1554,1568,1588,1758762193.982161
1574,1554,1568,1588,1758762193.9836886
1574,1554,1568,1588,1758762193.9843557
1574,1554,1568,1588,1758762193.9856443
1574,1554,1568,1588,1758762193.9875047
1574,1554,1568,1588,1758762193.9881928
1574,1554,1568,1588,1758762193.989323
1574,1554,1568,1588,1758762193.9904623
1574,1554,1568,1588,1758762193.9916005
1574,1554,1568,1588,1758762193.992858
1574,1554,1568,1588,1758762193.9943817
1574,1554,1568,1588,1758762193.9954498
1574,1554,1568,1588,1758762193.9962275
1574,1554,1568,1588,1758762193.997399
1574,1554,1568,1588,1758762193.9986055
1574,1554,1568,1588,1758762193.9993258
1574,1554,1568,1588,1758762194.0000648
1574,1554,1568,1588,1758762194.0007212
1574,1554,1568,1588,1758762194.0013475
1574,1554,1568,1588,1758762194.0043366
1574,1554,1568,1588,1758762194.005916
1574,1554,1568,1588,1758762194.00734
1574,1554,1568,1588,1758762194.009066
1567,1547,1574,1594,1758762194.0105224
1567,1547,1574,1594,1758762194.0118914
1567,1547,1574,1594,1758762194.0133555
1567,1547,1574,1594,1758762194.0163376
1565,1559,1577,1583,1758762194.0188646
1567,1548,1575,1594,1758762194.021922
1561,1562,1580,1580,1758762194.0248823
1561,1562,1580,1580,1758762194.026946
1542,1547,1600,1595,1758762194.0303576
1545,1502,1597,1639,1758762194.0324478
1545,1502,1597,1639,1758762194.0356996
1564,1511,1578,1631,1758762194.0385675
1565,1546,1577,1596,1758762194.0416467
1540,1533,1602,1609,1758762194.0448978
1540,1533,1602,1609,1758762194.0468504
1574,1527,1568,1615,1758762194.0507455
1604,1598,1538,1544,1758762194.0530732
1566,1546,1576,1595,1758762194.0552344
1566,1546,1576,1595,1758762194.0575025
1571,1555,1571,1587,1758762194.059746
1571,1555,1571,1587,1758762194.0621796
1571,1555,1571,1587,1758762194.0650015
1566,1547,1576,1595,1758762194.068544
1515,1522,1627,1620,1758762194.0720842
1515,1522,1627,1620,1758762194.074563
1515,1522,1627,1620,1758762194.0766654
1515,1522,1627,1620,1758762194.077645
1515,1522,1627,1620,1758762194.0825915
1515,1522,1627,1620,1758762194.0843
1515,1522,1627,1620,1758762194.0878022
1563,1547,1579,1595,1758762194.0899758
1563,1547,1579,1595,1758762194.0923629
1596,1538,1546,1604,1758762194.0958362
1564,1547,1578,1595,1758762194.0976646
1564,1547,1578,1595,1758762194.1003516
1568,1546,1574,1596,1758762194.1024275
1568,1546,1574,1596,1758762194.1052382
1574,1560,1568,1582,1758762194.1073408
1564,1547,1578,1595,1758762194.1099942
1564,1547,1578,1595,1758762194.112833
1564,1547,1578,1595,1758762194.1154306
1543,1541,1599,1601,1758762194.11756
1543,1541,1599,1601,1758762194.1210282
1578,1579,1564,1563,1758762194.1233704
1564,1548,1578,1594,1758762194.1261888
1564,1548,1578,1594,1758762194.1294
1559,1529,1583,1613,1758762194.1324472
1527,1531,1615,1610,1758762194.135813
1576,1598,1566,1544,1758762194.1384037
1576,1598,1566,1544,1758762194.14071
1576,1598,1566,1544,1758762194.144123
1549,1542,1593,1600,1758762194.1464863
1549,1542,1593,1600,1758762194.1487396
1561,1551,1581,1591,1758762194.150529
1561,1551,1581,1591,1758762194.1511717
1561,1551,1581,1591,1758762194.152987
1561,1551,1581,1591,1758762194.1550076
1525,1542,1617,1600,1758762194.1573722
1537,1562,1604,1580,1758762194.158439
1537,1562,1604,1580,1758762194.160425
1561,1548,1581,1594,1758762194.1620924
1561,1548,1581,1594,1758762194.1657631
1561,1548,1581,1594,1758762194.1688936
1561,1548,1581,1594,1758762194.172061
1513,1544,1629,1598,1758762194.1729844
1513,1544,1629,1598,1758762194.1762218
1513,1544,1629,1598,1758762194.1791391
1513,1544,1629,1598,1758762194.181758
1513,1544,1629,1598,1758762194.1862032
1585,1542,1557,1600,1758762194.1893098
1585,1542,1557,1600,1758762194.1944404
1576,1547,1566,1595,1758762194.1995058
1547,1531,1595,1611,1758762194.2017758
1547,1531,1595,1611,1758762194.2024672
1547,1531,1595,1611,1758762194.2051497
1547,1531,1595,1611,1758762194.2060215
1547,1531,1595,1611,1758762194.2082684
1547,1531,1595,1611,1758762194.210945
1547,1531,1595,1611,1758762194.213424
1547,1531,1595,1611,1758762194.2168412
1547,1531,1595,1611,1758762194.2185843
1551,1554,1591,1588,1758762194.2204783
1551,1554,1591,1588,1758762194.2212813
1551,1554,1591,1588,1758762194.2220716
1551,1554,1591,1588,1758762194.2254057
1551,1554,1591,1588,1758762194.2286167
1551,1556,1591,1586,1758762194.2317686
1551,1556,1591,1586,1758762194.233884
1551,1556,1591,1586,1758762194.2372005
1551,1556,1591,1586,1758762194.2394512
1551,1556,1591,1586,1758762194.2418687
1551,1556,1591,1586,1758762194.243929
1551,1556,1591,1586,1758762194.2453809
1551,1556,1591,1586,1758762194.2471678
1551,1556,1591,1586,1758762194.2490706
1551,1556,1591,1586,1758762194.2515056
1570,1547,1571,1594,1758762194.2551014
1570,1547,1571,1594,1758762194.257686
1569,1546,1573,1596,1758762194.2602448
1569,1546,1573,1596,1758762194.2616775
1569,1546,1573,1596,1758762194.264954
1565,1546,1577,1596,1758762194.267981
1565,1546,1577,1596,1758762194.2700727
1565,1546,1577,1596,1758762194.271507
1565,1546,1577,1596,1758762194.2736225
1565,1546,1577,1596,1758762194.274431
1565,1546,1577,1596,1758762194.2754662
1570,1544,1572,1598,1758762194.2766306
1570,1544,1572,1598,1758762194.2779138
1570,1544,1572,1598,1758762194.278654
1570,1544,1572,1598,1758762194.2796474
1570,1544,1572,1598,1758762194.2811546
1570,1544,1572,1598,1758762194.2819672
1570,1544,1572,1598,1758762194.2840412
1570,1544,1572,1598,1758762194.2854266
1570,1544,1572,1598,1758762194.2862542
1570,1544,1572,1598,1758762194.2870626
1570,1544,1572,1598,1758762194.2877636
1570,1544,1572,1598,1758762194.2888615
1570,1544,1572,1598,1758762194.2902231
1570,1544,1572,1598,1758762194.2920234
1570,1544,1572,1598,1758762194.2932222
1570,1544,1572,1598,1758762194.2939408
1570,1544,1572,1598,1758762194.295058
1570,1544,1572,1598,1758762194.2958229
1570,1544,1572,1598,1758762194.296875
1570,1544,1572,1598,1758762194.298941
1570,1544,1572,1598,1758762194.3008847
1599,1544,1543,1598,1758762194.3026571
1599,1544,1543,1598,1758762194.3039398
1599,1544,1543,1598,1758762194.3051386
1599,1544,1543,1598,1758762194.3071475
1599,1544,1543,1598,1758762194.307979
1599,1544,1543,1598,1758762194.3101964
1599,1544,1543,1598,1758762194.3129778
1599,1544,1543,1598,1758762194.3151472
1599,1544,1543,1598,1758762194.3158667
1599,1544,1543,1598,1758762194.3175757
1567,1545,1574,1597,1758762194.319063
1567,1545,1574,1597,1758762194.3212702
1567,1545,1574,1597,1758762194.322863
1567,1545,1574,1597,1758762194.324129
1567,1545,1574,1597,1758762194.3256338
1581,1575,1561,1566,1758762194.3264377
1581,1575,1561,1566,1758762194.3274772
1581,1575,1561,1566,1758762194.3283603
1581,1575,1561,1566,1758762194.3310711
1565,1548,1577,1594,1758762194.333802
1555,1556,1587,1586,1758762194.3356106
1565,1549,1577,1593,1758762194.3381655
1565,1549,1577,1593,1758762194.339826
1565,1549,1577,1593,1758762194.3415885
1565,1549,1577,1593,1758762194.3441226
1565,1549,1577,1593,1758762194.3455904
1565,1549,1577,1593,1758762194.3474529
1565,1549,1577,1593,1758762194.349268
1565,1549,1577,1593,1758762194.3502169
1565,1549,1577,1593,1758762194.3533568
1565,1549,1577,1593,1758762194.3541934
1565,1549,1577,1593,1758762194.3557234
1565,1549,1577,1593,1758762194.3567128
1565,1549,1577,1593,1758762194.3602135
1572,1522,1570,1620,1758762194.3616655
1572,1522,1570,1620,1758762194.363659
1572,1522,1570,1620,1758762194.3668573
1565,1546,1576,1596,1758762194.3698456
1565,1546,1576,1596,1758762194.3722532
1559,1546,1583,1596,1758762194.3756816
1572,1550,1570,1592,1758762194.3775406
1572,1550,1570,1592,1758762194.378951
1572,1550,1570,1592,1758762194.3796873
1572,1550,1570,1592,1758762194.3819373
1565,1546,1577,1596,1758762194.3831525
1565,1546,1577,1596,1758762194.385009
1565,1546,1577,1596,1758762194.3865166
1565,1546,1577,1596,1758762194.387553
1565,1546,1577,1596,1758762194.389645
1563,1534,1579,1608,1758762194.391436
1563,1534,1579,1608,1758762194.3931277
1563,1534,1579,1608,1758762194.3939366
1562,1541,1580,1601,1758762194.3961165
1562,1541,1580,1601,1758762194.3968997
1562,1541,1580,1601,1758762194.3985317
1565,1545,1577,1596,1758762194.4006965
1565,1545,1577,1596,1758762194.404006
1565,1545,1577,1596,1758762194.4072418
1565,1545,1577,1596,1758762194.4093711
1565,1545,1577,1596,1758762194.412692
1568,1547,1574,1595,1758762194.4157152
1568,1547,1574,1595,1758762194.4187045
1568,1547,1574,1595,1758762194.4213529
1568,1564,1573,1578,1758762194.4247131
1568,1564,1573,1578,1758762194.4270742
1540,1583,1602,1559,1758762194.429584
1586,1539,1556,1603,1758762194.431665
1565,1547,1577,1595,1758762194.4341464
1565,1547,1577,1595,1758762194.4352274
1565,1547,1577,1595,1758762194.437227
1565,1547,1577,1595,1758762194.4379802
1565,1547,1577,1595,1758762194.4403577
1565,1547,1577,1595,1758762194.4417562
1565,1547,1577,1595,1758762194.4426188
1565,1547,1577,1595,1758762194.444545
1591,1563,1551,1579,1758762194.446386
1591,1563,1551,1579,1758762194.4478693
1591,1563,1551,1579,1758762194.4490485
1566,1548,1576,1594,1758762194.4503164
1566,1548,1576,1594,1758762194.4520843
1566,1548,1576,1594,1758762194.4541795
1565,1563,1577,1579,1758762194.455995
1565,1563,1577,1579,1758762194.457163
1565,1563,1577,1579,1758762194.458187
1565,1563,1577,1579,1758762194.4594796
1565,1563,1577,1579,1758762194.4613905
1565,1563,1577,1579,1758762194.464351
1565,1563,1577,1579,1758762194.4661782
1566,1548,1576,1594,1758762194.4679966
1566,1548,1576,1594,1758762194.470301
1566,1548,1576,1594,1758762194.4717453
1566,1548,1576,1594,1758762194.4739122
1566,1548,1576,1594,1758762194.4753337
1566,1548,1576,1594,1758762194.4766872
1566,1548,1576,1594,1758762194.4795828
1566,1548,1576,1594,1758762194.481891
1579,1558,1563,1584,1758762194.4837675
1579,1558,1563,1584,1758762194.487712
1568,1549,1573,1593,1758762194.4922974
1577,1512,1564,1630,1758762194.4955332
1577,1512,1564,1630,1758762194.4985228
1570,1560,1572,1582,1758762194.502216
1527,1573,1615,1569,1758762194.5052826
1568,1549,1574,1593,1758762194.5087843
1555,1529,1587,1613,1758762194.5115504
1555,1529,1587,1613,1758762194.5153933
1576,1532,1565,1610,1758762194.5181222
1576,1532,1565,1610,1758762194.525136
1612,1541,1530,1601,1758762194.5297606
1612,1541,1530,1601,1758762194.5350764
1568,1548,1574,1594,1758762194.5398731
1601,1548,1541,1593,1758762194.5441964
1554,1568,1588,1574,1758762194.5473738
1572,1558,1570,1584,1758762194.5505283
1574,1552,1567,1590,1758762194.5547988
1574,1552,1567,1590,1758762194.558918
1574,1552,1567,1590,1758762194.5627754
1558,1541,1584,1601,1758762194.566558
1578,1552,1563,1590,1758762194.569482
1575,1540,1566,1602,1758762194.5730095
1598,1558,1544,1584,1758762194.5766962
1598,1558,1544,1584,1758762194.578088
1570,1549,1572,1593,1758762194.579256
1570,1549,1572,1593,1758762194.5822687
1570,1549,1572,1593,1758762194.5840929
1570,1549,1572,1593,1758762194.584829
1570,1549,1572,1593,1758762194.5878434
1570,1549,1572,1593,1758762194.5888743
1570,1549,1572,1593,1758762194.5916257
1570,1549,1572,1593,1758762194.5933504
1570,1549,1572,1593,1758762194.595358
1570,1549,1572,1593,1758762194.599115
1570,1549,1572,1593,1758762194.6005745
1570,1549,1572,1593,1758762194.6015828
1570,1549,1572,1593,1758762194.60225
1570,1549,1572,1593,1758762194.611927
1579,1544,1563,1598,1758762194.6174505
1579,1544,1563,1598,1758762194.6221745
1579,1544,1563,1598,1758762194.6260414
1579,1544,1563,1598,1758762194.6307082
1583,1541,1559,1601,1758762194.6329746
1583,1541,1559,1601,1758762194.6340642
1571,1549,1570,1593,1758762194.6374009
1558,1555,1584,1587,1758762194.6382382
1558,1555,1584,1587,1758762194.640798
1558,1555,1584,1587,1758762194.6428685
1558,1555,1584,1587,1758762194.6448166
1556,1535,1586,1607,1758762194.6478477
1556,1535,1586,1607,1758762194.6489985
1556,1535,1586,1607,1758762194.650011
1556,1535,1586,1607,1758762194.6530828
1571,1550,1571,1592,1758762194.6557524
1571,1550,1571,1592,1758762194.6566246
1571,1550,1571,1592,1758762194.658895
1571,1550,1571,1592,1758762194.65968
1506,1572,1636,1570,1758762194.6645854
1598,1461,1544,1681,1758762194.6654503
1547,1611,1595,1531,1758762194.6684945
1547,1611,1595,1531,1758762194.6710052
1547,1611,1595,1531,1758762194.6739123
1570,1549,1572,1592,1758762194.6751008
1570,1549,1572,1592,1758762194.6762607
1570,1549,1572,1592,1758762194.6788452
1570,1549,1572,1592,1758762194.679618
1570,1549,1572,1592,1758762194.6842148
1573,1535,1569,1607,1758762194.685593
1573,1535,1569,1607,1758762194.6887076
1573,1535,1569,1607,1758762194.689525
1573,1535,1569,1607,1758762194.6923616
1576,1541,1566,1601,1758762194.6976404
1543,1556,1599,1586,1758762194.70324
1543,1556,1599,1586,1758762194.7066343
1543,1556,1599,1586,1758762194.7077878
1543,1556,1599,1586,1758762194.7114651
1582,1519,1560,1623,1758762194.7155385
1582,1519,1560,1623,1758762194.716303
1559,1554,1582,1587,1758762194.7192695
1559,1554,1582,1587,1758762194.722121
1600,1572,1542,1570,1758762194.7238078
1600,1572,1542,1570,1758762194.7259948
1565,1532,1577,1609,1758762194.7295403
1565,1532,1577,1609,1758762194.7310617
1565,1532,1577,1609,1758762194.7322168
1565,1532,1577,1609,1758762194.7347744
1566,1533,1576,1609,1758762194.737459
1566,1533,1576,1609,1758762194.7407894
1569,1548,1572,1594,1758762194.7449968
1619,1534,1523,1608,1758762194.74815
1571,1551,1571,1591,1758762194.749593
1571,1551,1571,1591,1758762194.753218
1571,1551,1571,1591,1758762194.7550242
1571,1551,1571,1591,1758762194.7596743
1583,1533,1559,1609,1758762194.762145
1558,1574,1584,1568,1758762194.766532
1572,1517,1570,1625,1758762194.7712486
1503,1568,1638,1574,1758762194.7746203
1603,1521,1539,1621,1758762194.7785237
1595,1572,1547,1570,1758762194.7846153
1569,1547,1573,1595,1758762194.7886963
1569,1547,1573,1595,1758762194.7912953
1569,1547,1573,1595,1758762194.7950902
1569,1547,1573,1595,1758762194.7972753
1569,1547,1573,1595,1758762194.7998695
1569,1547,1573,1595,1758762194.8051713
1630,1567,1512,1574,1758762194.809669
1630,1567,1512,1574,1758762194.8134534
1630,1567,1512,1574,1758762194.8169832
1570,1544,1571,1597,1758762194.8209193
1545,1504,1596,1638,1758762194.8240042
1563,1529,1578,1613,1758762194.8283818
1563,1529,1578,1613,1758762194.8308065
1563,1576,1579,1566,1758762194.8315568
1634,1567,1508,1575,1758762194.8329108
1634,1567,1508,1575,1758762194.8382037
1570,1545,1571,1597,1758762194.839137
1570,1545,1571,1597,1758762194.8398943
1570,1545,1571,1597,1758762194.8434408
1580,1520,1562,1622,1758762194.8463535
1580,1520,1562,1622,1758762194.8474998
1580,1520,1562,1622,1758762194.852195
1570,1565,1572,1577,1758762194.855577
1570,1565,1572,1577,1758762194.8585176
1570,1565,1572,1577,1758762194.859642
1568,1537,1574,1605,1758762194.8623996
1568,1537,1574,1605,1758762194.8653896
1561,1566,1581,1576,1758762194.8681128
1559,1563,1582,1578,1758762194.8762834
1622,1528,1520,1614,1758762194.8786287
1622,1528,1520,1614,1758762194.8817582
1547,1554,1594,1588,1758762194.8867705
1565,1552,1577,1590,1758762194.8887908
1618,1539,1524,1603,1758762194.8933165
1570,1547,1572,1595,1758762194.896907
1559,1564,1583,1578,1758762194.89771
1559,1564,1583,1578,1758762194.8989708
1559,1564,1583,1578,1758762194.904766
1551,1543,1591,1598,1758762194.906735
1551,1543,1591,1598,1758762194.908147
1615,1617,1527,1524,1758762194.9130144
1565,1538,1577,1604,1758762194.9139178
1565,1538,1577,1604,1758762194.9153893
1565,1538,1577,1604,1758762194.9186945
1564,1565,1577,1577,1758762194.9214778
1597,1553,1545,1589,1758762194.9231274
1597,1553,1545,1589,1758762194.9271257
1567,1571,1575,1571,1758762194.9286404
1589,1594,1553,1548,1758762194.9295113
1589,1594,1553,1548,1758762194.9328184
1599,1555,1543,1587,1758762194.938249
1559,1574,1583,1567,1758762194.940951
1559,1574,1583,1567,1758762194.9419632
1551,1508,1591,1634,1758762194.9448342
1570,1545,1572,1597,1758762194.947967
1570,1545,1572,1597,1758762194.9513872
1541,1571,1601,1571,1758762194.9549446
1577,1594,1565,1548,1758762194.9583948
1565,1568,1577,1573,1758762194.9646354
1566,1558,1576,1583,1758762194.9701788
1571,1551,1571,1591,1758762194.9747384
1540,1515,1602,1627,1758762194.9759998
1540,1515,1602,1627,1758762194.9801784
1540,1515,1602,1627,1758762194.983796
1570,1550,1572,1592,1758762194.9869757
1564,1549,1578,1593,1758762194.991094
1601,1549,1541,1592,1758762194.9926417
1601,1549,1541,1592,1758762194.9971993
1571,1550,1571,1592,1758762195.0011785
1571,1550,1571,1592,1758762195.0050948
1575,1564,1566,1578,1758762195.0090897
1575,1564,1566,1578,1758762195.012668
1571,1535,1571,1607,1758762195.0144553
1571,1535,1571,1607,1758762195.0177867
1560,1513,1582,1629,1758762195.020872
1560,1513,1582,1629,1758762195.0240805
1563,1554,1579,1588,1758762195.0303166
1561,1550,1581,1592,1758762195.0323784
1570,1548,1571,1594,1758762195.036636
1541,1541,1601,1601,1758762195.0395672
1551,1555,1590,1587,1758762195.0421574
1551,1555,1590,1587,1758762195.04678
1546,1548,1596,1593,1758762195.0505888
1546,1548,1596,1593,1758762195.0561748
1554,1534,1588,1607,1758762195.05927
1568,1548,1573,1594,1758762195.0620654
1568,1548,1573,1594,1758762195.0641758
1591,1575,1551,1567,1758762195.06609
1591,1575,1551,1567,1758762195.0670834
1591,1575,1551,1567,1758762195.0691454
1591,1575,1551,1567,1758762195.070089
1557,1547,1585,1595,1758762195.071386
1557,1547,1585,1595,1758762195.0722303
1557,1547,1585,1595,1758762195.0734065
1557,1547,1585,1595,1758762195.0747435
1557,1547,1585,1595,1758762195.0755312
1557,1547,1585,1595,1758762195.0768836
1557,1547,1585,1595,1758762195.0780418
1605,1543,1537,1599,1758762195.078947
1605,1543,1537,1599,1758762195.0796485
1605,1543,1537,1599,1758762195.0802882
1605,1543,1537,1599,1758762195.0815334
1605,1543,1537,1599,1758762195.0827165
1605,1543,1537,1599,1758762195.0836422
1605,1543,1537,1599,1758762195.0843964
1569,1548,1573,1594,1758762195.0853703
1569,1548,1573,1594,1758762195.087567
1562,1555,1580,1587,1758762195.0885985
1562,1555,1580,1587,1758762195.089421
1562,1555,1580,1587,1758762195.0909314
1562,1555,1580,1587,1758762195.0929592
1562,1555,1580,1587,1758762195.0944211
1591,1548,1551,1594,1758762195.095395
1591,1548,1551,1594,1758762195.0962453
1591,1548,1551,1594,1758762195.0970988
1591,1548,1551,1594,1758762195.099545
1591,1548,1551,1594,1758762195.100549
1591,1548,1551,1594,1758762195.1013749
1591,1548,1551,1594,1758762195.1037374
1591,1548,1551,1594,1758762195.1046886
1591,1548,1551,1594,1758762195.105563
1591,1548,1551,1594,1758762195.1065197
1591,1548,1551,1594,1758762195.108904
1591,1548,1551,1594,1758762195.1097565
1591,1548,1551,1594,1758762195.1106973
1591,1548,1551,1594,1758762195.113083
1591,1548,1551,1594,1758762195.1148696
1591,1548,1551,1594,1758762195.1159437
1591,1548,1551,1594,1758762195.1175177
1591,1548,1551,1594,1758762195.1182525
1575,1539,1567,1603,1758762195.1192024
1575,1539,1567,1603,1758762195.120103
1575,1539,1567,1603,1758762195.1208758
1575,1539,1567,1603,1758762195.12202
1575,1539,1567,1603,1758762195.1228492
1575,1539,1567,1603,1758762195.12363
1575,1539,1567,1603,1758762195.124759
1575,1539,1567,1603,1758762195.125657
1575,1539,1567,1603,1758762195.126409
1575,1539,1567,1603,1758762195.1273425
1575,1539,1567,1603,1758762195.12813
1575,1539,1567,1603,1758762195.1291077
1575,1539,1567,1603,1758762195.1299384
1575,1539,1567,1603,1758762195.1318753
1575,1539,1567,1603,1758762195.1336665
1575,1539,1567,1603,1758762195.134595
1575,1539,1567,1603,1758762195.1366725
1575,1539,1567,1603,1758762195.1376314
1575,1539,1567,1603,1758762195.1396165
1575,1539,1567,1603,1758762195.1404324
1575,1539,1567,1603,1758762195.1423712
1575,1539,1567,1603,1758762195.1436872
1575,1539,1567,1603,1758762195.1456573
1564,1562,1578,1580,1758762195.1467602
1564,1562,1578,1580,1758762195.1490474
1564,1562,1578,1580,1758762195.1498578
1564,1562,1578,1580,1758762195.1514535
1564,1562,1578,1580,1758762195.1531012
1564,1562,1578,1580,1758762195.1545627
1564,1562,1578,1580,1758762195.1555612
1564,1562,1578,1580,1758762195.1567686
1564,1562,1578,1580,1758762195.15906
1558,1563,1584,1579,1758762195.16126
1558,1563,1584,1579,1758762195.1632276
1564,1560,1578,1582,1758762195.1642764
1564,1560,1578,1582,1758762195.1658382
1564,1560,1578,1582,1758762195.166688
1564,1560,1578,1582,1758762195.1678767
1569,1519,1573,1623,1758762195.1686947
1569,1519,1573,1623,1758762195.169484
1569,1519,1573,1623,1758762195.1705196
1569,1519,1573,1623,1758762195.1719122
1569,1519,1573,1623,1758762195.172959
1569,1519,1573,1623,1758762195.1743171
1569,1544,1573,1597,1758762195.1753328
1569,1544,1573,1597,1758762195.1760902
1569,1544,1573,1597,1758762195.1771812
1569,1544,1573,1597,1758762195.1782782
1569,1544,1573,1597,1758762195.179463
1569,1544,1573,1597,1758762195.1802838
1569,1544,1573,1597,1758762195.181222
1569,1544,1573,1597,1758762195.1823874
1569,1544,1573,1597,1758762195.183305
1568,1550,1574,1591,1758762195.1848795
1568,1550,1574,1591,1758762195.1860924
1568,1550,1574,1591,1758762195.1882026
1568,1550,1574,1591,1758762195.190725
1568,1550,1574,1591,1758762195.1924367
1550,1548,1591,1594,1758762195.194899
1550,1548,1591,1594,1758762195.1956258
1550,1548,1591,1594,1758762195.1964996
1550,1548,1591,1594,1758762195.1983683
1580,1540,1562,1602,1758762195.1993437
1580,1540,1562,1602,1758762195.2007155
1580,1540,1562,1602,1758762195.202847
1580,1540,1562,1602,1758762195.2042248
1580,1540,1562,1602,1758762195.2060647
1587,1566,1555,1576,1758762195.2080834
1587,1566,1555,1576,1758762195.2101068
1587,1566,1555,1576,1758762195.2109387
1569,1549,1573,1593,1758762195.2132132
1569,1549,1573,1593,1758762195.2151148
1569,1549,1573,1593,1758762195.216092
1569,1549,1573,1593,1758762195.2176476
1578,1522,1564,1620,1758762195.219627
1578,1522,1564,1620,1758762195.2208972
1578,1522,1564,1620,1758762195.2221224
1578,1522,1564,1620,1758762195.223781
1594,1519,1547,1623,1758762195.22614
1566,1554,1576,1588,1758762195.2275846
1566,1554,1576,1588,1758762195.229385
1566,1554,1576,1588,1758762195.2303813
1566,1554,1576,1588,1758762195.2324166
1570,1548,1572,1594,1758762195.2341392
1539,1546,1603,1596,1758762195.236383
1569,1548,1573,1594,1758762195.238661
1569,1548,1573,1594,1758762195.2406178
1569,1548,1573,1594,1758762195.2420144
1569,1548,1573,1594,1758762195.24306
1569,1548,1573,1594,1758762195.2456732
1569,1548,1573,1594,1758762195.247139
1584,1530,1558,1612,1758762195.2494504
1584,1530,1558,1612,1758762195.2507775
1553,1550,1589,1592,1758762195.2524393
1553,1550,1589,1592,1758762195.2534373
1553,1550,1589,1592,1758762195.2546644
1553,1550,1589,1592,1758762195.2559123
1553,1550,1589,1592,1758762195.257043
1557,1533,1585,1609,1758762195.2586565
1557,1533,1585,1609,1758762195.260191
1557,1533,1585,1609,1758762195.261299
1559,1523,1582,1619,1758762195.262345
1559,1523,1582,1619,1758762195.264037
1559,1523,1582,1619,1758762195.2651849
1559,1523,1582,1619,1758762195.2669425
1559,1523,1582,1619,1758762195.2679276
1559,1523,1582,1619,1758762195.269094
1559,1523,1582,1619,1758762195.2701454
1559,1523,1582,1619,1758762195.2712717
1559,1523,1582,1619,1758762195.272235
1559,1523,1582,1619,1758762195.273902
1586,1540,1556,1602,1758762195.2752671
1586,1540,1556,1602,1758762195.2762866
1586,1540,1556,1602,1758762195.2774568
1586,1540,1556,1602,1758762195.2792163
1586,1540,1556,1602,1758762195.2802365
1538,1558,1604,1584,1758762195.2815154
1538,1558,1604,1584,1758762195.2830567
1566,1530,1575,1612,1758762195.2840695
1566,1530,1575,1612,1758762195.2851622
1566,1530,1575,1612,1758762195.2863483
1566,1530,1575,1612,1758762195.2879927
1566,1530,1575,1612,1758762195.289123
1566,1530,1575,1612,1758762195.290185
1566,1530,1575,1612,1758762195.2915835
1566,1530,1575,1612,1758762195.2947466
1547,1580,1595,1562,1758762195.2975645
1547,1580,1595,1562,1758762195.299541
1561,1534,1581,1608,1758762195.3010595
1561,1534,1581,1608,1758762195.3036816
1561,1534,1581,1608,1758762195.3048797
1561,1534,1581,1608,1758762195.306254
1561,1534,1581,1608,1758762195.309528
1544,1548,1597,1594,1758762195.3110228
1544,1548,1597,1594,1758762195.313385
1544,1548,1597,1594,1758762195.3153777
1552,1560,1589,1581,1758762195.3165638
1588,1520,1554,1621,1758762195.320072
1588,1520,1554,1621,1758762195.3220685
1566,1545,1575,1596,1758762195.3241174
1566,1545,1575,1596,1758762195.3257692
1566,1545,1575,1596,1758762195.3271437
1566,1545,1575,1596,1758762195.3291922
1566,1545,1575,1596,1758762195.3308687
1562,1533,1580,1609,1758762195.3348963
1578,1531,1564,1611,1758762195.3371348
1578,1531,1564,1611,1758762195.3381016
1578,1531,1564,1611,1758762195.3401306
1567,1544,1575,1597,1758762195.342348
1567,1544,1575,1597,1758762195.3441026
1567,1544,1575,1597,1758762195.3469949
1564,1549,1578,1592,1758762195.3499446
1564,1549,1578,1592,1758762195.3527696
1548,1544,1594,1598,1758762195.3551157
1548,1544,1594,1598,1758762195.3568385
1548,1544,1594,1598,1758762195.3580613
1548,1544,1594,1598,1758762195.3593822
1553,1560,1589,1582,1758762195.3627424
1566,1545,1576,1596,1758762195.3652692
1566,1545,1576,1596,1758762195.366454
1566,1545,1576,1596,1758762195.368028
1566,1545,1576,1596,1758762195.3701425
1566,1545,1576,1596,1758762195.374269
1565,1537,1577,1605,1758762195.382749
1519,1566,1623,1575,1758762195.3854082
1573,1524,1569,1618,1758762195.3871455
1573,1524,1569,1618,1758762195.3893485
1573,1524,1569,1618,1758762195.3907533
1545,1500,1597,1642,1758762195.3937285
1545,1500,1597,1642,1758762195.395131
1545,1500,1597,1642,1758762195.397266
1587,1535,1555,1607,1758762195.3984363
1587,1535,1555,1607,1758762195.3997242
1587,1535,1555,1607,1758762195.4010928
1587,1535,1555,1607,1758762195.4032457
1584,1571,1558,1570,1758762195.4060967
1584,1571,1558,1570,1758762195.4074905
1584,1571,1558,1570,1758762195.4089503
1569,1515,1573,1627,1758762195.4146588
1571,1547,1571,1595,1758762195.418493
1571,1547,1571,1595,1758762195.4203682
1571,1547,1571,1595,1758762195.4238036
1568,1534,1574,1608,1758762195.4270775
1568,1534,1574,1608,1758762195.4285324
1573,1551,1569,1591,1758762195.4312506
1573,1551,1569,1591,1758762195.432793
1573,1551,1569,1591,1758762195.4342697
1573,1544,1569,1598,1758762195.436778
1573,1544,1569,1598,1758762195.4388418
1573,1544,1569,1598,1758762195.440301
1570,1545,1572,1597,1758762195.4419456
1570,1545,1572,1597,1758762195.4441824
1570,1545,1572,1597,1758762195.4455798
1554,1549,1588,1593,1758762195.446989
1554,1549,1588,1593,1758762195.44866
1560,1560,1582,1582,1758762195.4530268
1560,1560,1582,1582,1758762195.4544544
1560,1560,1582,1582,1758762195.4567118
1560,1560,1582,1582,1758762195.4587772
1596,1537,1546,1605,1758762195.4601407
1596,1537,1546,1605,1758762195.4624245
1596,1537,1546,1605,1758762195.4638605
1596,1537,1546,1605,1758762195.4667082
1596,1537,1546,1605,1758762195.4683197
1558,1546,1584,1596,1758762195.4703743
1558,1546,1584,1596,1758762195.4717698
1558,1546,1584,1596,1758762195.475142
1557,1540,1585,1601,1758762195.4774413
1566,1543,1576,1599,1758762195.479101
1566,1543,1576,1599,1758762195.481105
1566,1543,1576,1599,1758762195.4835515
1566,1543,1576,1599,1758762195.4860244
1566,1543,1576,1599,1758762195.4879956
1566,1543,1576,1599,1758762195.490317
1566,1543,1576,1599,1758762195.4917789
1568,1546,1574,1596,1758762195.4948404
1568,1546,1574,1596,1758762195.4989552
1559,1553,1583,1589,1758762195.500301
1559,1553,1583,1589,1758762195.5016997
1559,1553,1583,1589,1758762195.5035832
1549,1517,1593,1625,1758762195.5051222
1549,1517,1593,1625,1758762195.5063193
1549,1517,1593,1625,1758762195.5075395
1549,1517,1593,1625,1758762195.5092905
1549,1517,1593,1625,1758762195.510256
1549,1517,1593,1625,1758762195.511212
1549,1517,1593,1625,1758762195.5128255
1561,1561,1581,1581,1758762195.5161946
1561,1561,1581,1581,1758762195.519353
1552,1554,1590,1588,1758762195.5231426
1552,1554,1590,1588,1758762195.5246613
1564,1563,1578,1579,1758762195.5264835
1564,1563,1578,1579,1758762195.5280375
1564,1563,1578,1579,1758762195.530388
1564,1563,1578,1579,1758762195.5345736
1653,1524,1489,1618,1758762195.5369036
1653,1524,1489,1618,1758762195.5399969
1653,1524,1489,1618,1758762195.5416465
1653,1524,1489,1618,1758762195.5444162
1653,1524,1489,1618,1758762195.5457988
1653,1524,1489,1618,1758762195.549191
1653,1524,1489,1618,1758762195.5545225
1545,1534,1597,1607,1758762195.5567374
1545,1534,1597,1607,1758762195.5588644
1545,1534,1597,1607,1758762195.5603073
1545,1534,1597,1607,1758762195.561886
1545,1534,1597,1607,1758762195.5632465
1548,1532,1594,1609,1758762195.5716565
1640,1558,1502,1584,1758762195.5757723
1566,1543,1576,1599,1758762195.5811286
1562,1557,1580,1585,1758762195.5832367
1562,1557,1580,1585,1758762195.584743
1562,1557,1580,1585,1758762195.5865686
1562,1557,1580,1585,1758762195.5881715
1562,1557,1580,1585,1758762195.5917974
1562,1557,1580,1585,1758762195.5951784
1562,1557,1580,1585,1758762195.5979702
1562,1557,1580,1585,1758762195.5993977
1578,1554,1564,1588,1758762195.6014812
1578,1554,1564,1588,1758762195.6033213
1578,1554,1564,1588,1758762195.605703
1578,1554,1564,1588,1758762195.6071253
1578,1554,1564,1588,1758762195.6096475
1565,1556,1577,1586,1758762195.6111083
1565,1556,1577,1586,1758762195.6134875
1565,1556,1577,1586,1758762195.6170392
1562,1553,1580,1589,1758762195.6185892
1562,1553,1580,1589,1758762195.6201062
1562,1553,1580,1589,1758762195.6231554
1562,1553,1580,1589,1758762195.6248653
1605,1518,1537,1624,1758762195.627071
1605,1518,1537,1624,1758762195.6292396
1605,1518,1537,1624,1758762195.6312015
1605,1518,1537,1624,1758762195.6330729
1605,1518,1537,1624,1758762195.6343083
1605,1518,1537,1624,1758762195.6363888
1605,1518,1537,1624,1758762195.6388235
1597,1525,1545,1616,1758762195.6411293
1597,1525,1545,1616,1758762195.6423564
1597,1525,1545,1616,1758762195.644511
1559,1563,1583,1579,1758762195.6462662
1559,1563,1583,1579,1758762195.647492
1559,1563,1583,1579,1758762195.6503158
1559,1563,1583,1579,1758762195.6524174
1559,1563,1583,1579,1758762195.6539943
1559,1563,1583,1579,1758762195.6559148
1569,1545,1573,1597,1758762195.6576436
1569,1545,1573,1597,1758762195.6596026
1569,1545,1573,1597,1758762195.6616728
1541,1564,1600,1578,1758762195.664093
1541,1564,1600,1578,1758762195.6658106
1541,1564,1600,1578,1758762195.6678991
1541,1564,1600,1578,1758762195.6698704
1541,1564,1600,1578,1758762195.6721702
1555,1542,1587,1600,1758762195.6732926
1555,1542,1587,1600,1758762195.675453
1556,1564,1585,1578,1758762195.677003
1556,1564,1585,1578,1758762195.6787858
1556,1564,1585,1578,1758762195.6799445
1556,1564,1585,1578,1758762195.682753
1581,1511,1560,1631,1758762195.685083
1568,1546,1574,1595,1758762195.686694
1568,1546,1574,1595,1758762195.6887152
1568,1546,1574,1595,1758762195.69
1568,1546,1574,1595,1758762195.6930494
1568,1546,1574,1595,1758762195.69451
1568,1545,1574,1597,1758762195.696852
1568,1545,1574,1597,1758762195.6983235
1557,1528,1585,1614,1758762195.6995044
1557,1528,1585,1614,1758762195.701673
1557,1528,1585,1614,1758762195.703009
1557,1528,1585,1614,1758762195.705492
1567,1545,1575,1597,1758762195.706952
1567,1545,1575,1597,1758762195.7084622
1567,1545,1575,1597,1758762195.7096202
1567,1545,1575,1597,1758762195.711253
1567,1545,1575,1597,1758762195.7130597
1566,1534,1575,1608,1758762195.7142313
1566,1534,1575,1608,1758762195.715258
1566,1534,1575,1608,1758762195.7163486
1566,1534,1575,1608,1758762195.7180429
1566,1534,1575,1608,1758762195.7205272
1566,1534,1575,1608,1758762195.721978
1560,1566,1582,1576,1758762195.7252994
1560,1566,1582,1576,1758762195.7267935
1571,1525,1571,1617,1758762195.7294524
1571,1525,1571,1617,1758762195.730897
1544,1510,1598,1632,1758762195.7324624
1544,1510,1598,1632,1758762195.7343965
1544,1510,1598,1632,1758762195.7360125
1544,1510,1598,1632,1758762195.7382305
1544,1510,1598,1632,1758762195.7395144
1544,1510,1598,1632,1758762195.7411733
1544,1510,1598,1632,1758762195.742989
1544,1510,1598,1632,1758762195.7445846
1544,1510,1598,1632,1758762195.7468758
1595,1544,1547,1598,1758762195.7489364
1595,1544,1547,1598,1758762195.7506936
1595,1544,1547,1598,1758762195.7520137
1595,1544,1547,1598,1758762195.753885
1569,1544,1573,1598,1758762195.7553215
1569,1544,1573,1598,1758762195.7566953
1569,1544,1573,1598,1758762195.7583804
1569,1544,1573,1598,1758762195.75943
1569,1544,1573,1598,1758762195.761068
1569,1544,1573,1598,1758762195.7622678
1569,1544,1573,1598,1758762195.7637727
1569,1544,1573,1598,1758762195.765659
1569,1544,1573,1598,1758762195.7667408
1569,1544,1573,1598,1758762195.76781
1569,1544,1573,1598,1758762195.76886
1569,1544,1573,1598,1758762195.7699122
1569,1544,1573,1598,1758762195.7715287
1574,1541,1568,1601,1758762195.7739413
1574,1541,1568,1601,1758762195.7751544
1574,1541,1568,1601,1758762195.7761626
1574,1541,1568,1601,1758762195.7775435
1574,1541,1568,1601,1758762195.7788644
1574,1541,1568,1601,1758762195.7800112
1574,1541,1568,1601,1758762195.7817822
1574,1541,1568,1601,1758762195.783359
1574,1541,1568,1601,1758762195.7844992
1574,1541,1568,1601,1758762195.7860956
1563,1538,1579,1604,1758762195.7869997
1563,1538,1579,1604,1758762195.788788
1563,1538,1579,1604,1758762195.790532
1563,1538,1579,1604,1758762195.792908
1543,1505,1598,1637,1758762195.7948017
1543,1505,1598,1637,1758762195.7965274
1543,1505,1598,1637,1758762195.797963
1543,1505,1598,1637,1758762195.7989123
1543,1505,1598,1637,1758762195.8007288
1571,1555,1570,1587,1758762195.8022556
1571,1555,1570,1587,1758762195.803601
1571,1555,1570,1587,1758762195.8043883
1571,1555,1570,1587,1758762195.8059251
1571,1555,1570,1587,1758762195.807491
1571,1555,1570,1587,1758762195.8092017
1571,1555,1570,1587,1758762195.810869
1571,1555,1570,1587,1758762195.8118896
1571,1555,1570,1587,1758762195.813613
1571,1555,1570,1587,1758762195.8153474
1569,1538,1573,1603,1758762195.8164814
1569,1538,1573,1603,1758762195.81751
1589,1537,1553,1605,1758762195.8187633
1589,1537,1553,1605,1758762195.8220737
1589,1537,1553,1605,1758762195.8240952
1589,1537,1553,1605,1758762195.8259254
1589,1537,1553,1605,1758762195.8271582
1600,1536,1542,1606,1758762195.828277
1600,1536,1542,1606,1758762195.8299572
1600,1536,1542,1606,1758762195.8310716
1600,1536,1542,1606,1758762195.8332157
1600,1536,1542,1606,1758762195.834839
1564,1558,1578,1584,1758762195.8369322
1564,1558,1578,1584,1758762195.8379278
1564,1558,1578,1584,1758762195.840071
1564,1558,1578,1584,1758762195.8427696
1557,1535,1584,1607,1758762195.848248
1554,1556,1588,1586,1758762195.84952
1554,1556,1588,1586,1758762195.852106
1541,1536,1601,1605,1758762195.855649
1541,1536,1601,1605,1758762195.8591611
1584,1535,1557,1607,1758762195.863421
1575,1559,1567,1583,1758762195.864427
1575,1559,1567,1583,1758762195.867418
1553,1572,1589,1570,1758762195.8696835
1586,1558,1556,1584,1758762195.873093
1586,1558,1556,1584,1758762195.8739414
1586,1558,1556,1584,1758762195.8751118
1586,1558,1556,1584,1758762195.8770568
1586,1558,1556,1584,1758762195.8783336
1575,1546,1567,1595,1758762195.8796625
1575,1546,1567,1595,1758762195.8810277
1575,1546,1567,1595,1758762195.8823452
1569,1548,1573,1594,1758762195.8845208
1569,1548,1573,1594,1758762195.8861158
1569,1548,1573,1594,1758762195.8873782
1569,1548,1573,1594,1758762195.8890412
1569,1548,1573,1594,1758762195.8913486
1569,1548,1573,1594,1758762195.8927655
1569,1548,1573,1594,1758762195.894332
1569,1548,1573,1594,1758762195.8965898
1578,1539,1564,1603,1758762195.8980732
1578,1539,1564,1603,1758762195.8999398
1578,1539,1564,1603,1758762195.901759
1577,1525,1565,1617,1758762195.903382
1577,1525,1565,1617,1758762195.9046578
1577,1525,1565,1617,1758762195.9063263
1570,1543,1572,1599,1758762195.9080863
1570,1543,1572,1599,1758762195.9093168
1570,1543,1572,1599,1758762195.9122438
1570,1543,1572,1599,1758762195.9134705
1585,1525,1556,1617,1758762195.9154203
1585,1525,1556,1617,1758762195.916602
1585,1525,1556,1617,1758762195.9182403
1568,1529,1573,1613,1758762195.9194193
1568,1529,1573,1613,1758762195.9203608
1568,1529,1573,1613,1758762195.9215128
1568,1529,1573,1613,1758762195.9235404
1568,1529,1573,1613,1758762195.9251568
1559,1551,1583,1591,1758762195.9282706
1570,1542,1572,1599,1758762195.932201
1570,1542,1572,1599,1758762195.9338212
1570,1542,1572,1599,1758762195.9365196
1574,1544,1568,1598,1758762195.939258
1547,1565,1595,1577,1758762195.9422753
1547,1565,1595,1577,1758762195.9457288
1547,1565,1595,1577,1758762195.947348
1569,1544,1573,1598,1758762195.9498403
1569,1544,1573,1598,1758762195.9510684
1569,1544,1573,1598,1758762195.9545236
1569,1544,1573,1598,1758762195.959942
1569,1544,1573,1598,1758762195.9630346
1569,1544,1573,1598,1758762195.9646268
1577,1531,1565,1611,1758762195.9661894
1577,1531,1565,1611,1758762195.967418
1577,1531,1565,1611,1758762195.9689724
1577,1531,1565,1611,1758762195.9699128
1577,1531,1565,1611,1758762195.9716158
1577,1531,1565,1611,1758762195.975499
1577,1531,1565,1611,1758762195.9767787
1577,1531,1565,1611,1758762195.979126
1577,1531,1565,1611,1758762195.9816492
1570,1542,1572,1599,1758762195.9838428
1570,1542,1572,1599,1758762195.9851782
1570,1542,1572,1599,1758762195.98799
1570,1542,1572,1599,1758762195.9900205
1570,1542,1572,1599,1758762195.9924717
1570,1542,1572,1599,1758762195.9943228
1570,1542,1572,1599,1758762195.9960024
1570,1542,1572,1599,1758762195.9976077
1577,1529,1565,1613,1758762196.0015166
1577,1529,1565,1613,1758762196.004663
1577,1529,1565,1613,1758762196.0057838
1577,1529,1565,1613,1758762196.0085902
1577,1529,1565,1613,1758762196.0096283
1577,1529,1565,1613,1758762196.0107322
1577,1529,1565,1613,1758762196.011983
1577,1529,1565,1613,1758762196.014597
1560,1553,1581,1588,1758762196.018665
1581,1556,1561,1586,1758762196.0221212
1581,1556,1561,1586,1758762196.0243738
1581,1556,1561,1586,1758762196.0260532
1581,1556,1561,1586,1758762196.0274794
1581,1556,1561,1586,1758762196.029
1549,1556,1593,1586,1758762196.0315363
1549,1556,1593,1586,1758762196.0347214
1555,1562,1587,1580,1758762196.0365808
1555,1562,1587,1580,1758762196.0376651
1555,1562,1587,1580,1758762196.0392969
1555,1562,1587,1580,1758762196.0417066
1555,1562,1587,1580,1758762196.0430863
1569,1544,1573,1597,1758762196.0443876
1569,1544,1573,1597,1758762196.0454943
1569,1544,1573,1597,1758762196.04694
1569,1544,1573,1597,1758762196.0478868
1569,1544,1573,1597,1758762196.0493906
1569,1544,1573,1597,1758762196.0505042
1569,1544,1573,1597,1758762196.0515542
1569,1544,1573,1597,1758762196.052886
1569,1544,1573,1597,1758762196.054315
1570,1543,1572,1599,1758762196.057428
1583,1558,1559,1584,1758762196.059223
1583,1558,1559,1584,1758762196.0602748
1583,1558,1559,1584,1758762196.0619507
1583,1558,1559,1584,1758762196.0635593
1583,1558,1559,1584,1758762196.065036
1583,1558,1559,1584,1758762196.0675752
1583,1558,1559,1584,1758762196.0701878
1583,1558,1559,1584,1758762196.073442
1583,1558,1559,1584,1758762196.0753057
1583,1558,1559,1584,1758762196.076597
1554,1566,1588,1576,1758762196.0782964
1554,1566,1588,1576,1758762196.0795634
1554,1566,1588,1576,1758762196.0817308
1568,1546,1573,1596,1758762196.0835452
1568,1546,1573,1596,1758762196.0849392
1568,1546,1573,1596,1758762196.0864322
1568,1546,1573,1596,1758762196.088303
1568,1546,1573,1596,1758762196.089476
1568,1546,1573,1596,1758762196.0909193
1568,1546,1573,1596,1758762196.0918348
1568,1546,1573,1596,1758762196.0929532
1568,1546,1573,1596,1758762196.0947042
1568,1546,1573,1596,1758762196.0971098
1574,1534,1568,1608,1758762196.099181
1574,1534,1568,1608,1758762196.1023426
1541,1586,1601,1556,1758762196.1053402
1541,1586,1601,1556,1758762196.107302
1568,1546,1574,1596,1758762196.1110165
1568,1546,1574,1596,1758762196.1143637
1556,1514,1586,1627,1758762196.116214
1501,1548,1641,1594,1758762196.1184504
1585,1517,1557,1625,1758762196.121672
1585,1517,1557,1625,1758762196.1231177
1585,1517,1557,1625,1758762196.1247923
1568,1545,1574,1597,1758762196.1267014
1587,1520,1555,1622,1758762196.1299093
1568,1544,1574,1598,1758762196.133955
1568,1544,1574,1598,1758762196.1352267
1568,1544,1574,1598,1758762196.1361754
1568,1544,1574,1598,1758762196.1382527
1568,1544,1574,1598,1758762196.1422489
1574,1580,1567,1562,1758762196.1502311
1572,1575,1569,1567,1758762196.1551063
1572,1575,1569,1567,1758762196.1604743
1572,1575,1569,1567,1758762196.1634183
1572,1575,1569,1567,1758762196.168883
1572,1575,1569,1567,1758762196.1754715
1572,1575,1569,1567,1758762196.1769288
1572,1575,1569,1567,1758762196.1792116
1572,1575,1569,1567,1758762196.1815352
1568,1549,1574,1593,1758762196.184049
1568,1549,1574,1593,1758762196.185704
1568,1549,1574,1593,1758762196.1886847
1568,1549,1574,1593,1758762196.1929572
1568,1549,1574,1593,1758762196.1984746
1568,1549,1574,1593,1758762196.2036152
1576,1531,1566,1611,1758762196.207802
1576,1531,1566,1611,1758762196.2117517
1576,1531,1566,1611,1758762196.213374
1576,1531,1566,1611,1758762196.215493
1586,1544,1556,1598,1758762196.2186918
1586,1544,1556,1598,1758762196.2220578
1586,1544,1556,1598,1758762196.2252736
1586,1544,1556,1598,1758762196.2267118
1586,1544,1556,1598,1758762196.2285604
1586,1544,1556,1598,1758762196.2335064
1586,1544,1556,1598,1758762196.2385418
1586,1547,1556,1595,1758762196.241121
1586,1547,1556,1595,1758762196.2431853
1586,1547,1556,1595,1758762196.245118
1573,1546,1569,1596,1758762196.2468054
1573,1546,1569,1596,1758762196.2480826
1573,1546,1569,1596,1758762196.250039
1573,1546,1569,1596,1758762196.2519102
1573,1546,1569,1596,1758762196.2538874
1573,1546,1569,1596,1758762196.2555676
1573,1546,1569,1596,1758762196.2571113
1573,1546,1569,1596,1758762196.2591743
1573,1546,1569,1596,1758762196.2612114
1573,1546,1569,1596,1758762196.2632654
1573,1546,1569,1596,1758762196.2688143
1554,1531,1588,1611,1758762196.272255
1573,1560,1569,1581,1758762196.2752109
1573,1560,1569,1581,1758762196.2792184
1573,1560,1569,1581,1758762196.2805552
1573,1560,1569,1581,1758762196.2832184
1573,1560,1569,1581,1758762196.2851658
1573,1546,1569,1596,1758762196.2866046
1573,1546,1569,1596,1758762196.2875545
1573,1546,1569,1596,1758762196.289855
1573,1546,1569,1596,1758762196.2908487
1573,1546,1569,1596,1758762196.2919014
1573,1546,1569,1596,1758762196.2939088
1573,1546,1569,1596,1758762196.2952278
1568,1523,1574,1619,1758762196.296875
1568,1523,1574,1619,1758762196.2980063
1568,1523,1574,1619,1758762196.2996268
1568,1523,1574,1619,1758762196.302083
1568,1523,1574,1619,1758762196.3031688
1568,1523,1574,1619,1758762196.307688
1580,1533,1562,1609,1758762196.3100672
1580,1533,1562,1609,1758762196.312179
1580,1533,1562,1609,1758762196.3148482
1582,1543,1560,1599,1758762196.318455
1582,1543,1560,1599,1758762196.320022
1582,1543,1560,1599,1758762196.3246498
1559,1543,1583,1599,1758762196.3272796
1559,1543,1583,1599,1758762196.3302011
1559,1543,1583,1599,1758762196.3385415
1559,1543,1583,1599,1758762196.3402543
1559,1543,1583,1599,1758762196.3435977
1559,1543,1583,1599,1758762196.3451805
1559,1543,1583,1599,1758762196.3472986
1584,1525,1558,1617,1758762196.3488357
1584,1525,1558,1617,1758762196.350599
1584,1525,1558,1617,1758762196.3518193
1584,1525,1558,1617,1758762196.3572605
1563,1536,1578,1606,1758762196.3583937
1563,1536,1578,1606,1758762196.359931
1563,1536,1578,1606,1758762196.3619874
1563,1536,1578,1606,1758762196.363568
1569,1540,1573,1602,1758762196.365237
1569,1540,1573,1602,1758762196.366691
1569,1540,1573,1602,1758762196.372018
1610,1541,1532,1600,1758762196.37429
1610,1541,1532,1600,1758762196.3764417
1575,1542,1567,1599,1758762196.3793037
1575,1542,1567,1599,1758762196.3813436
1575,1542,1567,1599,1758762196.386901
1577,1521,1565,1621,1758762196.3891168
1584,1557,1558,1585,1758762196.39093
1584,1557,1558,1585,1758762196.3953404
1576,1541,1566,1600,1758762196.3976374
1576,1541,1566,1600,1758762196.401421
1582,1519,1560,1622,1758762196.403469
1582,1519,1560,1622,1758762196.4045691
1582,1519,1560,1622,1758762196.4105992
1583,1549,1559,1593,1758762196.4127495
1583,1549,1559,1593,1758762196.4151182
1583,1549,1559,1593,1758762196.4170914
1601,1529,1541,1613,1758762196.4206502
1601,1529,1541,1613,1758762196.4256356
1576,1578,1566,1564,1758762196.428177
1576,1578,1566,1564,1758762196.4311492
1577,1542,1565,1600,1758762196.432892
1577,1542,1565,1600,1758762196.435736
1577,1542,1565,1600,1758762196.4371738
1577,1542,1565,1600,1758762196.4387362
1577,1542,1565,1600,1758762196.4409225
1577,1542,1565,1600,1758762196.4444516
1577,1541,1565,1601,1758762196.4467168
1577,1541,1565,1601,1758762196.4498584
1562,1533,1580,1609,1758762196.4530454
1576,1540,1566,1601,1758762196.4568532
1572,1521,1570,1621,1758762196.4600296
1572,1521,1570,1621,1758762196.4619985
1572,1521,1570,1621,1758762196.4650288
1572,1521,1570,1621,1758762196.466679
1572,1521,1570,1621,1758762196.4703062
1572,1521,1570,1621,1758762196.4750035
1566,1539,1575,1603,1758762196.477608
1576,1540,1566,1602,1758762196.4818487
1576,1540,1566,1602,1758762196.4846735
1576,1540,1566,1602,1758762196.4902058
1584,1530,1557,1612,1758762196.49646
1584,1530,1557,1612,1758762196.5017457
1584,1530,1557,1612,1758762196.5040126
1584,1530,1557,1612,1758762196.5080814
1576,1526,1566,1616,1758762196.511853
1576,1526,1566,1616,1758762196.513958
1576,1526,1566,1616,1758762196.517046
1565,1518,1577,1624,1758762196.5192642
1565,1518,1577,1624,1758762196.5235815
1575,1537,1566,1605,1758762196.5260322
1575,1537,1566,1605,1758762196.5278623
1575,1537,1566,1605,1758762196.5303717
1575,1537,1566,1605,1758762196.532196
1575,1537,1566,1605,1758762196.5356271
1538,1554,1604,1588,1758762196.536816
1538,1554,1604,1588,1758762196.540462
1538,1554,1604,1588,1758762196.5449517
1538,1554,1604,1588,1758762196.5467815
1538,1554,1604,1588,1758762196.549393
1538,1554,1604,1588,1758762196.5519893
1538,1554,1604,1588,1758762196.5540376
1538,1554,1604,1588,1758762196.5561671
1573,1538,1569,1604,1758762196.5592954
1573,1538,1569,1604,1758762196.561521
1571,1540,1571,1602,1758762196.5662863
1571,1540,1571,1602,1758762196.5708673
1658,1499,1484,1643,1758762196.5726905
1658,1499,1484,1643,1758762196.577835
1592,1524,1550,1618,1758762196.5929804
1592,1524,1550,1618,1758762196.5936646
1592,1524,1550,1618,1758762196.594325
1592,1524,1550,1618,1758762196.5949805
1592,1524,1550,1618,1758762196.595613
1592,1524,1550,1618,1758762196.5962548
1557,1535,1585,1607,1758762196.5969682
1554,1553,1588,1589,1758762196.597668
1554,1553,1588,1589,1758762196.5982914
1554,1553,1588,1589,1758762196.5989144
1554,1553,1588,1589,1758762196.599529
1554,1553,1588,1589,1758762196.6001632
1554,1553,1588,1589,1758762196.600804
1554,1553,1588,1589,1758762196.6014397
1554,1553,1588,1589,1758762196.6020725
1554,1553,1588,1589,1758762196.6094477
1502,1608,1640,1534,1758762196.6131208
1502,1608,1640,1534,1758762196.6149704
1502,1608,1640,1534,1758762196.616122
1502,1608,1640,1534,1758762196.617479
1502,1608,1640,1534,1758762196.618204
1502,1608,1640,1534,1758762196.6188977
1502,1608,1640,1534,1758762196.6195717
1502,1608,1640,1534,1758762196.620494
1502,1608,1640,1534,1758762196.6214042
1502,1608,1640,1534,1758762196.624262
1502,1608,1640,1534,1758762196.6249523
1502,1608,1640,1534,1758762196.6281924
1502,1608,1640,1534,1758762196.6295922
1575,1536,1566,1606,1758762196.6305692
1575,1536,1566,1606,1758762196.6320324
1575,1536,1566,1606,1758762196.6343763
1575,1536,1566,1606,1758762196.6375675
1575,1536,1566,1606,1758762196.638562
1570,1541,1572,1601,1758762196.639909
1570,1541,1572,1601,1758762196.6455686
1568,1554,1574,1587,1758762196.6466572
1568,1554,1574,1587,1758762196.6495454
1568,1554,1574,1587,1758762196.6525087
1570,1541,1572,1601,1758762196.6535797
1577,1540,1565,1602,1758762196.6552062
1577,1540,1565,1602,1758762196.6584122
1584,1516,1558,1626,1758762196.660247
1584,1516,1558,1626,1758762196.6632943
1584,1516,1558,1626,1758762196.6656497
1584,1516,1558,1626,1758762196.6672611
1570,1538,1571,1604,1758762196.668061
1570,1538,1571,1604,1758762196.6687372
1570,1538,1571,1604,1758762196.6700468
1570,1538,1571,1604,1758762196.6715052
1570,1538,1571,1604,1758762196.6724958
1570,1538,1571,1604,1758762196.6739123
1570,1538,1571,1604,1758762196.6755104
1570,1538,1571,1604,1758762196.6770737
1570,1538,1571,1604,1758762196.6777718
1570,1538,1571,1604,1758762196.6784294
1570,1538,1571,1604,1758762196.679172
1570,1538,1571,1604,1758762196.679823
1570,1538,1571,1604,1758762196.6816747
1570,1540,1571,1601,1758762196.683258
1570,1540,1571,1601,1758762196.6854303
1570,1540,1571,1601,1758762196.686824
1570,1540,1571,1601,1758762196.6882527
1570,1540,1571,1601,1758762196.6897051
1570,1540,1571,1601,1758762196.6903784
1571,1540,1570,1602,1758762196.6913393
1571,1540,1570,1602,1758762196.6920173
1571,1540,1570,1602,1758762196.6927807
1571,1540,1570,1602,1758762196.694627
1571,1540,1570,1602,1758762196.6962197
1571,1540,1570,1602,1758762196.698054
1571,1540,1570,1602,1758762196.698963
1571,1540,1570,1602,1758762196.701121
1571,1540,1570,1602,1758762196.7023757
1571,1540,1570,1602,1758762196.7034051
1571,1540,1570,1602,1758762196.705104
1571,1540,1570,1602,1758762196.7058444
1571,1540,1570,1602,1758762196.7067523
1571,1540,1570,1602,1758762196.707922
1571,1540,1570,1602,1758762196.708655
1571,1540,1570,1602,1758762196.7107337
1571,1540,1570,1602,1758762196.7114804
1571,1540,1570,1602,1758762196.7172115
1576,1548,1565,1594,1758762196.7187357
1557,1531,1585,1611,1758762196.722494
1572,1550,1570,1592,1758762196.7295513
1548,1584,1594,1558,1758762196.7319407
1548,1584,1594,1558,1758762196.7332263
1548,1584,1594,1558,1758762196.7384918
1555,1533,1587,1609,1758762196.753224
